sample_id	contig_id	Prediction_tool	Product_class	BGC_probability	BGC_complete	BGC_start	BGC_end	BGC_length	CDS_count	domain_array	backbone_class
GCF_014497835.1	contig_7	antiSMASH	Terpene-precursor		No	1	48705	48705	38	Fer4_12|GTP_cyclohydroI|PTPS|PT_FPPS_like|QueE	Terpene
GCA_024413005.1	contig_14	deepBGC		0.57395		96	3250	3154	6	PF00437|PF03743|PF05973	Unknown
GCA_024413005.1	contig_5	deepBGC	Other	0.75922		37681	42772	5091	4	PF00133|PF01135|PF01209|PF01406|PF01555|PF01588|PF01596|PF02353|PF05175|PF06325|PF08003|PF08123|PF08241|PF08242|PF09334|PF12847|PF13489|PF13649|PF13679|PF13847	Terpene
GCF_024214055.1	contig_16	deepBGC		0.52866		5641	5803	162	1	PF16164	Unknown
GCF_024214055.1	contig_3	deepBGC		0.69749		37651	43183	5532	5	PF00133|PF01135|PF01209|PF01406|PF01555|PF01588|PF02353|PF03061|PF05175|PF06325|PF08003|PF08123|PF08241|PF08242|PF09334|PF12847|PF13489|PF13649|PF13679|PF13847	Terpene
GCA_024412915.1	contig_6	antiSMASH	Terpene-precursor		No	1	9597	9597	12	Fer4_12|GTP_cyclohydroI|PTPS|PT_FPPS_like|QueE	Terpene
GCA_024411895	contig_2	GECCO	Unknown	0.9946902067940162		234627	238281	3654	5	PF01041|PF06306	Unknown
GCF_015904625.1	contig_11	deepBGC	Saccharide	0.73155		37637	49266	11629	9	PF00133|PF00534|PF01135|PF01209|PF01406|PF01588|PF01596|PF02353|PF02784|PF03061|PF03235|PF05175|PF06325|PF07510|PF08003|PF08123|PF08241|PF08242|PF09334|PF12847|PF13439|PF13489|PF13579|PF13649|PF13679|PF13692|PF13847	Terpene
GCF_015904625.1	contig_17	deepBGC	NRP	0.50891		2117	3164	1047	1	PF00107|PF01262|PF02826|PF03446|PF08240	NRPS_like
GCF_040820945.1	contig_17	antiSMASH	Terpene-precursor		No	1	20507	20507	23	DAO|Fer4_12|GTP_cyclohydroI|PTPS|PT_FPPS_like|QueE	Terpene
GCA_040861765.1	contig_11	deepBGC		0.74851		37642	46209	8567	7	PF00133|PF00534|PF01135|PF01209|PF01406|PF01555|PF01588|PF01596|PF02353|PF02784|PF03061|PF05175|PF06325|PF08003|PF08123|PF08241|PF08242|PF09334|PF12847|PF13439|PF13489|PF13649|PF13679|PF13692|PF13847	Terpene
GCA_040861765.1	contig_20	deepBGC		0.54585		0	321	321	1	PF05713	Unknown
GCA_040861765.1	contig_20	deepBGC	RiPP	0.67138		2299	5613	3314	2	PF00005|PF00664|PF02463|PF03600|PF13304|PF13555|PF13575	RiPP
GCA_040861765.1	contig_4	deepBGC		0.54924		43623	44367	744	1	PF00106|PF08659|PF13561	Unknown
GCF_014498295.1	contig_21	antiSMASH	Terpene-precursor		No	1	60318	60318	58	Fer4_12|GTP_cyclohydroI|PTPS|PT_FPPS_like|QueE	Terpene
GCA_024407115.1	contig_3	deepBGC		0.61931		9868	10654	786	1	PF08003|PF08241|PF08242|PF13489|PF13649|PF13847	Unknown
GCF_008033055.1	contig_1	deepBGC	Polyketide	0.51005		890339	891092	753	1	PF00106|PF01370|PF08659|PF13561	Unknown
GCF_001998245.1	contig_20	antiSMASH	Terpene-precursor		No	1	8052	8052	11	Fer4_12|GTP_cyclohydroI|PTPS|PT_FPPS_like|QueE	Terpene
GCF_040821405.1	contig_2	deepBGC		0.63616		3645	4431	786	1	PF08003|PF08241|PF08242|PF13489|PF13649|PF13847	Unknown
GCF_040821405.1	contig_35	deepBGC		0.7316		942	6443	5501	11	PF00871|PF01455|PF01515|PF01924|PF02492|PF07883|PF13500	Unknown
GCF_040821405.1	contig_9	deepBGC		0.55141		19541	20561	1020	1	PF00795	Unknown
GCF_037861715.1	contig_15	deepBGC	RiPP	0.51864		26041	26671	630	1	PF00398|PF01135|PF13649|PF13847	RiPP
GCF_011140545.1	contig_29	antiSMASH	Terpene-precursor		No	1	9069	9069	12	Fer4_12|GTP_cyclohydroI|PTPS|PT_FPPS_like|QueE	Terpene
GCA_024412535	contig_11	GECCO	Unknown	0.9947464206591342		25259	28488	3229	5	PF01041|PF06306	Unknown
GCA_040861085.1	contig_31	antiSMASH	Terpene-precursor		No	1	8333	8333	11	Fer4_12|GTP_cyclohydroI|PTPS|PT_FPPS_like|QueE	Terpene
GCF_014496695.1	contig_15	deepBGC		0.54003		1839	2943	1104	1	PF01501	NRPS_like
GCF_014496695.1	contig_3	deepBGC		0.75342		37845	46423	8578	7	PF00133|PF00534|PF01135|PF01209|PF01406|PF01555|PF01588|PF02353|PF02784|PF03061|PF05175|PF06325|PF08003|PF08123|PF08241|PF08242|PF09334|PF12847|PF13439|PF13489|PF13649|PF13679|PF13692|PF13847	Terpene
GCF_003640145.1	contig_23	antiSMASH	Terpene-precursor		No	1	9747	9747	13	Fer4_12|GTP_cyclohydroI|PTPS|PT_FPPS_like|QueE	Terpene
GCA_040862065.1	contig_11	deepBGC		0.5338		7055	7841	786	1	PF08003|PF08241|PF08242|PF13489|PF13649|PF13847	Unknown
GCA_040862065.1	contig_12	deepBGC		0.54414		11399	11933	534	1	PF05050	Unknown
GCA_040862065.1	contig_12	deepBGC	Polyketide	0.5931		16783	23063	6280	6	PF00106|PF00398|PF01073|PF01135|PF01370|PF01416|PF02719|PF03739|PF04321|PF07993|PF08659|PF13489|PF13561|PF13649|PF13847|PF16363	RiPP
GCF_040821935.1	contig_9	antiSMASH	Terpene-precursor		No	1	38457	38457	45	Fer4_12|GTP_cyclohydroI|PTPS|PT_FPPS_like|QueE	Terpene
GCF_037862475.1	contig_11	deepBGC	Saccharide	0.75429		37438	46018	8580	7	PF00133|PF00534|PF01135|PF01209|PF01406|PF01555|PF01588|PF01596|PF02353|PF02784|PF03061|PF05175|PF06325|PF08003|PF08123|PF08241|PF08242|PF09334|PF12847|PF13439|PF13489|PF13579|PF13649|PF13679|PF13692|PF13847	Terpene
GCF_037862475.1	contig_25	deepBGC	Polyketide	0.56964		1431	4610	3179	3	PF00899|PF02661|PF05977|PF07690|PF12832	Unknown
GCF_037862475.1	contig_4	deepBGC		0.5173		18588	19083	495	1	PF00258|PF12641|PF12724	Unknown
GCF_037862475.1	contig_4	deepBGC		0.51341		129075	130068	993	1	PF00108|PF00195|PF07451|PF08541|PF08545	Unknown
GCF_036455175.1	contig_7	antiSMASH	Terpene-precursor		No	1	57544	57544	56	Fer4_12|GTP_cyclohydroI|PTPS|PT_FPPS_like|QueE	Terpene
GCF_014496385.1	contig_2	deepBGC		0.74848		37656	46227	8571	7	PF00133|PF00534|PF01135|PF01209|PF01406|PF01555|PF01588|PF01596|PF02353|PF02784|PF03061|PF05175|PF06325|PF08003|PF08123|PF08241|PF08242|PF09334|PF12847|PF13439|PF13489|PF13649|PF13679|PF13692|PF13847	Terpene
GCF_014498305.1	contig_12	deepBGC	Saccharide	0.75335		37768	46333	8565	7	PF00133|PF00534|PF01135|PF01209|PF01406|PF01555|PF01588|PF01596|PF02353|PF02784|PF03061|PF05175|PF06325|PF08003|PF08123|PF08241|PF08242|PF09334|PF12847|PF13439|PF13489|PF13579|PF13649|PF13679|PF13692|PF13847	Terpene
GCF_003639265.1	contig_15	deepBGC	Saccharide	0.71062		81960	93524	11564	10	PF00133|PF00534|PF01135|PF01209|PF01406|PF01555|PF01588|PF01596|PF02353|PF02784|PF03061|PF03235|PF05175|PF06325|PF07510|PF08003|PF08123|PF08241|PF08242|PF09334|PF12847|PF13439|PF13489|PF13579|PF13649|PF13679|PF13692|PF13847	Terpene
GCF_014498475.1	contig_18	deepBGC		0.57039		43871	48321	4450	3	PF01968|PF02538|PF05378	Unknown
GCF_014498475.1	contig_2	deepBGC		0.58374		3785	7535	3750	3	PF00133|PF01406|PF01588|PF08003|PF08241|PF08242|PF09334|PF13489|PF13649|PF13847	Unknown
GCF_021184145	contig_1	GECCO	Unknown	0.9947023405474016		1252044	1255758	3714	5	PF01041|PF06306	Unknown
GCF_040821155.1	contig_22	antiSMASH	Terpene-precursor		No	1	24784	24784	18	ATP-grasp|ATP-grasp_3|Fer4_12|GTP_cyclohydroI|PTPS|PT_FPPS_like|QueE|RimK	Terpene
GCF_014498645.1	contig_23	deepBGC	Saccharide	0.7803		38007	47068	9061	9	PF00133|PF00534|PF01135|PF01209|PF01406|PF01588|PF01596|PF02353|PF02784|PF03061|PF05175|PF06325|PF07927|PF08003|PF08123|PF08241|PF08242|PF09334|PF12847|PF13439|PF13489|PF13579|PF13649|PF13679|PF13692|PF13847|PF15919	Terpene
GCA_040861545.1	contig_25	antiSMASH	Terpene-precursor		No	1	8593	8593	13	Fer4_12|GTP_cyclohydroI|PTPS|PT_FPPS_like|QueE	Terpene
GCF_036455265.1	contig_11	deepBGC		0.72665		37370	48882	11512	10	PF00133|PF00534|PF01135|PF01209|PF01406|PF01555|PF01588|PF01596|PF02353|PF02784|PF03061|PF03235|PF05175|PF06325|PF07510|PF08003|PF08123|PF08241|PF08242|PF09334|PF12847|PF13439|PF13489|PF13649|PF13679|PF13692|PF13847	Terpene
GCF_036455265.1	contig_7	deepBGC		0.5799		16811	23095	6284	6	PF00106|PF00398|PF01073|PF01135|PF01370|PF01416|PF02719|PF03739|PF04321|PF07993|PF08659|PF13460|PF13489|PF13561|PF13649|PF13847|PF16363	RiPP
GCF_015904605.1	contig_16	deepBGC		0.53832		4141	4927	786	1	PF08003|PF08241|PF08242|PF13489|PF13649|PF13847	Unknown
GCF_037861755.1	contig_2	antiSMASH	Terpene-precursor		No	1	113153	113153	106	Fer4_12|GTP_cyclohydroI|PTPS|PT_FPPS_like|QueE	Terpene
GCA_024412805.1	contig_2	antiSMASH	Terpene-precursor		No	1	60201	60201	57	Fer4_12|GTP_cyclohydroI|PTPS|PT_FPPS_like|QueE	Terpene
GCF_014497635	contig_1	GECCO	Unknown	0.9946194703172468		5617	8806	3189	5	PF01041|PF06306	Unknown
GCF_040821195.1	contig_73	antiSMASH	Terpene-precursor		No	1	7992	7992	12	Fer4_12|GTP_cyclohydroI|PTPS|PT_FPPS_like|QueE	Terpene
GCF_011141145.1	contig_24	deepBGC		0.66427		105	22860	22755	23	PF00106|PF00107|PF00266|PF00268|PF00289|PF00398|PF00479|PF00515|PF00920|PF01041|PF01053|PF01073|PF01081|PF01135|PF01182|PF01262|PF01370|PF01416|PF01501|PF02222|PF02655|PF02685|PF02719|PF02781|PF02785|PF02786|PF02826|PF03446|PF03739|PF04321|PF05050|PF07478|PF07719|PF07993|PF08238|PF08240|PF08443|PF08659|PF13460|PF13489|PF13549|PF13561|PF13649|PF13847|PF14397|PF15632|PF16363	NRPS_like|RiPP
GCF_011141145.1	contig_7	deepBGC	Saccharide	0.67624		37695	46765	9070	8	PF00133|PF00534|PF01135|PF01209|PF01406|PF01555|PF01588|PF01596|PF02353|PF02784|PF03061|PF05175|PF06325|PF08003|PF08123|PF08241|PF08242|PF09334|PF12847|PF13439|PF13489|PF13579|PF13649|PF13679|PF13692|PF13847|PF15919	Terpene
GCF_011141145.1	contig_7	deepBGC		0.51562		51165	52900	1735	2	PF03235|PF07510	Unknown
GCF_040821265.1	contig_103	deepBGC	Polyketide	0.53283		56	1388	1332	1	PF00083|PF05977|PF07690|PF13347	Unknown
GCF_040821265.1	contig_105	deepBGC		0.60422		187	4736	4549	5	PF01075|PF03070|PF03767|PF04264|PF04973|PF13344|PF13419	Unknown
GCF_040821265.1	contig_13	deepBGC		0.54283		1684	2437	753	1	PF00106|PF08659|PF13561	Unknown
GCF_040821265.1	contig_31	deepBGC		0.53004		10443	11229	786	1	PF08003|PF08241|PF08242|PF13489|PF13649|PF13847	Unknown
GCF_040821265.1	contig_40	deepBGC		0.51591		8305	10603	2298	1	PF02538	Unknown
GCF_040821265.1	contig_6	deepBGC		0.5428		750	2148	1398	1	PF02521	Unknown
GCF_040821265.1	contig_67	deepBGC		0.51224		6884	8180	1296	1	PF01501	NRPS_like
GCF_040821265.1	contig_90	deepBGC		0.82819		903	6823	5920	6	PF00155|PF00266|PF00268|PF00398|PF01041|PF01073|PF01135|PF01370|PF01416|PF02719|PF03739|PF04321|PF07993|PF08659|PF13460|PF13649|PF13847|PF16363	RiPP
GCF_011140735.1	contig_4	antiSMASH	Terpene-precursor		No	1	8110	8110	12	Fer4_12|GTP_cyclohydroI|PTPS|PT_FPPS_like|QueE	Terpene
GCA_024407575.1	contig_37	antiSMASH	Terpene-precursor		No	1	67562	67562	72	Fer4_12|GTP_cyclohydroI|PTPS|PT_FPPS_like|Pkinase|QueE	Terpene
GCA_040861185.1	contig_9	deepBGC		0.60086		3651	7395	3744	3	PF00133|PF01406|PF01588|PF08003|PF08241|PF08242|PF09334|PF13489|PF13649|PF13847	Unknown
GCA_024411935.1	contig_22	antiSMASH	Terpene-precursor		No	1	10589	10589	14	Fer4_12|GTP_cyclohydroI|PTPS|PT_FPPS_like|QueE	Terpene
GCF_003639425.1	contig_16	antiSMASH	Terpene-precursor		Yes	49081	69992	20912	19	Fer4_12|GTP_cyclohydroI|PTPS|PT_FPPS_like|QueE	Terpene
GCF_003639665.1	contig_3	deepBGC		0.72291		37770	46823	9053	9	PF00133|PF00534|PF01135|PF01209|PF01406|PF01555|PF01588|PF01596|PF02353|PF02784|PF03061|PF05175|PF06325|PF07927|PF08003|PF08123|PF08241|PF08242|PF09334|PF12847|PF13439|PF13489|PF13649|PF13679|PF13692|PF13847|PF15919	Terpene
GCA_040862455.1	contig_10	deepBGC		0.64386		16669	24293	7624	7	PF00106|PF00398|PF01073|PF01135|PF01370|PF01416|PF02719|PF03739|PF04321|PF07719|PF07993|PF08238|PF08659|PF13460|PF13489|PF13561|PF13649|PF13847|PF16363	RiPP
GCA_040862455.1	contig_10	deepBGC		0.50245		25005	26832	1827	1	PF00920	Unknown
GCA_040862455.1	contig_10	deepBGC	NRP	0.51862		30026	31073	1047	1	PF00107|PF01262|PF02826|PF03446|PF08240	NRPS_like
GCA_040862455.1	contig_17	deepBGC		0.62082		3666	4452	786	1	PF08003|PF08241|PF08242|PF13489|PF13649|PF13847	Unknown
GCF_037862315.1	contig_12	deepBGC		0.68605		37733	44452	6719	6	PF00133|PF00534|PF01135|PF01209|PF01406|PF01555|PF01588|PF01596|PF02353|PF03061|PF05175|PF06325|PF08003|PF08123|PF08241|PF08242|PF09334|PF12847|PF13439|PF13489|PF13649|PF13679|PF13692|PF13847	Terpene
GCF_014497655.1	contig_15	deepBGC		0.53186		398	2246	1848	1	PF02784	Unknown
GCF_014497655.1	contig_15	deepBGC	Other	0.63902		3879	8967	5088	4	PF00133|PF01135|PF01209|PF01406|PF01588|PF01596|PF02353|PF05175|PF06325|PF08003|PF08123|PF08241|PF08242|PF09334|PF12847|PF13489|PF13649|PF13679|PF13847	Terpene
GCF_040820825.1	contig_69	antiSMASH	Terpene-precursor		No	1	8121	8121	12	Fer4_12|GTP_cyclohydroI|PTPS|PT_FPPS_like|QueE	Terpene
GCA_024405965.1	contig_3	deepBGC	Saccharide	0.66394		37433	44157	6724	6	PF00133|PF00534|PF01135|PF01209|PF01406|PF01555|PF01588|PF01596|PF02353|PF03061|PF05175|PF06325|PF08003|PF08123|PF08241|PF08242|PF09334|PF12847|PF13439|PF13489|PF13579|PF13649|PF13679|PF13692|PF13847|PF15458	Terpene
GCF_011141135.1	contig_11	deepBGC		0.74183		37594	49236	11642	9	PF00133|PF00534|PF01135|PF01209|PF01406|PF01588|PF01596|PF02353|PF02784|PF03061|PF03235|PF05175|PF06325|PF07510|PF08003|PF08123|PF08241|PF08242|PF09334|PF12847|PF13439|PF13489|PF13649|PF13679|PF13692|PF13847	Terpene
GCF_015905165.1	contig_13	deepBGC		0.73944		37742	49392	11650	10	PF00133|PF00534|PF01135|PF01209|PF01406|PF01588|PF01596|PF02353|PF02784|PF03061|PF03235|PF05175|PF06325|PF07510|PF08003|PF08123|PF08241|PF08242|PF09334|PF12847|PF13439|PF13489|PF13649|PF13679|PF13692|PF13847	Terpene
GCF_015905165.1	contig_36	deepBGC	Polyketide	0.5174		63	285	222	1	PF07690	Unknown
GCF_015905165.1	contig_44	deepBGC		0.59902		1504	4587	3083	6	PF00871|PF01455|PF01924|PF02492|PF07883	Unknown
GCF_011175315.1	contig_4	antiSMASH	Terpene-precursor		No	1	8228	8228	12	Fer4_12|GTP_cyclohydroI|PTPS|PT_FPPS_like|QueE	Terpene
GCA_024412715.1	contig_17	deepBGC		0.5406		4140	4926	786	1	PF08003|PF08241|PF08242|PF13489|PF13649|PF13847	Unknown
GCA_040862265.1	contig_8	deepBGC		0.61735		1598	8533	6935	10	PF00924|PF01636|PF07714|PF08433|PF09002|PF13238|PF13671|PF13672	Unknown
GCA_040862265.1	contig_9	deepBGC		0.75595		79597	88188	8591	7	PF00133|PF00534|PF01135|PF01209|PF01406|PF01555|PF01588|PF02353|PF02784|PF03061|PF05175|PF06325|PF08003|PF08123|PF08241|PF08242|PF09334|PF12847|PF13439|PF13489|PF13649|PF13679|PF13692|PF13847	Terpene
GCA_024412355.1	contig_2	deepBGC		0.69598		37767	46347	8580	7	PF00133|PF00534|PF01135|PF01209|PF01406|PF01555|PF01588|PF01596|PF02353|PF02784|PF03061|PF05175|PF06325|PF08003|PF08123|PF08241|PF08242|PF09334|PF12847|PF13439|PF13489|PF13649|PF13679|PF13692|PF13847	Terpene
GCA_024412355.1	contig_2	deepBGC		0.57922		50741	52475	1734	2	PF03235|PF07510	Unknown
GCA_024412355.1	contig_5	deepBGC		0.51797		33736	34036	300	1	PF07883	Unknown
GCA_024406595.1	contig_19	antiSMASH	Terpene-precursor		No	1	77488	77488	86	Fer4_12|GTP_cyclohydroI|Glyco_transf_9|PTPS|PT_FPPS_like|QueE	Terpene
GCF_011141045.1	contig_1	deepBGC		0.52255		475	1740	1265	5	PF00092|PF13519|PF13672	Unknown
GCF_011141045.1	contig_21	deepBGC		0.53037		42037	43248	1211	3	PF00106|PF00550|PF08659|PF10501|PF13561|PF14573|PF16320	PKS
GCF_011141045.1	contig_6	deepBGC		0.5879		8249	8879	630	1	PF00398|PF01135|PF13489|PF13649|PF13847	RiPP
GCF_011141045.1	contig_6	deepBGC	Polyketide	0.56419		13949	14702	753	1	PF00106|PF01370|PF08659|PF13561	Unknown
GCA_024406735.1	contig_14	antiSMASH	Terpene-precursor		No	1	59864	59864	61	Fer4_12|GTP_cyclohydroI|PTPS|PT_FPPS_like|QueE	Terpene
GCA_024406675.1	contig_3	antiSMASH	Terpene-precursor		No	1	76919	76919	85	Fer4_12|GTP_cyclohydroI|PTPS|PT_FPPS_like|Pkinase|QueE	Terpene
GCF_015905005.1	contig_10	deepBGC		0.54786		10215	11001	786	1	PF08003|PF08241|PF08242|PF13489|PF13649|PF13847	Unknown
GCF_011140535.1	contig_10	antiSMASH	Terpene-precursor		No	1	10204	10204	13	Fer4_12|GTP_cyclohydroI|PTPS|PT_FPPS_like|QueE	Terpene
GCF_030062565.1	contig_1	deepBGC		0.52679		640602	641346	744	1	PF00106|PF08659|PF13561	Unknown
GCF_030062565.1	contig_1	deepBGC		0.68089		1200354	1205431	5077	4	PF00133|PF01135|PF01209|PF01406|PF01588|PF02353|PF05175|PF06325|PF08003|PF08123|PF08241|PF08242|PF09334|PF12847|PF13489|PF13649|PF13679|PF13847	Terpene
GCF_030062565.1	contig_1	deepBGC		0.71702		1319732	1320266	534	1	PF05050	Unknown
GCF_030062565.1	contig_1	deepBGC		0.73396		1325124	1335186	10062	9	PF00106|PF00398|PF00920|PF01073|PF01081|PF01135|PF01370|PF01416|PF02719|PF03739|PF04321|PF07719|PF07993|PF08238|PF08659|PF13460|PF13489|PF13561|PF13649|PF13847|PF16363	RiPP
GCF_030062565.1	contig_1	deepBGC	NRP	0.57741		1338380	1339427	1047	1	PF00107|PF01262|PF02826|PF03446|PF08240	NRPS_like
GCF_011140875.1	contig_19	deepBGC		0.59905		3587	4373	786	1	PF08003|PF08241|PF08242|PF13489|PF13649|PF13847	Unknown
GCA_040861125.1	contig_6	antiSMASH	Terpene-precursor		No	1	61803	61803	66	Fer4_12|GTP_cyclohydroI|PTPS|PT_FPPS_like|Peptidase_M50|QueE	Terpene
GCF_001998125.1	contig_9	antiSMASH	Terpene-precursor		No	1	8150	8150	12	Fer4_12|GTP_cyclohydroI|PTPS|PT_FPPS_like|QueE	Terpene
GCA_024406575.1	contig_19	deepBGC		0.51719		504	945	441	1	PF01531	Unknown
GCA_024406575.1	contig_22	deepBGC		0.73369		1	14289	14288	12	PF00278|PF00425|PF00496|PF00528|PF00669|PF00795|PF00829|PF01016|PF01063|PF01817|PF02784|PF03797|PF06237|PF09924|PF12911	Unknown
GCA_024406575.1	contig_48	deepBGC		0.57192		47	4569	4522	3	PF00873|PF02321|PF03176|PF13437|PF13533|PF16576	Unknown
GCA_024406575.1	contig_56	deepBGC	Other	0.75151		24649	29731	5082	4	PF00133|PF01135|PF01209|PF01406|PF01555|PF01588|PF01596|PF02353|PF05175|PF06325|PF08003|PF08123|PF08241|PF08242|PF09334|PF12847|PF13489|PF13649|PF13679|PF13847	Terpene
GCA_024406485.1	contig_6	antiSMASH	Terpene-precursor		No	1	45358	45358	51	Fer4_12|GTP_cyclohydroI|PTPS|PT_FPPS_like|QueE	Terpene
GCF_003639795.1	contig_16	antiSMASH	Terpene-precursor		No	1	58342	58342	55	Fer4_12|GTP_cyclohydroI|PTPS|PT_FPPS_like|Peptidase_M50|QueE	Terpene
GCF_040820975.1	contig_1	deepBGC		0.68543		37676	44382	6706	6	PF00133|PF00534|PF01135|PF01209|PF01406|PF01555|PF01588|PF01596|PF02353|PF03061|PF05175|PF06325|PF08003|PF08123|PF08241|PF08242|PF09334|PF12847|PF13439|PF13489|PF13649|PF13679|PF13692|PF13847	Terpene
GCF_040820975.1	contig_13	deepBGC		0.59134		6868	7633	765	1	PF02668	Unknown
GCF_040820975.1	contig_49	deepBGC		0.5428		343	1741	1398	1	PF02521	Unknown
GCF_040820975.1	contig_52	deepBGC		0.55051		63238	64985	1747	5	PF00092|PF13519|PF13672	Unknown
GCF_014498165.1	contig_18	antiSMASH	Terpene-precursor		No	1	74736	74736	85	Fer4_12|GTP_cyclohydroI|PTPS|PT_FPPS_like|QueE	Terpene
GCF_014497035.1	contig_2	deepBGC	RiPP	0.52212		16783	17413	630	1	PF00398|PF01135|PF13649|PF13847	RiPP
GCF_014497035.1	contig_21	deepBGC		0.56428		640	2488	1848	1	PF02784	Unknown
GCF_014497035.1	contig_21	deepBGC	Other	0.66293		4121	9209	5088	4	PF00133|PF01135|PF01209|PF01406|PF01588|PF01596|PF02353|PF05175|PF06325|PF08003|PF08123|PF08241|PF08242|PF09334|PF12847|PF13489|PF13649|PF13679|PF13847	Terpene
GCF_030062665.1	contig_1	deepBGC	Other	0.61928		1430028	1433283	3255	2	PF00133|PF01135|PF01209|PF01406|PF01555|PF01588|PF01596|PF02353|PF05175|PF06325|PF08003|PF08123|PF08241|PF08242|PF09334|PF12847|PF13489|PF13649|PF13679|PF13847	Terpene
GCF_014498745.1	contig_15	antiSMASH	Terpene-precursor		No	1	79387	79387	78	Fer4_12|GTP_cyclohydroI|PTPS|PT_FPPS_like|QueE	Terpene
GCF_011140995.1	contig_28	deepBGC		0.6171		4602	5388	786	1	PF08003|PF08241|PF08242|PF13489|PF13649|PF13847	Unknown
GCA_040861455.1	contig_14	deepBGC		0.52025		33239	33539	300	1	PF07883	Unknown
GCA_040861455.1	contig_28	deepBGC		0.71282		1105	3354	2249	7	PF01163|PF01636|PF13519|PF13672	Unknown
GCA_040861455.1	contig_5	deepBGC		0.68127		82321	90892	8571	7	PF00133|PF00534|PF01135|PF01209|PF01406|PF01555|PF01588|PF01596|PF02353|PF02784|PF03061|PF05175|PF06325|PF08003|PF08123|PF08241|PF08242|PF09334|PF12847|PF13439|PF13489|PF13649|PF13679|PF13692|PF13847	Terpene
GCA_040861455.1	contig_5	deepBGC		0.5761		95269	97011	1742	3	PF03235|PF07510	Unknown
GCA_024406345.1	contig_8	antiSMASH	Terpene-precursor		No	1	8140	8140	12	Fer4_12|GTP_cyclohydroI|PTPS|PT_FPPS_like|QueE	Terpene
GCF_014497445	contig_1	GECCO	Unknown	0.9947564058294784		102945	106134	3189	5	PF01041|PF06306	Unknown
GCF_014497585.1	contig_7	antiSMASH	Terpene-precursor		No	1	9427	9427	13	Fer4_12|GTP_cyclohydroI|PTPS|PT_FPPS_like|QueE	Terpene
GCF_040821135	contig_33	GECCO	Unknown	0.9264250662960616		94471	99522	5051	6	PF01041|PF06306	Unknown
GCF_015904745.1	contig_25	antiSMASH	Terpene-precursor		No	1	8123	8123	12	Fer4_12|GTP_cyclohydroI|PTPS|PT_FPPS_like|QueE	Terpene
GCF_003639215.1	contig_19	deepBGC		0.74783		38776	47342	8566	7	PF00133|PF00534|PF01135|PF01209|PF01406|PF01555|PF01588|PF01596|PF02353|PF02784|PF03061|PF05175|PF06325|PF08003|PF08123|PF08241|PF08242|PF09334|PF12847|PF13439|PF13489|PF13649|PF13679|PF13692|PF13847	Terpene
GCF_003639215.1	contig_5	deepBGC		0.54849		14913	15543	630	1	PF00398|PF01135|PF13489|PF13649|PF13847	RiPP
GCF_003640145.1	contig_15	deepBGC	Polyketide	0.60887		2	12972	12970	11	PF00106|PF00107|PF00479|PF00515|PF00920|PF01073|PF01081|PF01182|PF01262|PF01370|PF01501|PF02685|PF02719|PF02781|PF02826|PF03446|PF04321|PF07719|PF07993|PF08238|PF08240|PF08659|PF13460|PF13561|PF16363	NRPS_like
GCF_003640145.1	contig_15	deepBGC		0.61974		14742	20774	6032	8	PF00155|PF00266|PF00268|PF00398|PF01041|PF01135|PF05050|PF13649|PF13847	RiPP
GCF_003640145.1	contig_29	deepBGC	Other	0.59714		38187	43287	5100	4	PF00133|PF01135|PF01209|PF01406|PF01555|PF01588|PF01596|PF02353|PF05175|PF06325|PF08003|PF08123|PF08241|PF08242|PF09334|PF12847|PF13489|PF13649|PF13679|PF13847	Terpene
GCF_014497785.1	contig_3	deepBGC		0.53444		818	2666	1848	1	PF02784	Unknown
GCF_014497785.1	contig_3	deepBGC	Other	0.64609		4299	9404	5105	4	PF00133|PF01135|PF01209|PF01406|PF01588|PF01596|PF02353|PF05175|PF06325|PF08003|PF08123|PF08241|PF08242|PF09334|PF12847|PF13489|PF13649|PF13679|PF13847	Terpene
GCF_015904535.1	contig_13	deepBGC		0.53288		454	2302	1848	1	PF02784	Unknown
GCF_015904535.1	contig_13	deepBGC	Other	0.64119		3935	9021	5086	4	PF00133|PF01135|PF01209|PF01406|PF01588|PF01596|PF02353|PF05175|PF06325|PF08003|PF08123|PF08241|PF08242|PF09334|PF12847|PF13489|PF13649|PF13679|PF13847	Terpene
GCF_015904535.1	contig_28	deepBGC		0.53083		2150	3254	1104	1	PF01501	NRPS_like
GCF_014498085.1	contig_2	deepBGC	Saccharide	0.73595		37857	49497	11640	9	PF00133|PF00534|PF01135|PF01209|PF01406|PF01588|PF01596|PF02353|PF02784|PF03061|PF03235|PF05175|PF06325|PF07510|PF08003|PF08123|PF08241|PF08242|PF09334|PF12847|PF13439|PF13489|PF13579|PF13649|PF13679|PF13692|PF13847	Terpene
GCF_014498085.1	contig_5	deepBGC		0.53523		41920	42220	300	1	PF07883	Unknown
GCA_040861765.1	contig_10	antiSMASH	Terpene-precursor		No	1	57736	57736	59	Fer4_12|GTP_cyclohydroI|PTPS|PT_FPPS_like|QueE	Terpene
GCF_015904745.1	contig_17	deepBGC		0.50856		33889	34189	300	1	PF07883	Unknown
GCF_015904745.1	contig_6	deepBGC		0.76171		83895	95557	11662	9	PF00133|PF00534|PF01135|PF01209|PF01406|PF01588|PF01596|PF02353|PF02784|PF03061|PF03432|PF05175|PF06325|PF08003|PF08123|PF08241|PF08242|PF09334|PF12847|PF13439|PF13489|PF13649|PF13679|PF13692|PF13847	Terpene
GCF_035621295.1	contig_1	antiSMASH	Terpene-precursor		No	1	1581974	1581974	1509	Fer4_12|GTP_cyclohydroI|PTPS|PT_FPPS_like|QueE	Terpene
GCF_011105795.1	contig_22	antiSMASH	Terpene-precursor		No	1	11261	11261	13	Fer4_12|GTP_cyclohydroI|PTPS|PT_FPPS_like|QueE	Terpene
GCF_003382545.1	contig_15	deepBGC	Other	0.7124		68787	73875	5088	4	PF00133|PF01135|PF01209|PF01406|PF01555|PF01588|PF01596|PF02353|PF05175|PF06325|PF08003|PF08123|PF08241|PF08242|PF09334|PF12847|PF13489|PF13649|PF13679|PF13847	Terpene
GCF_014497035.1	contig_10	antiSMASH	Terpene-precursor		No	1	8213	8213	12	Fer4_12|GTP_cyclohydroI|PTPS|PT_FPPS_like|QueE	Terpene
GCF_003639525.1	contig_17	antiSMASH	Terpene-precursor		No	1	11041	11041	15	Fer4_12|GTP_cyclohydroI|PTPS|PT_FPPS_like|QueE	Terpene
GCF_040821675.1	contig_25	deepBGC		0.50942		1050	2898	1848	1	PF02784	Unknown
GCF_040821675.1	contig_25	deepBGC		0.5626		4535	8297	3762	3	PF00133|PF01406|PF01588|PF08003|PF08241|PF08242|PF09334|PF13489|PF13649|PF13847	Unknown
GCF_040821675.1	contig_27	deepBGC		0.53234		2886	3516	630	1	PF00398|PF01135|PF13489|PF13649|PF13847	RiPP
GCF_040821675.1	contig_3	deepBGC		0.50363		1709	2453	744	1	PF00106|PF08659|PF13561	Unknown
GCF_040821675.1	contig_59	deepBGC		0.56798		1070	4188	3118	4	PF00215|PF00484|PF00793|PF02569	Unknown
GCF_040821675.1	contig_59	deepBGC		0.51815		4669	5086	417	1	PF01029	Unknown
GCA_040861525.1	contig_10	deepBGC	Saccharide	0.74951		37535	46114	8579	7	PF00133|PF00534|PF01135|PF01209|PF01406|PF01555|PF01588|PF01596|PF02353|PF02784|PF03061|PF05175|PF06325|PF08003|PF08123|PF08241|PF08242|PF09334|PF12847|PF13439|PF13489|PF13579|PF13649|PF13679|PF13692|PF13847	Terpene
GCA_040861525.1	contig_11	deepBGC		0.53555		16291	16921	630	1	PF00398|PF01135|PF13489|PF13649|PF13847	RiPP
GCA_040861525.1	contig_12	deepBGC		0.50622		4516	4816	300	1	PF07883	Unknown
GCF_040821605.1	contig_14	deepBGC		0.50395		22723	23716	993	1	PF00108|PF00195|PF07451|PF08541|PF08545	Unknown
GCF_040821605.1	contig_20	deepBGC	RiPP	0.55609		15589	16219	630	1	PF00398|PF01135|PF13649|PF13847	RiPP
GCF_040821605.1	contig_64	deepBGC		0.5428		84	1671	1587	1	PF02521	Unknown
GCF_040821605.1	contig_70	deepBGC		0.52462		9689	10475	786	1	PF08003|PF08241|PF08242|PF13489|PF13649|PF13847	Unknown
GCF_036455215.1	contig_6	deepBGC		0.52328		47031	47784	753	1	PF00106|PF08659|PF13561	Unknown
GCF_036455215.1	contig_6	deepBGC		0.60238		52685	54350	1665	2	PF00268|PF00398|PF01135|PF13489|PF13649|PF13847	RiPP
GCF_036455215.1	contig_6	deepBGC		0.5027		58157	58661	504	1	PF05050	Unknown
GCF_036455215.1	contig_9	deepBGC		0.58064		7777	11545	3768	3	PF00133|PF01406|PF01588|PF08003|PF08241|PF08242|PF09334|PF13489|PF13649|PF13847	Unknown
GCF_001998245.1	contig_12	deepBGC		0.50945		7277	8075	798	1	PF08003|PF08241|PF08242|PF13489|PF13649|PF13847	Unknown
GCF_001998245.1	contig_13	deepBGC		0.56868		11261	11795	534	1	PF05050	Unknown
GCF_001998245.1	contig_13	deepBGC	RiPP	0.6286		16652	17282	630	1	PF00398|PF01135|PF13649|PF13847	RiPP
GCF_001998245.1	contig_13	deepBGC	Polyketide	0.59746		19063	23225	4162	3	PF00106|PF01073|PF01370|PF02719|PF04321|PF07993|PF08659|PF13460|PF13561|PF16363	Unknown
GCF_001998245.1	contig_13	deepBGC		0.53074		31105	31822	717	1	PF01501	NRPS_like
GCF_001998125.1	contig_13	deepBGC	Saccharide	0.82041		37844	46425	8581	7	PF00133|PF00534|PF01135|PF01209|PF01406|PF01588|PF02353|PF02784|PF03061|PF05175|PF06325|PF08003|PF08123|PF08241|PF08242|PF09334|PF12847|PF13439|PF13489|PF13579|PF13649|PF13679|PF13692|PF13847	Terpene
GCF_003639785.1	contig_3	deepBGC		0.67962		37816	44525	6709	6	PF00133|PF00534|PF01135|PF01209|PF01406|PF01555|PF01588|PF02353|PF03061|PF04816|PF05175|PF06325|PF08003|PF08241|PF08242|PF09334|PF12847|PF13439|PF13489|PF13649|PF13679|PF13692|PF13847	Terpene
GCF_030062605.1	contig_1	antiSMASH	Terpene-precursor		Yes	898231	919142	20912	23	Fer4_12|GTP_cyclohydroI|Glyco_transf_9|PTPS|PT_FPPS_like|QueE	Terpene
GCF_011140915.1	contig_26	deepBGC	Saccharide	0.77217		38654	47687	9033	9	PF00133|PF00534|PF01135|PF01209|PF01406|PF01588|PF01596|PF02353|PF02784|PF03061|PF05175|PF05219|PF06325|PF07927|PF08003|PF08123|PF08241|PF08242|PF09334|PF12847|PF13439|PF13489|PF13579|PF13649|PF13679|PF13692|PF13847|PF15919	Terpene
GCA_024407135.1	contig_18	antiSMASH	Terpene-precursor		No	1	7946	7946	11	Fer4_12|GTP_cyclohydroI|PTPS|PT_FPPS_like|QueE	Terpene
GCF_011140935.1	contig_10	antiSMASH	Terpene-precursor		No	1	11134	11134	13	Fer4_12|GTP_cyclohydroI|PTPS|PT_FPPS_like|QueE	Terpene
GCA_024409295.1	contig_36	antiSMASH	Terpene-precursor		No	1	7908	7908	11	Fer4_12|GTP_cyclohydroI|PTPS|PT_FPPS_like|QueE	Terpene
GCA_040861445	contig_1	GECCO	Unknown	0.9945292209815711		390692	394338	3646	5	PF01041|PF06306	Unknown
GCF_040821565.1	contig_33	antiSMASH	Terpene-precursor		No	1	116856	116856	109	Fer4_12|GTP_cyclohydroI|PTPS|PT_FPPS_like|QueE	Terpene
GCF_011140425.1	contig_18	antiSMASH	Terpene-precursor		No	1	11081	11081	13	Fer4_12|GTP_cyclohydroI|PTPS|PT_FPPS_like|QueE	Terpene
GCF_040821815.1	contig_32	antiSMASH	Terpene-precursor		No	1	6819	6819	10	Fer4_12|GTP_cyclohydroI|PTPS|PT_FPPS_like|QueE	Terpene
GCA_024407505.1	contig_29	antiSMASH	Terpene-precursor		No	1	56628	56628	55	Fer4_12|GTP_cyclohydroI|PTPS|PT_FPPS_like|QueE	Terpene
GCA_040862345.1	contig_16	deepBGC		0.72394		37617	46663	9046	9	PF00133|PF00534|PF01135|PF01209|PF01406|PF01555|PF01588|PF01596|PF02353|PF02784|PF03061|PF05175|PF06325|PF07927|PF08003|PF08123|PF08241|PF08242|PF09334|PF12847|PF13439|PF13489|PF13649|PF13679|PF13692|PF13847|PF15919	Terpene
GCF_003639995.1	contig_14	deepBGC		0.6357		16910	22442	5532	8	PF00070|PF00258|PF00890|PF01494|PF02130|PF02668|PF03486|PF03597|PF05977|PF07173|PF07690|PF07992|PF09335|PF12641|PF12724|PF12831|PF13347|PF13434|PF13450|PF13738	Unknown
GCF_003639995.1	contig_5	deepBGC	Saccharide	0.75308		37708	46276	8568	7	PF00133|PF00534|PF01135|PF01209|PF01406|PF01555|PF01588|PF02353|PF02784|PF03061|PF05175|PF06325|PF08003|PF08123|PF08241|PF08242|PF09334|PF12847|PF13439|PF13489|PF13579|PF13649|PF13679|PF13692|PF13847	Terpene
GCF_003639995.1	contig_8	deepBGC		0.57403		4811	5111	300	1	PF07883	Unknown
GCF_001998205.1	contig_1	deepBGC		0.57342		43257	44454	1197	2	PF01209|PF03653|PF05425|PF08241|PF08242|PF13489|PF13649|PF13847	Unknown
GCF_001998205.1	contig_13	deepBGC	Other	0.72159		37777	42910	5133	4	PF00133|PF01135|PF01209|PF01406|PF01588|PF01596|PF02353|PF05175|PF06325|PF08003|PF08123|PF08241|PF08242|PF09334|PF12847|PF13489|PF13649|PF13679|PF13847	Terpene
GCF_001998205.1	contig_27	deepBGC	RiPP	0.57901		27556	28186	630	1	PF00398|PF01135|PF13649|PF13847	RiPP
GCF_015905125.1	contig_11	deepBGC	Saccharide	0.76018		38351	46920	8569	7	PF00133|PF00534|PF01135|PF01209|PF01406|PF01555|PF01588|PF02353|PF02784|PF03061|PF05175|PF06325|PF08003|PF08123|PF08241|PF08242|PF09334|PF12847|PF13439|PF13489|PF13579|PF13649|PF13679|PF13692|PF13847	Terpene
GCA_040861585.1	contig_1	antiSMASH	Terpene-precursor		No	1	65833	65833	69	Fer4_12|GTP_cyclohydroI|PTPS|PT_FPPS_like|Pkinase|QueE	Terpene
GCF_040821475.1	contig_70	antiSMASH	Terpene-precursor		No	1	58851	58851	61	Fer4_12|GTP_cyclohydroI|PTPS|PT_FPPS_like|QueE	Terpene
GCF_002983705.1	contig_1	deepBGC	Other	0.55228		132022	133192	1170	1	PF01135|PF01209|PF01596|PF02353|PF05175|PF06325|PF08003|PF08123|PF08241|PF08242|PF12847|PF13489|PF13649|PF13679|PF13847	Terpene
GCF_014496705.1	contig_22	antiSMASH	Terpene-precursor		No	1	46753	46753	51	Fer4_12|GTP_cyclohydroI|PTPS|PT_FPPS_like|QueE	Terpene
GCF_015904645.1	contig_16	deepBGC		0.50686		5018	5318	300	1	PF07883	Unknown
GCF_015904645.1	contig_6	deepBGC		0.76171		83896	95558	11662	9	PF00133|PF00534|PF01135|PF01209|PF01406|PF01588|PF01596|PF02353|PF02784|PF03061|PF03432|PF05175|PF06325|PF08003|PF08123|PF08241|PF08242|PF09334|PF12847|PF13439|PF13489|PF13649|PF13679|PF13692|PF13847	Terpene
GCA_024409255.1	contig_15	deepBGC	Saccharide	0.66292		37418	44124	6706	6	PF00133|PF00534|PF01135|PF01209|PF01406|PF01555|PF01588|PF01596|PF02353|PF03061|PF05175|PF06325|PF08003|PF08123|PF08241|PF08242|PF09334|PF12847|PF13439|PF13489|PF13579|PF13649|PF13679|PF13692|PF13847|PF15458	Terpene
GCA_024409255.1	contig_6	deepBGC	RiPP	0.53949		29553	30183	630	1	PF00398|PF01135|PF13649|PF13847	RiPP
GCF_037862315.1	contig_11	antiSMASH	Terpene-precursor		No	1	56041	56041	58	Fer4_12|GTP_cyclohydroI|PTPS|PT_FPPS_like|QueE	Terpene
GCA_040857565.1	contig_15	antiSMASH	Terpene-precursor		No	1	8666	8666	13	Fer4_12|GTP_cyclohydroI|PTPS|PT_FPPS_like|QueE	Terpene
GCA_024406785.1	contig_27	antiSMASH	Terpene-precursor		No	1	7939	7939	12	Fer4_12|GTP_cyclohydroI|PTPS|PT_FPPS_like|QueE	Terpene
GCF_011140665.1	contig_26	deepBGC		0.69237		37617	46665	9048	8	PF00133|PF00534|PF01135|PF01209|PF01406|PF01555|PF01588|PF01596|PF02353|PF02784|PF03061|PF05175|PF06325|PF08003|PF08123|PF08241|PF08242|PF09334|PF12847|PF13439|PF13489|PF13649|PF13679|PF13692|PF13847|PF15919	Terpene
GCF_011140665.1	contig_36	deepBGC	Polyketide	0.57193		16576	26497	9921	9	PF00106|PF00398|PF00920|PF01073|PF01081|PF01135|PF01370|PF01416|PF02719|PF03739|PF04321|PF07719|PF07993|PF08238|PF08659|PF13489|PF13561|PF13649|PF13847|PF16363	RiPP
GCF_011140665.1	contig_5	deepBGC	Polyketide	0.67108		0	1721	1721	2	PF00899|PF05977|PF07690	Unknown
GCF_011140665.1	contig_6	deepBGC		0.51152		687	1341	654	1	PF03070	Unknown
GCF_014497085.1	contig_17	antiSMASH	Terpene-precursor		No	1	9424	9424	13	Fer4_12|GTP_cyclohydroI|PTPS|PT_FPPS_like|QueE	Terpene
GCF_040821155.1	contig_115	deepBGC	Polyketide	0.76811		53	3567	3514	5	PF00106|PF00109|PF00550|PF01039|PF02801|PF03255|PF08659|PF10501|PF13561|PF14573|PF16320	PKS
GCF_040821155.1	contig_17	deepBGC		0.55532		275	3102	2827	3	PF00596|PF01973	Unknown
GCF_040821155.1	contig_34	deepBGC		0.69009		845	14839	13994	12	PF00106|PF00155|PF00266|PF00268|PF00398|PF00479|PF00515|PF00920|PF01041|PF01053|PF01073|PF01081|PF01135|PF01370|PF01416|PF02719|PF02781|PF03739|PF04321|PF07719|PF07993|PF08238|PF08659|PF13561|PF13649|PF13847|PF16363	RiPP
GCF_040821155.1	contig_34	deepBGC	NRP	0.61866		15519	19035	3516	3	PF00107|PF01262|PF01501|PF02685|PF02826|PF03446|PF08240	NRPS_like
GCF_040821155.1	contig_4	deepBGC		0.51809		91	1225	1134	1	PF02405	Unknown
GCF_040821155.1	contig_79	deepBGC		0.56489		8692	9448	756	1	PF01061	Unknown
GCA_040861985.1	contig_8	deepBGC	Other	0.75859		37544	42641	5097	4	PF00133|PF01135|PF01209|PF01406|PF01555|PF01588|PF01596|PF02353|PF05175|PF06325|PF08003|PF08123|PF08241|PF08242|PF09334|PF12847|PF13489|PF13649|PF13679|PF13847	Terpene
GCA_024411815.1	contig_3	deepBGC	RiPP	0.52598		27848	28478	630	1	PF00398|PF01135|PF13649|PF13847	RiPP
GCA_024411815.1	contig_3	deepBGC	Saccharide	0.70078		83830	94803	10973	11	PF00133|PF00534|PF01135|PF01209|PF01406|PF01555|PF01588|PF01596|PF02353|PF02784|PF03061|PF05175|PF06325|PF07510|PF07927|PF08003|PF08123|PF08241|PF08242|PF09334|PF12847|PF13439|PF13489|PF13579|PF13649|PF13679|PF13692|PF13847|PF15919	Terpene
GCF_003639455.1	contig_18	antiSMASH	Terpene-precursor		No	1	61544	61544	64	Fer4_12|GTP_cyclohydroI|PTPS|PT_FPPS_like|QueE	Terpene
GCF_014497495.1	contig_10	deepBGC		0.61313		104352	107841	3489	3	PF00108|PF00195|PF07451|PF08541|PF08545|PF11697	Unknown
GCF_014497495.1	contig_12	deepBGC		0.52357		9859	10645	786	1	PF08003|PF08241|PF08242|PF13489|PF13649|PF13847	Unknown
GCF_014497085	contig_26	GECCO	Unknown	0.9946194703172468		5624	8813	3189	5	PF01041|PF06306	Unknown
GCF_003639845.1	contig_3	antiSMASH	Terpene-precursor		No	1	56199	56199	58	Fer4_12|GTP_cyclohydroI|PTPS|PT_FPPS_like|Peptidase_M50|QueE	Terpene
GCF_040821775.1	contig_1	deepBGC		0.50292		4424	4724	300	1	PF07883	Unknown
GCF_040821775.1	contig_19	deepBGC		0.59223		5648	6278	630	1	PF00398|PF01135|PF13489|PF13649|PF13847	RiPP
GCF_040821775.1	contig_39	deepBGC		0.5428		2	1241	1239	1	PF02521	Unknown
GCF_040821775.1	contig_4	deepBGC		0.62414		4300	8086	3786	3	PF00133|PF01406|PF01588|PF08003|PF08241|PF08242|PF09334|PF13489|PF13649|PF13847	Unknown
GCF_040821775.1	contig_6	deepBGC		0.5678		37514	38507	993	1	PF00108|PF00195|PF07451|PF08541|PF08545	Unknown
GCA_040862425.1	contig_8	antiSMASH	Terpene-precursor		No	1	60732	60732	63	Fer4_12|GTP_cyclohydroI|PTPS|PT_FPPS_like|QueE	Terpene
GCA_040861845.1	contig_12	deepBGC		0.50979		7307	8093	786	1	PF08003|PF08241|PF08242|PF13489|PF13649|PF13847	Unknown
GCF_003639935.1	contig_17	antiSMASH	Azole-containing-RiPP		No	1	18122	18122	18	PF00881|YcaO	Unknown
GCF_003639935.1	contig_21	antiSMASH	Terpene-precursor		No	1	8155	8155	12	Fer4_12|GTP_cyclohydroI|PTPS|PT_FPPS_like|QueE	Terpene
GCA_040861325.1	contig_9	deepBGC		0.69019		37586	46167	8581	7	PF00133|PF00534|PF01135|PF01209|PF01406|PF01555|PF01588|PF01596|PF02353|PF02784|PF03061|PF05175|PF06325|PF08003|PF08123|PF08241|PF08242|PF09334|PF12847|PF13439|PF13489|PF13649|PF13679|PF13692|PF13847	Terpene
GCF_011140365.1	contig_5	antiSMASH	Terpene-precursor		No	1	56154	56154	55	Fer4_12|GTP_cyclohydroI|PTPS|PT_FPPS_like|Peptidase_M50|QueE	Terpene
GCA_040862605.1	contig_9	antiSMASH	Terpene-precursor		No	1	75240	75240	81	Fer4_12|GTP_cyclohydroI|PTPS|PT_FPPS_like|Pkinase|QueE	Terpene
GCF_014497365.1	contig_12	deepBGC	Saccharide	0.70188		38003	52644	14641	11	PF00133|PF00534|PF01135|PF01209|PF01406|PF01555|PF01588|PF02353|PF02784|PF03061|PF03235|PF05175|PF06325|PF07510|PF08003|PF08123|PF08241|PF08242|PF09334|PF12847|PF13439|PF13489|PF13579|PF13649|PF13679|PF13692|PF13847	Terpene
GCF_014497365.1	contig_7	deepBGC		0.54859		45468	46676	1208	3	PF00106|PF00550|PF08659|PF10501|PF13561|PF14573|PF16320	PKS
GCA_024406335.1	contig_14	antiSMASH	Terpene-precursor		No	1	8303	8303	13	Fer4_12|GTP_cyclohydroI|PTPS|PT_FPPS_like|QueE	Terpene
GCF_014498765.1	contig_15	antiSMASH	Terpene-precursor		No	1	8350	8350	13	Fer4_12|GTP_cyclohydroI|PTPS|PT_FPPS_like|QueE	Terpene
GCA_024406655.1	contig_4	antiSMASH	Azole-containing-RiPP		No	1	8188	8188	13	PF00881|YcaO	Unknown
GCA_024406655.1	contig_5	antiSMASH	Terpene-precursor		No	1	59714	59714	61	Fer4_12|GTP_cyclohydroI|PTPS|PT_FPPS_like|QueE	Terpene
GCF_015905105.1	contig_25	antiSMASH	Azole-containing-RiPP		No	1	11455	11455	11	PF00881|YcaO	Unknown
GCF_015905105.1	contig_9	antiSMASH	Terpene-precursor		No	1	57214	57214	59	Fer4_12|GTP_cyclohydroI|PTPS|PT_FPPS_like|Peptidase_M50|QueE	Terpene
GCF_015904565.1	contig_8	antiSMASH	Terpene-precursor		No	1	58161	58161	58	Fer4_12|GTP_cyclohydroI|PTPS|PT_FPPS_like|QueE	Terpene
GCF_040821795.1	contig_3	deepBGC	Other	0.62915		10952	16052	5100	4	PF00133|PF01135|PF01209|PF01406|PF01555|PF01588|PF01596|PF02353|PF05175|PF06325|PF08003|PF08123|PF08241|PF08242|PF09334|PF12847|PF13489|PF13649|PF13679|PF13847	Terpene
GCF_040821795.1	contig_65	deepBGC		0.51843		6006	6918	912	1	PF07715	Unknown
GCF_040821795.1	contig_90	deepBGC		0.59079		222	3362	3140	3	PF00490|PF01709|PF08238	Unknown
GCF_011140675.1	contig_18	deepBGC		0.52502		9039	10304	1265	2	PF03070|PF04264	Unknown
GCF_011140675.1	contig_42	deepBGC		0.53617		502	1030	528	1	PF08843	Unknown
GCF_011140675.1	contig_8	deepBGC		0.54711		846	2694	1848	1	PF02784	Unknown
GCF_011140675.1	contig_8	deepBGC	Other	0.64568		4326	9424	5098	4	PF00133|PF01135|PF01209|PF01406|PF01588|PF01596|PF02353|PF05175|PF06325|PF08003|PF08123|PF08241|PF08242|PF09334|PF12847|PF13489|PF13649|PF13679|PF13847	Terpene
GCA_024407155.1	contig_5	antiSMASH	Terpene-precursor		No	1	37133	37133	39	Fer4_12|GTP_cyclohydroI|PP-binding|PP-binding_2|PTPS|PT_FPPS_like|QueE	Terpene
GCA_040862065.1	contig_17	antiSMASH	Terpene-precursor		No	1	8145	8145	12	Fer4_12|GTP_cyclohydroI|PTPS|PT_FPPS_like|QueE	Terpene
GCF_014496805.1	contig_11	antiSMASH	Terpene-precursor		No	1	9555	9555	13	Fer4_12|GTP_cyclohydroI|PTPS|PT_FPPS_like|QueE	Terpene
GCF_015904765.1	contig_20	antiSMASH	Azole-containing-RiPP		No	1	13306	13306	15	PF00881|ThiF|YcaO	Unknown
GCF_015904765.1	contig_22	antiSMASH	Terpene-precursor		No	1	8138	8138	11	Fer4_12|GTP_cyclohydroI|PTPS|PT_FPPS_like|QueE	Terpene
GCF_011140895.1	contig_20	deepBGC	RiPP	0.73754		18908	20365	1457	2	PF00005|PF01061|PF01926|PF02463|PF03193|PF13304|PF13401|PF13476|PF13555	RiPP
GCF_011140895.1	contig_26	deepBGC		0.68166		12260	12794	534	1	PF05050	Unknown
GCF_011140895.1	contig_26	deepBGC		0.66073		17652	27904	10252	9	PF00106|PF00398|PF00515|PF00920|PF01073|PF01081|PF01135|PF01370|PF01416|PF02719|PF03739|PF04321|PF07719|PF07993|PF08238|PF08659|PF13460|PF13561|PF13649|PF13847|PF16363	RiPP
GCF_011140895.1	contig_26	deepBGC	NRP	0.59967		31106	33436	2330	2	PF00107|PF01262|PF01501|PF02826|PF03446|PF08240	NRPS_like
GCA_024406635.1	contig_13	antiSMASH	Terpene-precursor		No	1	63997	63997	63	Fer4_12|GTP_cyclohydroI|PTPS|PT_FPPS_like|QueE	Terpene
GCA_024406755.1	contig_18	antiSMASH	Terpene-precursor		No	1	63819	63819	63	Fer4_12|GTP_cyclohydroI|PTPS|PT_FPPS_like|QueE	Terpene
GCF_014497505.1	contig_3	deepBGC		0.52356		7059	7845	786	1	PF08003|PF08241|PF08242|PF13489|PF13649|PF13847	Unknown
GCF_003639495.1	contig_1	deepBGC	Saccharide	0.66308		58115	67139	9024	9	PF00133|PF00534|PF01135|PF01209|PF01406|PF01555|PF01588|PF01596|PF02353|PF02784|PF03061|PF05175|PF06325|PF07927|PF08003|PF08123|PF08241|PF08242|PF09334|PF12847|PF13439|PF13489|PF13579|PF13649|PF13679|PF13692|PF13847|PF15919	Terpene
GCF_003639495.1	contig_39	deepBGC		0.56622		1	1054	1053	2	PF00590|PF01197	Unknown
GCF_003639495.1	contig_39	deepBGC	Polyketide	0.68528		4519	8034	3515	5	PF00106|PF00109|PF00550|PF01039|PF02801|PF03255|PF08659|PF10501|PF13561|PF14573|PF16320	PKS
GCF_003639495.1	contig_40	deepBGC	Polyketide	0.52541		1637	2390	753	1	PF00106|PF01370|PF08659|PF13561	Unknown
GCF_003639495.1	contig_87	deepBGC		0.55842		0	1130	1130	3	PF01029|PF03981|PF13099	Unknown
GCF_003639495.1	contig_87	deepBGC		0.54839		1611	3094	1483	2	PF00484|PF00793	Unknown
GCF_003639495.1	contig_94	deepBGC		0.53083		2821	3925	1104	1	PF01501	NRPS_like
GCF_003639495.1	contig_95	deepBGC		0.55095		2304	3624	1320	1	PF00593	Unknown
GCF_003639855.1	contig_3	antiSMASH	Terpene-precursor		No	1	60999	60999	59	Fer4_12|GTP_cyclohydroI|PTPS|PT_FPPS_like|QueE	Terpene
GCA_040861585.1	contig_3	deepBGC	Saccharide	0.66167		37589	44331	6742	6	PF00133|PF00534|PF01135|PF01209|PF01406|PF01555|PF01588|PF01596|PF02353|PF03061|PF05175|PF06325|PF08003|PF08123|PF08241|PF08242|PF09334|PF12847|PF13439|PF13489|PF13579|PF13649|PF13679|PF13692|PF13847	Terpene
GCF_014496825.1	contig_2	deepBGC	Saccharide	0.80775		37984	46565	8581	7	PF00133|PF00534|PF01135|PF01209|PF01406|PF01588|PF01596|PF02353|PF02784|PF03061|PF04816|PF05175|PF06325|PF08003|PF08241|PF08242|PF09334|PF12847|PF13439|PF13489|PF13579|PF13649|PF13679|PF13692|PF13847	Terpene
GCF_014496825.1	contig_25	deepBGC		0.54846		353	3409	3056	2	PF02521	Unknown
GCF_014496825.1	contig_4	deepBGC	RiPP	0.54034		16797	17427	630	1	PF00398|PF01135|PF13649|PF13847	RiPP
GCA_040862185.1	contig_11	deepBGC		0.70001		37754	46324	8570	7	PF00133|PF00534|PF01135|PF01209|PF01406|PF01555|PF01588|PF02353|PF02784|PF03061|PF05175|PF06325|PF08003|PF08123|PF08241|PF08242|PF09334|PF12847|PF13439|PF13489|PF13649|PF13679|PF13692|PF13847	Terpene
GCA_040862185.1	contig_4	deepBGC		0.50042		60770	61514	744	1	PF00106|PF08659|PF13561	Unknown
GCF_040821255.1	contig_57	antiSMASH	Terpene-precursor		No	1	8576	8576	11	Fer4_12|GTP_cyclohydroI|PTPS|PT_FPPS_like|QueE	Terpene
GCF_015904915	contig_3	GECCO	Unknown	0.9946902072573652		108336	112030	3694	5	PF01041|PF06306	Unknown
GCF_014496965.1	contig_4	antiSMASH	Terpene-precursor		No	1	50395	50395	38	Fer4_12|GTP_cyclohydroI|PTPS|PT_FPPS_like|QueE	Terpene
GCF_014498265.1	contig_19	deepBGC	RiPP	0.50987		122531	123431	900	1	PF13575	Unknown
GCF_014498265.1	contig_2	deepBGC	Saccharide	0.81386		37825	46395	8570	7	PF00133|PF00534|PF01135|PF01209|PF01406|PF01588|PF01596|PF02353|PF02784|PF03061|PF05175|PF06325|PF08003|PF08123|PF08241|PF08242|PF09334|PF12847|PF13439|PF13489|PF13579|PF13649|PF13679|PF13692|PF13847	Terpene
GCF_014497485.1	contig_4	deepBGC		0.52356		7059	7845	786	1	PF08003|PF08241|PF08242|PF13489|PF13649|PF13847	Unknown
GCF_014497485.1	contig_6	deepBGC	RiPP	0.54391		26335	26965	630	1	PF00398|PF01135|PF13649|PF13847	RiPP
GCA_024407575.1	contig_3	deepBGC		0.57184		9820	13573	3753	3	PF00133|PF01406|PF01588|PF05219|PF08003|PF08241|PF08242|PF09334|PF13489|PF13649|PF13847	Unknown
GCA_024407575.1	contig_31	deepBGC		0.64507		106	4896	4790	5	PF01075|PF03070|PF03767|PF04264|PF13344|PF13419	Unknown
GCF_014498675.1	contig_2	deepBGC	Saccharide	0.78116		38125	47186	9061	9	PF00133|PF00534|PF01135|PF01209|PF01406|PF01588|PF01596|PF02353|PF02784|PF03061|PF05175|PF06325|PF07927|PF08003|PF08123|PF08241|PF08242|PF09334|PF12847|PF13439|PF13489|PF13579|PF13649|PF13679|PF13692|PF13847|PF15919	Terpene
GCF_014498675.1	contig_40	deepBGC		0.67704		2	2725	2723	2	PF02538|PF08882	Unknown
GCF_011140655.1	contig_41	deepBGC		0.55916		19751	20534	783	1	PF02668	Unknown
GCF_011140655.1	contig_41	deepBGC		0.61264		21575	28653	7078	7	PF00070|PF00258|PF00342|PF00890|PF01494|PF02521|PF03486|PF03597|PF05977|PF07690|PF07992|PF09335|PF12641|PF12724|PF12831|PF13347|PF13434|PF13450|PF13738	Unknown
GCF_003639545.1	contig_27	deepBGC		0.81733		69486	78055	8569	7	PF00133|PF00534|PF01135|PF01209|PF01406|PF01588|PF02353|PF02784|PF03061|PF05175|PF06325|PF08003|PF08123|PF08241|PF08242|PF09334|PF12847|PF13439|PF13489|PF13649|PF13679|PF13692|PF13847	Terpene
GCF_003639545.1	contig_6	deepBGC		0.54313		3560	3860	300	1	PF07883	Unknown
GCA_040862385.1	contig_10	deepBGC		0.74974		37607	46192	8585	7	PF00133|PF00534|PF01135|PF01209|PF01406|PF01555|PF01588|PF01596|PF02353|PF02784|PF03061|PF05175|PF06325|PF08003|PF08123|PF08241|PF08242|PF09334|PF12847|PF13439|PF13489|PF13649|PF13679|PF13692|PF13847	Terpene
GCA_040862385.1	contig_11	deepBGC		0.57238		11270	11804	534	1	PF05050	Unknown
GCA_040862385.1	contig_11	deepBGC	RiPP	0.59799		16664	17294	630	1	PF00398|PF01135|PF13649|PF13847	RiPP
GCA_040862385.1	contig_11	deepBGC	Polyketide	0.52143		22188	22941	753	1	PF00106|PF01370|PF08659|PF13561	Unknown
GCF_008032975.1	contig_1	deepBGC		0.63517		1473812	1478917	5105	4	PF00133|PF01135|PF01209|PF01406|PF01555|PF01588|PF02353|PF05175|PF06325|PF08003|PF08123|PF08241|PF08242|PF09334|PF12847|PF13489|PF13649|PF13679|PF13847	Terpene
GCF_014497275.1	contig_21	antiSMASH	Terpene-precursor		No	1	60558	60558	61	Fer4_12|GTP_cyclohydroI|PTPS|PT_FPPS_like|QueE	Terpene
GCA_024406915.1	contig_11	deepBGC		0.55987		14427	18878	4451	2	PF01968|PF02538|PF05378	Unknown
GCA_024406915.1	contig_11	deepBGC	Polyketide	0.54307		21532	24036	2504	4	PF00108|PF00109|PF01144|PF02803|PF13336	PKS
GCA_024406915.1	contig_22	deepBGC	RiPP	0.75131		44	1601	1557	1	PF01636|PF13575	Unknown
GCA_024406915.1	contig_25	deepBGC		0.53329		18843	19814	971	2	PF00070|PF00890|PF01134|PF01266|PF01494|PF03486|PF07992|PF12831|PF13434|PF13450|PF13738	Unknown
GCA_024406915.1	contig_3	deepBGC		0.80473		37554	47254	9700	12	PF00133|PF00534|PF01135|PF01209|PF01406|PF01555|PF01588|PF01596|PF02353|PF02784|PF03061|PF05175|PF06325|PF07927|PF08003|PF08123|PF08241|PF08242|PF08715|PF09334|PF12847|PF13439|PF13489|PF13649|PF13679|PF13692|PF13847|PF15919	Terpene
GCA_024406915.1	contig_5	deepBGC		0.69054		18335	31073	12738	18	PF00106|PF00155|PF00266|PF00268|PF00398|PF00515|PF01041|PF01073|PF01135|PF01370|PF01416|PF02719|PF03739|PF05050|PF07719|PF07993|PF08238|PF08659|PF13561|PF13649|PF13847|PF16363	RiPP
GCA_024406915.1	contig_5	deepBGC		0.51111		31546	32923	1377	1	PF00289|PF02222|PF02655|PF02785|PF02786|PF07478|PF08443|PF13549|PF14397|PF15632	Unknown
GCF_011105755.1	contig_1	antiSMASH	Terpene-precursor		No	1	8278	8278	13	Fer4_12|GTP_cyclohydroI|PTPS|PT_FPPS_like|QueE	Terpene
GCF_003639565.1	contig_10	antiSMASH	Azole-containing-RiPP		No	1	16818	16818	16	PF00881|ThiF|YcaO	Unknown
GCF_003639565.1	contig_21	antiSMASH	Terpene-precursor		No	1	56754	56754	56	Fer4_12|GTP_cyclohydroI|PTPS|PT_FPPS_like|Peptidase_M50|QueE	Terpene
GCA_040861725.1	contig_8	deepBGC		0.54818		9673	10471	798	1	PF08003|PF08241|PF08242|PF13489|PF13649|PF13847	Unknown
GCF_003639615.1	contig_28	antiSMASH	Terpene-precursor		No	1	69148	69148	72	Fer4_12|GTP_cyclohydroI|PTPS|PT_FPPS_like|QueE	Terpene
GCF_014498915.1	contig_18	deepBGC		0.63164		37821	46400	8579	7	PF00133|PF00534|PF01135|PF01209|PF01406|PF01555|PF01588|PF01596|PF02353|PF02784|PF03061|PF05175|PF06325|PF08003|PF08123|PF08241|PF08242|PF09334|PF12847|PF13439|PF13489|PF13649|PF13679|PF13692|PF13847	Terpene
GCF_014498915.1	contig_7	deepBGC	RiPP	0.64629		1	127	126	1	PF00005|PF02463|PF13476|PF13555	RiPP
GCF_014498915.1	contig_7	deepBGC	RiPP	0.6157		2075	4315	2240	2	PF02624|PF08307	RiPP
GCF_014498915.1	contig_7	deepBGC		0.51118		8268	9321	1053	1	PF00899	Unknown
GCF_003639305.1	contig_3	antiSMASH	Terpene-precursor		No	1	46909	46909	51	Fer4_12|GTP_cyclohydroI|PTPS|PT_FPPS_like|QueE	Terpene
GCA_040861875.1	contig_8	deepBGC		0.69126		37695	46274	8579	7	PF00133|PF00534|PF01135|PF01209|PF01406|PF01555|PF01588|PF01596|PF02353|PF02784|PF03061|PF05175|PF06325|PF08003|PF08123|PF08241|PF08242|PF09334|PF12847|PF13439|PF13489|PF13649|PF13679|PF13692|PF13847	Terpene
GCF_040821505	contig_44	GECCO	Unknown	0.9947464196514292		45777	48967	3190	5	PF01041|PF06306	Unknown
GCF_011140715.1	contig_47	antiSMASH	Terpene-precursor		No	1	11203	11203	13	Fer4_12|GTP_cyclohydroI|PTPS|PT_FPPS_like|QueE	Terpene
GCA_024406655.1	contig_18	deepBGC		0.56564		9718	13459	3741	3	PF00133|PF01406|PF01588|PF08003|PF08241|PF08242|PF09334|PF13489|PF13649|PF13847	Unknown
GCA_024406655.1	contig_21	deepBGC		0.57783		55463	57128	1665	2	PF00268|PF00398|PF01135|PF13489|PF13649|PF13847	RiPP
GCA_024406655.1	contig_21	deepBGC		0.54121		60948	61482	534	1	PF05050	Unknown
GCA_024406655.1	contig_25	deepBGC	RiPP	0.81408		114	6746	6632	7	PF01051|PF01636|PF02661|PF13575	Unknown
GCA_024406655.1	contig_4	deepBGC	RiPP	0.63641		4791	5622	831	1	PF02624	RiPP
GCA_024406655.1	contig_4	deepBGC	RiPP	0.65121		8061	8187	126	1	PF00005|PF02463|PF13476|PF13555	RiPP
GCA_040861825.1	contig_7	deepBGC	Other	0.74063		37574	42662	5088	4	PF00133|PF01135|PF01209|PF01406|PF01555|PF01588|PF01596|PF02353|PF05175|PF06325|PF08003|PF08123|PF08241|PF08242|PF09334|PF12847|PF13489|PF13649|PF13679|PF13847	Terpene
GCA_024406795.1	contig_3	antiSMASH	Terpene-precursor		No	1	55165	55165	56	Aminotran_3|Fer4_12|GTP_cyclohydroI|PTPS|PT_FPPS_like|QueE	Terpene
GCF_015905075.1	contig_30	antiSMASH	Terpene-precursor		No	1	8142	8142	12	Fer4_12|GTP_cyclohydroI|PTPS|PT_FPPS_like|QueE	Terpene
GCF_015904665.1	contig_24	antiSMASH	Terpene-precursor		No	1	8105	8105	11	Fer4_12|GTP_cyclohydroI|PTPS|PT_FPPS_like|QueE	Terpene
GCF_011140665.1	contig_32	antiSMASH	Terpene-precursor		No	1	23330	23330	24	DAO|Fer4_12|GTP_cyclohydroI|PTPS|PT_FPPS_like|QueE	Terpene
GCA_040861065.1	contig_19	antiSMASH	Terpene-precursor		No	1	8123	8123	12	Fer4_12|GTP_cyclohydroI|PTPS|PT_FPPS_like|QueE	Terpene
GCF_001997965.1	contig_4	deepBGC	Saccharide	0.78678		37740	49427	11687	10	PF00133|PF00534|PF01135|PF01209|PF01406|PF01588|PF01596|PF02353|PF02784|PF03061|PF03235|PF05175|PF06325|PF07510|PF08003|PF08123|PF08241|PF08242|PF09334|PF12847|PF13439|PF13489|PF13579|PF13649|PF13679|PF13692|PF13847	Terpene
GCF_014496805.1	contig_13	deepBGC		0.52765		79350	79587	237	1	PF00550|PF14573|PF16320	PKS
GCF_014496805.1	contig_2	deepBGC		0.50667		4190	6038	1848	1	PF02784	Unknown
GCF_014496805.1	contig_2	deepBGC	Other	0.60356		7671	12771	5100	4	PF00133|PF01135|PF01209|PF01406|PF01588|PF01596|PF02353|PF05175|PF06325|PF08003|PF08123|PF08241|PF08242|PF09334|PF12847|PF13489|PF13649|PF13679|PF13847	Terpene
GCA_024407015.1	contig_1	antiSMASH	Terpene-precursor		Yes	132304	153047	20744	29	Fer4_12|GTP_cyclohydroI|PTPS|PT_FPPS_like|QueE	Terpene
GCA_024411965.1	contig_18	deepBGC	Saccharide	0.68472		37675	46255	8580	7	PF00133|PF00534|PF01135|PF01209|PF01406|PF01555|PF01588|PF01596|PF02353|PF02784|PF03061|PF05175|PF06325|PF08003|PF08123|PF08241|PF08242|PF09334|PF12847|PF13439|PF13489|PF13579|PF13649|PF13679|PF13692|PF13847	Terpene
GCA_024411965.1	contig_22	deepBGC		0.55079		295	3113	2818	2	PF00199|PF02521	Unknown
GCA_040861205.1	contig_8	antiSMASH	Terpene-precursor		No	1	74340	74340	81	Fer4_12|GTP_cyclohydroI|PTPS|PT_FPPS_like|Pkinase|QueE	Terpene
GCA_040861985.1	contig_2	antiSMASH	Terpene-precursor		Yes	244905	265816	20912	19	Fer4_12|GTP_cyclohydroI|PTPS|PT_FPPS_like|QueE	Terpene
GCF_014497515.1	contig_3	deepBGC	Saccharide	0.78579		38209	49771	11562	10	PF00133|PF00534|PF01135|PF01209|PF01406|PF01588|PF01596|PF02353|PF02784|PF03061|PF03235|PF05175|PF06325|PF07510|PF08003|PF08123|PF08241|PF08242|PF09334|PF12847|PF13439|PF13489|PF13579|PF13649|PF13679|PF13692|PF13847|PF16849	Terpene
GCF_014497515.1	contig_8	deepBGC		0.6473		11826	12330	504	1	PF05050	Unknown
GCF_014497515.1	contig_8	deepBGC		0.69255		17272	28868	11596	10	PF00106|PF00398|PF00479|PF00920|PF01073|PF01081|PF01135|PF01370|PF01416|PF02719|PF02781|PF03739|PF04321|PF07719|PF07993|PF08238|PF08659|PF13460|PF13489|PF13561|PF13649|PF13847|PF16363	RiPP
GCF_014497515.1	contig_8	deepBGC	NRP	0.62638		30729	32622	1893	2	PF00107|PF01262|PF01501|PF02826|PF03446|PF08240	NRPS_like
GCF_011140915.1	contig_32	antiSMASH	Terpene-precursor		No	1	11236	11236	13	Fer4_12|GTP_cyclohydroI|PTPS|PT_FPPS_like|QueE	Terpene
GCF_014496385.1	contig_15	antiSMASH	Terpene-precursor		No	1	99810	99810	95	Fer4_12|GTP_cyclohydroI|PTPS|PT_FPPS_like|QueE	Terpene
GCF_014498785.1	contig_11	deepBGC		0.50404		213	432	219	1	PF15919	Unknown
GCF_014498785.1	contig_11	deepBGC		0.51814		692	2540	1848	1	PF02784	Unknown
GCF_014498785.1	contig_11	deepBGC		0.61806		4173	4959	786	1	PF08003|PF08241|PF08242|PF13489|PF13649|PF13847	Unknown
GCF_014498785.1	contig_11	deepBGC	Other	0.56531		8110	9280	1170	1	PF01135|PF01209|PF01596|PF02353|PF05175|PF06325|PF08003|PF08123|PF08241|PF08242|PF12847|PF13489|PF13649|PF13679|PF13847	Terpene
GCA_040862205.1	contig_17	deepBGC		0.54236		476	4430	3954	3	PF01075|PF02350|PF09233	Unknown
GCA_040862205.1	contig_9	deepBGC		0.54912		10357	11143	786	1	PF08003|PF08241|PF08242|PF13489|PF13649|PF13847	Unknown
GCF_015904775.1	contig_21	antiSMASH	Azole-containing-RiPP		No	1	13306	13306	15	PF00881|ThiF|YcaO	Unknown
GCF_015904775.1	contig_23	antiSMASH	Terpene-precursor		No	1	8138	8138	11	Fer4_12|GTP_cyclohydroI|PTPS|PT_FPPS_like|QueE	Terpene
GCA_024407655.1	contig_2	deepBGC		0.71967		37522	42617	5095	4	PF00133|PF01135|PF01209|PF01406|PF01555|PF01588|PF02353|PF05175|PF06325|PF08003|PF08123|PF08241|PF08242|PF09334|PF12847|PF13489|PF13649|PF13679|PF13847	Terpene
GCA_024407655.1	contig_9	deepBGC		0.53919		8679	9309	630	1	PF00398|PF01135|PF13489|PF13649|PF13847	RiPP
GCA_024409265.1	contig_72	antiSMASH	Terpene-precursor		No	1	4596	4596	6	GTP_cyclohydroI|PT_FPPS_like	Terpene
GCF_030062685.1	contig_1	deepBGC	Other	0.65718		1305780	1309065	3285	2	PF00133|PF01135|PF01209|PF01406|PF01555|PF01588|PF01596|PF02353|PF05175|PF06325|PF08003|PF08123|PF08241|PF08242|PF09334|PF12847|PF13489|PF13649|PF13679|PF13847	Terpene
GCA_024412335.1	contig_15	deepBGC	Polyketide	0.61776		64	2056	1992	2	PF02661|PF05977|PF07690|PF12832	Unknown
GCA_024412335.1	contig_17	deepBGC		0.53601		43348	44545	1197	2	PF01209|PF03653|PF05425|PF08241|PF08242|PF13489|PF13649|PF13847	Unknown
GCA_024412335.1	contig_6	deepBGC		0.53459		219	2067	1848	1	PF02784	Unknown
GCA_024412335.1	contig_6	deepBGC	Other	0.64442		3700	8803	5103	4	PF00133|PF01135|PF01209|PF01406|PF01588|PF01596|PF02353|PF05175|PF06325|PF08003|PF08123|PF08241|PF08242|PF09334|PF12847|PF13489|PF13649|PF13679|PF13847	Terpene
GCF_014496915.1	contig_8	antiSMASH	Terpene-precursor		No	1	32497	32497	38	Fer4_12|GTP_cyclohydroI|PTPS|PT_FPPS_like|QueE	Terpene
GCA_024412535.1	contig_14	antiSMASH	Terpene-precursor		No	1	58596	58596	61	Fer4_12|GTP_cyclohydroI|PTPS|PT_FPPS_like|QueE	Terpene
GCF_014497585.1	contig_21	deepBGC		0.57855		43871	48321	4450	3	PF01968|PF02538|PF05378	Unknown
GCF_014497585.1	contig_3	deepBGC	Saccharide	0.71922		30171	38733	8562	7	PF00133|PF00534|PF01135|PF01209|PF01406|PF01555|PF01588|PF01596|PF02353|PF02784|PF03061|PF05175|PF06325|PF08003|PF08123|PF08241|PF08242|PF09334|PF12847|PF13439|PF13489|PF13579|PF13649|PF13679|PF13692|PF13847	Terpene
GCA_024412135.1	contig_12	antiSMASH	Terpene-precursor		Yes	30852	51763	20912	20	Fer4_12|GTP_cyclohydroI|PTPS|PT_FPPS_like|QueE	Terpene
GCF_014498845.1	contig_12	antiSMASH	Terpene-precursor		No	1	60608	60608	60	Fer4_12|GTP_cyclohydroI|PTPS|PT_FPPS_like|QueE	Terpene
GCA_040861105.1	contig_9	deepBGC	Other	0.66453		37885	42986	5101	4	PF00133|PF01135|PF01209|PF01406|PF01555|PF01588|PF01596|PF02353|PF05175|PF06325|PF08003|PF08123|PF08241|PF08242|PF09334|PF12847|PF13489|PF13649|PF13679|PF13847|PF15458	Terpene
GCF_011140845.1	contig_17	deepBGC		0.54401		184	2032	1848	1	PF02784	Unknown
GCF_011140845.1	contig_17	deepBGC	Other	0.62086		3665	8733	5068	4	PF00133|PF01135|PF01209|PF01406|PF01588|PF01596|PF02353|PF05175|PF06325|PF08003|PF08123|PF08241|PF08242|PF09334|PF12847|PF13489|PF13649|PF13679|PF13847	Terpene
GCF_011140845.1	contig_2	deepBGC		0.54589		26016	27229	1213	3	PF00106|PF00550|PF08659|PF13561|PF14573|PF16320	PKS
GCF_011140845.1	contig_8	deepBGC		0.58624		15588	23308	7720	7	PF00106|PF00398|PF01073|PF01135|PF01370|PF01416|PF02719|PF03739|PF04321|PF07719|PF07993|PF08238|PF08659|PF13460|PF13489|PF13561|PF13649|PF13847|PF16363	RiPP
GCF_011140845.1	contig_8	deepBGC		0.51359		24022	25849	1827	1	PF00920	Unknown
GCF_011140845.1	contig_8	deepBGC	NRP	0.53763		29052	30872	1820	2	PF00107|PF01262|PF01501|PF02826|PF03446|PF08240	NRPS_like
GCF_014496155.1	contig_9	antiSMASH	Terpene-precursor		No	1	25832	25832	32	Fer4_12|GTP_cyclohydroI|PF00881|PTPS|PT_FPPS_like|QueE	Terpene
GCF_003639665.1	contig_4	antiSMASH	Terpene-precursor		No	1	48962	48962	36	Fer4_12|GTP_cyclohydroI|PTPS|PT_FPPS_like|QueE	Terpene
GCF_015904775.1	contig_10	deepBGC		0.67967		37783	46832	9049	9	PF00133|PF00534|PF01135|PF01209|PF01406|PF01555|PF01588|PF01596|PF02353|PF02784|PF03061|PF05175|PF06325|PF07927|PF08003|PF08123|PF08241|PF08242|PF09334|PF12847|PF13439|PF13489|PF13649|PF13679|PF13692|PF13847|PF15919	Terpene
GCF_015904775.1	contig_17	deepBGC		0.50263		31291	32092	801	1	PF01501	NRPS_like
GCF_015904775.1	contig_21	deepBGC	RiPP	0.80475		1191	11231	10040	12	PF00881|PF00899|PF02624|PF02661|PF05016|PF05713|PF05977|PF07690|PF15738	RiPP
GCA_024406505.1	contig_11	antiSMASH	Azole-containing-RiPP		No	1	13825	13825	15	PF00881|ThiF|YcaO	Unknown
GCA_024406505.1	contig_23	antiSMASH	Terpene-precursor		No	1	78009	78009	74	Fer4_12|GTP_cyclohydroI|PTPS|PT_FPPS_like|QueE	Terpene
GCF_003639905.1	contig_20	antiSMASH	Terpene-precursor		No	1	8559	8559	13	Fer4_12|GTP_cyclohydroI|PTPS|PT_FPPS_like|QueE	Terpene
GCF_014496905.1	contig_20	deepBGC		0.62292		91461	94962	3501	3	PF00108|PF00195|PF07451|PF08541|PF08545|PF11697	Unknown
GCF_014496905.1	contig_4	deepBGC		0.70527		31032	39598	8566	7	PF00133|PF00534|PF01135|PF01209|PF01406|PF01555|PF01588|PF01596|PF02353|PF02784|PF03061|PF05175|PF06325|PF08003|PF08123|PF08241|PF08242|PF09334|PF12847|PF13439|PF13489|PF13649|PF13679|PF13692|PF13847	Terpene
GCF_002983705	contig_1	GECCO	Unknown	0.9947023387223896		926018	929732	3714	5	PF01041|PF06306	Unknown
GCF_003639165.1	contig_15	deepBGC	Saccharide	0.81475		37696	46248	8552	8	PF00133|PF00534|PF01135|PF01209|PF01406|PF01588|PF01596|PF02353|PF02784|PF03061|PF05175|PF06325|PF08003|PF08123|PF08241|PF08242|PF09334|PF12847|PF13439|PF13489|PF13579|PF13649|PF13679|PF13692|PF13847	Terpene
GCF_003639165.1	contig_20	deepBGC	Polyketide	0.66747		66	12924	12858	11	PF00108|PF00109|PF01144|PF01219|PF01968|PF02538|PF02667|PF02803|PF03600|PF03606|PF03806|PF05378|PF08882|PF09564|PF09982|PF13336	PKS
GCF_003639165.1	contig_40	deepBGC		0.52763		529	1135	606	1	PF11697	Unknown
GCF_014498545.1	contig_20	deepBGC		0.61728		868	2907	2039	2	PF00108|PF00195|PF02504|PF07451|PF08541|PF08545	Unknown
GCF_014498545.1	contig_4	deepBGC		0.6292		30447	39014	8567	7	PF00133|PF00534|PF01135|PF01209|PF01406|PF01555|PF01588|PF01596|PF02353|PF02784|PF03061|PF05175|PF05219|PF06325|PF08003|PF08123|PF08241|PF08242|PF09334|PF12847|PF13439|PF13489|PF13649|PF13679|PF13692|PF13847	Terpene
GCA_024412405.1	contig_20	antiSMASH	Terpene-precursor		No	1	8129	8129	12	Fer4_12|GTP_cyclohydroI|PTPS|PT_FPPS_like|QueE	Terpene
GCF_011175375.1	contig_14	antiSMASH	Terpene-precursor		No	1	57889	57889	57	Fer4_12|GTP_cyclohydroI|PTPS|PT_FPPS_like|QueE	Terpene
GCF_026222655.1	contig_1	deepBGC	Other	0.61937		1369804	1374895	5091	4	PF00133|PF01135|PF01209|PF01406|PF01555|PF01588|PF01596|PF02353|PF05175|PF06325|PF08003|PF08123|PF08241|PF08242|PF09334|PF12847|PF13489|PF13649|PF13679|PF13847	Terpene
GCF_015904825.1	contig_15	deepBGC		0.53161		197	2045	1848	1	PF02784	Unknown
GCF_015904825.1	contig_15	deepBGC		0.62272		3677	8786	5109	4	PF00133|PF01135|PF01209|PF01406|PF01588|PF02353|PF05175|PF06325|PF08003|PF08123|PF08241|PF08242|PF09334|PF12847|PF13489|PF13649|PF13679|PF13847	Terpene
GCF_011140825.1	contig_41	deepBGC	Polyketide	0.76445		113	13734	13621	12	PF00106|PF00107|PF00479|PF00515|PF00920|PF01073|PF01081|PF01182|PF01262|PF01370|PF01416|PF01501|PF02685|PF02719|PF02781|PF02826|PF03446|PF04321|PF07719|PF07993|PF08238|PF08240|PF08659|PF13460|PF13561|PF16363	NRPS_like
GCF_011140825.1	contig_41	deepBGC		0.75426		14782	17889	3107	3	PF00155|PF00266|PF00268|PF00398|PF01041|PF01053|PF01135|PF13649|PF13847	RiPP
GCF_011140825.1	contig_5	deepBGC	Other	0.57758		6799	11863	5064	4	PF00133|PF01135|PF01209|PF01406|PF01588|PF01596|PF02353|PF05175|PF06325|PF08003|PF08123|PF08241|PF08242|PF09334|PF12847|PF13489|PF13649|PF13679|PF13847	Terpene
GCA_024407315.1	contig_6	deepBGC		0.50896		7435	8233	798	1	PF08003|PF08241|PF08242|PF13489|PF13649|PF13847	Unknown
GCF_006337345.1	contig_1	antiSMASH	Terpene-precursor		Yes	1119325	1140236	20912	18	Fer4_12|GTP_cyclohydroI|PTPS|PT_FPPS_like|QueE	Terpene
GCF_035621315.1	contig_1	deepBGC		0.50033		874302	875055	753	1	PF00106|PF08659|PF13561	Unknown
GCF_035621315.1	contig_1	deepBGC		0.51931		1225175	1226406	1231	2	PF01209|PF03653|PF05425|PF08241|PF08242|PF13489|PF13649|PF13847	Unknown
GCA_040861245.1	contig_10	deepBGC	Saccharide	0.65106		37906	46949	9043	9	PF00133|PF00534|PF01135|PF01209|PF01406|PF01555|PF01588|PF01596|PF02353|PF02784|PF03061|PF05175|PF06325|PF07927|PF08003|PF08123|PF08241|PF08242|PF09334|PF12847|PF13439|PF13489|PF13579|PF13649|PF13679|PF13692|PF13847|PF15919	Terpene
GCA_040861245.1	contig_11	deepBGC		0.59182		16731	23016	6285	6	PF00106|PF00398|PF01073|PF01135|PF01370|PF01416|PF02719|PF03739|PF04321|PF07993|PF08659|PF13460|PF13489|PF13561|PF13649|PF13847|PF16363	RiPP
GCA_040862115.1	contig_8	deepBGC		0.53709		7061	7847	786	1	PF08003|PF08241|PF08242|PF13489|PF13649|PF13847	Unknown
GCF_037862055.1	contig_18	deepBGC		0.55454		15007	15307	300	1	PF07883	Unknown
GCF_037862055.1	contig_3	deepBGC	Polyketide	0.54505		49707	50460	753	1	PF00106|PF01370|PF08659|PF13561	Unknown
GCF_037862055.1	contig_3	deepBGC		0.63626		55357	57022	1665	2	PF00268|PF00398|PF01135|PF13489|PF13649|PF13847	RiPP
GCF_037862055.1	contig_3	deepBGC		0.55484		60839	61643	804	1	PF05050	Unknown
GCF_037862055.1	contig_3	deepBGC	Saccharide	0.67488		109948	116650	6702	6	PF00133|PF00534|PF01135|PF01209|PF01406|PF01555|PF01588|PF01596|PF02353|PF03061|PF05175|PF06325|PF08003|PF08123|PF08241|PF08242|PF09334|PF12847|PF13439|PF13489|PF13579|PF13649|PF13679|PF13692|PF13847	Terpene
GCF_014498895.1	contig_16	deepBGC		0.66144		37625	44335	6710	6	PF00133|PF00534|PF01135|PF01209|PF01406|PF01555|PF01588|PF01596|PF02353|PF03061|PF05175|PF06325|PF08003|PF08123|PF08241|PF08242|PF09334|PF12847|PF13439|PF13489|PF13649|PF13679|PF13692|PF13847	Terpene
GCA_040861085.1	contig_12	deepBGC	Saccharide	0.73214		37776	46842	9066	8	PF00133|PF00534|PF01135|PF01209|PF01406|PF01555|PF01588|PF01596|PF02353|PF02784|PF03061|PF05175|PF06325|PF08003|PF08123|PF08241|PF08242|PF09334|PF12847|PF13439|PF13489|PF13579|PF13649|PF13679|PF13692|PF13847|PF15919	Terpene
GCA_040861085.1	contig_15	deepBGC		0.50379		33358	33658	300	1	PF07883	Unknown
GCA_040862225.1	contig_1	antiSMASH	Terpene-precursor		No	1	354528	354528	343	Fer4_12|GTP_cyclohydroI|PTPS|PT_FPPS_like|QueE	Terpene
GCF_040821695.1	contig_20	deepBGC		0.64422		4478	9404	4926	8	PF08433|PF13519|PF13671|PF13672	Unknown
GCF_011140415.1	contig_20	deepBGC	Saccharide	0.69636		37552	46083	8531	7	PF00133|PF00534|PF01135|PF01209|PF01406|PF01555|PF01588|PF02353|PF02784|PF03061|PF05175|PF06325|PF08003|PF08123|PF08241|PF08242|PF09334|PF12847|PF13439|PF13489|PF13579|PF13649|PF13679|PF13692|PF13847	Terpene
GCF_011140415.1	contig_21	deepBGC	Polyketide	0.69929		83	22249	22166	21	PF00106|PF00107|PF00239|PF00266|PF00268|PF00376|PF00398|PF00479|PF00920|PF01041|PF01073|PF01081|PF01135|PF01182|PF01262|PF01370|PF01416|PF01501|PF02685|PF02719|PF02781|PF02826|PF03446|PF03739|PF04321|PF07282|PF07719|PF07993|PF08238|PF08240|PF08659|PF13411|PF13489|PF13561|PF13649|PF13847|PF16363	NRPS_like|RiPP
GCF_014498465.1	contig_16	deepBGC		0.62292		104346	107847	3501	3	PF00108|PF00195|PF07451|PF08541|PF08545|PF11697	Unknown
GCF_014498465.1	contig_3	deepBGC		0.54297		300	8196	7896	6	PF02784|PF03235|PF07510	Unknown
GCF_014498465.1	contig_3	deepBGC	Other	0.68234		9827	14914	5087	4	PF00133|PF01135|PF01209|PF01406|PF01555|PF01588|PF01596|PF02353|PF05175|PF06325|PF08003|PF08123|PF08241|PF08242|PF09334|PF12847|PF13489|PF13649|PF13679|PF13847	Terpene
GCF_040821875.1	contig_3	antiSMASH	Terpene-precursor		No	1	46186	46186	40	Fer4_12|GTP_cyclohydroI|PTPS|PT_FPPS_like|QueE	Terpene
GCF_014497735	contig_1	GECCO	Unknown	0.9947564059437896		102876	106066	3190	5	PF01041|PF06306	Unknown
GCF_015904865.1	contig_34	antiSMASH	Terpene-precursor		No	1	8111	8111	11	Fer4_12|GTP_cyclohydroI|PTPS|PT_FPPS_like|QueE	Terpene
GCF_015904815.1	contig_29	antiSMASH	Terpene-precursor		No	1	8976	8976	12	Fer4_12|GTP_cyclohydroI|PTPS|PT_FPPS_like|QueE	Terpene
GCF_011174975.1	contig_36	deepBGC		0.61979		37589	40876	3287	2	PF00133|PF01135|PF01209|PF01406|PF01555|PF01588|PF02353|PF05175|PF06325|PF08003|PF08123|PF08241|PF08242|PF09334|PF12847|PF13489|PF13649|PF13679|PF13847	Terpene
GCF_011174975.1	contig_36	deepBGC		0.55165		90506	90947	441	1	PF01531	Unknown
GCF_003639915.1	contig_20	antiSMASH	Terpene-precursor		No	1	8274	8274	13	Fer4_12|GTP_cyclohydroI|PTPS|PT_FPPS_like|QueE	Terpene
GCF_011175035.1	contig_15	deepBGC	RiPP	0.59294		5227	9203	3976	4	PF00005|PF00881|PF01926|PF02463|PF02624|PF03193|PF13191|PF13304|PF13401|PF13555	RiPP
GCF_011175035.1	contig_24	deepBGC		0.58353		0	2288	2288	2	PF03061|PF08003|PF08241|PF08242|PF13489|PF13649|PF13847	Unknown
GCF_011175035.1	contig_24	deepBGC		0.8484		56711	76896	20185	20	PF00106|PF00107|PF00155|PF00266|PF00268|PF00398|PF00479|PF00920|PF01041|PF01053|PF01073|PF01081|PF01135|PF01182|PF01262|PF01370|PF01416|PF02685|PF02719|PF02781|PF02826|PF03446|PF03739|PF04321|PF05050|PF07719|PF07993|PF08238|PF08240|PF08659|PF13460|PF13489|PF13561|PF13649|PF13847|PF16363	NRPS_like|RiPP
GCA_040862455.1	contig_23	antiSMASH	Terpene-precursor		No	1	8585	8585	11	Fer4_12|GTP_cyclohydroI|PTPS|PT_FPPS_like|QueE	Terpene
GCF_015904465.1	contig_20	deepBGC		0.57108		15835	16465	630	1	PF00398|PF01135|PF13489|PF13649|PF13847	RiPP
GCF_015904465.1	contig_20	deepBGC	Polyketide	0.52216		21747	22500	753	1	PF00106|PF01370|PF08659|PF13561	Unknown
GCF_015904465.1	contig_20	deepBGC	NRP	0.53015		30100	33359	3259	3	PF00107|PF01262|PF01501|PF02826|PF03446|PF08240	NRPS_like
GCA_040862585.1	contig_3	deepBGC		0.61563		489	2176	1687	5	PF00092|PF13519|PF13672	Unknown
GCA_040862585.1	contig_5	deepBGC		0.68174		79855	85381	5526	5	PF00133|PF01135|PF01209|PF01406|PF01555|PF01588|PF01596|PF02353|PF03061|PF05175|PF06325|PF08003|PF08123|PF08241|PF08242|PF09334|PF12847|PF13489|PF13649|PF13679|PF13847	Terpene
GCA_024407095.1	contig_3	antiSMASH	Terpene-precursor		No	1	59776	59776	59	Fer4_12|GTP_cyclohydroI|PTPS|PT_FPPS_like|QueE	Terpene
GCF_011175115.1	contig_9	antiSMASH	Terpene-precursor		Yes	43193	64104	20912	18	Fer4_12|GTP_cyclohydroI|PTPS|PT_FPPS_like|QueE	Terpene
GCA_040861325.1	contig_7	antiSMASH	Terpene-precursor		No	1	74286	74286	80	Fer4_12|GTP_cyclohydroI|PTPS|PT_FPPS_like|Pkinase|QueE	Terpene
GCF_011175115.1	contig_10	deepBGC		0.62891		4344	5142	798	1	PF08003|PF08241|PF08242|PF13489|PF13649|PF13847	Unknown
GCF_011175115.1	contig_10	deepBGC		0.56003		63429	64059	630	1	PF00398|PF01135|PF13489|PF13649|PF13847	RiPP
GCF_011175115.1	contig_10	deepBGC	Polyketide	0.58702		69338	70091	753	1	PF00106|PF01370|PF08659|PF13561	Unknown
GCF_011175115.1	contig_10	deepBGC		0.51171		77965	78760	795	1	PF01501	NRPS_like
GCF_011175115.1	contig_9	deepBGC		0.51428		92241	92541	300	1	PF07883	Unknown
GCA_024405915.1	contig_2	antiSMASH	Terpene-precursor		No	1	35270	35270	43	Fer4_12|GTP_cyclohydroI|PTPS|PT_FPPS_like|QueE	Terpene
GCF_015904575.1	contig_11	deepBGC		0.53288		454	2302	1848	1	PF02784	Unknown
GCF_015904575.1	contig_11	deepBGC	Other	0.64119		3935	9021	5086	4	PF00133|PF01135|PF01209|PF01406|PF01588|PF01596|PF02353|PF05175|PF06325|PF08003|PF08123|PF08241|PF08242|PF09334|PF12847|PF13489|PF13649|PF13679|PF13847	Terpene
GCF_015904575.1	contig_25	deepBGC		0.55475		705	1809	1104	1	PF01501	NRPS_like
GCA_040861565.1	contig_21	antiSMASH	Terpene-precursor		No	1	8937	8937	13	Fer4_12|GTP_cyclohydroI|PTPS|PT_FPPS_like|QueE	Terpene
GCF_014497195.1	contig_8	deepBGC		0.66142		8790	15499	6709	6	PF00133|PF00534|PF01135|PF01209|PF01406|PF01555|PF01588|PF01596|PF02353|PF03061|PF05175|PF06325|PF08003|PF08123|PF08241|PF08242|PF09334|PF12847|PF13439|PF13489|PF13649|PF13679|PF13692|PF13847	Terpene
GCF_015904905	contig_17	GECCO	Unknown	0.9945292220535912		23719	27413	3694	5	PF01041|PF06306	Unknown
GCF_003639685.1	contig_1	deepBGC		0.54236		273664	274165	501	1	PF01531	Unknown
GCF_003639685.1	contig_11	deepBGC		0.61423		39667	40878	1211	3	PF00106|PF00550|PF08659|PF10501|PF13561|PF16320	PKS
GCF_003639685.1	contig_17	deepBGC	Saccharide	0.62369		37783	46620	8837	8	PF00133|PF00534|PF01135|PF01209|PF01406|PF01555|PF01588|PF01596|PF02353|PF02784|PF03061|PF05175|PF06325|PF07927|PF08003|PF08123|PF08241|PF08242|PF09334|PF12847|PF13439|PF13489|PF13579|PF13649|PF13679|PF13692|PF13847	Terpene
GCF_003639605.1	contig_23	antiSMASH	Terpene-precursor		No	1	8202	8202	12	Fer4_12|GTP_cyclohydroI|PTPS|PT_FPPS_like|QueE	Terpene
GCA_024412275.1	contig_13	deepBGC	Polyketide	0.62602		807	6397	5590	5	PF00899|PF01051|PF02661|PF05977|PF07690|PF12832	Unknown
GCA_024412275.1	contig_6	deepBGC		0.52995		7316	8102	786	1	PF08003|PF08241|PF08242|PF13489|PF13649|PF13847	Unknown
GCA_024407395.1	contig_6	deepBGC		0.59518		4256	8006	3750	3	PF00133|PF01406|PF01588|PF08003|PF08241|PF08242|PF09334|PF13489|PF13649|PF13847	Unknown
GCA_024411835.1	contig_11	deepBGC		0.69635		37742	46308	8566	7	PF00133|PF00534|PF01135|PF01209|PF01406|PF01555|PF01588|PF02353|PF02784|PF03061|PF05175|PF06325|PF08003|PF08123|PF08241|PF08242|PF09334|PF12847|PF13439|PF13489|PF13649|PF13679|PF13692|PF13847	Terpene
GCF_040821085.1	contig_20	deepBGC	Polyketide	0.7473		225	20291	20066	18	PF00106|PF00107|PF00266|PF00268|PF00398|PF00479|PF00920|PF01041|PF01073|PF01081|PF01135|PF01182|PF01262|PF01370|PF01416|PF01501|PF01856|PF02685|PF02719|PF02781|PF02826|PF03446|PF03739|PF04321|PF07719|PF07993|PF08238|PF08240|PF08659|PF13489|PF13561|PF13649|PF13847|PF16363	NRPS_like|RiPP
GCF_040821085.1	contig_60	deepBGC		0.53496		266	1724	1458	1	PF01075|PF02350	Unknown
GCF_040821085.1	contig_66	deepBGC	Other	0.62551		34070	39170	5100	4	PF00133|PF01135|PF01209|PF01406|PF01555|PF01588|PF01596|PF02353|PF05175|PF06325|PF08003|PF08123|PF08241|PF08242|PF09334|PF12847|PF13489|PF13649|PF13679|PF13847	Terpene
GCF_040821085.1	contig_66	deepBGC		0.54008		40802	42650	1848	1	PF02784	Unknown
GCF_040821085.1	contig_66	deepBGC		0.52999		53778	55357	1579	5	PF13519|PF13672	Unknown
GCF_014496915	contig_12	GECCO	Unknown	0.994516952988648		5521	9217	3696	5	PF01041|PF06306	Unknown
GCF_001998295.1	contig_15	antiSMASH	Terpene-precursor		No	1	7995	7995	11	Fer4_12|GTP_cyclohydroI|PTPS|PT_FPPS_like|QueE	Terpene
GCF_015905075.1	contig_11	deepBGC		0.54786		10215	11001	786	1	PF08003|PF08241|PF08242|PF13489|PF13649|PF13847	Unknown
GCF_015905075.1	contig_14	deepBGC	NRP	0.56497		1	4349	4348	4	PF00107|PF01262|PF01501|PF02685|PF02826|PF03446|PF08240	NRPS_like
GCF_015905075.1	contig_14	deepBGC		0.51985		5028	8843	3815	3	PF00479|PF00920|PF01081|PF02781	Unknown
GCF_015905075.1	contig_14	deepBGC	Polyketide	0.51915		9997	10750	753	1	PF00106|PF01370|PF08659|PF13561	Unknown
GCF_015905075.1	contig_14	deepBGC		0.63053		15666	16296	630	1	PF00398|PF01135|PF13489|PF13649|PF13847	RiPP
GCF_040821065.1	contig_18	deepBGC		0.57123		10891	15342	4451	2	PF01968|PF02538|PF05378	Unknown
GCF_040821065.1	contig_18	deepBGC	Polyketide	0.54195		18094	20599	2505	3	PF00108|PF00109|PF01144|PF02803|PF13336	PKS
GCF_040821065.1	contig_19	deepBGC		0.74071		10983	19535	8552	7	PF00133|PF00534|PF01135|PF01209|PF01406|PF01555|PF01588|PF02353|PF02784|PF03061|PF05175|PF06325|PF08003|PF08123|PF08241|PF08242|PF09334|PF12847|PF13439|PF13489|PF13649|PF13679|PF13692|PF13847	Terpene
GCF_040821065.1	contig_30	deepBGC		0.54884		1685	2429	744	1	PF00106|PF08659|PF13561	Unknown
GCF_040821065.1	contig_38	deepBGC	NRP	0.61738		50	2930	2880	3	PF00425|PF01063|PF01817|PF09924	Unknown
GCF_040821065.1	contig_51	deepBGC		0.57851		1	484	483	1	PF01531	Unknown
GCF_040821065.1	contig_67	deepBGC		0.50799		3915	4329	414	1	PF00334	Unknown
GCF_040821065.1	contig_67	deepBGC		0.66486		5983	6979	996	1	PF00108|PF00195|PF07451|PF08541|PF08545	Unknown
GCF_040821065.1	contig_82	deepBGC		0.54003		2012	3116	1104	1	PF01501	NRPS_like
GCF_040821065.1	contig_89	deepBGC		0.59079		245	3656	3411	3	PF00490|PF01709|PF08238	Unknown
GCF_037861895.1	contig_17	antiSMASH	Terpene-precursor		No	1	7890	7890	11	Fer4_12|GTP_cyclohydroI|PTPS|PT_FPPS_like|QueE	Terpene
GCF_003939085.1	contig_1	antiSMASH	Terpene-precursor		Yes	989307	1010218	20912	17	Fer4_12|GTP_cyclohydroI|PTPS|PT_FPPS_like|QueE	Terpene
GCF_040821405.1	contig_31	antiSMASH	Terpene-precursor		No	1	8296	8296	12	Fer4_12|GTP_cyclohydroI|PTPS|PT_FPPS_like|QueE	Terpene
GCA_040857565.1	contig_4	deepBGC		0.57088		4208	4994	786	1	PF08003|PF08241|PF08242|PF13489|PF13649|PF13847	Unknown
GCA_024406855.1	contig_36	antiSMASH	Terpene-precursor		No	1	62835	62835	67	Fer4_12|GTP_cyclohydroI|PTPS|PT_FPPS_like|QueE	Terpene
GCF_003639195.1	contig_17	deepBGC	Polyketide	0.60387		0	5437	5437	6	PF00899|PF05713|PF05977|PF07690|PF09559|PF12832	Unknown
GCF_003639195.1	contig_2	deepBGC		0.5397		43642	44839	1197	2	PF01209|PF03653|PF05425|PF08241|PF08242|PF13489|PF13649|PF13847	Unknown
GCF_003639195.1	contig_23	deepBGC		0.50887		57534	58278	744	1	PF00106|PF08659|PF13561	Unknown
GCF_003639195.1	contig_4	deepBGC		0.74949		37667	46248	8581	7	PF00133|PF00534|PF01135|PF01209|PF01406|PF01555|PF01588|PF01596|PF02353|PF02784|PF03061|PF05175|PF06325|PF08003|PF08123|PF08241|PF08242|PF09334|PF12847|PF13439|PF13489|PF13649|PF13679|PF13692|PF13847	Terpene
GCF_015904875.1	contig_25	antiSMASH	Terpene-precursor		No	1	8137	8137	12	Fer4_12|GTP_cyclohydroI|PTPS|PT_FPPS_like|QueE	Terpene
GCF_015904385.1	contig_18	deepBGC		0.53832		4141	4927	786	1	PF08003|PF08241|PF08242|PF13489|PF13649|PF13847	Unknown
GCA_024409255.1	contig_21	antiSMASH	Terpene-precursor		No	1	57286	57286	55	Fer4_12|GTP_cyclohydroI|PTPS|PT_FPPS_like|Peptidase_M50|QueE	Terpene
GCA_024407165.1	contig_24	antiSMASH	Terpene-precursor		No	1	7932	7932	11	Fer4_12|GTP_cyclohydroI|PTPS|PT_FPPS_like|QueE	Terpene
GCF_011140845.1	contig_30	antiSMASH	Terpene-precursor		No	1	61573	61573	56	Fer4_12|GTP_cyclohydroI|PTPS|PT_FPPS_like|QueE	Terpene
GCF_011175075.1	contig_14	deepBGC		0.5075		8246	9044	798	1	PF08003|PF08241|PF08242|PF13489|PF13649|PF13847	Unknown
GCF_011175075.1	contig_2	deepBGC		0.65138		11998	12967	969	1	PF05050	Unknown
GCF_011175075.1	contig_2	deepBGC		0.58625		17763	28032	10269	9	PF00106|PF00398|PF00920|PF01073|PF01081|PF01135|PF01370|PF01416|PF02719|PF03739|PF04321|PF07719|PF07993|PF08238|PF08659|PF13460|PF13561|PF13649|PF13847|PF16363	RiPP
GCF_011175075.1	contig_2	deepBGC	NRP	0.55139		31224	33080	1856	2	PF00107|PF01262|PF01501|PF02826|PF03446|PF08240	NRPS_like
GCA_024406935.1	contig_27	deepBGC		0.63257		49952	52127	2175	4	PF00106|PF00109|PF00550|PF08659|PF10501|PF13561|PF14573|PF16320	PKS
GCA_024407335.1	contig_32	antiSMASH	Terpene-precursor		No	1	56540	56540	57	Fer4_12|GTP_cyclohydroI|PTPS|PT_FPPS_like|QueE	Terpene
GCF_011175295.1	contig_19	antiSMASH	Terpene-precursor		No	1	9322	9322	13	Fer4_12|GTP_cyclohydroI|PTPS|PT_FPPS_like|QueE	Terpene
GCF_011175295.1	contig_30	antiSMASH	Azole-containing-RiPP		Yes	41431	63586	22156	13	PF00881|YcaO	Unknown
GCF_014496155.1	contig_16	deepBGC		0.53083		2150	3254	1104	1	PF01501	NRPS_like
GCF_014496155.1	contig_5	deepBGC	Saccharide	0.81473		37899	46466	8567	7	PF00133|PF00534|PF01135|PF01209|PF01406|PF01588|PF01596|PF02353|PF02784|PF03061|PF05175|PF06325|PF08003|PF08123|PF08241|PF08242|PF09334|PF12847|PF13439|PF13489|PF13579|PF13649|PF13679|PF13692|PF13847	Terpene
GCF_014498605.1	contig_18	antiSMASH	Azole-containing-RiPP		No	1	13587	13587	12	PF00881|YcaO	Unknown
GCF_014498605.1	contig_4	antiSMASH	Terpene-precursor		No	1	59195	59195	56	Fer4_12|GTP_cyclohydroI|PTPS|PT_FPPS_like|QueE	Terpene
GCA_040862485.1	contig_12	deepBGC		0.5718		4218	5016	798	1	PF08003|PF08241|PF08242|PF13489|PF13649|PF13847	Unknown
GCA_040862485.1	contig_21	deepBGC		0.51003		543	1941	1398	1	PF02521	Unknown
GCF_011140795.1	contig_24	deepBGC		0.50028		10415	11201	786	1	PF08003|PF08241|PF08242|PF13489|PF13649|PF13847	Unknown
GCF_011140795.1	contig_24	deepBGC	RiPP	0.56881		69622	70252	630	1	PF00398|PF01135|PF13649|PF13847	RiPP
GCF_011140795.1	contig_24	deepBGC	Polyketide	0.55606		75335	76088	753	1	PF00106|PF01370|PF08659|PF13561	Unknown
GCF_011140435.1	contig_28	antiSMASH	Terpene-precursor		No	1	9133	9133	12	Fer4_12|GTP_cyclohydroI|PTPS|PT_FPPS_like|QueE	Terpene
GCF_014497265.1	contig_20	deepBGC		0.51419		2135	3239	1104	1	PF01501	NRPS_like
GCF_014497265.1	contig_6	deepBGC		0.59832		394	2242	1848	1	PF02784	Unknown
GCF_014497265.1	contig_6	deepBGC		0.68169		3872	8974	5102	4	PF00133|PF01135|PF01209|PF01406|PF01588|PF01596|PF02353|PF02390|PF05175|PF06325|PF08003|PF08123|PF08241|PF08242|PF09334|PF12847|PF13489|PF13649|PF13679|PF13847	Terpene
GCF_014497265.1	contig_8	deepBGC		0.63689		1	1441	1440	1	PF08885	Unknown
GCF_014497265.1	contig_8	deepBGC		0.51201		5063	5363	300	1	PF07883	Unknown
GCA_040861725	contig_2	GECCO	Unknown	0.9133841434251376		74261	81442	7181	9	PF00108|PF01041|PF06306|PF08541|PF08545	Unknown
GCF_001998205.1	contig_22	antiSMASH	Terpene-precursor		No	1	8006	8006	11	Fer4_12|GTP_cyclohydroI|PTPS|PT_FPPS_like|QueE	Terpene
GCF_040821615.1	contig_60	antiSMASH	Terpene-precursor		No	1	7991	7991	11	Fer4_12|GTP_cyclohydroI|PTPS|PT_FPPS_like|QueE	Terpene
GCA_040857585.1	contig_10	deepBGC		0.53998		43301	44489	1188	2	PF01209|PF03653|PF05425|PF08241|PF08242|PF13489|PF13649|PF13847	Unknown
GCA_040857585.1	contig_13	deepBGC		0.54075		57525	58736	1211	3	PF00106|PF00550|PF08659|PF10501|PF13561|PF14573|PF16320	PKS
GCA_040857585.1	contig_15	deepBGC		0.6241		120931	123186	2255	5	PF01636|PF07714|PF13519|PF13672	Unknown
GCA_040857585.1	contig_5	deepBGC		0.51048		33619	33919	300	1	PF07883	Unknown
GCF_015904425.1	contig_13	deepBGC	Saccharide	0.8069		37853	46907	9054	8	PF00133|PF00534|PF01135|PF01209|PF01406|PF01588|PF02353|PF02784|PF03061|PF05175|PF06325|PF08003|PF08123|PF08241|PF08242|PF09334|PF12847|PF13439|PF13489|PF13579|PF13649|PF13679|PF13692|PF13847|PF15919	Terpene
GCF_015904425.1	contig_30	deepBGC		0.55013		2	407	405	1	PF12284	Unknown
GCF_015904425.1	contig_30	deepBGC		0.5131		2435	2783	348	1	PF07510	Unknown
GCF_006339065.1	contig_1	antiSMASH	Terpene-precursor		Yes	1139750	1160661	20912	17	Fer4_12|GTP_cyclohydroI|PTPS|PT_FPPS_like|QueE	Terpene
GCF_003639405.1	contig_19	antiSMASH	Terpene-precursor		No	1	74324	74324	77	Fer4_12|GTP_cyclohydroI|PTPS|PT_FPPS_like|Pkinase|QueE	Terpene
GCF_037862375.1	contig_21	deepBGC		0.60181		651	3666	3015	5	PF00069|PF07714|PF13519|PF13672	Unknown
GCF_037862375.1	contig_6	deepBGC	Saccharide	0.67812		79120	85832	6712	6	PF00133|PF00534|PF01135|PF01209|PF01406|PF01555|PF01588|PF01596|PF02353|PF03061|PF05175|PF06325|PF08003|PF08123|PF08241|PF08242|PF09334|PF12847|PF13439|PF13489|PF13579|PF13649|PF13679|PF13692|PF13847	Terpene
GCF_014498475.1	contig_7	antiSMASH	Terpene-precursor		No	1	9427	9427	13	Fer4_12|GTP_cyclohydroI|PTPS|PT_FPPS_like|QueE	Terpene
GCF_015904225.1	contig_6	antiSMASH	Terpene-precursor		Yes	24986	45897	20912	18	Fer4_12|GTP_cyclohydroI|PTPS|PT_FPPS_like|QueE	Terpene
GCA_024406445.1	contig_4	deepBGC		0.69396		37922	46483	8561	7	PF00133|PF00534|PF01135|PF01209|PF01406|PF01555|PF01588|PF01596|PF02353|PF02784|PF03061|PF05175|PF06325|PF08003|PF08123|PF08241|PF08242|PF09334|PF12847|PF13439|PF13489|PF13649|PF13679|PF13692|PF13847	Terpene
GCA_040862225.1	contig_11	deepBGC	Saccharide	0.68685		37758	46348	8590	7	PF00133|PF00534|PF01135|PF01209|PF01406|PF01555|PF01588|PF01596|PF02353|PF02784|PF03061|PF05175|PF06325|PF08003|PF08123|PF08241|PF08242|PF09334|PF12847|PF13439|PF13489|PF13579|PF13649|PF13679|PF13692|PF13847	Terpene
GCA_040862225.1	contig_7	deepBGC		0.71383		131145	133471	2326	5	PF00092|PF01636|PF07714|PF13519|PF13672	Unknown
GCF_011175275.1	contig_18	deepBGC		0.50495		16908	17673	765	1	PF02668	Unknown
GCF_011175275.1	contig_18	deepBGC		0.54029		18718	19213	495	1	PF00258|PF12641|PF12724	Unknown
GCF_011175275.1	contig_3	deepBGC	Saccharide	0.8191		38012	46581	8569	7	PF00133|PF00534|PF01135|PF01209|PF01406|PF01588|PF01596|PF02353|PF02784|PF03061|PF05175|PF06325|PF08003|PF08123|PF08241|PF08242|PF09334|PF12847|PF13439|PF13489|PF13579|PF13649|PF13679|PF13692|PF13847	Terpene
GCF_011175275.1	contig_5	deepBGC		0.55966		14750	15380	630	1	PF00398|PF01135|PF13489|PF13649|PF13847	RiPP
GCF_037862115.1	contig_24	antiSMASH	Terpene-precursor		No	1	7890	7890	11	Fer4_12|GTP_cyclohydroI|PTPS|PT_FPPS_like|QueE	Terpene
GCA_024411935.1	contig_16	deepBGC		0.55221		4139	4925	786	1	PF08003|PF08241|PF08242|PF13489|PF13649|PF13847	Unknown
GCA_024411935.1	contig_2	deepBGC		0.58044		2467	5111	2644	5	PF01455|PF01924|PF02492|PF07883	Unknown
GCF_003639425.1	contig_11	deepBGC		0.72069		1783	10609	8826	11	PF00106|PF00266|PF00268|PF00398|PF01041|PF01073|PF01135|PF01370|PF01416|PF02719|PF03739|PF04321|PF05050|PF07993|PF08659|PF13460|PF13649|PF13847|PF16363	RiPP
GCF_003639425.1	contig_13	deepBGC		0.55485		174715	175219	504	1	PF01531	Unknown
GCF_003639425.1	contig_15	deepBGC		0.60523		600	4379	3779	3	PF01075|PF09233	Unknown
GCF_003639425.1	contig_17	deepBGC		0.56712		4300	5098	798	1	PF08003|PF08241|PF08242|PF13489|PF13649|PF13847	Unknown
GCF_015904485.1	contig_6	antiSMASH	Terpene-precursor		No	1	8235	8235	12	Fer4_12|GTP_cyclohydroI|PTPS|PT_FPPS_like|QueE	Terpene
GCF_034498235.1	contig_1	antiSMASH	Terpene-precursor		Yes	935210	956121	20912	17	Fer4_12|GTP_cyclohydroI|PTPS|PT_FPPS_like|QueE	Terpene
GCF_011175335.1	contig_21	antiSMASH	Terpene-precursor		No	1	8405	8405	12	Fer4_12|GTP_cyclohydroI|PTPS|PT_FPPS_like|QueE	Terpene
GCA_024407355.1	contig_44	deepBGC		0.68234		37695	43233	5538	5	PF00133|PF01135|PF01209|PF01406|PF01555|PF01588|PF01596|PF02353|PF03061|PF05175|PF06325|PF08003|PF08123|PF08241|PF08242|PF09334|PF12847|PF13489|PF13649|PF13679|PF13847	Terpene
GCA_024407355.1	contig_8	deepBGC		0.75778		16725	28796	12071	20	PF00070|PF00258|PF00342|PF00528|PF00890|PF01266|PF01494|PF02130|PF02521|PF02554|PF02668|PF03486|PF03597|PF05977|PF07690|PF07992|PF09335|PF12641|PF12724|PF12831|PF13347|PF13450|PF13722|PF13738|PF17561	Unknown
GCA_024407355.1	contig_8	deepBGC	RiPP	0.56081		29470	33216	3746	4	PF00005|PF00497|PF02463|PF03193|PF03215|PF07690|PF10613|PF13304|PF13555	RiPP
GCF_040821425.1	contig_58	antiSMASH	Terpene-precursor		No	1	8141	8141	12	Fer4_12|GTP_cyclohydroI|PTPS|PT_FPPS_like|QueE	Terpene
GCF_040821265.1	contig_43	antiSMASH	Terpene-precursor		No	1	17698	17698	22	DAO|Fer4_12|GTP_cyclohydroI|PTPS|PT_FPPS_like|QueE	Terpene
GCA_024411835.1	contig_4	antiSMASH	Terpene-precursor		Yes	47719	68630	20912	16	Fer4_12|GTP_cyclohydroI|PTPS|PT_FPPS_like|QueE	Terpene
GCF_014498275.1	contig_14	antiSMASH	Terpene-precursor		No	1	92440	92440	93	Fer4_12|GTP_cyclohydroI|PTPS|PT_FPPS_like|QueE	Terpene
GCA_024407035.1	contig_17	antiSMASH	Terpene-precursor		No	1	20028	20028	22	DAO|Fer4_12|GTP_cyclohydroI|PTPS|PT_FPPS_like|QueE	Terpene
GCF_037861965.1	contig_6	deepBGC		0.5347		43086	44300	1214	2	PF01209|PF03653|PF05425|PF08241|PF08242|PF13489|PF13649|PF13847	Unknown
GCF_037861965.1	contig_7	deepBGC	RiPP	0.56781		63239	63869	630	1	PF00398|PF01135|PF13649|PF13847	RiPP
GCF_003639265.1	contig_14	antiSMASH	Terpene-precursor		Yes	33795	54706	20912	20	Fer4_12|GTP_cyclohydroI|PTPS|PT_FPPS_like|QueE	Terpene
GCF_040821835.1	contig_39	antiSMASH	Terpene-precursor		No	1	59566	59566	61	Fer4_12|GTP_cyclohydroI|PTPS|PT_FPPS_like|QueE	Terpene
GCF_040821605.1	contig_13	antiSMASH	Terpene-precursor		No	1	24414	24414	19	ATP-grasp|ATP-grasp_3|Fer4_12|GTP_cyclohydroI|PTPS|PT_FPPS_like|QueE	Terpene
GCF_040821695.1	contig_10	antiSMASH	Terpene-precursor		No	1	28178	28178	28	Fer4_12|GTP_cyclohydroI|PTPS|PT_FPPS_like|QueE	Terpene
GCA_040860965.1	contig_11	antiSMASH	Terpene-precursor		No	1	56603	56603	56	Fer4_12|GTP_cyclohydroI|PTPS|PT_FPPS_like|Peptidase_M50|QueE	Terpene
GCF_015904325.1	contig_16	deepBGC		0.50329		1036	2146	1110	1	PF01501	NRPS_like
GCF_015904325.1	contig_21	deepBGC		0.51309		197	2045	1848	1	PF02784	Unknown
GCF_015904325.1	contig_21	deepBGC		0.6297		3678	7419	3741	3	PF00133|PF01406|PF01588|PF08003|PF08241|PF08242|PF09334|PF13489|PF13649|PF13847	Unknown
GCF_037861965.1	contig_10	antiSMASH	Terpene-precursor		No	1	57373	57373	58	Fer4_12|GTP_cyclohydroI|PTPS|PT_FPPS_like|Peptidase_M50|QueE	Terpene
GCA_024411815.1	contig_11	antiSMASH	Terpene-precursor		Yes	57015	77926	20912	19	Fer4_12|GTP_cyclohydroI|PTPS|PT_FPPS_like|QueE	Terpene
GCF_040820835.1	contig_48	antiSMASH	Terpene-precursor		No	1	10191	10191	14	Fer4_12|GTP_cyclohydroI|PTPS|PT_FPPS_like|QueE	Terpene
GCF_015904965.1	contig_17	deepBGC		0.75329		37606	46180	8574	7	PF00133|PF00534|PF01135|PF01209|PF01406|PF01555|PF01588|PF02353|PF02784|PF03061|PF05175|PF06325|PF08003|PF08123|PF08241|PF08242|PF09334|PF12847|PF13439|PF13489|PF13649|PF13679|PF13692|PF13847	Terpene
GCA_024406995.1	contig_24	antiSMASH	Terpene-precursor		No	1	7947	7947	11	Fer4_12|GTP_cyclohydroI|PTPS|PT_FPPS_like|QueE	Terpene
GCF_040821545.1	contig_29	antiSMASH	Terpene-precursor		No	1	8165	8165	12	Fer4_12|GTP_cyclohydroI|PTPS|PT_FPPS_like|QueE	Terpene
GCF_003639675.1	contig_13	deepBGC		0.5438		38824	40032	1208	3	PF00106|PF00550|PF08659|PF10501|PF13561|PF14573|PF16320	PKS
GCF_003639675.1	contig_18	deepBGC		0.56952		424	3689	3265	3	PF01075	Unknown
GCF_003639675.1	contig_2	deepBGC		0.54566		115809	116316	507	1	PF01531	Unknown
GCF_003639675.1	contig_3	deepBGC		0.51093		10180	10966	786	1	PF08003|PF08241|PF08242|PF13489|PF13649|PF13847	Unknown
GCF_003639675.1	contig_3	deepBGC		0.5301		14047	15217	1170	1	PF01135|PF01209|PF02353|PF05175|PF06325|PF08003|PF08123|PF08241|PF08242|PF12847|PF13489|PF13649|PF13679|PF13847	Terpene
GCF_003639675.1	contig_5	deepBGC		0.59676		25278	26943	1665	2	PF00268|PF00398|PF01135|PF13489|PF13649|PF13847	RiPP
GCF_003639675.1	contig_5	deepBGC		0.50994		30844	31378	534	1	PF05050	Unknown
GCF_003639675.1	contig_6	deepBGC		0.62282		0	1377	1377	1	PF08885	Unknown
GCF_001998285.1	contig_11	antiSMASH	Terpene-precursor		No	1	52071	52071	39	Fer4_12|GTP_cyclohydroI|PTPS|PT_FPPS_like|QueE	Terpene
GCF_036455175.1	contig_6	deepBGC		0.52328		47055	47808	753	1	PF00106|PF08659|PF13561	Unknown
GCF_036455175.1	contig_6	deepBGC		0.60238		52709	54374	1665	2	PF00268|PF00398|PF01135|PF13489|PF13649|PF13847	RiPP
GCF_036455175.1	contig_6	deepBGC		0.5027		58181	58685	504	1	PF05050	Unknown
GCF_036455175.1	contig_9	deepBGC		0.72665		37370	48882	11512	10	PF00133|PF00534|PF01135|PF01209|PF01406|PF01555|PF01588|PF01596|PF02353|PF02784|PF03061|PF03235|PF05175|PF06325|PF07510|PF08003|PF08123|PF08241|PF08242|PF09334|PF12847|PF13439|PF13489|PF13649|PF13679|PF13692|PF13847	Terpene
GCF_014497825.1	contig_4	deepBGC		0.55835		0	4122	4122	4	PF02784|PF07510	Unknown
GCF_014497825.1	contig_4	deepBGC		0.65594		5752	10854	5102	4	PF00133|PF01135|PF01209|PF01406|PF01588|PF01596|PF02353|PF02390|PF05175|PF06325|PF08003|PF08123|PF08241|PF08242|PF09334|PF12847|PF13489|PF13649|PF13679|PF13847	Terpene
GCA_040862365.1	contig_13	deepBGC		0.74741		37527	46094	8567	7	PF00133|PF00534|PF01135|PF01209|PF01406|PF01555|PF01588|PF01596|PF02353|PF02784|PF03061|PF05175|PF06325|PF08003|PF08123|PF08241|PF08242|PF09334|PF12847|PF13439|PF13489|PF13649|PF13679|PF13692|PF13847	Terpene
GCA_040862285.1	contig_10	deepBGC	Saccharide	0.75345		37531	46099	8568	7	PF00133|PF00534|PF01135|PF01209|PF01406|PF01555|PF01588|PF01596|PF02353|PF02784|PF03061|PF05175|PF06325|PF08003|PF08123|PF08241|PF08242|PF09334|PF12847|PF13439|PF13489|PF13579|PF13649|PF13679|PF13692|PF13847	Terpene
GCA_040862285.1	contig_26	deepBGC		0.61182		1093	4790	3697	7	PF00871|PF01455|PF01924|PF02492|PF07883	Unknown
GCA_040862285.1	contig_5	deepBGC		0.71886		121421	123677	2256	5	PF01636|PF07714|PF13519|PF13672	Unknown
GCA_040861685.1	contig_12	deepBGC		0.7211		37672	46736	9064	9	PF00133|PF00534|PF01135|PF01209|PF01406|PF01555|PF01588|PF01596|PF02353|PF02784|PF03061|PF05175|PF06325|PF07927|PF08003|PF08123|PF08241|PF08242|PF09334|PF12847|PF13439|PF13489|PF13649|PF13679|PF13692|PF13847|PF15919	Terpene
GCA_040861865.1	contig_21	antiSMASH	Terpene-precursor		No	1	8330	8330	11	Fer4_12|GTP_cyclohydroI|PTPS|PT_FPPS_like|QueE	Terpene
GCF_037861735.1	contig_12	antiSMASH	Terpene-precursor		No	1	38031	38031	41	Fer4_12|GTP_cyclohydroI|PTPS|PT_FPPS_like|QueE	Terpene
GCF_040821325.1	contig_14	deepBGC		0.53889		76	1084	1008	1	PF00762	Unknown
GCF_040821325.1	contig_14	deepBGC	Polyketide	0.7184		11864	21927	10063	9	PF00106|PF00398|PF00920|PF01073|PF01081|PF01135|PF01370|PF01416|PF02719|PF03739|PF04321|PF07719|PF07993|PF08238|PF08659|PF13489|PF13561|PF13649|PF13847|PF16363	RiPP
GCF_040821325.1	contig_14	deepBGC	NRP	0.55755		25130	27355	2225	2	PF00107|PF01262|PF01501|PF02826|PF03446|PF08240	NRPS_like
GCF_040821325.1	contig_43	deepBGC	Polyketide	0.511		1784	2948	1164	1	PF05977|PF07690|PF12832	Unknown
GCF_003639995.1	contig_22	antiSMASH	Terpene-precursor		No	1	8276	8276	12	Fer4_12|GTP_cyclohydroI|PTPS|PT_FPPS_like|QueE	Terpene
GCF_037861895.1	contig_6	deepBGC		0.74264		78819	83908	5089	4	PF00133|PF01135|PF01209|PF01406|PF01555|PF01588|PF02353|PF05175|PF06325|PF08003|PF08123|PF08241|PF08242|PF09334|PF12847|PF13489|PF13649|PF13679|PF13847	Terpene
GCF_040821535.1	contig_51	deepBGC		0.84953		250	9012	8762	8	PF00106|PF00155|PF00266|PF00268|PF00398|PF01041|PF01053|PF01073|PF01135|PF01370|PF01416|PF02719|PF03739|PF04321|PF07993|PF08659|PF13489|PF13561|PF13649|PF13847|PF16363	RiPP
GCF_040821535.1	contig_67	deepBGC	Polyketide	0.76811		192	3705	3513	5	PF00106|PF00109|PF00550|PF01039|PF02801|PF03255|PF08659|PF10501|PF13561|PF14573|PF16320	PKS
GCF_040821535.1	contig_80	deepBGC		0.58044		811	3449	2638	5	PF01455|PF01924|PF02492|PF07883	Unknown
GCA_040861185.1	contig_8	antiSMASH	Terpene-precursor		No	1	57566	57566	56	Fer4_12|GTP_cyclohydroI|PTPS|PT_FPPS_like|QueE	Terpene
GCF_030062585.1	contig_1	antiSMASH	Terpene-precursor		Yes	1188326	1209237	20912	21	Fer4_12|GTP_cyclohydroI|Glyco_transf_9|PTPS|PT_FPPS_like|QueE	Terpene
GCF_040821795.1	contig_58	antiSMASH	Terpene-precursor		No	1	8129	8129	12	Fer4_12|GTP_cyclohydroI|PTPS|PT_FPPS_like|QueE	Terpene
GCF_003639285.1	contig_21	antiSMASH	Terpene-precursor		No	1	8187	8187	12	Fer4_12|GTP_cyclohydroI|PTPS|PT_FPPS_like|QueE	Terpene
GCF_015904475	contig_16	GECCO	Unknown	0.9946194702980732		5763	9175	3412	5	PF01041|PF06306	Unknown
GCA_040862325.1	contig_13	deepBGC		0.52579		9014	9800	786	1	PF08003|PF08241|PF08242|PF13489|PF13649|PF13847	Unknown
GCA_040862325.1	contig_15	deepBGC		0.53069		1108	2699	1591	5	PF13519|PF13672	Unknown
GCA_040862325.1	contig_16	deepBGC		0.60834		1	619	618	1	PF08885	Unknown
GCF_015904965.1	contig_11	antiSMASH	Terpene-precursor		No	1	57834	57834	59	Fer4_12|GTP_cyclohydroI|PTPS|PT_FPPS_like|QueE	Terpene
GCF_014497505.1	contig_14	antiSMASH	Terpene-precursor		No	1	9353	9353	13	Fer4_12|GTP_cyclohydroI|PTPS|PT_FPPS_like|QueE	Terpene
GCF_014497285.1	contig_16	deepBGC	Other	0.61171		37575	40866	3291	2	PF00133|PF01135|PF01209|PF01406|PF01555|PF01588|PF01596|PF02353|PF05175|PF06325|PF08003|PF08123|PF08241|PF08242|PF09334|PF12847|PF13489|PF13649|PF13679|PF13847	Terpene
GCF_014497285.1	contig_2	deepBGC		0.51442		28698	29328	630	1	PF00398|PF01135|PF13489|PF13649|PF13847	RiPP
GCF_003639195.1	contig_31	antiSMASH	Terpene-precursor		No	1	60275	60275	63	Fer4_12|GTP_cyclohydroI|PTPS|PT_FPPS_like|Peptidase_M50|QueE	Terpene
GCF_011141145.1	contig_18	antiSMASH	Terpene-precursor		No	1	10243	10243	13	Fer4_12|GTP_cyclohydroI|PTPS|PT_FPPS_like|QueE	Terpene
GCF_003639615.1	contig_26	deepBGC		0.59351		175	289	114	1	PF05048	Unknown
GCF_003639615.1	contig_4	deepBGC		0.73914		37610	46655	9045	8	PF00133|PF00534|PF01135|PF01209|PF01406|PF01555|PF01588|PF01596|PF02353|PF02784|PF03061|PF05175|PF06325|PF08003|PF08123|PF08241|PF08242|PF09334|PF12847|PF13439|PF13489|PF13649|PF13679|PF13692|PF13847|PF15919	Terpene
GCF_003639615.1	contig_8	deepBGC		0.53609		2778	4056	1278	3	PF02492|PF07883	Unknown
GCF_011141055.1	contig_5	antiSMASH	Terpene-precursor		No	1	8227	8227	13	Fer4_12|GTP_cyclohydroI|PTPS|PT_FPPS_like|QueE	Terpene
GCA_040861505.1	contig_9	deepBGC	Saccharide	0.75286		62166	69408	7242	6	PF00133|PF00534|PF01406|PF01588|PF02784|PF03061|PF05219|PF08003|PF08241|PF08242|PF09334|PF13439|PF13489|PF13649|PF13692|PF13847	Unknown
GCF_003639785.1	contig_20	antiSMASH	Terpene-precursor		No	1	8265	8265	11	Fer4_12|GTP_cyclohydroI|PTPS|PT_FPPS_like|QueE	Terpene
GCF_014497405.1	contig_2	deepBGC		0.79065		37089	46149	9060	9	PF00133|PF00534|PF01135|PF01209|PF01406|PF01588|PF01596|PF02353|PF02784|PF03061|PF05175|PF06325|PF07927|PF08003|PF08123|PF08241|PF08242|PF09334|PF12847|PF13439|PF13489|PF13649|PF13679|PF13692|PF13847|PF15919	Terpene
GCF_003639725.1	contig_17	antiSMASH	Terpene-precursor		No	1	9857	9857	13	Fer4_12|GTP_cyclohydroI|PTPS|PT_FPPS_like|QueE	Terpene
GCF_014498585.1	contig_5	antiSMASH	Terpene-precursor		No	1	15214	15214	18	Fer4_12|GTP_cyclohydroI|Glyco_transf_9|PTPS|PT_FPPS_like|QueE	Terpene
GCF_040821475.1	contig_13	deepBGC		0.66743		19038	26198	7160	9	PF00070|PF00258|PF00342|PF00890|PF01494|PF02130|PF02668|PF03486|PF03597|PF07173|PF07690|PF07992|PF09335|PF12641|PF12724|PF12831|PF13347|PF13434|PF13450|PF13738	Unknown
GCF_040821475.1	contig_32	deepBGC		0.6011		9805	10591	786	1	PF08003|PF08241|PF08242|PF13489|PF13649|PF13847	Unknown
GCF_040821475.1	contig_39	deepBGC		0.54452		2	4669	4667	4	PF00108|PF00195|PF07451|PF08541|PF08545|PF09320|PF13175|PF13304	Unknown
GCF_040821475.1	contig_54	deepBGC		0.80938		108	4921	4813	9	PF00092|PF01636|PF07714|PF08433|PF13519|PF13672	Unknown
GCF_040821475.1	contig_55	deepBGC	Other	0.64036		94	1264	1170	1	PF01135|PF01209|PF01555|PF01596|PF02353|PF05175|PF06325|PF08003|PF08123|PF08241|PF08242|PF12847|PF13489|PF13649|PF13679|PF13847	Terpene
GCF_040821475.1	contig_55	deepBGC	Polyketide	0.6818		55561	65439	9878	9	PF00106|PF00398|PF00920|PF01073|PF01081|PF01135|PF01370|PF01416|PF02719|PF03739|PF04321|PF07719|PF07993|PF08238|PF08659|PF13489|PF13561|PF13649|PF13847|PF16363	RiPP
GCF_040821475.1	contig_60	deepBGC		0.59617		92	2291	2199	2	PF01497	Unknown
GCF_015904975.1	contig_9	antiSMASH	Terpene-precursor		No	1	56810	56810	58	Fer4_12|GTP_cyclohydroI|PTPS|PT_FPPS_like|Peptidase_M50|QueE	Terpene
GCF_014496815.1	contig_13	antiSMASH	Terpene-precursor		No	1	59881	59881	65	Fer4_12|GTP_cyclohydroI|PTPS|PT_FPPS_like|QueE	Terpene
GCF_003639805.1	contig_36	antiSMASH	Terpene-precursor		No	1	48049	48049	42	Fer4_12|GTP_cyclohydroI|PTPS|PT_FPPS_like|QueE	Terpene
GCF_014498205.1	contig_16	deepBGC	Other	0.60369		37689	42783	5094	4	PF00133|PF01135|PF01209|PF01406|PF01555|PF01588|PF01596|PF02353|PF05175|PF06325|PF08003|PF08123|PF08241|PF08242|PF09334|PF12847|PF13489|PF13649|PF13679|PF13847	Terpene
GCF_014496865.1	contig_2	deepBGC	Saccharide	0.71916		30183	38745	8562	7	PF00133|PF00534|PF01135|PF01209|PF01406|PF01555|PF01588|PF01596|PF02353|PF02784|PF03061|PF05175|PF06325|PF08003|PF08123|PF08241|PF08242|PF09334|PF12847|PF13439|PF13489|PF13579|PF13649|PF13679|PF13692|PF13847	Terpene
GCF_014496865.1	contig_9	deepBGC		0.61797		203	1214	1011	1	PF01501	NRPS_like
GCF_040820855.1	contig_108	deepBGC		0.5219		3109	3940	831	1	PF02569	Unknown
GCF_040820855.1	contig_108	deepBGC		0.56438		4745	6229	1484	3	PF00484|PF00793	Unknown
GCF_040820855.1	contig_108	deepBGC		0.51105		6710	7127	417	1	PF01029	Unknown
GCF_040820855.1	contig_128	deepBGC	Terpene	0.61009		69	5467	5398	5	PF00884|PF03544|PF04909|PF13088	Terpene
GCF_040820855.1	contig_130	deepBGC		0.74714		221	5187	4966	4	PF01869|PF01968|PF02538|PF05378|PF08882	Unknown
GCF_040820855.1	contig_26	deepBGC		0.55475		1	1039	1038	1	PF01501	NRPS_like
GCF_040820855.1	contig_32	deepBGC		0.51183		48	603	555	1	PF03548	Unknown
GCF_040820855.1	contig_36	deepBGC	Polyketide	0.7954		351	2892	2541	3	PF00109|PF00550|PF01039|PF02801|PF03255|PF10501|PF14573|PF16320	PKS
GCF_040820855.1	contig_41	deepBGC		0.61018		4293	8043	3750	3	PF00133|PF01406|PF01588|PF08003|PF08241|PF08242|PF09334|PF13489|PF13649|PF13847	Unknown
GCF_040820855.1	contig_56	deepBGC	Polyketide	0.52541		1984	2737	753	1	PF00106|PF01370|PF08659|PF13561	Unknown
GCF_040820855.1	contig_80	deepBGC		0.69253		40	10109	10069	11	PF00266|PF00268|PF00289|PF00364|PF00398|PF01041|PF01073|PF01135|PF01370|PF01416|PF02222|PF02655|PF02719|PF02785|PF02786|PF03739|PF04321|PF06062|PF07478|PF07993|PF08443|PF08659|PF13460|PF13489|PF13549|PF13649|PF13847|PF14397|PF15632|PF16363	RiPP
GCA_040861805.1	contig_12	deepBGC	Saccharide	0.71645		37712	46788	9076	9	PF00133|PF00534|PF01135|PF01209|PF01406|PF01555|PF01588|PF02353|PF02784|PF03061|PF05175|PF06325|PF07927|PF08003|PF08123|PF08241|PF08242|PF09334|PF12847|PF13439|PF13489|PF13579|PF13649|PF13679|PF13692|PF13847|PF15919	Terpene
GCF_011175135.1	contig_11	antiSMASH	Terpene-precursor		No	1	98203	98203	100	Fer4_12|GTP_cyclohydroI|PTPS|PT_FPPS_like|QueE	Terpene
GCF_001999845.1	contig_29	antiSMASH	Terpene-precursor		No	1	54967	54967	55	Fer4_12|GTP_cyclohydroI|PTPS|PT_FPPS_like|QueE	Terpene
GCF_003639635.1	contig_20	antiSMASH	Terpene-precursor		No	1	9558	9558	14	Fer4_12|GTP_cyclohydroI|PTPS|PT_FPPS_like|QueE	Terpene
GCA_024409305.1	contig_1	deepBGC		0.54384		1065	7336	6271	4	PF00873|PF01208|PF02321|PF03176|PF13437|PF13533|PF16576	Unknown
GCA_024409305.1	contig_1	deepBGC		0.51449		17637	18138	501	1	PF01061	Unknown
GCA_024409305.1	contig_107	deepBGC		0.59079		93	3483	3390	3	PF00490|PF01709|PF08238	Unknown
GCA_024409305.1	contig_12	deepBGC		0.56798		284	3384	3100	4	PF00215|PF00484|PF00793|PF02569	Unknown
GCA_024409305.1	contig_12	deepBGC		0.51815		3865	4282	417	1	PF01029	Unknown
GCA_024409305.1	contig_123	deepBGC	RiPP	0.59718		51	240	189	1	PF00005	Unknown
GCA_024409305.1	contig_142	deepBGC	Polyketide	0.68113		218	11250	11032	10	PF00108|PF00109|PF01144|PF01968|PF02538|PF02667|PF02803|PF03235|PF03600|PF03606|PF03806|PF05378|PF08882|PF09982|PF10108|PF13336	PKS
GCA_024409305.1	contig_151	deepBGC		0.54425		841	4481	3640	3	PF00364|PF01061|PF02321|PF12698|PF13437|PF13533|PF16576	Unknown
GCA_024409305.1	contig_22	deepBGC		0.5428		176	1763	1587	1	PF02521	Unknown
GCA_024409305.1	contig_26	deepBGC		0.55613		258	732	474	1	PF13664	Unknown
GCA_024409305.1	contig_6	deepBGC		0.67755		1260	3443	2183	3	PF00289|PF02222|PF02655|PF02785|PF02786|PF05050|PF07478|PF08443|PF13549|PF14397|PF15632	Unknown
GCA_024409305.1	contig_64	deepBGC		0.70754		2	4653	4651	8	PF00106|PF00550|PF01165|PF01678|PF04224|PF08659|PF10034|PF10501|PF13561|PF14573|PF16320|PF16777	PKS
GCA_024409305.1	contig_76	deepBGC	Saccharide	0.81789		2	5029	5027	6	PF00534|PF01588|PF02784|PF03061|PF08003|PF08241|PF08242|PF13439|PF13489|PF13649|PF13692|PF13847	Unknown
GCA_024409305.1	contig_94	deepBGC		0.53126		2	548	546	1	PF02492	Unknown
GCF_003640095.1	contig_20	antiSMASH	Terpene-precursor		Yes	8493	29404	20912	24	Fer4_12|GTP_cyclohydroI|PTPS|PT_FPPS_like|QueE	Terpene
GCF_003640025.1	contig_15	antiSMASH	Terpene-precursor		No	1	8413	8413	12	Fer4_12|GTP_cyclohydroI|PTPS|PT_FPPS_like|QueE	Terpene
GCF_014498895.1	contig_4	antiSMASH	Terpene-precursor		No	1	65217	65217	63	Fer4_12|GTP_cyclohydroI|PTPS|PT_FPPS_like|QueE	Terpene
GCA_024412375.1	contig_1	antiSMASH	Terpene-precursor		Yes	681023	701934	20912	18	Fer4_12|GTP_cyclohydroI|PTPS|PT_FPPS_like|QueE	Terpene
GCA_024406975.1	contig_23	deepBGC	Polyketide	0.71911		63506	69671	6165	11	PF00106|PF00109|PF00550|PF01165|PF01678|PF02801|PF04224|PF08659|PF10034|PF10501|PF13561|PF14573|PF16320|PF16777	PKS
GCA_024406975.1	contig_24	deepBGC		0.56829		100470	104220	3750	3	PF00133|PF01406|PF01588|PF08003|PF08241|PF08242|PF09334|PF13489|PF13649|PF13847	Unknown
GCA_024406975.1	contig_26	deepBGC		0.65156		74252	75246	994	2	PF00108|PF00195|PF07451|PF08541|PF08545	Unknown
GCF_030062665.1	contig_1	antiSMASH	Terpene-precursor		Yes	1279834	1300745	20912	25	Fer4_12|GATase_7|GTP_cyclohydroI|PTPS|PT_FPPS_like|QueE	Terpene
GCF_040821425.1	contig_2	deepBGC		0.5671		4149	4935	786	1	PF08003|PF08241|PF08242|PF13489|PF13649|PF13847	Unknown
GCF_040821425.1	contig_37	deepBGC	Polyketide	0.53886		119	1280	1161	1	PF05977|PF07690|PF13347	Unknown
GCF_040821425.1	contig_46	deepBGC	NRP	0.5001		1394	2441	1047	1	PF00107|PF01262|PF02826|PF03446|PF08240	NRPS_like
GCF_040821425.1	contig_46	deepBGC		0.50092		5636	7463	1827	1	PF00920	Unknown
GCF_040821425.1	contig_51	deepBGC		0.65413		444	10501	10057	12	PF00155|PF00266|PF00268|PF00289|PF00364|PF00398|PF01041|PF01073|PF01135|PF01370|PF01416|PF02222|PF02655|PF02719|PF02785|PF02786|PF03739|PF04321|PF06062|PF07478|PF07993|PF08443|PF08659|PF13489|PF13549|PF13649|PF13847|PF14397|PF15632|PF16363	RiPP
GCA_040860925.1	contig_8	antiSMASH	Terpene-precursor		No	1	57838	57838	57	Fer4_12|GTP_cyclohydroI|PTPS|PT_FPPS_like|QueE	Terpene
GCF_014497415.1	contig_17	antiSMASH	Terpene-precursor		Yes	33571	54482	20912	18	Fer4_12|GTP_cyclohydroI|PTPS|PT_FPPS_like|QueE	Terpene
GCF_011141095.1	contig_9	antiSMASH	Terpene-precursor		No	1	11297	11297	13	Fer4_12|GTP_cyclohydroI|PTPS|PT_FPPS_like|QueE	Terpene
GCF_015905025.1	contig_26	antiSMASH	Terpene-precursor		No	1	8137	8137	12	Fer4_12|GTP_cyclohydroI|PTPS|PT_FPPS_like|QueE	Terpene
GCF_040821215.1	contig_6	antiSMASH	Terpene-precursor		No	1	35391	35391	39	Fer4_12|GTP_cyclohydroI|PP-binding|PTPS|PT_FPPS_like|QueE	Terpene
GCF_040821825.1	contig_34	antiSMASH	Terpene-precursor		No	1	9435	9435	12	Fer4_12|GTP_cyclohydroI|PTPS|PT_FPPS_like|QueE	Terpene
GCF_030062565.1	contig_1	antiSMASH	Terpene-precursor		Yes	1570326	1591237	20912	23	Fer4_12|GTP_cyclohydroI|PTPS|PT_FPPS_like|QueE	Terpene
GCA_024407555.1	contig_26	antiSMASH	Terpene-precursor		No	1	74194	74194	77	Fer4_12|GTP_cyclohydroI|PTPS|PT_FPPS_like|QueE	Terpene
GCA_024412795.1	contig_21	antiSMASH	Terpene-precursor		No	1	85477	85477	84	Fer4_12|GTP_cyclohydroI|PTPS|PT_FPPS_like|QueE	Terpene
GCF_014498655.1	contig_10	deepBGC		0.50978		204	1311	1107	1	PF01501	NRPS_like
GCF_014498655.1	contig_17	deepBGC		0.61313		91465	94954	3489	3	PF00108|PF00195|PF07451|PF08541|PF08545|PF11697	Unknown
GCF_014498655.1	contig_3	deepBGC		0.65891		31041	39607	8566	7	PF00133|PF00534|PF01135|PF01209|PF01406|PF01555|PF01588|PF01596|PF02353|PF02784|PF03061|PF05175|PF06325|PF08003|PF08123|PF08241|PF08242|PF09334|PF12847|PF13439|PF13489|PF13649|PF13679|PF13692|PF13847	Terpene
GCF_030062685.1	contig_1	antiSMASH	Terpene-precursor		Yes	1592257	1613168	20912	22	Fer4_12|GTP_cyclohydroI|PTPS|PT_FPPS_like|QueE	Terpene
GCA_024412515.1	contig_17	deepBGC	Saccharide	0.64675		37616	46455	8839	8	PF00133|PF00534|PF01135|PF01209|PF01406|PF01555|PF01588|PF02353|PF02784|PF03061|PF05175|PF06325|PF07927|PF08003|PF08123|PF08241|PF08242|PF09334|PF12847|PF13439|PF13489|PF13579|PF13649|PF13679|PF13692|PF13847	Terpene
GCA_040862185.1	contig_9	antiSMASH	Terpene-precursor		No	1	59834	59834	58	Fer4_12|GTP_cyclohydroI|PTPS|PT_FPPS_like|QueE	Terpene
GCA_040862585.1	contig_8	antiSMASH	Terpene-precursor		No	1	77580	77580	87	Fer4_12|GTP_cyclohydroI|PTPS|PT_FPPS_like|QueE	Terpene
GCA_040861705.1	contig_19	antiSMASH	Terpene-precursor		No	1	8182	8182	12	Fer4_12|GTP_cyclohydroI|PTPS|PT_FPPS_like|QueE	Terpene
GCA_040861605.1	contig_9	antiSMASH	Terpene-precursor		No	1	74552	74552	84	Fer4_12|GTP_cyclohydroI|PTPS|PT_FPPS_like|Pkinase|QueE	Terpene
GCF_040821195.1	contig_103	deepBGC		0.71086		113	4470	4357	5	PF00698|PF01048|PF01531|PF01555|PF05066	Unknown
GCF_040821195.1	contig_26	deepBGC	Polyketide	0.78236		72	3585	3513	5	PF00106|PF00109|PF00550|PF01039|PF02801|PF03255|PF08659|PF10501|PF13561|PF14573|PF16320	PKS
GCF_040821195.1	contig_47	deepBGC		0.58316		7691	12142	4451	2	PF01968|PF02538|PF05378	Unknown
GCF_040821195.1	contig_48	deepBGC	RiPP	0.70354		126	11863	11737	5	PF00005|PF01061|PF03077|PF03797|PF13304|PF14782	Unknown
GCF_040821195.1	contig_5	deepBGC		0.5428		10	1408	1398	1	PF02521	Unknown
GCF_040821195.1	contig_50	deepBGC		0.92067		39	11704	11665	12	PF00106|PF00266|PF00268|PF00398|PF01041|PF01073|PF01135|PF01370|PF01416|PF02719|PF03739|PF04321|PF05050|PF07993|PF08659|PF13460|PF13561|PF13649|PF13847|PF16363	RiPP
GCF_040821195.1	contig_53	deepBGC		0.582		4175	4961	786	1	PF08003|PF08241|PF08242|PF13489|PF13649|PF13847	Unknown
GCF_040821195.1	contig_79	deepBGC		0.50799		3464	3878	414	1	PF00334	Unknown
GCF_040821195.1	contig_79	deepBGC		0.66486		5533	6526	993	1	PF00108|PF00195|PF07451|PF08541|PF08545	Unknown
GCF_040821195.1	contig_89	deepBGC	Polyketide	0.50748		4899	6231	1332	1	PF00083|PF05977|PF07690|PF13347	Unknown
GCA_024406335.1	contig_15	deepBGC		0.80315		242	6224	5982	4	PF01968|PF02538|PF05378|PF08882|PF09516	Unknown
GCA_040862525.1	contig_19	antiSMASH	Terpene-precursor		No	1	8398	8398	12	Fer4_12|GTP_cyclohydroI|PTPS|PT_FPPS_like|QueE	Terpene
GCF_040820915.1	contig_58	antiSMASH	Terpene-precursor		No	1	10525	10525	14	Fer4_12|GTP_cyclohydroI|PTPS|PT_FPPS_like|QueE	Terpene
GCF_003382505.1	contig_18	antiSMASH	Terpene-precursor		No	1	63665	63665	64	Fer4_12|GTP_cyclohydroI|PTPS|PT_FPPS_like|QueE	Terpene
GCF_014498905.1	contig_14	antiSMASH	Terpene-precursor		No	1	8192	8192	12	Fer4_12|GTP_cyclohydroI|PTPS|PT_FPPS_like|QueE	Terpene
GCF_011140955.1	contig_18	deepBGC		0.62824		7573	8359	786	1	PF08003|PF08241|PF08242|PF13489|PF13649|PF13847	Unknown
GCF_011140955.1	contig_21	deepBGC		0.8052		2	17591	17589	16	PF00106|PF00107|PF00155|PF00266|PF00268|PF00398|PF00479|PF00920|PF01041|PF01073|PF01081|PF01135|PF01182|PF01262|PF01370|PF01416|PF01501|PF02685|PF02719|PF02781|PF02826|PF03446|PF03739|PF04321|PF07719|PF07993|PF08238|PF08240|PF08659|PF13460|PF13489|PF13561|PF13649|PF13847|PF16363	NRPS_like|RiPP
GCF_011140955.1	contig_23	deepBGC		0.5034		8865	10131	1266	2	PF03070|PF04264	Unknown
GCF_011140955.1	contig_40	deepBGC	NRP	0.57833		2	2279	2277	2	PF00425|PF01063|PF09924	Unknown
GCF_011140955.1	contig_5	deepBGC		0.58826		0	1164	1164	1	PF01135|PF01209|PF01555|PF02353|PF05175|PF06325|PF08003|PF08123|PF08241|PF08242|PF12847|PF13489|PF13649|PF13679|PF13847	Terpene
GCA_040862265.1	contig_8	antiSMASH	Terpene-precursor		No	1	103755	103755	110	Fer4_12|GTP_cyclohydroI|PTPS|PT_FPPS_like|QueE	Terpene
GCF_015904485.1	contig_18	deepBGC		0.78028		81946	93527	11581	11	PF00133|PF00534|PF01135|PF01209|PF01406|PF01588|PF01596|PF02353|PF02784|PF03061|PF03235|PF05175|PF06325|PF07510|PF08003|PF08123|PF08241|PF08242|PF09334|PF12847|PF13439|PF13489|PF13649|PF13679|PF13692|PF13847	Terpene
GCA_024409335.1	contig_35	antiSMASH	Terpene-precursor		No	1	8068	8068	11	Fer4_12|GTP_cyclohydroI|PTPS|PT_FPPS_like|QueE	Terpene
GCF_003639365.1	contig_32	deepBGC		0.74733		37636	46216	8580	7	PF00133|PF00534|PF01135|PF01209|PF01406|PF01588|PF02353|PF02784|PF03061|PF05175|PF06325|PF08003|PF08123|PF08241|PF08242|PF09334|PF12847|PF13439|PF13489|PF13649|PF13679|PF13692|PF13847	Terpene
GCF_003639365.1	contig_5	deepBGC		0.57237		15733	21190	5457	8	PF00070|PF00258|PF00890|PF01494|PF02130|PF02668|PF03486|PF03597|PF07173|PF07690|PF07992|PF09335|PF12641|PF12724|PF12831|PF13347|PF13434|PF13450|PF13738	Unknown
GCF_015905105.1	contig_13	deepBGC		0.5297		9942	10728	786	1	PF08003|PF08241|PF08242|PF13489|PF13649|PF13847	Unknown
GCF_015905105.1	contig_25	deepBGC	RiPP	0.70051		1	1215	1214	2	PF00005|PF01061|PF13304	Unknown
GCF_015905105.1	contig_25	deepBGC	RiPP	0.70259		7862	9185	1323	1	PF02624	RiPP
GCF_015905105.1	contig_25	deepBGC	RiPP	0.75667		11133	11454	321	1	PF00005|PF01580|PF01926|PF02463|PF02492|PF03193|PF13175|PF13191|PF13304|PF13401|PF13476|PF13555	RiPP
GCF_011140335.1	contig_20	deepBGC		0.5425		22847	23345	498	1	PF01531	Unknown
GCF_011140335.1	contig_3	deepBGC	Saccharide	0.71419		37657	49253	11596	10	PF00133|PF00534|PF01135|PF01209|PF01406|PF01555|PF01588|PF01596|PF02353|PF02784|PF03061|PF03235|PF05175|PF06325|PF07510|PF08003|PF08123|PF08241|PF08242|PF09334|PF12847|PF13439|PF13489|PF13579|PF13649|PF13679|PF13692|PF13847	Terpene
GCF_011140335.1	contig_33	deepBGC		0.57342		15756	25956	10200	9	PF00106|PF00398|PF00920|PF01073|PF01081|PF01135|PF01370|PF01416|PF02719|PF03739|PF04321|PF07719|PF07993|PF08238|PF08659|PF13460|PF13489|PF13561|PF13649|PF13847|PF16363	RiPP
GCF_011140335.1	contig_33	deepBGC	NRP	0.5401		29151	30977	1826	2	PF00107|PF01262|PF01501|PF02826|PF03446|PF08240	NRPS_like
GCF_011140335.1	contig_7	deepBGC		0.51154		1158	4203	3045	4	PF03070|PF04647|PF04973	Unknown
GCF_034498235.1	contig_1	deepBGC	Other	0.57725		1043829	1044999	1170	1	PF01135|PF01209|PF01596|PF02353|PF05175|PF06325|PF08003|PF08241|PF08242|PF12847|PF13489|PF13649|PF13679|PF13847	Terpene
GCF_034498235.1	contig_1	deepBGC		0.50001		1170966	1171563	597	1	PF02668	Unknown
GCF_034498235.1	contig_1	deepBGC		0.54767		1172619	1173114	495	1	PF00258|PF12641|PF12724	Unknown
GCA_040861505.1	contig_16	antiSMASH	Terpene-precursor		No	1	12919	12919	18	Fer4_12|GTP_cyclohydroI|PTPS|PT_FPPS_like|QueE	Terpene
GCA_024406665.1	contig_17	deepBGC		0.57584		10181	10967	786	1	PF08003|PF08241|PF08242|PF13489|PF13649|PF13847	Unknown
GCF_003639525.1	contig_7	deepBGC		0.74653		38352	46912	8560	7	PF00133|PF00534|PF01135|PF01209|PF01406|PF01555|PF01588|PF01596|PF02353|PF02784|PF03061|PF05175|PF06325|PF08003|PF08123|PF08241|PF08242|PF09334|PF12847|PF13439|PF13489|PF13649|PF13679|PF13692|PF13847	Terpene
GCA_024412915.1	contig_15	deepBGC		0.61243		11397	11931	534	1	PF05050	Unknown
GCA_024412915.1	contig_15	deepBGC		0.61473		16789	26709	9920	9	PF00106|PF00398|PF00920|PF01073|PF01081|PF01135|PF01370|PF01416|PF02719|PF03739|PF04321|PF07719|PF07993|PF08238|PF08659|PF13460|PF13489|PF13561|PF13649|PF13847|PF16363	RiPP
GCA_024412915.1	contig_15	deepBGC	NRP	0.51707		29912	30959	1047	1	PF00107|PF01262|PF02826|PF03446|PF08240	NRPS_like
GCA_024412915.1	contig_16	deepBGC		0.72184		37698	42790	5092	4	PF00133|PF01135|PF01209|PF01406|PF01555|PF01588|PF02353|PF05175|PF06325|PF08003|PF08123|PF08241|PF08242|PF09334|PF12847|PF13489|PF13649|PF13679|PF13847	Terpene
GCA_024412915.1	contig_16	deepBGC	Saccharide	0.50812		43244	44414	1170	1	PF00534|PF13439|PF13579|PF13692	Unknown
GCF_035621295.1	contig_1	deepBGC		0.79457		417986	423720	5734	9	PF00070|PF00258|PF00890|PF01494|PF02130|PF02668|PF03486|PF03597|PF05977|PF07173|PF07690|PF07992|PF09335|PF12641|PF12724|PF12831|PF13347|PF13434|PF13450|PF13738|PF17561	Unknown
GCF_035621295.1	contig_1	deepBGC	Other	0.7624		1512020	1517099	5079	4	PF00133|PF01135|PF01209|PF01406|PF01588|PF01596|PF02353|PF05175|PF06325|PF08003|PF08123|PF08241|PF08242|PF09334|PF12847|PF13489|PF13649|PF13679|PF13847	Terpene
GCF_037862095.1	contig_4	antiSMASH	Terpene-precursor		No	1	157883	157883	141	Fer4_12|GTP_cyclohydroI|PTPS|PT_FPPS_like|QueE	Terpene
GCF_014497745.1	contig_11	deepBGC		0.6877		0	10998	10998	14	PF00106|PF00266|PF00268|PF00289|PF00364|PF00398|PF01041|PF01053|PF01073|PF01135|PF01370|PF01416|PF02222|PF02655|PF02719|PF02785|PF02786|PF03739|PF04321|PF05050|PF07478|PF07993|PF08443|PF08659|PF13460|PF13549|PF13649|PF13847|PF14397|PF15632|PF16363	RiPP
GCF_014497745.1	contig_11	deepBGC	Polyketide	0.61181		13463	15286	1823	2	PF00106|PF01370|PF07719|PF08238|PF08659|PF13561	Unknown
GCF_014497745.1	contig_29	deepBGC		0.54231		0	285	285	1	PF01817	Unknown
GCF_014497745.1	contig_6	deepBGC		0.65958		33389	35497	2108	5	PF02668|PF03807|PF14748	Unknown
GCF_014497745.1	contig_7	deepBGC	Saccharide	0.62797		37951	46501	8550	7	PF00133|PF00534|PF01135|PF01209|PF01406|PF01555|PF01588|PF01596|PF02353|PF02390|PF02784|PF03061|PF05175|PF06325|PF08003|PF08123|PF08241|PF08242|PF09334|PF12847|PF13439|PF13489|PF13579|PF13649|PF13679|PF13692|PF13847	Terpene
GCF_014497735.1	contig_22	deepBGC	Other	0.72677		37949	43046	5097	4	PF00133|PF01135|PF01209|PF01406|PF01588|PF01596|PF02353|PF05175|PF06325|PF08003|PF08123|PF08241|PF08242|PF09334|PF12847|PF13489|PF13649|PF13679|PF13847	Terpene
GCF_014497735.1	contig_6	deepBGC		0.52131		33014	33314	300	1	PF07883	Unknown
GCA_040861445.1	contig_10	deepBGC		0.51062		7055	7853	798	1	PF08003|PF08241|PF08242|PF13489|PF13649|PF13847	Unknown
GCA_040861445.1	contig_18	deepBGC		0.51627		20107	20714	607	2	PF00262|PF06463|PF17023	Unknown
GCA_040861445.1	contig_24	deepBGC		0.54846		343	3400	3057	2	PF02521	Unknown
GCA_024407355.1	contig_43	antiSMASH	Terpene-precursor		No	1	59676	59676	71	Fer4_12|GTP_cyclohydroI|PTPS|PT_FPPS_like|QueE	Terpene
GCF_014497385.1	contig_4	deepBGC		0.70195		38170	49784	11614	9	PF00133|PF00534|PF01135|PF01209|PF01406|PF01555|PF01588|PF01596|PF02353|PF02784|PF03061|PF03235|PF05175|PF06325|PF07510|PF08003|PF08123|PF08241|PF08242|PF09334|PF12847|PF13439|PF13489|PF13649|PF13679|PF13692|PF13847	Terpene
GCA_040861665.1	contig_8	antiSMASH	Terpene-precursor		No	1	57719	57719	59	Fer4_12|GTP_cyclohydroI|PTPS|PT_FPPS_like|QueE	Terpene
GCF_003640045.1	contig_19	antiSMASH	Terpene-precursor		No	1	8661	8661	13	Fer4_12|GTP_cyclohydroI|PTPS|PT_FPPS_like|QueE	Terpene
GCF_014496985.1	contig_11	deepBGC	NRP	0.52826		2173	4405	2232	2	PF00107|PF01262|PF02685|PF02826|PF03446|PF08240	NRPS_like
GCF_014496985.1	contig_11	deepBGC	RiPP	0.50287		16063	16693	630	1	PF00398|PF01135|PF13649|PF13847	RiPP
GCF_014496985.1	contig_20	deepBGC		0.53083		2150	3254	1104	1	PF01501	NRPS_like
GCF_014496985.1	contig_5	deepBGC	Saccharide	0.81473		37899	46466	8567	7	PF00133|PF00534|PF01135|PF01209|PF01406|PF01588|PF01596|PF02353|PF02784|PF03061|PF05175|PF06325|PF08003|PF08123|PF08241|PF08242|PF09334|PF12847|PF13439|PF13489|PF13579|PF13649|PF13679|PF13692|PF13847	Terpene
GCA_040857585.1	contig_2	antiSMASH	Terpene-precursor		No	1	56889	56889	58	Fer4_12|GTP_cyclohydroI|PTPS|PT_FPPS_like|Peptidase_M50|QueE	Terpene
GCF_014497635.1	contig_11	antiSMASH	Terpene-precursor		No	1	8278	8278	12	Fer4_12|GTP_cyclohydroI|PTPS|PT_FPPS_like|QueE	Terpene
GCA_024413815.1	contig_19	deepBGC	Saccharide	0.68631		83144	91709	8565	7	PF00133|PF00534|PF01135|PF01209|PF01406|PF01555|PF01588|PF01596|PF02353|PF02784|PF03061|PF05175|PF06325|PF08003|PF08123|PF08241|PF08242|PF09334|PF12847|PF13439|PF13489|PF13579|PF13649|PF13679|PF13692|PF13847	Terpene
GCA_024413815.1	contig_27	deepBGC		0.55079		295	3103	2808	2	PF00199|PF02521	Unknown
GCA_024413815.1	contig_6	deepBGC		0.51533		3511	3811	300	1	PF07883	Unknown
GCF_011175295.1	contig_4	deepBGC		0.81267		37700	46269	8569	7	PF00133|PF00534|PF01135|PF01209|PF01406|PF01588|PF01596|PF02353|PF02784|PF03061|PF05175|PF06325|PF08003|PF08123|PF08241|PF08242|PF09334|PF12847|PF13439|PF13489|PF13649|PF13679|PF13692|PF13847	Terpene
GCF_011175295.1	contig_8	deepBGC		0.61279		15990	26105	10115	9	PF00106|PF00398|PF00920|PF01073|PF01081|PF01135|PF01370|PF01416|PF02719|PF03739|PF04321|PF07719|PF07993|PF08238|PF08659|PF13460|PF13489|PF13561|PF13649|PF13847|PF16363	RiPP
GCF_011175295.1	contig_8	deepBGC	NRP	0.57328		29324	31180	1856	2	PF00107|PF01262|PF01501|PF02826|PF03446|PF08240	NRPS_like
GCF_014497165.1	contig_20	deepBGC		0.51419		1956	3060	1104	1	PF01501	NRPS_like
GCF_014497165.1	contig_28	deepBGC		0.54818		100275	100716	441	1	PF01531	Unknown
GCF_014497165.1	contig_5	deepBGC		0.53641		217	2065	1848	1	PF02784	Unknown
GCF_014497165.1	contig_5	deepBGC		0.62227		3696	8796	5100	4	PF00133|PF01135|PF01209|PF01406|PF01588|PF02353|PF05175|PF06325|PF08003|PF08123|PF08241|PF08242|PF09334|PF12847|PF13489|PF13649|PF13679|PF13847	Terpene
GCF_014497165.1	contig_7	deepBGC		0.51323		33858	34158	300	1	PF07883	Unknown
GCA_024407115.1	contig_24	antiSMASH	Terpene-precursor		No	1	7960	7960	12	Fer4_12|GTP_cyclohydroI|PTPS|PT_FPPS_like|QueE	Terpene
GCF_014497495.1	contig_3	antiSMASH	Terpene-precursor		No	1	15214	15214	18	Fer4_12|GTP_cyclohydroI|Glyco_transf_9|PTPS|PT_FPPS_like|QueE	Terpene
GCF_014498755.1	contig_2	deepBGC		0.51287		1135	5898	4763	4	PF02784|PF03235|PF07510	Unknown
GCF_014498755.1	contig_2	deepBGC	Other	0.61425		7530	12619	5089	4	PF00133|PF01135|PF01209|PF01406|PF01588|PF01596|PF02353|PF05175|PF06325|PF08003|PF08123|PF08241|PF08242|PF09334|PF12847|PF13489|PF13649|PF13679|PF13847	Terpene
GCF_015905165.1	contig_17	antiSMASH	Terpene-precursor		No	1	43329	43329	47	Fer4_12|GTP_cyclohydroI|PTPS|PT_FPPS_like|QueE	Terpene
GCF_014497825.1	contig_23	antiSMASH	Terpene-precursor		No	1	59311	59311	59	Fer4_12|GTP_cyclohydroI|PTPS|PT_FPPS_like|QueE	Terpene
GCF_040821705.1	contig_33	deepBGC		0.5178		10701	11487	786	1	PF08003|PF08241|PF08242|PF13489|PF13649|PF13847	Unknown
GCF_040821705.1	contig_73	deepBGC		0.66163		0	186	186	1	PF01061	Unknown
GCF_030062625.1	contig_1	deepBGC		0.53974		709611	710397	786	1	PF08003|PF08241|PF08242|PF13489|PF13649|PF13847	Unknown
GCF_030062625.1	contig_1	deepBGC	Other	0.57844		713518	714688	1170	1	PF01135|PF01209|PF01596|PF02353|PF05175|PF06325|PF08003|PF08123|PF08241|PF08242|PF12847|PF13489|PF13649|PF13679|PF13847	Terpene
GCA_040861665.1	contig_10	deepBGC		0.7481		37634	46203	8569	7	PF00133|PF00534|PF01135|PF01209|PF01406|PF01555|PF01588|PF01596|PF02353|PF02784|PF03061|PF05175|PF06325|PF08003|PF08123|PF08241|PF08242|PF09334|PF12847|PF13439|PF13489|PF13649|PF13679|PF13692|PF13847	Terpene
GCA_040861665.1	contig_12	deepBGC		0.50208		33421	33721	300	1	PF07883	Unknown
GCF_014497515.1	contig_25	antiSMASH	Terpene-precursor		No	1	8211	8211	12	Fer4_12|GTP_cyclohydroI|PTPS|PT_FPPS_like|QueE	Terpene
GCA_024409295.1	contig_7	deepBGC	RiPP	0.54462		25736	26366	630	1	PF00398|PF01135|PF13649|PF13847	RiPP
GCA_024409295.1	contig_7	deepBGC	Saccharide	0.65865		80298	87006	6708	6	PF00133|PF00534|PF01135|PF01209|PF01406|PF01555|PF01588|PF01596|PF02353|PF03061|PF05175|PF06325|PF08003|PF08123|PF08241|PF08242|PF09334|PF12847|PF13439|PF13489|PF13579|PF13649|PF13679|PF13692|PF13847|PF15458	Terpene
GCA_024406555.1	contig_8	deepBGC		0.55508		439	1710	1271	2	PF00437|PF17023	Unknown
GCA_024412405.1	contig_3	deepBGC	Saccharide	0.68441		33490	42058	8568	7	PF00133|PF00534|PF01135|PF01209|PF01406|PF01555|PF01588|PF01596|PF02353|PF02784|PF03061|PF05175|PF06325|PF08003|PF08123|PF08241|PF08242|PF09334|PF12847|PF13439|PF13489|PF13579|PF13649|PF13679|PF13692|PF13847	Terpene
GCA_024406345.1	contig_18	deepBGC		0.72671		37756	49370	11614	11	PF00133|PF00534|PF01135|PF01209|PF01406|PF01555|PF01588|PF01596|PF02353|PF02784|PF03061|PF03235|PF05175|PF06325|PF07510|PF08003|PF08123|PF08241|PF08242|PF09334|PF12847|PF13439|PF13489|PF13649|PF13679|PF13692|PF13847	Terpene
GCF_002983705.1	contig_1	antiSMASH	Terpene-precursor		Yes	6658	27569	20912	18	Fer4_12|GTP_cyclohydroI|PTPS|PT_FPPS_like|QueE	Terpene
GCF_001998045.1	contig_22	antiSMASH	Terpene-precursor		No	1	7997	7997	11	Fer4_12|GTP_cyclohydroI|PTPS|PT_FPPS_like|QueE	Terpene
GCA_024412375.1	contig_3	deepBGC		0.72323		156699	165752	9053	9	PF00133|PF00534|PF01135|PF01209|PF01406|PF01555|PF01588|PF01596|PF02353|PF02784|PF03061|PF05175|PF06325|PF07927|PF08003|PF08123|PF08241|PF08242|PF09334|PF12847|PF13439|PF13489|PF13649|PF13679|PF13692|PF13847|PF15919	Terpene
GCF_035621155.1	contig_1	antiSMASH	Terpene-precursor		Yes	550323	571234	20912	18	Fer4_12|GTP_cyclohydroI|PTPS|PT_FPPS_like|QueE	Terpene
GCF_040820835.1	contig_26	deepBGC		0.7655		0	17745	17745	16	PF00106|PF00107|PF00155|PF00266|PF00268|PF00398|PF00479|PF00515|PF00920|PF01041|PF01073|PF01081|PF01135|PF01182|PF01262|PF01370|PF01416|PF01501|PF02685|PF02719|PF02781|PF02826|PF03446|PF03739|PF04321|PF07719|PF07993|PF08238|PF08240|PF08659|PF13460|PF13489|PF13561|PF13649|PF13847|PF16363	NRPS_like|RiPP
GCF_040820835.1	contig_4	deepBGC		0.53021		2	1593	1591	2	PF01678|PF04224|PF10034	Unknown
GCF_040820835.1	contig_66	deepBGC	Saccharide	0.75161		32924	41494	8570	7	PF00133|PF00534|PF01135|PF01209|PF01406|PF01555|PF01588|PF01596|PF02353|PF02784|PF03061|PF05175|PF06325|PF08003|PF08123|PF08241|PF08242|PF09334|PF12847|PF13439|PF13489|PF13579|PF13649|PF13679|PF13692|PF13847	Terpene
GCF_040820835.1	contig_79	deepBGC		0.56286		16	1330	1314	3	PF00925|PF02391|PF02597	Unknown
GCF_015904475.1	contig_52	antiSMASH	Terpene-precursor		No	1	25289	25289	18	Fer4_12|GTP_cyclohydroI|PTPS|PT_FPPS_like|QueE	Terpene
GCF_011140535.1	contig_16	deepBGC		0.59601		7563	8349	786	1	PF08003|PF08241|PF08242|PF13489|PF13649|PF13847	Unknown
GCF_011140535.1	contig_5	deepBGC		0.53169		14233	14863	630	1	PF00398|PF01135|PF13489|PF13649|PF13847	RiPP
GCA_024409335.1	contig_1	deepBGC	Saccharide	0.67587		43734	50441	6707	6	PF00133|PF00534|PF01135|PF01209|PF01406|PF01555|PF01588|PF01596|PF02353|PF03061|PF05175|PF06325|PF08003|PF08123|PF08241|PF08242|PF09334|PF12847|PF13439|PF13489|PF13579|PF13649|PF13679|PF13692|PF13847	Terpene
GCA_024409335.1	contig_36	deepBGC		0.71077		1674	17358	15684	18	PF00106|PF00155|PF00266|PF00268|PF00289|PF00364|PF00398|PF00692|PF01041|PF01073|PF01135|PF01370|PF01416|PF02222|PF02655|PF02719|PF02785|PF02786|PF03739|PF04321|PF05050|PF07478|PF07719|PF07993|PF08238|PF08443|PF08659|PF13460|PF13489|PF13549|PF13561|PF13649|PF13847|PF14397|PF15632|PF16363	RiPP
GCA_024409335.1	contig_43	deepBGC	Polyketide	0.65652		289	2517	2228	2	PF00899|PF05977|PF07690|PF12832	Unknown
GCA_024412795.1	contig_3	deepBGC		0.61865		4380	5166	786	1	PF08003|PF08241|PF08242|PF13489|PF13649|PF13847	Unknown
GCA_024412795.1	contig_5	deepBGC		0.64707		16798	23875	7077	7	PF00106|PF00398|PF00515|PF01073|PF01135|PF01370|PF01416|PF02719|PF03739|PF04321|PF07719|PF07993|PF08238|PF08659|PF13181|PF13460|PF13489|PF13561|PF13649|PF13847|PF16363	RiPP
GCA_024412795.1	contig_5	deepBGC		0.5329		31746	32574	828	1	PF01501	NRPS_like
GCF_011140735.1	contig_28	deepBGC		0.51392		5170	5836	666	1	PF00484	Unknown
GCF_011140735.1	contig_3	deepBGC		0.6057		3962	4748	786	1	PF08003|PF08241|PF08242|PF13489|PF13649|PF13847	Unknown
GCF_011140735.1	contig_45	deepBGC		0.51786		24976	25606	630	1	PF00398|PF01135|PF13489|PF13649|PF13847	RiPP
GCF_003639965.1	contig_38	deepBGC	Saccharide	0.79854		37608	46667	9059	9	PF00133|PF00534|PF01135|PF01209|PF01406|PF01588|PF02353|PF02784|PF03061|PF05175|PF06325|PF07927|PF08003|PF08241|PF08242|PF09334|PF12847|PF13439|PF13489|PF13579|PF13649|PF13679|PF13692|PF13847|PF15919	Terpene
GCA_040860985.1	contig_11	deepBGC	Saccharide	0.65318		37755	46359	8604	7	PF00133|PF00534|PF01135|PF01209|PF01406|PF01555|PF01588|PF01596|PF02353|PF02784|PF03061|PF05175|PF06325|PF08003|PF08123|PF08241|PF08242|PF09334|PF12847|PF13439|PF13489|PF13579|PF13649|PF13679|PF13692|PF13847	Terpene
GCA_024412575.1	contig_4	deepBGC		0.69307		37666	46246	8580	7	PF00133|PF00534|PF01135|PF01209|PF01406|PF01555|PF01588|PF01596|PF02353|PF02784|PF03061|PF05175|PF06325|PF08003|PF08123|PF08241|PF08242|PF09334|PF12847|PF13439|PF13489|PF13649|PF13679|PF13692|PF13847	Terpene
GCF_015904865.1	contig_14	deepBGC		0.50699		146	1994	1848	1	PF02784	Unknown
GCF_015904865.1	contig_14	deepBGC	Other	0.62354		3627	8707	5080	4	PF00133|PF01135|PF01209|PF01406|PF01588|PF01596|PF02353|PF05175|PF06325|PF08003|PF08123|PF08241|PF08242|PF09334|PF12847|PF13489|PF13649|PF13679|PF13847	Terpene
GCF_014496765.1	contig_19	antiSMASH	Terpene-precursor		No	1	103613	103613	91	Fer4_12|GTP_cyclohydroI|PTPS|PT_FPPS_like|QueE	Terpene
GCF_015904335.1	contig_10	deepBGC	Saccharide	0.69072		37830	46398	8568	7	PF00133|PF00534|PF01135|PF01209|PF01406|PF01555|PF01588|PF02353|PF02784|PF03061|PF05175|PF06325|PF08003|PF08123|PF08241|PF08242|PF09334|PF12847|PF13439|PF13489|PF13579|PF13649|PF13679|PF13692|PF13847	Terpene
GCA_024411855.1	contig_3	antiSMASH	Terpene-precursor		No	1	59215	59215	60	Fer4_12|GTP_cyclohydroI|PTPS|PT_FPPS_like|QueE	Terpene
GCF_037861915.1	contig_12	antiSMASH	Terpene-precursor		No	1	60113	60113	65	Fer4_12|GTP_cyclohydroI|PTPS|PT_FPPS_like|QueE	Terpene
GCF_006337345.1	contig_1	deepBGC		0.5542		1214817	1215615	798	1	PF08003|PF08241|PF08242|PF13489|PF13649|PF13847	Unknown
GCF_014498205.1	contig_13	antiSMASH	Azole-containing-RiPP		Yes	45782	67937	22156	15	PF00881|ThiF|YcaO	Unknown
GCF_014498205.1	contig_17	antiSMASH	Terpene-precursor		No	1	73296	73296	79	Fer4_12|GTP_cyclohydroI|PTPS|PT_FPPS_like|Pkinase|QueE	Terpene
GCA_040861165.1	contig_6	antiSMASH	Terpene-precursor		No	1	58214	58214	60	Fer4_12|GTP_cyclohydroI|PTPS|PT_FPPS_like|QueE	Terpene
GCF_003639735.1	contig_23	antiSMASH	Terpene-precursor		No	1	57667	57667	54	Fer4_12|GTP_cyclohydroI|PTPS|PT_FPPS_like|QueE	Terpene
GCF_011140545.1	contig_17	deepBGC		0.51869		4721	5021	300	1	PF07883	Unknown
GCF_011140545.1	contig_54	deepBGC		0.62926		4265	5063	798	1	PF08003|PF08241|PF08242|PF13489|PF13649|PF13847	Unknown
GCF_037861975.1	contig_22	deepBGC	RiPP	0.73912		1115	4200	3085	3	PF00881|PF02624|PF08307	RiPP
GCF_037861975.1	contig_8	deepBGC	Saccharide	0.67227		37625	46652	9027	9	PF00133|PF00534|PF01135|PF01209|PF01406|PF01555|PF01588|PF01596|PF02353|PF02390|PF02784|PF03061|PF05175|PF06325|PF07927|PF08003|PF08123|PF08241|PF08242|PF09334|PF12847|PF13439|PF13489|PF13579|PF13649|PF13679|PF13692|PF13847|PF15919	Terpene
GCA_040861385.1	contig_8	antiSMASH	Terpene-precursor		No	1	76261	76261	84	Fer4_12|GTP_cyclohydroI|PTPS|PT_FPPS_like|QueE	Terpene
GCF_014496895.1	contig_2	deepBGC	Saccharide	0.69072		37830	46398	8568	7	PF00133|PF00534|PF01135|PF01209|PF01406|PF01555|PF01588|PF02353|PF02784|PF03061|PF05175|PF06325|PF08003|PF08123|PF08241|PF08242|PF09334|PF12847|PF13439|PF13489|PF13579|PF13649|PF13679|PF13692|PF13847	Terpene
GCF_003640095.1	contig_22	deepBGC	Other	0.73645		38025	43113	5088	4	PF00133|PF01135|PF01209|PF01406|PF01555|PF01588|PF01596|PF02353|PF05175|PF06325|PF08003|PF08123|PF08241|PF08242|PF09334|PF12847|PF13489|PF13649|PF13679|PF13847	Terpene
GCF_014498855.1	contig_10	antiSMASH	Terpene-precursor		No	1	8234	8234	12	Fer4_12|GTP_cyclohydroI|PTPS|PT_FPPS_like|QueE	Terpene
GCA_024406535.1	contig_21	deepBGC		0.52015		94169	94469	300	1	PF07883	Unknown
GCA_024406535.1	contig_22	deepBGC	Other	0.75041		37858	42949	5091	4	PF00133|PF01135|PF01209|PF01406|PF01555|PF01588|PF01596|PF02353|PF05175|PF06325|PF08003|PF08123|PF08241|PF08242|PF09334|PF12847|PF13489|PF13649|PF13679|PF13847	Terpene
GCF_011175375.1	contig_2	deepBGC		0.75477		37439	46005	8566	7	PF00133|PF00534|PF01135|PF01209|PF01406|PF01555|PF01588|PF02353|PF02784|PF03061|PF05175|PF06325|PF08003|PF08123|PF08241|PF08242|PF09334|PF12847|PF13439|PF13489|PF13649|PF13679|PF13692|PF13847	Terpene
GCF_040821835.1	contig_19	deepBGC		0.51448		23175	24168	993	1	PF00108|PF00195|PF07451|PF08541|PF08545	Unknown
GCF_040821835.1	contig_36	deepBGC		0.5428		191	1778	1587	1	PF02521	Unknown
GCF_040821835.1	contig_4	deepBGC		0.51811		12611	13822	1211	3	PF00106|PF00550|PF08659|PF10501|PF13561|PF14573|PF16320	PKS
GCF_040821835.1	contig_41	deepBGC		0.65407		37948	47010	9062	9	PF00133|PF00534|PF01135|PF01209|PF01406|PF01555|PF01588|PF02353|PF02784|PF03061|PF05175|PF06325|PF07927|PF08003|PF08123|PF08241|PF08242|PF09334|PF12847|PF13439|PF13489|PF13649|PF13679|PF13692|PF13847|PF15919	Terpene
GCA_040862245.1	contig_7	antiSMASH	Terpene-precursor		No	1	57814	57814	58	Fer4_12|GTP_cyclohydroI|PTPS|PT_FPPS_like|QueE	Terpene
GCF_011175235.1	contig_12	deepBGC		0.52079		160521	161732	1211	3	PF00106|PF00550|PF08659|PF10501|PF13561|PF14573|PF16320	PKS
GCF_011175235.1	contig_15	deepBGC		0.6725		37926	41217	3291	2	PF00133|PF01135|PF01209|PF01406|PF01555|PF01588|PF01596|PF02353|PF02390|PF05175|PF06325|PF08003|PF08123|PF08241|PF08242|PF09334|PF12847|PF13489|PF13649|PF13679|PF13847	Terpene
GCA_024407615.1	contig_15	antiSMASH	Terpene-precursor		No	1	7961	7961	11	Fer4_12|GTP_cyclohydroI|PTPS|PT_FPPS_like|QueE	Terpene
GCA_024411895.1	contig_13	antiSMASH	Terpene-precursor		No	1	59291	59291	60	Fer4_12|GTP_cyclohydroI|PTPS|PT_FPPS_like|QueE	Terpene
GCF_014497335.1	contig_2	deepBGC	Saccharide	0.66317		37780	46349	8569	7	PF00133|PF00534|PF01135|PF01209|PF01406|PF01555|PF01588|PF01596|PF02353|PF02784|PF03061|PF05175|PF06325|PF08003|PF08123|PF08241|PF08242|PF09334|PF12847|PF13439|PF13489|PF13579|PF13649|PF13679|PF13692|PF13847	Terpene
GCF_014498275.1	contig_16	deepBGC		0.54805		7755	8541	786	1	PF08003|PF08241|PF08242|PF13489|PF13649|PF13847	Unknown
GCA_024413715.1	contig_111	deepBGC		0.50048		760	2038	1278	1	PF02441|PF04127	Unknown
GCA_024413715.1	contig_125	deepBGC	Polyketide	0.51163		258	1434	1176	1	PF00083|PF06779|PF07690	Unknown
GCA_024413715.1	contig_130	deepBGC		0.53797		107	1060	953	2	PF00215|PF00484	Unknown
GCA_024413715.1	contig_14	deepBGC		0.50746		12984	13230	246	1	PF16777	Unknown
GCA_024413715.1	contig_14	deepBGC	Polyketide	0.6049		15006	17557	2551	4	PF00106|PF00109|PF00550|PF02801|PF08659|PF10501|PF13561|PF14573|PF16320	PKS
GCA_024413715.1	contig_37	deepBGC	NRP	0.78403		176	7623	7447	7	PF00425|PF00669|PF00795|PF00829|PF01016|PF01063|PF01817|PF09924	Unknown
GCA_024413715.1	contig_52	deepBGC		0.76267		610	6317	5707	5	PF00483|PF00586|PF01050|PF01370|PF02719|PF02769|PF03743|PF04321|PF07883|PF16363	Unknown
GCA_024413715.1	contig_75	deepBGC	Polyketide	0.75025		264	8437	8173	7	PF00106|PF00920|PF01073|PF01081|PF01370|PF01416|PF02719|PF04321|PF07719|PF07993|PF08238|PF08659|PF13561|PF16363	Unknown
GCA_024413715.1	contig_75	deepBGC		0.77473		9485	12600	3115	3	PF00266|PF00268|PF00398|PF01041|PF01135|PF13649|PF13847	RiPP
GCA_024413715.1	contig_77	deepBGC	Saccharide	0.74584		33369	41936	8567	7	PF00133|PF00534|PF01135|PF01209|PF01406|PF01555|PF01588|PF01596|PF02353|PF02784|PF03061|PF05175|PF06325|PF08003|PF08123|PF08241|PF08242|PF09334|PF12847|PF13439|PF13489|PF13579|PF13649|PF13679|PF13692|PF13847	Terpene
GCA_024413715.1	contig_88	deepBGC		0.51936		1318	1513	195	1	PF13519	Unknown
GCF_014496145.1	contig_14	antiSMASH	Terpene-precursor		No	1	8211	8211	12	Fer4_12|GTP_cyclohydroI|PTPS|PT_FPPS_like|QueE	Terpene
GCF_008032975.1	contig_1	antiSMASH	Terpene-precursor		Yes	1534891	1555802	20912	19	Fer4_12|GTP_cyclohydroI|PTPS|PT_FPPS_like|QueE	Terpene
GCF_015904205.1	contig_10	deepBGC		0.53339		32665	32965	300	1	PF07883	Unknown
GCF_015904205.1	contig_6	deepBGC	Saccharide	0.71608		79717	88763	9046	9	PF00133|PF00534|PF01135|PF01209|PF01406|PF01555|PF01588|PF02353|PF02784|PF03061|PF05175|PF06325|PF07927|PF08003|PF08123|PF08241|PF08242|PF09334|PF12847|PF13439|PF13489|PF13579|PF13649|PF13679|PF13692|PF13847|PF15919	Terpene
GCF_001998045.1	contig_10	deepBGC		0.64083		11138	11672	534	1	PF05050	Unknown
GCF_001998045.1	contig_10	deepBGC		0.67121		16534	26656	10122	9	PF00106|PF00398|PF00920|PF01073|PF01081|PF01135|PF01370|PF01416|PF02719|PF03739|PF04321|PF07719|PF07993|PF08238|PF08659|PF13460|PF13561|PF13649|PF13847|PF16363	RiPP
GCF_001998045.1	contig_10	deepBGC	NRP	0.60947		29858	31636	1778	2	PF00107|PF01262|PF01501|PF02826|PF03446|PF08240	NRPS_like
GCF_001998045.1	contig_27	deepBGC		0.75851		38046	46631	8585	7	PF00133|PF00534|PF01135|PF01209|PF01406|PF01555|PF01588|PF02353|PF02784|PF03061|PF05175|PF06325|PF08003|PF08123|PF08241|PF08242|PF09334|PF12847|PF13439|PF13489|PF13649|PF13679|PF13692|PF13847	Terpene
GCF_001998045.1	contig_6	deepBGC		0.78411		16770	22251	5481	9	PF00070|PF00258|PF00890|PF01494|PF02130|PF02668|PF03486|PF03597|PF07173|PF07690|PF07992|PF09335|PF12641|PF12724|PF12831|PF13347|PF13434|PF13450|PF13738	Unknown
GCA_024406555.1	contig_18	antiSMASH	Terpene-precursor		No	1	73249	73249	74	Fer4_12|GTP_cyclohydroI|PTPS|PT_FPPS_like|Pkinase|QueE	Terpene
GCF_015904575.1	contig_20	antiSMASH	Terpene-precursor		No	1	25830	25830	32	Fer4_12|GTP_cyclohydroI|PF00881|PTPS|PT_FPPS_like|QueE	Terpene
GCF_014497305.1	contig_14	deepBGC		0.56064		9722	10508	786	1	PF08003|PF08241|PF08242|PF13489|PF13649|PF13847	Unknown
GCF_003639285.1	contig_32	deepBGC	Other	0.65552		37668	42759	5091	4	PF00133|PF01135|PF01209|PF01406|PF01555|PF01588|PF01596|PF02353|PF05175|PF06325|PF08003|PF08123|PF08241|PF08242|PF09334|PF12847|PF13489|PF13649|PF13679|PF13847	Terpene
GCA_040861045.1	contig_10	deepBGC		0.53143		11214	11748	534	1	PF05050	Unknown
GCA_040861045.1	contig_10	deepBGC	Polyketide	0.60262		16617	22886	6269	6	PF00106|PF00398|PF01073|PF01135|PF01370|PF01416|PF02719|PF03739|PF04321|PF07993|PF08659|PF13489|PF13561|PF13649|PF13847|PF16363	RiPP
GCA_040861045.1	contig_21	deepBGC		0.52137		241	1699	1458	1	PF01075	Unknown
GCA_040861125.1	contig_11	deepBGC		0.53943		16828	17458	630	1	PF00398|PF01135|PF13489|PF13649|PF13847	RiPP
GCA_040861125.1	contig_11	deepBGC	Polyketide	0.54339		22347	23100	753	1	PF00106|PF01370|PF08659|PF13561	Unknown
GCA_040861125.1	contig_12	deepBGC		0.50379		33069	33369	300	1	PF07883	Unknown
GCA_040861125.1	contig_8	deepBGC		0.50085		9567	10353	786	1	PF08003|PF08241|PF08242|PF13489|PF13649|PF13847	Unknown
GCF_011141115.1	contig_17	antiSMASH	Terpene-precursor		No	1	11247	11247	13	Fer4_12|GTP_cyclohydroI|PTPS|PT_FPPS_like|QueE	Terpene
GCF_015904375.1	contig_8	antiSMASH	Terpene-precursor		No	1	70273	70273	72	Fer4_12|GTP_cyclohydroI|PTPS|PT_FPPS_like|QueE	Terpene
GCF_037862155.1	contig_11	antiSMASH	Terpene-precursor		No	1	26580	26580	29	Fer4_12|GTP_cyclohydroI|PTPS|PT_FPPS_like|QueE	Terpene
GCF_014498785.1	contig_4	antiSMASH	Terpene-precursor		No	1	8227	8227	12	Fer4_12|GTP_cyclohydroI|PTPS|PT_FPPS_like|QueE	Terpene
GCA_024407375.1	contig_28	antiSMASH	Terpene-precursor		No	1	62285	62285	62	Fer4_12|GTP_cyclohydroI|PTPS|PT_FPPS_like|QueE	Terpene
GCF_011174935.1	contig_20	deepBGC	Polyketide	0.53764		64	673	609	1	PF00108|PF00109	PKS
GCF_011174935.1	contig_53	deepBGC		0.67232		0	3888	3888	5	PF00448|PF03692|PF04306|PF06463	Unknown
GCF_011174935.1	contig_9	deepBGC		0.50357		855	2703	1848	1	PF02784	Unknown
GCF_011174935.1	contig_9	deepBGC	Other	0.6132		4333	9451	5118	4	PF00133|PF01135|PF01209|PF01406|PF01588|PF01596|PF02353|PF05175|PF06325|PF08003|PF08123|PF08241|PF08242|PF09334|PF12847|PF13489|PF13649|PF13679|PF13847	Terpene
GCF_006338045.1	contig_1	deepBGC		0.51837		1316985	1317519	534	1	PF05050	Unknown
GCF_006338045.1	contig_1	deepBGC		0.60906		1322377	1329766	7389	7	PF00106|PF00398|PF01073|PF01135|PF01370|PF01416|PF02719|PF03739|PF04321|PF07719|PF07993|PF08238|PF08659|PF13460|PF13561|PF13649|PF13847|PF16363	RiPP
GCF_006338045.1	contig_1	deepBGC		0.51941		1398832	1400061	1229	2	PF02668|PF07173	Unknown
GCF_006338045.1	contig_1	deepBGC		0.57733		1400637	1401132	495	1	PF00258|PF12641|PF12724	Unknown
GCF_003639495.1	contig_20	antiSMASH	Terpene-precursor		No	1	19488	19488	17	Fer4_12|GTP_cyclohydroI|PTPS|PT_FPPS_like|QueE	Terpene
GCF_001997995.1	contig_30	deepBGC	Other	0.61874		4219	9304	5085	4	PF00133|PF01135|PF01209|PF01406|PF01588|PF01596|PF02353|PF05175|PF06325|PF08003|PF08123|PF08241|PF08242|PF09334|PF12847|PF13489|PF13649|PF13679|PF13847	Terpene
GCF_001997995.1	contig_6	deepBGC	NRP	0.55346		0	2964	2964	3	PF00107|PF01262|PF01501|PF02685|PF02826|PF03446|PF08240	NRPS_like
GCF_001997995.1	contig_6	deepBGC	Polyketide	0.52898		3644	9369	5725	5	PF00106|PF00479|PF00920|PF01081|PF01370|PF02781|PF07719|PF08238|PF08659|PF13561	Unknown
GCF_001997995.1	contig_6	deepBGC		0.58511		14463	17656	3193	3	PF00266|PF00268|PF00398|PF01041|PF01135|PF13649|PF13847	RiPP
GCF_001997995.1	contig_6	deepBGC		0.59939		20023	20557	534	1	PF05050	Unknown
GCA_040861895.1	contig_23	antiSMASH	Terpene-precursor		No	1	8909	8909	13	Fer4_12|GTP_cyclohydroI|PTPS|PT_FPPS_like|QueE	Terpene
GCF_037862275.1	contig_15	deepBGC		0.57912		15685	21219	5534	8	PF00070|PF00258|PF00890|PF01494|PF02130|PF02668|PF03486|PF03597|PF07173|PF07690|PF07992|PF09335|PF12641|PF12724|PF12831|PF13347|PF13434|PF13450|PF13738|PF17561	Unknown
GCF_014498905.1	contig_3	deepBGC	Saccharide	0.57456		760	7306	6546	8	PF00534|PF02784|PF03235|PF07510|PF07927|PF13439|PF13579|PF13692|PF15919	Unknown
GCF_014498905.1	contig_3	deepBGC	Other	0.57939		7754	12855	5101	4	PF00133|PF01135|PF01209|PF01406|PF01588|PF01596|PF02353|PF05175|PF06325|PF08003|PF08123|PF08241|PF08242|PF09334|PF12847|PF13489|PF13649|PF13679|PF13847	Terpene
GCF_040821205.1	contig_26	antiSMASH	Terpene-precursor		No	1	20360	20360	23	DAO|Fer4_12|GTP_cyclohydroI|PTPS|PT_FPPS_like|QueE	Terpene
GCF_014498085.1	contig_5	antiSMASH	Terpene-precursor		No	1	46932	46932	38	Fer4_12|GTP_cyclohydroI|PTPS|PT_FPPS_like|QueE	Terpene
GCF_003640105.1	contig_27	antiSMASH	Terpene-precursor		No	1	56526	56526	58	Fer4_12|GTP_cyclohydroI|PTPS|PT_FPPS_like|Peptidase_M50|QueE	Terpene
GCF_014498465.1	contig_6	antiSMASH	Terpene-precursor		No	1	9365	9365	13	Fer4_12|GTP_cyclohydroI|PTPS|PT_FPPS_like|QueE	Terpene
GCF_037861975.1	contig_22	antiSMASH	Azole-containing-RiPP		No	1	18091	18091	19	PF00881|YcaO	Unknown
GCF_037861975.1	contig_7	antiSMASH	Terpene-precursor		No	1	59732	59732	58	Fer4_12|GTP_cyclohydroI|PTPS|PT_FPPS_like|QueE	Terpene
GCF_014498305.1	contig_11	antiSMASH	Terpene-precursor		No	1	73195	73195	77	Fer4_12|GTP_cyclohydroI|PTPS|PT_FPPS_like|Pkinase|QueE	Terpene
GCA_040860865.1	contig_11	deepBGC	Other	0.75166		37591	42691	5100	4	PF00133|PF01135|PF01209|PF01406|PF01555|PF01588|PF01596|PF02353|PF05175|PF06325|PF08003|PF08123|PF08241|PF08242|PF09334|PF12847|PF13489|PF13649|PF13679|PF13847	Terpene
GCA_040860865.1	contig_13	deepBGC		0.50114		33651	33951	300	1	PF07883	Unknown
GCF_003640055.1	contig_11	deepBGC		0.53402		14485	15115	630	1	PF00398|PF01135|PF13489|PF13649|PF13847	RiPP
GCF_003640055.1	contig_3	deepBGC		0.70764		38649	47710	9061	9	PF00133|PF00534|PF01135|PF01209|PF01406|PF01555|PF01588|PF02353|PF02784|PF03061|PF05175|PF05219|PF06325|PF07927|PF08003|PF08123|PF08241|PF08242|PF09334|PF12847|PF13439|PF13489|PF13649|PF13679|PF13692|PF13847|PF15919	Terpene
GCF_014497785.1	contig_16	antiSMASH	Terpene-precursor		No	1	8165	8165	12	Fer4_12|GTP_cyclohydroI|PTPS|PT_FPPS_like|QueE	Terpene
GCA_024412595.1	contig_128	deepBGC	Polyketide	0.56154		5960	7199	1239	1	PF00109|PF02801	PKS
GCA_024412595.1	contig_152	deepBGC		0.56686		2	1409	1407	1	PF02521	Unknown
GCA_024412595.1	contig_152	deepBGC		0.54904		3416	5558	2142	2	PF00070|PF00890|PF01494|PF03486|PF07690|PF07992|PF12831|PF13347|PF13434|PF13450|PF13738	Unknown
GCA_024412595.1	contig_155	deepBGC		0.51641		468	1212	744	1	PF00194	Unknown
GCA_024412595.1	contig_168	deepBGC	Saccharide	0.82625		862	6310	5448	6	PF00534|PF01588|PF02784|PF03061|PF08003|PF08241|PF08242|PF13439|PF13489|PF13579|PF13649|PF13692|PF13847	Unknown
GCA_024412595.1	contig_20	deepBGC	NRP	0.69678		1	5097	5096	6	PF00278|PF00425|PF00795|PF01063|PF01817|PF02784|PF03797|PF09924	Unknown
GCA_024412595.1	contig_22	deepBGC		0.65686		1	175	174	1	PF01558	Unknown
GCA_024412595.1	contig_22	deepBGC		0.67631		2605	5022	2417	2	PF01501	NRPS_like
GCA_024412595.1	contig_24	deepBGC		0.64657		14911	19393	4482	6	PF01061|PF01205|PF01209|PF03653|PF05425|PF08241|PF08242|PF10458|PF12698|PF13437|PF13489|PF13649|PF13847|PF16576	Unknown
GCA_024412595.1	contig_26	deepBGC		0.73859		1381	4425	3044	2	PF00924|PF01135|PF01209|PF02353|PF05175|PF06325|PF08003|PF08123|PF08241|PF08242|PF12847|PF13489|PF13649|PF13679|PF13847	Terpene
GCA_024412595.1	contig_28	deepBGC		0.74926		3924	4681	757	2	PF01061	Unknown
GCA_024412595.1	contig_42	deepBGC		0.51432		1645	1891	246	1	PF16777	Unknown
GCA_024412595.1	contig_49	deepBGC		0.59697		1	982	981	1	PF00873	Unknown
GCA_024412595.1	contig_50	deepBGC		0.56984		3258	4263	1005	1	PF00795	Unknown
GCA_024412595.1	contig_55	deepBGC		0.52744		1451	2108	657	1	PF13500	Unknown
GCA_024412595.1	contig_64	deepBGC		0.50795		0	633	633	1	PF02781	Unknown
GCA_024412595.1	contig_64	deepBGC	NRP	0.51305		2494	3541	1047	1	PF00107|PF01262|PF02826|PF03446|PF08240	NRPS_like
GCA_024412595.1	contig_67	deepBGC		0.55415		1	1099	1098	1	PF01501	NRPS_like
GCF_037862055.1	contig_19	antiSMASH	Terpene-precursor		No	1	19743	19743	22	Fer4_12|GTP_cyclohydroI|PTPS|PT_FPPS_like|QueE	Terpene
GCA_024406485.1	contig_28	deepBGC		0.53058		16645	17275	630	1	PF00398|PF01135|PF13489|PF13649|PF13847	RiPP
GCA_024406485.1	contig_28	deepBGC	Polyketide	0.5419		22343	23093	750	1	PF00106|PF01370|PF08659|PF13561	Unknown
GCA_024406485.1	contig_4	deepBGC	Saccharide	0.68369		37817	46384	8567	7	PF00133|PF00534|PF01135|PF01209|PF01406|PF01555|PF01588|PF01596|PF02353|PF02784|PF03061|PF05175|PF06325|PF08003|PF08123|PF08241|PF08242|PF09334|PF12847|PF13439|PF13489|PF13579|PF13649|PF13679|PF13692|PF13847	Terpene
GCF_011140995.1	contig_18	antiSMASH	Terpene-precursor		No	1	11245	11245	13	Fer4_12|GTP_cyclohydroI|PTPS|PT_FPPS_like|QueE	Terpene
GCF_015904305.1	contig_8	deepBGC		0.53832		4141	4927	786	1	PF08003|PF08241|PF08242|PF13489|PF13649|PF13847	Unknown
GCA_024407655.1	contig_20	antiSMASH	Terpene-precursor		No	1	9520	9520	12	Fer4_12|GTP_cyclohydroI|PTPS|PT_FPPS_like|QueE	Terpene
GCF_015904795.1	contig_25	antiSMASH	Azole-containing-RiPP		No	1	13306	13306	15	PF00881|ThiF|YcaO	Unknown
GCF_015904795.1	contig_27	antiSMASH	Terpene-precursor		No	1	8138	8138	11	Fer4_12|GTP_cyclohydroI|PTPS|PT_FPPS_like|QueE	Terpene
GCA_024405965.1	contig_14	antiSMASH	Terpene-precursor		No	1	7998	7998	11	Fer4_12|GTP_cyclohydroI|PTPS|PT_FPPS_like|QueE	Terpene
GCA_040861165.1	contig_8	deepBGC		0.58381		16653	22938	6285	6	PF00106|PF00398|PF01073|PF01135|PF01370|PF01416|PF02719|PF03739|PF04321|PF07993|PF08659|PF13460|PF13489|PF13561|PF13649|PF13847|PF16363	RiPP
GCF_014497445.1	contig_4	deepBGC	Saccharide	0.68674		38910	47492	8582	7	PF00133|PF00534|PF01135|PF01209|PF01406|PF01555|PF01588|PF01596|PF02353|PF02784|PF03061|PF05175|PF06325|PF08003|PF08123|PF08241|PF08242|PF09334|PF12847|PF13439|PF13489|PF13579|PF13649|PF13679|PF13692|PF13847	Terpene
GCF_014498265.1	contig_13	antiSMASH	Terpene-precursor		No	1	8987	8987	13	Fer4_12|GTP_cyclohydroI|PTPS|PT_FPPS_like|QueE	Terpene
GCF_040820945.1	contig_16	deepBGC	Polyketide	0.71891		787	14500	13713	12	PF00106|PF00266|PF00268|PF00398|PF00479|PF00920|PF01041|PF01073|PF01081|PF01135|PF01370|PF01416|PF02719|PF02781|PF03739|PF04321|PF07719|PF07993|PF08238|PF08659|PF13489|PF13561|PF13649|PF13847|PF16363	RiPP
GCF_040820945.1	contig_16	deepBGC	NRP	0.60603		16359	18584	2225	2	PF00107|PF01262|PF01501|PF02826|PF03446|PF08240	NRPS_like
GCF_040820945.1	contig_35	deepBGC		0.50799		3497	3911	414	1	PF00334	Unknown
GCF_040820945.1	contig_35	deepBGC		0.66486		5575	6568	993	1	PF00108|PF00195|PF07451|PF08541|PF08545	Unknown
GCF_040820945.1	contig_50	deepBGC		0.58792		4326	8076	3750	3	PF00133|PF01406|PF01588|PF08003|PF08241|PF08242|PF09334|PF13489|PF13649|PF13847	Unknown
GCF_040821045.1	contig_39	antiSMASH	Terpene-precursor		No	1	8268	8268	12	Fer4_12|GTP_cyclohydroI|PTPS|PT_FPPS_like|QueE	Terpene
GCF_011175135.1	contig_12	deepBGC	NRP	0.52832		2123	3176	1053	1	PF00107|PF01262|PF02826|PF03446|PF08240	NRPS_like
GCF_011175135.1	contig_12	deepBGC	Saccharide	0.7359		71432	83083	11651	9	PF00133|PF00534|PF01135|PF01209|PF01406|PF01588|PF01596|PF02353|PF02784|PF03061|PF03235|PF05175|PF06325|PF07510|PF08003|PF08123|PF08241|PF08242|PF09334|PF12847|PF13439|PF13489|PF13579|PF13649|PF13679|PF13692|PF13847	Terpene
GCF_040821325.1	contig_33	antiSMASH	Terpene-precursor		Yes	45461	66372	20912	18	Fer4_12|GTP_cyclohydroI|PTPS|PT_FPPS_like|QueE	Terpene
GCF_040821035.1	contig_11	deepBGC		0.50443		16652	16895	243	1	PF16777	Unknown
GCF_040821035.1	contig_11	deepBGC	Polyketide	0.6026		18673	21436	2763	4	PF00106|PF00109|PF00550|PF02801|PF08659|PF10501|PF13561|PF14573|PF16320	PKS
GCF_040821035.1	contig_15	deepBGC	Polyketide	0.76038		2262	15999	13737	13	PF00106|PF00266|PF00268|PF00398|PF00479|PF00920|PF01041|PF01073|PF01081|PF01135|PF01370|PF01416|PF02719|PF02781|PF03739|PF04321|PF07719|PF07993|PF08238|PF08659|PF13561|PF13649|PF13847|PF16363	RiPP
GCF_040821035.1	contig_15	deepBGC	NRP	0.6355		16679	20228	3549	3	PF00107|PF01262|PF01501|PF02685|PF02826|PF03446|PF08240	NRPS_like
GCF_040821035.1	contig_59	deepBGC		0.77799		6562	8591	2029	3	PF00069|PF07714|PF13672	Unknown
GCF_040821035.1	contig_80	deepBGC		0.6463		929	5512	4583	7	PF00215|PF00484|PF00793|PF00885|PF01029|PF02569|PF12698	Unknown
GCF_040821035.1	contig_99	deepBGC		0.5428		192	1779	1587	1	PF02521	Unknown
GCF_040821975.1	contig_2	antiSMASH	Terpene-precursor		No	1	45802	45802	39	Fer4_12|GTP_cyclohydroI|PTPS|PT_FPPS_like|QueE	Terpene
GCF_011175325.1	contig_13	antiSMASH	Terpene-precursor		No	1	20099	20099	23	Fer4_12|GTP_cyclohydroI|PTPS|PT_FPPS_like|QueE	Terpene
GCF_011140925.1	contig_4	antiSMASH	Terpene-precursor		No	1	11108	11108	13	Fer4_12|GTP_cyclohydroI|PTPS|PT_FPPS_like|QueE	Terpene
GCF_006338045.1	contig_1	antiSMASH	Terpene-precursor		Yes	1183266	1204177	20912	15	Fer4_12|GTP_cyclohydroI|PTPS|PT_FPPS_like|QueE	Terpene
GCF_037862195.1	contig_28	antiSMASH	Terpene-precursor		No	1	7926	7926	11	Fer4_12|GTP_cyclohydroI|PTPS|PT_FPPS_like|QueE	Terpene
GCF_014496885.1	contig_4	antiSMASH	Terpene-precursor		No	1	15214	15214	18	Fer4_12|GTP_cyclohydroI|Glyco_transf_9|PTPS|PT_FPPS_like|QueE	Terpene
GCF_037862115.1	contig_6	deepBGC		0.74264		78819	83908	5089	4	PF00133|PF01135|PF01209|PF01406|PF01555|PF01588|PF02353|PF05175|PF06325|PF08003|PF08123|PF08241|PF08242|PF09334|PF12847|PF13489|PF13649|PF13679|PF13847	Terpene
GCF_040821915.1	contig_12	deepBGC	Polyketide	0.54422		21453	22206	753	1	PF00106|PF01370|PF08659|PF13561	Unknown
GCF_040821915.1	contig_24	deepBGC		0.55395		13598	14512	914	2	PF04224|PF10034|PF16777	Unknown
GCF_040821915.1	contig_24	deepBGC	Polyketide	0.61523		16290	19051	2761	4	PF00106|PF00109|PF00550|PF02801|PF08659|PF10501|PF13561|PF14573|PF16320	PKS
GCF_040821915.1	contig_40	deepBGC		0.5428		218	1805	1587	1	PF02521	Unknown
GCF_040821915.1	contig_7	deepBGC		0.56243		3995	4781	786	1	PF08003|PF08241|PF08242|PF13489|PF13649|PF13847	Unknown
GCF_003639865.1	contig_6	deepBGC		0.7217		37711	42823	5112	4	PF00133|PF01135|PF01209|PF01406|PF01555|PF01588|PF02353|PF05175|PF06325|PF08003|PF08123|PF08241|PF08242|PF09334|PF12847|PF13489|PF13649|PF13679|PF13847	Terpene
GCF_003639865.1	contig_6	deepBGC	Saccharide	0.50898		43271	44441	1170	1	PF00534|PF13439|PF13579|PF13692	Unknown
GCF_014497195.1	contig_20	antiSMASH	Terpene-precursor		No	1	66825	66825	64	Fer4_12|GTP_cyclohydroI|PTPS|PT_FPPS_like|QueE	Terpene
GCF_014498885.1	contig_11	antiSMASH	Terpene-precursor		No	1	71663	71663	77	Fer4_12|GTP_cyclohydroI|PTPS|PT_FPPS_like|Pkinase|QueE	Terpene
GCF_014497025.1	contig_2	antiSMASH	Terpene-precursor		No	1	57499	57499	57	Fer4_12|GTP_cyclohydroI|PTPS|PT_FPPS_like|Peptidase_M50|QueE	Terpene
GCA_024407015	contig_30	GECCO	Unknown	0.9945173105624984		6006	9602	3596	5	PF01041|PF06306	Unknown
GCA_024411995.1	contig_10	deepBGC		0.60159		4145	4931	786	1	PF08003|PF08241|PF08242|PF13489|PF13649|PF13847	Unknown
GCA_024411995.1	contig_13	deepBGC		0.56978		8995	15443	6448	6	PF00106|PF00398|PF01073|PF01135|PF01370|PF01416|PF02719|PF03739|PF04321|PF07993|PF08659|PF13460|PF13489|PF13561|PF13649|PF13847|PF16363	RiPP
GCF_037862295.1	contig_14	deepBGC	Other	0.66906		37412	42527	5115	4	PF00133|PF01135|PF01209|PF01406|PF01555|PF01588|PF01596|PF02353|PF05175|PF06325|PF08003|PF08123|PF08241|PF08242|PF09334|PF12847|PF13489|PF13649|PF13679|PF13847	Terpene
GCF_011140515.1	contig_3	antiSMASH	Terpene-precursor		No	1	11245	11245	13	Fer4_12|GTP_cyclohydroI|PTPS|PT_FPPS_like|QueE	Terpene
GCF_003639845.1	contig_1	deepBGC		0.53486		152207	152717	510	1	PF01531	Unknown
GCF_003639845.1	contig_18	deepBGC		0.56032		3191	3905	714	1	PF09002	Unknown
GCF_003639845.1	contig_18	deepBGC		0.55423		9733	10537	804	1	PF08843	Unknown
GCF_003639845.1	contig_24	deepBGC		0.55079		678	3495	2817	2	PF00199|PF02521	Unknown
GCF_003639845.1	contig_6	deepBGC		0.72971		37664	46245	8581	7	PF00133|PF00534|PF01135|PF01209|PF01406|PF01555|PF01588|PF01596|PF02353|PF02784|PF03061|PF05175|PF05219|PF06325|PF08003|PF08123|PF08241|PF08242|PF09334|PF12847|PF13439|PF13489|PF13649|PF13679|PF13692|PF13847	Terpene
GCA_024411915.1	contig_4	deepBGC	Other	0.58517		83070	88149	5079	4	PF00133|PF01135|PF01209|PF01406|PF01555|PF01588|PF01596|PF02353|PF05175|PF06325|PF08003|PF08123|PF08241|PF08242|PF09334|PF12847|PF13489|PF13649|PF13679|PF13847	Terpene
GCF_014498745.1	contig_2	deepBGC		0.56233		4989	10253	5264	8	PF02784|PF03235|PF07510|PF07927|PF15919	Unknown
GCF_014498745.1	contig_2	deepBGC		0.62704		11886	12672	786	1	PF08003|PF08241|PF08242|PF13489|PF13649|PF13847	Unknown
GCF_014498745.1	contig_2	deepBGC	Other	0.55897		15801	16971	1170	1	PF01135|PF01209|PF01596|PF02353|PF05175|PF06325|PF08003|PF08123|PF08241|PF08242|PF12847|PF13489|PF13649|PF13679|PF13847	Terpene
GCF_015904365.1	contig_7	deepBGC		0.81651		80398	88958	8560	7	PF00133|PF00534|PF01135|PF01209|PF01406|PF01588|PF01596|PF02353|PF02784|PF03061|PF05175|PF06325|PF08003|PF08123|PF08241|PF08242|PF09334|PF12847|PF13439|PF13489|PF13649|PF13679|PF13692|PF13847	Terpene
GCF_014498295.1	contig_23	deepBGC	Saccharide	0.71536		37603	46663	9060	9	PF00133|PF00534|PF01135|PF01209|PF01406|PF01555|PF01588|PF02353|PF02784|PF03061|PF05175|PF06325|PF07927|PF08003|PF08123|PF08241|PF08242|PF09334|PF12847|PF13439|PF13489|PF13579|PF13649|PF13679|PF13692|PF13847|PF15919	Terpene
GCF_011140515.1	contig_16	deepBGC		0.52941		5934	6720	786	1	PF08003|PF08241|PF08242|PF13489|PF13649|PF13847	Unknown
GCA_024412155.1	contig_2	deepBGC		0.58418		3688	7438	3750	3	PF00133|PF01406|PF01588|PF08003|PF08241|PF08242|PF09334|PF13489|PF13649|PF13847	Unknown
GCA_024407505.1	contig_4	deepBGC	Other	0.7396		37512	42626	5114	5	PF00133|PF01135|PF01209|PF01406|PF01555|PF01588|PF01596|PF02353|PF05175|PF06325|PF08003|PF08123|PF08241|PF08242|PF09334|PF12847|PF13489|PF13649|PF13679|PF13847	Terpene
GCA_024407505.1	contig_7	deepBGC		0.55239		2338	3610	1272	3	PF02492|PF07883	Unknown
GCF_040821305.1	contig_35	antiSMASH	Terpene-precursor		No	1	8122	8122	12	Fer4_12|GTP_cyclohydroI|PTPS|PT_FPPS_like|QueE	Terpene
GCF_014497235.1	contig_4	antiSMASH	Terpene-precursor		No	1	57537	57537	58	Fer4_12|GTP_cyclohydroI|PTPS|PT_FPPS_like|QueE	Terpene
GCA_024406915.1	contig_18	antiSMASH	Terpene-precursor		No	1	7928	7928	13	Fer4_12|GTP_cyclohydroI|PTPS|PT_FPPS_like|QueE	Terpene
GCF_040820845.1	contig_12	deepBGC		0.50169		15106	15736	630	1	PF00398|PF01135|PF13489|PF13649|PF13847	RiPP
GCF_040820845.1	contig_22	deepBGC	Other	0.55064		37586	40878	3292	2	PF00133|PF01135|PF01209|PF01406|PF01555|PF01588|PF01596|PF02353|PF05175|PF06325|PF08003|PF08123|PF08241|PF08242|PF09334|PF12847|PF13489|PF13649|PF13679|PF13847	Terpene
GCF_040820845.1	contig_25	deepBGC		0.54581		11324	12237	913	2	PF04224|PF10034|PF16777	Unknown
GCF_040820845.1	contig_25	deepBGC	Polyketide	0.60483		14013	16564	2551	4	PF00106|PF00109|PF00550|PF02801|PF08659|PF10501|PF13561|PF14573|PF16320	PKS
GCF_040820845.1	contig_59	deepBGC		0.54073		631	5706	5075	2	PF00171|PF00474|PF01619	Unknown
GCF_040820845.1	contig_64	deepBGC		0.50424		1	967	966	1	PF01501	NRPS_like
GCA_024406435.1	contig_13	antiSMASH	Terpene-precursor		No	1	88652	88652	85	Fer4_12|GTP_cyclohydroI|PTPS|PT_FPPS_like|QueE	Terpene
GCF_014498655.1	contig_8	antiSMASH	Terpene-precursor		No	1	9361	9361	13	Fer4_12|GTP_cyclohydroI|PTPS|PT_FPPS_like|QueE	Terpene
GCA_024407595.1	contig_2	antiSMASH	Terpene-precursor		No	1	59538	59538	60	Fer4_12|GTP_cyclohydroI|PTPS|PT_FPPS_like|QueE	Terpene
GCA_024407075.1	contig_2	deepBGC		0.69411		37509	46078	8569	7	PF00133|PF00534|PF01135|PF01209|PF01406|PF01555|PF01588|PF02353|PF02784|PF03061|PF05175|PF06325|PF08003|PF08123|PF08241|PF08242|PF09334|PF12847|PF13439|PF13489|PF13649|PF13679|PF13692|PF13847	Terpene
GCF_037861915.1	contig_13	deepBGC		0.6301		38789	40000	1211	3	PF00106|PF00550|PF08659|PF10501|PF13561|PF14573|PF16320	PKS
GCF_037861915.1	contig_16	deepBGC		0.75898		33910	42478	8568	7	PF00133|PF00534|PF01135|PF01209|PF01406|PF01555|PF01588|PF01596|PF02353|PF02784|PF03061|PF05175|PF06325|PF08003|PF08123|PF08241|PF08242|PF09334|PF12847|PF13439|PF13489|PF13649|PF13679|PF13692|PF13847	Terpene
GCA_040861945.1	contig_11	deepBGC		0.61676		3667	4453	786	1	PF08003|PF08241|PF08242|PF13489|PF13649|PF13847	Unknown
GCA_040861945.1	contig_12	deepBGC		0.54263		16567	17197	630	1	PF00398|PF01135|PF13489|PF13649|PF13847	RiPP
GCA_040861945.1	contig_12	deepBGC		0.52939		22091	22844	753	1	PF00106|PF08659|PF13561	Unknown
GCF_003639935.1	contig_17	deepBGC		0.64661		28	784	756	1	PF01061	Unknown
GCF_003639935.1	contig_5	deepBGC		0.7517		38184	46763	8579	7	PF00133|PF00534|PF01135|PF01209|PF01406|PF01555|PF01588|PF02353|PF02784|PF03061|PF05175|PF06325|PF08003|PF08123|PF08241|PF08242|PF09334|PF12847|PF13439|PF13489|PF13649|PF13679|PF13692|PF13847	Terpene
GCF_003639935.1	contig_8	deepBGC		0.50734		3661	3961	300	1	PF07883	Unknown
GCF_015904795.1	contig_13	deepBGC		0.52469		34166	34466	300	1	PF07883	Unknown
GCF_015904795.1	contig_25	deepBGC	RiPP	0.82741		431	12115	11684	13	PF00881|PF00899|PF01051|PF02624|PF02661|PF05016|PF05713|PF05977|PF07690|PF15738	RiPP
GCF_040821165.1	contig_10	deepBGC		0.52156		1669	2392	723	1	PF05175|PF07021|PF08241|PF08242|PF13489|PF13649|PF13847	Unknown
GCF_040821165.1	contig_107	deepBGC		0.58514		0	5598	5598	5	PF00239|PF01501|PF02691|PF03797|PF07927|PF12728|PF13411|PF15919	NRPS_like
GCF_040821165.1	contig_109	deepBGC	Polyketide	0.77801		2	3723	3721	5	PF00106|PF00109|PF00550|PF01039|PF02801|PF03255|PF08659|PF10501|PF13561|PF16320	PKS
GCF_040821165.1	contig_26	deepBGC		0.5873		796	13179	12383	11	PF00106|PF00266|PF00268|PF00398|PF00515|PF00920|PF01041|PF01073|PF01081|PF01135|PF01370|PF01416|PF02719|PF03739|PF04321|PF07719|PF07993|PF08238|PF08659|PF13460|PF13561|PF13649|PF13847|PF16363	RiPP
GCF_040821165.1	contig_26	deepBGC		0.52175		17438	18605	1167	1	PF01501	NRPS_like
GCF_040821165.1	contig_49	deepBGC	Other	0.62155		148	1318	1170	1	PF01135|PF01209|PF01555|PF01596|PF02353|PF05175|PF06325|PF08003|PF08123|PF08241|PF08242|PF12847|PF13489|PF13649|PF13679|PF13847	Terpene
GCF_040821165.1	contig_63	deepBGC		0.5096		6899	7199	300	1	PF07883	Unknown
GCF_040821165.1	contig_99	deepBGC		0.64901		5315	6311	996	1	PF00108|PF00195|PF07451|PF08541|PF08545	Unknown
GCF_014497165.1	contig_31	antiSMASH	Terpene-precursor		No	1	59152	59152	59	Fer4_12|GTP_cyclohydroI|PTPS|PT_FPPS_like|QueE	Terpene
GCF_003382515.1	contig_3	deepBGC	Other	0.71252		37971	43059	5088	4	PF00133|PF01135|PF01209|PF01406|PF01555|PF01588|PF01596|PF02353|PF05175|PF06325|PF08003|PF08123|PF08241|PF08242|PF09334|PF12847|PF13489|PF13649|PF13679|PF13847	Terpene
GCF_003382515.1	contig_8	deepBGC		0.52975		14569	15199	630	1	PF00398|PF01135|PF13489|PF13649|PF13847	RiPP
GCA_040861265.1	contig_15	deepBGC	Saccharide	0.71059		37665	48352	10687	11	PF00133|PF00534|PF01135|PF01209|PF01406|PF01555|PF01588|PF02353|PF02784|PF03061|PF05175|PF06325|PF07510|PF07927|PF08003|PF08123|PF08241|PF08242|PF09334|PF12847|PF13439|PF13489|PF13579|PF13649|PF13679|PF13692|PF13847|PF15919	Terpene
GCA_040861265.1	contig_18	deepBGC		0.51234		11320	11860	540	1	PF05050	Unknown
GCA_040861265.1	contig_18	deepBGC		0.56503		16714	17344	630	1	PF00398|PF01135|PF13489|PF13649|PF13847	RiPP
GCA_040861265.1	contig_18	deepBGC	Polyketide	0.56641		22525	23293	768	1	PF00106|PF01370|PF08659|PF13561	Unknown
GCA_040861265.1	contig_19	deepBGC		0.51989		33538	33838	300	1	PF07883	Unknown
GCF_040821915.1	contig_42	antiSMASH	Terpene-precursor		No	1	69711	69711	64	Fer4_12|GTP_cyclohydroI|PTPS|PT_FPPS_like|QueE	Terpene
GCF_014498765.1	contig_22	deepBGC		0.56422		959	1262	303	1	PF04956	Unknown
GCF_014498765.1	contig_22	deepBGC	Polyketide	0.6113		4310	7817	3507	5	PF00106|PF00109|PF00550|PF01039|PF02801|PF03255|PF08659|PF13561|PF14573|PF16320	PKS
GCF_014498765.1	contig_26	deepBGC		0.51082		52477	54775	2298	2	PF02538	Unknown
GCF_014498765.1	contig_3	deepBGC	Saccharide	0.81904		37984	46501	8517	7	PF00133|PF00534|PF01135|PF01209|PF01406|PF01588|PF01596|PF02353|PF02784|PF03061|PF05175|PF06325|PF08003|PF08123|PF08241|PF08242|PF09334|PF12847|PF13439|PF13489|PF13579|PF13649|PF13679|PF13692|PF13847	Terpene
GCF_014498765.1	contig_4	deepBGC	RiPP	0.54301		16928	17558	630	1	PF00398|PF01135|PF13649|PF13847	RiPP
GCF_014498765.1	contig_4	deepBGC	Polyketide	0.50305		22856	23609	753	1	PF00106|PF01370|PF08659|PF13561	Unknown
GCA_040861485.1	contig_14	antiSMASH	Terpene-precursor		No	1	50438	50438	39	Fer4_12|GTP_cyclohydroI|PTPS|PT_FPPS_like|QueE	Terpene
GCF_015904905.1	contig_12	deepBGC	Saccharide	0.78727		37667	49269	11602	11	PF00133|PF00534|PF01135|PF01209|PF01406|PF01588|PF01596|PF02353|PF02784|PF03061|PF03235|PF05175|PF06325|PF07510|PF08003|PF08123|PF08241|PF08242|PF09334|PF12847|PF13439|PF13489|PF13579|PF13649|PF13679|PF13692|PF13847	Terpene
GCF_001998385.1	contig_20	antiSMASH	Terpene-precursor		No	1	9530	9530	13	Fer4_12|GTP_cyclohydroI|PTPS|PT_FPPS_like|QueE	Terpene
GCA_024412025.1	contig_4	antiSMASH	Terpene-precursor		No	1	57164	57164	59	Fer4_12|GTP_cyclohydroI|PTPS|PT_FPPS_like|Peptidase_M50|QueE	Terpene
GCF_003639985.1	contig_16	deepBGC		0.50628		46009	46753	744	1	PF00106|PF08659|PF13561	Unknown
GCF_003639985.1	contig_19	deepBGC		0.68897		37640	46209	8569	7	PF00133|PF00534|PF01135|PF01209|PF01406|PF01555|PF01588|PF01596|PF02353|PF02784|PF03061|PF05175|PF06325|PF08003|PF08123|PF08241|PF08242|PF09334|PF12847|PF13439|PF13489|PF13649|PF13679|PF13692|PF13847	Terpene
GCF_035621875.1	contig_1	antiSMASH	Terpene-precursor		Yes	404366	425277	20912	16	Fer4_12|GTP_cyclohydroI|PTPS|PT_FPPS_like|QueE	Terpene
GCF_014498885.1	contig_12	deepBGC		0.67881		37852	42946	5094	4	PF00133|PF01135|PF01209|PF01406|PF01555|PF01588|PF02353|PF05175|PF06325|PF08003|PF08123|PF08241|PF08242|PF09334|PF12847|PF13489|PF13649|PF13679|PF13847	Terpene
GCF_014498885.1	contig_9	deepBGC		0.54585		40077	41288	1211	3	PF00106|PF00550|PF08659|PF10501|PF13561|PF14573|PF16320	PKS
GCF_014498855.1	contig_3	deepBGC		0.5246		883	1102	219	1	PF15919	Unknown
GCF_014498855.1	contig_3	deepBGC		0.53853		1362	3210	1848	1	PF02784	Unknown
GCF_014498855.1	contig_3	deepBGC	Other	0.57257		4843	9932	5089	4	PF00133|PF01135|PF01209|PF01406|PF01588|PF01596|PF02353|PF05175|PF06325|PF08003|PF08123|PF08241|PF08242|PF09334|PF12847|PF13489|PF13649|PF13679|PF13847	Terpene
GCF_014498755.1	contig_9	antiSMASH	Terpene-precursor		No	1	8252	8252	12	Fer4_12|GTP_cyclohydroI|PTPS|PT_FPPS_like|QueE	Terpene
GCF_003639165.1	contig_34	antiSMASH	Terpene-precursor		No	1	7878	7878	12	Fer4_12|GTP_cyclohydroI|PTPS|PT_FPPS_like|QueE	Terpene
GCF_014498185.1	contig_9	deepBGC		0.6867		58371	65076	6705	6	PF00133|PF00534|PF01135|PF01209|PF01406|PF01555|PF01588|PF01596|PF02353|PF03061|PF05175|PF06325|PF08003|PF08123|PF08241|PF08242|PF09334|PF12847|PF13439|PF13489|PF13649|PF13679|PF13692|PF13847	Terpene
GCF_037862155.1	contig_23	deepBGC	Other	0.62064		108344	111636	3292	2	PF00133|PF01135|PF01209|PF01406|PF01555|PF01588|PF01596|PF02353|PF05175|PF06325|PF08003|PF08123|PF08241|PF08242|PF09334|PF12847|PF13489|PF13649|PF13679|PF13847	Terpene
GCF_011141015.1	contig_9	deepBGC		0.59905		3988	4774	786	1	PF08003|PF08241|PF08242|PF13489|PF13649|PF13847	Unknown
GCF_011141015.1	contig_9	deepBGC	Other	0.52595		7886	9056	1170	1	PF01135|PF01209|PF01596|PF02353|PF05175|PF06325|PF08003|PF08123|PF08241|PF08242|PF12847|PF13489|PF13649|PF13679|PF13847	Terpene
GCA_024406865.1	contig_30	antiSMASH	Arylpolyene		No	1	77108	77108	89	APE_KS2|PP-binding|PP-binding_2|SPASM|TP_methylase|adh_short|adh_short_C2|t2fas	Unknown
GCA_024406865.1	contig_33	antiSMASH	Terpene-precursor		No	1	59042	59042	74	Fer4_12|GTP_cyclohydroI|PTPS|PT_FPPS_like|QueE	Terpene
GCF_011105765.1	contig_16	deepBGC		0.71178		109	7772	7663	7	PF00106|PF00268|PF00398|PF01073|PF01135|PF01370|PF01416|PF02719|PF03739|PF04321|PF07993|PF08659|PF13460|PF13561|PF13649|PF13847|PF16363	RiPP
GCF_011105765.1	contig_58	deepBGC		0.54678		7789	8560	771	1	PF01501	NRPS_like
GCF_011105765.1	contig_9	deepBGC		0.63834		3167	8255	5088	4	PF00133|PF01135|PF01209|PF01406|PF01555|PF01588|PF02353|PF05175|PF06325|PF08003|PF08123|PF08241|PF08242|PF09334|PF12847|PF13489|PF13649|PF13679|PF13847	Terpene
GCF_040820825.1	contig_103	deepBGC		0.5428		77	1475	1398	1	PF02521	Unknown
GCF_040820825.1	contig_2	deepBGC		0.67243		298	3025	2727	6	PF00069|PF00092|PF07714|PF13519|PF13672	Unknown
GCF_040820825.1	contig_27	deepBGC		0.6207		485	16661	16176	17	PF00117|PF00218|PF00290|PF00291|PF00425|PF00591|PF00697|PF01075|PF02350|PF02885|PF03070|PF03767|PF04263|PF04264|PF04715|PF04973|PF07722|PF09233|PF13344|PF13419	Unknown
GCF_040820825.1	contig_58	deepBGC		0.59291		2954	3752	798	1	PF08003|PF08241|PF08242|PF13489|PF13649|PF13847	Unknown
GCF_040820825.1	contig_61	deepBGC		0.8901		1078	9839	8761	8	PF00106|PF00155|PF00266|PF00268|PF00398|PF01041|PF01053|PF01073|PF01135|PF01370|PF01416|PF02719|PF03739|PF04321|PF07993|PF08659|PF13460|PF13489|PF13561|PF13649|PF13847|PF16363	RiPP
GCF_040820825.1	contig_75	deepBGC		0.64901		5350	6343	993	1	PF00108|PF00195|PF07451|PF08541|PF08545	Unknown
GCF_040820825.1	contig_88	deepBGC		0.53718		1030	4148	3118	4	PF00215|PF00484|PF00793|PF02569	Unknown
GCF_040820825.1	contig_94	deepBGC	Other	0.63585		203	1373	1170	1	PF01135|PF01209|PF01555|PF01596|PF02353|PF05175|PF06325|PF08003|PF08123|PF08241|PF08242|PF12847|PF13489|PF13649|PF13679|PF13847	Terpene
GCF_015904915.1	contig_28	antiSMASH	Terpene-precursor		No	1	8976	8976	12	Fer4_12|GTP_cyclohydroI|PTPS|PT_FPPS_like|QueE	Terpene
GCF_015904385.1	contig_15	antiSMASH	Terpene-precursor		No	1	59881	59881	65	Fer4_12|GTP_cyclohydroI|PTPS|PT_FPPS_like|QueE	Terpene
GCA_040861345.1	contig_10	deepBGC	Saccharide	0.66043		37950	46518	8568	7	PF00133|PF00534|PF01135|PF01209|PF01406|PF01555|PF01588|PF01596|PF02353|PF02784|PF03061|PF05175|PF06325|PF08003|PF08123|PF08241|PF08242|PF09334|PF12847|PF13439|PF13489|PF13579|PF13649|PF13679|PF13692|PF13847	Terpene
GCA_024406955.1	contig_1	deepBGC		0.58515		47185	48415	1230	3	PF01209|PF03653|PF05425|PF08241|PF08242|PF13489|PF13649|PF13847	Unknown
GCA_024406955.1	contig_15	deepBGC		0.57968		2	3795	3793	7	PF01501|PF01715|PF02410|PF13651|PF14489|PF14819	NRPS_like
GCA_024406955.1	contig_17	deepBGC		0.65747		110507	114265	3758	5	PF00133|PF01406|PF01588|PF08003|PF08241|PF08242|PF09334|PF13489|PF13847	Unknown
GCF_014498605.1	contig_18	deepBGC	RiPP	0.71575		2	13585	13583	12	PF00005|PF00881|PF01051|PF01926|PF02463|PF02492|PF02624|PF02661|PF03193|PF06156|PF06305|PF06522|PF09972|PF13175|PF13191|PF13304|PF13476|PF13555|PF13575	RiPP
GCF_014498605.1	contig_7	deepBGC	Saccharide	0.77626		37594	49164	11570	10	PF00133|PF00534|PF01135|PF01209|PF01406|PF01588|PF01596|PF02353|PF02784|PF03061|PF03235|PF05175|PF05219|PF06325|PF07510|PF08003|PF08123|PF08241|PF08242|PF09334|PF12847|PF13439|PF13489|PF13579|PF13649|PF13679|PF13692|PF13847|PF16849	Terpene
GCF_011174935.1	contig_19	antiSMASH	Terpene-precursor		No	1	16913	16913	19	Fer4_12|GTP_cyclohydroI|PTPS|PT_FPPS_like|QueE	Terpene
GCA_024406735.1	contig_8	deepBGC	Other	0.63296		37669	42772	5103	4	PF00133|PF01135|PF01209|PF01406|PF01555|PF01588|PF01596|PF02353|PF05175|PF06325|PF08003|PF08123|PF08241|PF08242|PF09334|PF12847|PF13489|PF13649|PF13679|PF13847	Terpene
GCA_024411995.1	contig_8	antiSMASH	Terpene-precursor		No	1	8904	8904	11	Fer4_12|GTP_cyclohydroI|PTPS|PT_FPPS_like|QueE	Terpene
GCF_011140825.1	contig_36	antiSMASH	Terpene-precursor		No	1	8993	8993	12	Fer4_12|GTP_cyclohydroI|PTPS|PT_FPPS_like|QueE	Terpene
GCF_011105805.1	contig_23	antiSMASH	Terpene-precursor		No	1	6393	6393	8	Fer4_12|GTP_cyclohydroI|PTPS|PT_FPPS_like|QueE	Terpene
GCA_040862205.1	contig_6	antiSMASH	Terpene-precursor		Yes	49190	70104	20915	19	Fer4_12|GTP_cyclohydroI|PTPS|PT_FPPS_like|QueE	Terpene
GCF_001998405.1	contig_11	deepBGC		0.7265		2	20375	20373	20	PF00106|PF00107|PF00155|PF00266|PF00268|PF00398|PF00479|PF00515|PF00920|PF01041|PF01053|PF01073|PF01081|PF01135|PF01182|PF01262|PF01370|PF01416|PF01501|PF02685|PF02719|PF02781|PF02826|PF03446|PF03739|PF04321|PF05050|PF07719|PF07993|PF08238|PF08240|PF08659|PF13460|PF13561|PF13649|PF13847|PF16363	NRPS_like|RiPP
GCF_001998405.1	contig_18	deepBGC		0.61088		43406	44603	1197	2	PF01209|PF03653|PF05425|PF08241|PF08242|PF13489|PF13649|PF13847	Unknown
GCF_001998405.1	contig_2	deepBGC	Saccharide	0.72891		38854	50941	12087	10	PF00133|PF00534|PF01135|PF01209|PF01406|PF01588|PF01596|PF02353|PF02784|PF03061|PF03235|PF05175|PF06325|PF07510|PF08003|PF08123|PF08241|PF08242|PF09334|PF12847|PF13439|PF13489|PF13579|PF13649|PF13679|PF13692|PF13847|PF15919	Terpene
GCF_011140485.1	contig_12	deepBGC		0.51152		753	1407	654	1	PF03070	Unknown
GCF_011140485.1	contig_6	deepBGC		0.52265		699	3251	2552	3	PF00289|PF00364|PF00692|PF02222|PF02655|PF02785|PF02786|PF06062|PF07478|PF08443|PF15632	Unknown
GCF_011140485.1	contig_6	deepBGC		0.65546		8033	19262	11229	10	PF00106|PF00398|PF00479|PF00920|PF01073|PF01081|PF01135|PF01370|PF01416|PF02719|PF02781|PF03739|PF04321|PF07719|PF07993|PF08238|PF08659|PF13460|PF13561|PF13649|PF13847|PF16363	RiPP
GCF_011140485.1	contig_6	deepBGC	NRP	0.61631		21114	22934	1820	2	PF00107|PF01262|PF01501|PF02826|PF03446|PF08240	NRPS_like
GCF_011140485.1	contig_9	deepBGC		0.6281		4265	5063	798	1	PF08003|PF08241|PF08242|PF13489|PF13649|PF13847	Unknown
GCF_003639445.1	contig_22	deepBGC		0.74786		37680	46246	8566	7	PF00133|PF00534|PF01135|PF01209|PF01406|PF01555|PF01588|PF01596|PF02353|PF02784|PF03061|PF05175|PF06325|PF08003|PF08123|PF08241|PF08242|PF09334|PF12847|PF13439|PF13489|PF13649|PF13679|PF13692|PF13847	Terpene
GCF_003639445.1	contig_3	deepBGC		0.52252		5107	5407	300	1	PF07883	Unknown
GCF_003639445.1	contig_6	deepBGC		0.54849		14737	15367	630	1	PF00398|PF01135|PF13489|PF13649|PF13847	RiPP
GCA_024406665.1	contig_9	antiSMASH	Terpene-precursor		No	1	8406	8406	12	Fer4_12|GTP_cyclohydroI|PTPS|PT_FPPS_like|QueE	Terpene
GCF_011140485	contig_22	GECCO	Unknown	0.9946316123208524		97607	100977	3370	5	PF01041|PF06306	Unknown
GCA_024412315.1	contig_27	antiSMASH	Terpene-precursor		No	1	9391	9391	13	Fer4_12|GTP_cyclohydroI|PTPS|PT_FPPS_like|QueE	Terpene
GCA_024413025.1	contig_20	antiSMASH	Terpene-precursor		No	1	7981	7981	11	Fer4_12|GTP_cyclohydroI|PTPS|PT_FPPS_like|QueE	Terpene
GCA_024406385.1	contig_19	deepBGC		0.56755		2445	3231	786	1	PF08003|PF08241|PF08242|PF13489|PF13649|PF13847	Unknown
GCF_015904475.1	contig_29	deepBGC	Terpene	0.53041		2	1349	1347	1	PF01565|PF02913	Unknown
GCF_015904475.1	contig_29	deepBGC		0.52249		2926	4984	2058	3	PF00034|PF00293|PF04055|PF13442	Unknown
GCF_015904475.1	contig_32	deepBGC		0.55816		3413	4424	1011	1	PF01501	NRPS_like
GCF_015904475.1	contig_34	deepBGC		0.66429		17579	29698	12119	11	PF00133|PF00534|PF01135|PF01209|PF01406|PF01555|PF01588|PF02353|PF02784|PF03061|PF03235|PF05175|PF06325|PF07510|PF07927|PF08003|PF08123|PF08241|PF08242|PF09334|PF12847|PF13439|PF13489|PF13649|PF13679|PF13692|PF13847|PF15919	Terpene
GCF_015904475.1	contig_36	deepBGC	Polyketide	0.55452		40	3784	3744	3	PF00083|PF00194|PF01554|PF07690|PF14667	Unknown
GCF_015904475.1	contig_39	deepBGC		0.50244		221	776	555	1	PF01558	Unknown
GCF_015904475.1	contig_4	deepBGC		0.60777		7712	8756	1044	2	PF00398|PF01135|PF03739|PF13489|PF13649|PF13847	RiPP
GCF_015904475.1	contig_65	deepBGC		0.52704		1316	3860	2544	3	PF00389|PF00670|PF01531|PF02826	NRPS_like
GCF_015904475.1	contig_81	deepBGC		0.57932		2	134	132	1	PF00550|PF16320	PKS
GCF_015904475.1	contig_89	deepBGC		0.57499		0	2759	2759	2	PF01061|PF03797	Unknown
GCF_001998385.1	contig_7	deepBGC		0.55148		7213	8011	798	1	PF08003|PF08241|PF08242|PF13489|PF13649|PF13847	Unknown
GCF_011140415.1	contig_9	antiSMASH	Terpene-precursor		No	1	8081	8081	11	Fer4_12|GTP_cyclohydroI|PTPS|PT_FPPS_like|QueE	Terpene
GCA_040861225.1	contig_6	deepBGC		0.62955		70491	76776	6285	6	PF00106|PF00398|PF01073|PF01135|PF01370|PF01416|PF02719|PF03739|PF04321|PF07993|PF08659|PF13460|PF13489|PF13561|PF13649|PF13847|PF16363	RiPP
GCA_040862145.1	contig_16	deepBGC		0.57732		1124	3465	2341	6	PF00092|PF01636|PF07714|PF13519|PF13672	Unknown
GCA_040862145.1	contig_3	deepBGC		0.56054		16755	19803	3048	5	PF00258|PF02130|PF02668|PF07173|PF09335|PF12641|PF12724	Unknown
GCA_040862145.1	contig_3	deepBGC		0.54224		20142	22282	2140	2	PF00070|PF00890|PF01494|PF03486|PF07690|PF07992|PF12831|PF12832|PF13347|PF13434|PF13450|PF13738	Unknown
GCA_024407375.1	contig_24	deepBGC		0.50329		930	2037	1107	1	PF01501	NRPS_like
GCA_024407375.1	contig_5	deepBGC		0.75033		37754	46334	8580	7	PF00133|PF00534|PF01135|PF01209|PF01406|PF01555|PF01588|PF01596|PF02353|PF02784|PF03061|PF05175|PF06325|PF08003|PF08123|PF08241|PF08242|PF09334|PF12847|PF13439|PF13489|PF13649|PF13679|PF13692|PF13847	Terpene
GCA_024407375.1	contig_9	deepBGC		0.5012		33229	33529	300	1	PF07883	Unknown
GCF_040821505.1	contig_41	deepBGC		0.50262		189	993	804	1	PF08843	Unknown
GCF_040821505.1	contig_46	deepBGC		0.50276		16989	17619	630	1	PF00398|PF01135|PF13489|PF13649|PF13847	RiPP
GCF_040821505.1	contig_46	deepBGC	Saccharide	0.74897		71795	80375	8580	7	PF00133|PF00534|PF01135|PF01209|PF01406|PF01555|PF01588|PF01596|PF02353|PF02784|PF03061|PF05175|PF06325|PF08003|PF08123|PF08241|PF08242|PF09334|PF12847|PF13439|PF13489|PF13579|PF13649|PF13679|PF13692|PF13847	Terpene
GCF_040821505.1	contig_9	deepBGC		0.56496		33473	34746	1273	3	PF02492|PF07883	Unknown
GCF_015904725.1	contig_10	deepBGC		0.74468		37738	49334	11596	9	PF00133|PF00534|PF01135|PF01209|PF01406|PF01588|PF02353|PF02784|PF03061|PF03235|PF05175|PF06325|PF07510|PF08003|PF08123|PF08241|PF08242|PF09334|PF12847|PF13439|PF13489|PF13649|PF13679|PF13692|PF13847	Terpene
GCF_024214055.1	contig_27	antiSMASH	Terpene-precursor		No	1	60925	60925	60	Fer4_12|GTP_cyclohydroI|PTPS|PT_FPPS_like|QueE	Terpene
GCA_024407335.1	contig_25	deepBGC		0.50329		942	2049	1107	1	PF01501	NRPS_like
GCA_024407335.1	contig_3	deepBGC		0.75174		37703	46271	8568	7	PF00133|PF00534|PF01135|PF01209|PF01406|PF01555|PF01588|PF01596|PF02353|PF02784|PF03061|PF05175|PF06325|PF08003|PF08123|PF08241|PF08242|PF09334|PF12847|PF13439|PF13489|PF13649|PF13679|PF13692|PF13847	Terpene
GCF_037861775.1	contig_10	antiSMASH	Terpene-precursor		No	1	64241	64241	64	Fer4_12|GTP_cyclohydroI|PTPS|PT_FPPS_like|QueE	Terpene
GCA_024413005.1	contig_2	antiSMASH	Terpene-precursor		No	1	67082	67082	71	Fer4_12|GTP_cyclohydroI|PTPS|PT_FPPS_like|QueE	Terpene
GCA_024412515.1	contig_15	antiSMASH	Terpene-precursor		No	1	73986	73986	74	Fer4_12|GTP_cyclohydroI|PTPS|PT_FPPS_like|Pkinase|QueE	Terpene
GCF_011175225.1	contig_5	antiSMASH	Terpene-precursor		No	1	48863	48863	36	Fer4_12|GTP_cyclohydroI|PTPS|PT_FPPS_like|QueE	Terpene
GCF_003640085.1	contig_4	deepBGC		0.75151		37808	46376	8568	7	PF00133|PF00534|PF01135|PF01209|PF01406|PF01555|PF01588|PF01596|PF02353|PF02784|PF03061|PF05175|PF06325|PF08003|PF08123|PF08241|PF08242|PF09334|PF12847|PF13439|PF13489|PF13649|PF13679|PF13692|PF13847	Terpene
GCF_035621875.1	contig_1	deepBGC		0.61252		345505	350593	5088	4	PF00133|PF01135|PF01209|PF01406|PF01588|PF01596|PF02353|PF05175|PF05219|PF06325|PF08003|PF08123|PF08241|PF08242|PF09334|PF12847|PF13489|PF13649|PF13679|PF13847	Terpene
GCA_040862345.1	contig_27	antiSMASH	Terpene-precursor		No	1	8896	8896	13	Fer4_12|GTP_cyclohydroI|PTPS|PT_FPPS_like|QueE	Terpene
GCA_040862045.1	contig_15	deepBGC		0.54941		4591	5377	786	1	PF08003|PF08241|PF08242|PF13489|PF13649|PF13847	Unknown
GCA_040862045.1	contig_25	deepBGC		0.63662		15272	18707	3435	4	PF00398|PF01073|PF01135|PF01370|PF01416|PF02719|PF03739|PF04321|PF07993|PF08659|PF13460|PF13489|PF13649|PF13847|PF16363	RiPP
GCF_001999865.1	contig_22	antiSMASH	Terpene-precursor		No	1	9395	9395	12	Fer4_12|GTP_cyclohydroI|PTPS|PT_FPPS_like|QueE	Terpene
GCF_011175085.1	contig_18	antiSMASH	Terpene-precursor		No	1	63930	63930	63	Fer4_12|GTP_cyclohydroI|PTPS|PT_FPPS_like|QueE	Terpene
GCF_014498195.1	contig_24	deepBGC		0.56151		9714	10500	786	1	PF08003|PF08241|PF08242|PF13489|PF13649|PF13847	Unknown
GCF_014498195.1	contig_24	deepBGC		0.57791		64884	65418	534	1	PF05050	Unknown
GCF_014498195.1	contig_24	deepBGC		0.70763		70277	78056	7779	7	PF00106|PF00398|PF01073|PF01135|PF01370|PF01416|PF02719|PF03739|PF04321|PF07719|PF07993|PF08238|PF08659|PF13460|PF13489|PF13561|PF13649|PF13847|PF16363	RiPP
GCA_040861605.1	contig_12	deepBGC		0.68704		37717	44451	6734	6	PF00133|PF00534|PF01135|PF01209|PF01406|PF01555|PF01588|PF01596|PF02353|PF03061|PF05175|PF06325|PF08003|PF08123|PF08241|PF08242|PF09334|PF12847|PF13439|PF13489|PF13649|PF13679|PF13692|PF13847	Terpene
GCA_040861605.1	contig_5	deepBGC		0.64848		16926	19905	2979	7	PF00258|PF02130|PF02668|PF09335|PF12641|PF12724	Unknown
GCF_040821705.1	contig_67	antiSMASH	Terpene-precursor		No	1	8141	8141	12	Fer4_12|GTP_cyclohydroI|PTPS|PT_FPPS_like|QueE	Terpene
GCF_015904865	contig_18	GECCO	Unknown	0.9946316123208524		26798	30205	3407	5	PF01041|PF06306	Unknown
GCF_030062585.1	contig_1	deepBGC		0.62721		630496	631707	1211	3	PF00106|PF00550|PF08659|PF10501|PF13561|PF14573|PF16320	PKS
GCF_030062585.1	contig_1	deepBGC	RiPP	0.5691		1327372	1328002	630	1	PF00398|PF01135|PF13649|PF13847	RiPP
GCF_030062585.1	contig_1	deepBGC	Polyketide	0.50122		1333084	1333837	753	1	PF00106|PF01370|PF08659|PF13561	Unknown
GCA_040861105.1	contig_8	antiSMASH	Terpene-precursor		No	1	63969	63969	63	Fer4_12|GTP_cyclohydroI|PTPS|PT_FPPS_like|QueE	Terpene
GCA_024406475.1	contig_7	antiSMASH	Terpene-precursor		No	1	8216	8216	12	Fer4_12|GTP_cyclohydroI|PTPS|PT_FPPS_like|QueE	Terpene
GCF_037862295.1	contig_12	antiSMASH	Terpene-precursor		No	1	59629	59629	58	Fer4_12|GTP_cyclohydroI|PTPS|PT_FPPS_like|QueE	Terpene
GCF_014497335.1	contig_16	antiSMASH	Terpene-precursor		No	1	73440	73440	79	Fer4_12|GTP_cyclohydroI|PTPS|PT_FPPS_like|Pkinase|QueE	Terpene
GCA_024406785.1	contig_28	deepBGC		0.578		152	7300	7148	7	PF01075|PF01555|PF03070|PF03767|PF04264|PF13344|PF13419	Unknown
GCF_040821595.1	contig_49	antiSMASH	Terpene-precursor		No	1	60563	60563	62	Fer4_12|GTP_cyclohydroI|PTPS|PT_FPPS_like|QueE	Terpene
GCF_003639335.1	contig_26	antiSMASH	Terpene-precursor		No	1	57149	57149	60	Fer4_12|GTP_cyclohydroI|PTPS|PT_FPPS_like|Peptidase_M50|QueE	Terpene
GCA_040862305.1	contig_7	antiSMASH	Terpene-precursor		Yes	43360	64271	20912	18	Fer4_12|GTP_cyclohydroI|PTPS|PT_FPPS_like|QueE	Terpene
GCF_040821675.1	contig_52	antiSMASH	Terpene-precursor		No	1	8555	8555	13	Fer4_12|GTP_cyclohydroI|PTPS|PT_FPPS_like|QueE	Terpene
GCF_014496145.1	contig_5	deepBGC	Saccharide	0.72163		37744	49796	12052	11	PF00133|PF00534|PF01135|PF01209|PF01406|PF01588|PF02353|PF02784|PF03061|PF03235|PF05175|PF06325|PF07510|PF07927|PF08003|PF08123|PF08241|PF08242|PF09334|PF12847|PF13439|PF13489|PF13579|PF13649|PF13679|PF13692|PF13847|PF15919	Terpene
GCA_024411855.1	contig_21	deepBGC	Other	0.5986		7050	12144	5094	4	PF00133|PF01135|PF01209|PF01406|PF01588|PF01596|PF02353|PF05175|PF06325|PF08003|PF08123|PF08241|PF08242|PF09334|PF12847|PF13489|PF13649|PF13679|PF13847	Terpene
GCF_014496815.1	contig_16	deepBGC		0.53832		4141	4927	786	1	PF08003|PF08241|PF08242|PF13489|PF13649|PF13847	Unknown
GCA_040861385.1	contig_11	deepBGC	Saccharide	0.64724		37592	44298	6706	6	PF00133|PF00534|PF01135|PF01209|PF01406|PF01555|PF01588|PF01596|PF02353|PF03061|PF05175|PF06325|PF08003|PF08123|PF08241|PF08242|PF09334|PF12847|PF13439|PF13489|PF13579|PF13649|PF13679|PF13692|PF13847	Terpene
GCA_040861385.1	contig_12	deepBGC		0.56859		31334	31724	390	1	PF02668	Unknown
GCA_040861385.1	contig_13	deepBGC		0.58567		2	1457	1455	1	PF08885	Unknown
GCA_040861385.1	contig_5	deepBGC		0.67554		124709	126324	1615	4	PF13519|PF13672	Unknown
GCF_015904335.1	contig_19	antiSMASH	Terpene-precursor		No	1	8159	8159	12	Fer4_12|GTP_cyclohydroI|PTPS|PT_FPPS_like|QueE	Terpene
GCF_021184145.1	contig_1	deepBGC		0.50668		457995	458781	786	1	PF08003|PF08241|PF08242|PF13489|PF13649|PF13847	Unknown
GCF_021184145.1	contig_1	deepBGC	Other	0.56329		461922	463092	1170	1	PF01135|PF01209|PF01596|PF02353|PF05175|PF06325|PF08003|PF08123|PF08241|PF08242|PF12847|PF13489|PF13649|PF13679|PF13847	Terpene
GCF_014498845.1	contig_14	deepBGC	Saccharide	0.6715		37634	44355	6721	6	PF00133|PF00534|PF01135|PF01209|PF01406|PF01555|PF01588|PF01596|PF02353|PF03061|PF05175|PF06325|PF08003|PF08123|PF08241|PF08242|PF09334|PF12847|PF13439|PF13489|PF13579|PF13649|PF13679|PF13692|PF13847	Terpene
GCA_040862365.1	contig_7	antiSMASH	Terpene-precursor		No	1	59652	59652	60	Fer4_12|GTP_cyclohydroI|PTPS|PT_FPPS_like|QueE	Terpene
GCF_011175035.1	contig_15	antiSMASH	Azole-containing-RiPP		No	1	14132	14132	14	PF00881|YcaO	Unknown
GCF_011175035.1	contig_25	antiSMASH	Terpene-precursor		No	1	77410	77410	58	Fer4_12|GTP_cyclohydroI|PTPS|PT_FPPS_like|QueE	Terpene
GCF_014496395.1	contig_3	deepBGC	Saccharide	0.68196		38223	46789	8566	7	PF00133|PF00534|PF01135|PF01209|PF01406|PF01555|PF01588|PF01596|PF02353|PF02784|PF03061|PF05175|PF06325|PF08003|PF08123|PF08241|PF08242|PF09334|PF12847|PF13439|PF13489|PF13579|PF13649|PF13679|PF13692|PF13847	Terpene
GCF_014498675.1	contig_24	antiSMASH	Terpene-precursor		No	1	8303	8303	12	Fer4_12|GTP_cyclohydroI|PTPS|PT_FPPS_like|QueE	Terpene
GCF_015904465.1	contig_15	antiSMASH	Terpene-precursor		No	1	48705	48705	38	Fer4_12|GTP_cyclohydroI|PTPS|PT_FPPS_like|QueE	Terpene
GCA_024407555.1	contig_18	deepBGC		0.64257		587	3835	3248	7	PF00871|PF01455|PF01924|PF02492|PF07883	Unknown
GCA_024407295.1	contig_21	antiSMASH	Terpene-precursor		No	1	9130	9130	12	Fer4_12|GTP_cyclohydroI|PTPS|PT_FPPS_like|QueE	Terpene
GCF_040821725.1	contig_15	deepBGC		0.51978		2886	3186	300	1	PF07883	Unknown
GCF_040821725.1	contig_25	deepBGC		0.54668		8222	14911	6689	5	PF01219|PF01968|PF02538|PF05378|PF08882	Unknown
GCF_040821725.1	contig_63	deepBGC		0.53202		428	3418	2990	2	PF01075|PF02350	Unknown
GCF_040821725.1	contig_71	deepBGC		0.57525		3159	9733	6574	6	PF00106|PF00398|PF01073|PF01135|PF01370|PF01416|PF02719|PF03739|PF04321|PF07993|PF08659|PF13460|PF13561|PF13649|PF13847|PF16363	RiPP
GCA_040861445.1	contig_23	antiSMASH	Terpene-precursor		No	1	8192	8192	12	Fer4_12|GTP_cyclohydroI|PTPS|PT_FPPS_like|QueE	Terpene
GCA_024412575.1	contig_29	antiSMASH	Terpene-precursor		No	1	93384	93384	83	Fer4_12|GTP_cyclohydroI|PTPS|PT_FPPS_like|QueE|SIS_2	Terpene
GCF_014498615.1	contig_1	deepBGC		0.51191		87665	88409	744	1	PF00106|PF08659|PF13561	Unknown
GCF_003639675.1	contig_26	antiSMASH	Terpene-precursor		No	1	57061	57061	61	Fer4_12|GTP_cyclohydroI|PTPS|PT_FPPS_like|Peptidase_M50|QueE	Terpene
GCA_024407015.1	contig_16	deepBGC	Polyketide	0.51723		440	1616	1176	1	PF00108|PF00109|PF02803	PKS
GCA_024407015.1	contig_16	deepBGC		0.59652		7851	10149	2298	1	PF02538	Unknown
GCA_024407015.1	contig_2	deepBGC		0.60213		4048	4846	798	1	PF08003|PF08241|PF08242|PF13489|PF13649|PF13847	Unknown
GCA_024407015.1	contig_4	deepBGC		0.54236		2815	3364	549	1	PF05140	Unknown
GCA_024407015.1	contig_4	deepBGC		0.52018		4117	4833	716	2	PF00762	Unknown
GCA_024407015.1	contig_4	deepBGC		0.54785		5609	6290	681	1	PF04452	Unknown
GCA_024407015.1	contig_4	deepBGC		0.64825		9772	15647	5875	9	PF00266|PF00289|PF01041|PF01053|PF02222|PF02655|PF02785|PF02786|PF05050|PF07478|PF08443|PF13549|PF14397|PF15632	Unknown
GCA_024407015.1	contig_4	deepBGC	Polyketide	0.62386		17002	23273	6271	11	PF00106|PF00398|PF01073|PF01135|PF01370|PF01416|PF02719|PF03739|PF07993|PF08659|PF12503|PF13561|PF13649|PF13847|PF16363	RiPP
GCF_015904365.1	contig_4	antiSMASH	Terpene-precursor		No	1	103613	103613	91	Fer4_12|GTP_cyclohydroI|PTPS|PT_FPPS_like|QueE	Terpene
GCF_011140595.1	contig_12	deepBGC		0.66907		19325	26578	7253	10	PF00070|PF00258|PF00342|PF00890|PF01494|PF02130|PF02668|PF03486|PF03597|PF05977|PF07173|PF07690|PF07992|PF09335|PF12641|PF12724|PF12831|PF13347|PF13434|PF13738	Unknown
GCF_011140595.1	contig_19	deepBGC		0.57359		78726	79937	1211	3	PF00106|PF00550|PF08659|PF13561|PF14573|PF16320	PKS
GCF_011140595.1	contig_22	deepBGC		0.50622		34616	34916	300	1	PF07883	Unknown
GCA_024412005.1	contig_6	antiSMASH	Terpene-precursor		No	1	79340	79340	76	Fer4_12|GTP_cyclohydroI|PTPS|PT_FPPS_like|QueE	Terpene
GCF_011175145.1	contig_10	antiSMASH	Terpene-precursor		No	1	8137	8137	12	Fer4_12|GTP_cyclohydroI|PTPS|PT_FPPS_like|QueE	Terpene
GCF_003640155.1	contig_18	deepBGC		0.53591		1	436	435	1	PF01730	Unknown
GCF_003640155.1	contig_18	deepBGC		0.52474		997	1585	588	1	PF02293	Unknown
GCF_003640155.1	contig_25	deepBGC		0.60156		11346	16810	5464	10	PF00070|PF00258|PF00890|PF01494|PF02130|PF02668|PF03486|PF03597|PF07690|PF07992|PF09335|PF12641|PF12724|PF12831|PF13347|PF13434|PF13450|PF13738|PF17561	Unknown
GCF_003640155.1	contig_26	deepBGC	RiPP	0.53466		16761	17391	630	1	PF00398|PF01135|PF13649|PF13847	RiPP
GCF_003640155.1	contig_4	deepBGC	Saccharide	0.66907		37751	44470	6719	6	PF00133|PF00534|PF01135|PF01209|PF01406|PF01555|PF01588|PF01596|PF02353|PF03061|PF05175|PF06325|PF08003|PF08123|PF08241|PF08242|PF09334|PF12847|PF13439|PF13489|PF13579|PF13649|PF13679|PF13692|PF13847	Terpene
GCF_040821935.1	contig_15	deepBGC		0.5896		3756	10219	6463	6	PF00106|PF00398|PF01073|PF01135|PF01370|PF01416|PF02719|PF03739|PF04321|PF07993|PF08659|PF13460|PF13489|PF13561|PF13649|PF13847|PF16363	RiPP
GCF_040821935.1	contig_27	deepBGC		0.50952		218	2066	1848	1	PF02784	Unknown
GCF_040821935.1	contig_27	deepBGC	Other	0.60246		3697	8797	5100	4	PF00133|PF01135|PF01209|PF01406|PF01555|PF01588|PF01596|PF02353|PF05175|PF06325|PF08003|PF08123|PF08241|PF08242|PF09334|PF12847|PF13489|PF13649|PF13679|PF13847	Terpene
GCF_040821935.1	contig_34	deepBGC	Polyketide	0.60205		6349	9175	2826	3	PF00899|PF02661|PF05977|PF07690|PF12832	Unknown
GCF_040821935.1	contig_35	deepBGC		0.57851		2	632	630	1	PF01531	Unknown
GCF_015904905.1	contig_31	antiSMASH	Terpene-precursor		No	1	8144	8144	11	Fer4_12|GTP_cyclohydroI|PTPS|PT_FPPS_like|QueE	Terpene
GCF_003639865.1	contig_3	antiSMASH	Terpene-precursor		No	1	64520	64520	60	Fer4_12|GTP_cyclohydroI|PTPS|PT_FPPS_like|QueE	Terpene
GCF_011141055.1	contig_27	deepBGC		0.75261		38554	47122	8568	7	PF00133|PF00534|PF01135|PF01209|PF01406|PF01555|PF01588|PF01596|PF02353|PF02784|PF03061|PF05175|PF06325|PF08003|PF08123|PF08241|PF08242|PF09334|PF12847|PF13439|PF13489|PF13649|PF13679|PF13692|PF13847	Terpene
GCF_011141055.1	contig_41	deepBGC		0.64961		4075	10535	6460	6	PF00106|PF00398|PF01073|PF01135|PF01370|PF01416|PF02719|PF03739|PF04321|PF07993|PF08659|PF13460|PF13489|PF13561|PF13649|PF13847|PF16363	RiPP
GCA_040861305.1	contig_11	deepBGC		0.5492		33312	33612	300	1	PF07883	Unknown
GCA_040861305.1	contig_6	deepBGC		0.67723		80145	85690	5545	5	PF00133|PF01135|PF01209|PF01406|PF01555|PF01588|PF01596|PF02353|PF03061|PF05175|PF06325|PF08003|PF08123|PF08241|PF08242|PF09334|PF12847|PF13489|PF13649|PF13679|PF13847	Terpene
GCA_024406385.1	contig_27	antiSMASH	Terpene-precursor		No	1	65484	65484	59	Fer4_12|GTP_cyclohydroI|PTPS|PT_FPPS_like|QueE	Terpene
GCA_024407615.1	contig_18	deepBGC		0.55526		589	3825	3236	4	PF01075|PF03070|PF03767|PF04264|PF13344|PF13419	Unknown
GCA_024407615.1	contig_2	deepBGC		0.62435		3772	4570	798	1	PF08003|PF08241|PF08242|PF13489|PF13649|PF13847	Unknown
GCA_024407615.1	contig_5	deepBGC	Polyketide	0.56395		1925	3149	1224	1	PF07690	Unknown
GCF_011175335.1	contig_4	deepBGC		0.63045		4290	5076	786	1	PF08003|PF08241|PF08242|PF13489|PF13649|PF13847	Unknown
GCF_003639575.1	contig_27	deepBGC		0.60331		37809	41094	3285	2	PF00133|PF01135|PF01209|PF01406|PF01555|PF01588|PF02353|PF05175|PF06325|PF08003|PF08123|PF08241|PF08242|PF09334|PF12847|PF13489|PF13649|PF13679|PF13847	Terpene
GCF_040821375.1	contig_38	antiSMASH	Terpene-precursor		No	1	8106	8106	12	Fer4_12|GTP_cyclohydroI|PTPS|PT_FPPS_like|QueE	Terpene
GCF_011175225.1	contig_12	deepBGC		0.51021		56616	57348	732	1	PF01209|PF08241|PF08242|PF13489|PF13649|PF13847	Unknown
GCF_011175225.1	contig_24	deepBGC		0.70202		70505	79080	8575	7	PF00133|PF00534|PF01135|PF01209|PF01406|PF01555|PF01588|PF02353|PF02784|PF03061|PF05175|PF06325|PF08003|PF08123|PF08241|PF08242|PF09334|PF12847|PF13439|PF13489|PF13649|PF13679|PF13692|PF13847	Terpene
GCF_014497685.1	contig_20	antiSMASH	Terpene-precursor		No	1	66689	66689	65	Fer4_12|GTP_cyclohydroI|PTPS|PT_FPPS_like|QueE	Terpene
GCF_011175215.1	contig_1	antiSMASH	Terpene-precursor		No	1	409543	409543	391	Fer4_12|GTP_cyclohydroI|PTPS|PT_FPPS_like|QueE	Terpene
GCF_003639385.1	contig_20	antiSMASH	Terpene-precursor		No	1	8471	8471	12	Fer4_12|GTP_cyclohydroI|PTPS|PT_FPPS_like|QueE	Terpene
GCF_014497455.1	contig_4	deepBGC	Saccharide	0.74636		38107	46678	8571	7	PF00133|PF00534|PF01135|PF01209|PF01406|PF01555|PF01588|PF01596|PF02353|PF02784|PF03061|PF05175|PF06325|PF08003|PF08123|PF08241|PF08242|PF09334|PF12847|PF13439|PF13489|PF13579|PF13649|PF13679|PF13692|PF13847	Terpene
GCF_040820975.1	contig_52	antiSMASH	Terpene-precursor		No	1	65303	65303	72	Fer4_12|GTP_cyclohydroI|PTPS|PT_FPPS_like|QueE	Terpene
GCF_014498915.1	contig_17	antiSMASH	Terpene-precursor		No	1	60515	60515	65	Fer4_12|GTP_cyclohydroI|PTPS|PT_FPPS_like|QueE	Terpene
GCF_014498915.1	contig_7	antiSMASH	Azole-containing-RiPP		No	1	17379	17379	19	PF00881|ThiF|YcaO	Unknown
GCA_040861805.1	contig_25	antiSMASH	Terpene-precursor		No	1	8335	8335	11	Fer4_12|GTP_cyclohydroI|PTPS|PT_FPPS_like|QueE	Terpene
GCF_003639805.1	contig_3	deepBGC		0.75317		38252	46835	8583	7	PF00133|PF00534|PF01135|PF01209|PF01406|PF01555|PF01588|PF01596|PF02353|PF02784|PF03061|PF05175|PF06325|PF08003|PF08123|PF08241|PF08242|PF09334|PF12847|PF13439|PF13489|PF13649|PF13679|PF13692|PF13847	Terpene
GCF_003639805.1	contig_9	deepBGC		0.54464		33783	34200	417	1	PF01531	Unknown
GCF_011140935.1	contig_19	deepBGC		0.50576		7196	7994	798	1	PF08003|PF08241|PF08242|PF13489|PF13649|PF13847	Unknown
GCA_040861525.1	contig_8	antiSMASH	Terpene-precursor		No	1	60155	60155	61	Fer4_12|GTP_cyclohydroI|PTPS|PT_FPPS_like|QueE	Terpene
GCF_037861755.1	contig_2	deepBGC	Other	0.68895		37596	42673	5077	4	PF00133|PF01135|PF01209|PF01406|PF01588|PF01596|PF02353|PF05175|PF06325|PF08003|PF08123|PF08241|PF08242|PF09334|PF12847|PF13489|PF13649|PF13679|PF13847	Terpene
GCA_040860865.1	contig_8	antiSMASH	Terpene-precursor		No	1	74340	74340	80	Fer4_12|GTP_cyclohydroI|PTPS|PT_FPPS_like|Pkinase|QueE	Terpene
GCF_003382545.1	contig_18	antiSMASH	Terpene-precursor		No	1	59802	59802	64	Fer4_12|GTP_cyclohydroI|PTPS|PT_FPPS_like|QueE	Terpene
GCF_014497085.1	contig_6	deepBGC		0.52387		7059	7845	786	1	PF08003|PF08241|PF08242|PF13489|PF13649|PF13847	Unknown
GCF_014497085.1	contig_7	deepBGC	RiPP	0.56976		27604	28234	630	1	PF00398|PF01135|PF13649|PF13847	RiPP
GCF_015904675.1	contig_34	antiSMASH	Terpene-precursor		No	1	8956	8956	12	Fer4_12|GTP_cyclohydroI|PTPS|PT_FPPS_like|QueE	Terpene
GCA_040861365.1	contig_12	antiSMASH	Terpene-precursor		No	1	59341	59341	57	Fer4_12|GTP_cyclohydroI|PTPS|PT_FPPS_like|QueE	Terpene
GCF_011140655.1	contig_35	antiSMASH	Terpene-precursor		No	1	123574	123574	119	Fer4_12|GTP_cyclohydroI|PTPS|PT_FPPS_like|QueE	Terpene
GCF_011140555.1	contig_14	deepBGC		0.51515		34628	34928	300	1	PF07883	Unknown
GCF_011140555.1	contig_21	deepBGC	Polyketide	0.54312		343	1567	1224	1	PF07690	Unknown
GCF_011140555.1	contig_32	deepBGC		0.50487		7255	8053	798	1	PF08003|PF08241|PF08242|PF13489|PF13649|PF13847	Unknown
GCF_011140555.1	contig_32	deepBGC		0.60027		66666	76966	10300	9	PF00106|PF00398|PF00920|PF01073|PF01081|PF01135|PF01370|PF01416|PF02719|PF03739|PF04321|PF07719|PF07993|PF08238|PF08659|PF13460|PF13489|PF13561|PF13649|PF13847|PF16363	RiPP
GCF_011140555.1	contig_32	deepBGC	NRP	0.62509		78989	83311	4322	4	PF00107|PF01262|PF01501|PF02685|PF02826|PF03446|PF08240	NRPS_like
GCF_014497025.1	contig_3	deepBGC	Saccharide	0.66075		37694	46262	8568	7	PF00133|PF00534|PF01135|PF01209|PF01406|PF01555|PF01588|PF01596|PF02353|PF02784|PF03061|PF05175|PF06325|PF08003|PF08123|PF08241|PF08242|PF09334|PF12847|PF13439|PF13489|PF13579|PF13649|PF13679|PF13692|PF13847	Terpene
GCF_011140925.1	contig_3	deepBGC		0.69024		38706	47285	8579	7	PF00133|PF00534|PF01135|PF01209|PF01406|PF01555|PF01588|PF02353|PF02784|PF03061|PF05175|PF06325|PF08003|PF08123|PF08241|PF08242|PF09334|PF12847|PF13439|PF13489|PF13649|PF13679|PF13692|PF13847	Terpene
GCF_040820845.1	contig_36	antiSMASH	Terpene-precursor		No	1	11070	11070	14	Fer4_12|GTP_cyclohydroI|PTPS|PT_FPPS_like|QueE	Terpene
GCA_024406795.1	contig_5	deepBGC		0.53618		38952	39210	258	1	PF00133|PF01406|PF09334	Unknown
GCA_024406795.1	contig_7	deepBGC		0.65326		19772	33745	13973	17	PF00106|PF00266|PF00268|PF00398|PF00920|PF01041|PF01073|PF01081|PF01135|PF01370|PF01416|PF02719|PF03739|PF04321|PF05050|PF07719|PF07993|PF08238|PF08659|PF13460|PF13561|PF13649|PF13847|PF16363	RiPP
GCF_011140365.1	contig_24	deepBGC		0.85135		39004	53662	14658	16	PF00133|PF00534|PF01135|PF01209|PF01406|PF01588|PF01596|PF02353|PF02784|PF03061|PF03235|PF05175|PF06325|PF08003|PF08123|PF08241|PF08242|PF09334|PF10482|PF10579|PF12847|PF13439|PF13489|PF13649|PF13679|PF13692|PF13847	Terpene
GCF_011140365.1	contig_9	deepBGC		0.50096		2443	2743	300	1	PF07883	Unknown
GCA_040862325.1	contig_10	antiSMASH	Terpene-precursor		No	1	75913	75913	81	Fer4_12|GTP_cyclohydroI|PTPS|PT_FPPS_like|QueE	Terpene
GCF_014498545.1	contig_15	antiSMASH	Terpene-precursor		No	1	9353	9353	13	Fer4_12|GTP_cyclohydroI|PTPS|PT_FPPS_like|QueE	Terpene
GCF_040820915.1	contig_104	deepBGC		0.68006		50	4520	4470	5	PF00268|PF00398|PF01073|PF01135|PF01370|PF01416|PF02719|PF03739|PF04321|PF07993|PF08659|PF13460|PF13489|PF13649|PF13847|PF16363	RiPP
GCF_040820915.1	contig_107	deepBGC	Polyketide	0.63487		222	4230	4008	4	PF00106|PF01073|PF01370|PF01488|PF02169|PF02719|PF03349|PF03435|PF04321|PF05368|PF07993|PF08659|PF13460|PF16363	Unknown
GCF_040820915.1	contig_110	deepBGC		0.5428		660	2058	1398	1	PF02521	Unknown
GCF_040820915.1	contig_15	deepBGC		0.77706		0	1977	1977	3	PF00069|PF07714|PF13672	Unknown
GCF_040820915.1	contig_26	deepBGC	Saccharide	0.68603		37537	46104	8567	7	PF00133|PF00534|PF01135|PF01209|PF01406|PF01555|PF01588|PF01596|PF02353|PF02784|PF03061|PF05175|PF06325|PF08003|PF08123|PF08241|PF08242|PF09334|PF12847|PF13439|PF13489|PF13579|PF13649|PF13679|PF13692|PF13847	Terpene
GCF_040820915.1	contig_26	deepBGC		0.55319		50435	52181	1746	2	PF03235|PF07510	Unknown
GCF_040820915.1	contig_38	deepBGC	Polyketide	0.64185		5215	17172	11957	12	PF00108|PF00109|PF01144|PF01219|PF01869|PF01968|PF02538|PF02667|PF02803|PF03606|PF03806|PF05378|PF08882|PF09982|PF13336	PKS
GCF_040820915.1	contig_6	deepBGC		0.51131		2235	3426	1191	1	PF01501	NRPS_like
GCF_040820915.1	contig_64	deepBGC	Polyketide	0.54998		4624	6824	2200	2	PF00109|PF01039|PF02801|PF03255	PKS
GCF_040820915.1	contig_67	deepBGC		0.52111		104	521	417	1	PF01029	Unknown
GCF_040820915.1	contig_73	deepBGC		0.62299		5498	6491	993	1	PF00108|PF00195|PF07451|PF08541|PF08545	Unknown
GCF_040820915.1	contig_93	deepBGC	NRP	0.56765		3146	5516	2370	2	PF00107|PF01262|PF01501|PF02826|PF03446|PF08240	NRPS_like
GCA_024406375.1	contig_11	deepBGC	Other	0.73639		127827	132915	5088	4	PF00133|PF01135|PF01209|PF01406|PF01555|PF01588|PF01596|PF02353|PF05175|PF06325|PF08003|PF08123|PF08241|PF08242|PF09334|PF12847|PF13489|PF13649|PF13679|PF13847	Terpene
GCA_024406375.1	contig_3	deepBGC		0.51743		34079	34379	300	1	PF07883	Unknown
GCA_024406375.1	contig_6	deepBGC	RiPP	0.61979		1	127	126	1	PF00005|PF02463|PF13476|PF13555	RiPP
GCA_024406375.1	contig_6	deepBGC	RiPP	0.60257		2075	3398	1323	1	PF02624	RiPP
GCF_040821395.1	contig_105	deepBGC		0.80567		51	4521	4470	5	PF00268|PF00398|PF01073|PF01135|PF01370|PF01416|PF02719|PF03739|PF04321|PF07993|PF08659|PF13460|PF13489|PF13649|PF13847|PF16363	RiPP
GCF_040821395.1	contig_110	deepBGC	Terpene	0.61009		2	4683	4681	5	PF00884|PF03544|PF04909|PF13088	Terpene
GCF_040821395.1	contig_14	deepBGC		0.55475		2	1049	1047	1	PF01501	NRPS_like
GCF_040821395.1	contig_48	deepBGC	NRP	0.60823		0	4726	4726	4	PF00107|PF01262|PF01501|PF02685|PF02826|PF03446|PF08240	NRPS_like
GCF_040821395.1	contig_48	deepBGC	Polyketide	0.567		5405	11100	5695	5	PF00106|PF00479|PF00515|PF00920|PF01081|PF01370|PF02781|PF07719|PF08238|PF08659|PF13561	Unknown
GCF_040821395.1	contig_54	deepBGC	Polyketide	0.79821		378	3891	3513	5	PF00106|PF00109|PF00550|PF01039|PF02801|PF03255|PF08659|PF10501|PF13561|PF14573|PF16320	PKS
GCF_040821395.1	contig_6	deepBGC	Polyketide	0.52026		59	1205	1146	1	PF00083|PF06779|PF07690	Unknown
GCF_040821395.1	contig_68	deepBGC		0.60355		4199	4985	786	1	PF08003|PF08241|PF08242|PF13489|PF13649|PF13847	Unknown
GCF_040821395.1	contig_97	deepBGC		0.5769		21	1299	1278	3	PF02492|PF07883	Unknown
GCF_040821885.1	contig_37	antiSMASH	Terpene-precursor		No	1	10192	10192	14	Fer4_12|GTP_cyclohydroI|PTPS|PT_FPPS_like|QueE	Terpene
GCA_024412135.1	contig_14	deepBGC		0.52167		7228	8014	786	1	PF08003|PF08241|PF08242|PF13489|PF13649|PF13847	Unknown
GCA_024412135.1	contig_14	deepBGC	Other	0.63033		11147	12317	1170	1	PF01135|PF01209|PF01555|PF01596|PF02353|PF05175|PF06325|PF08003|PF08123|PF08241|PF08242|PF12847|PF13489|PF13649|PF13679|PF13847	Terpene
GCF_011140875.1	contig_11	antiSMASH	Terpene-precursor		No	1	76744	76744	74	Fer4_12|GTP_cyclohydroI|PTPS|PT_FPPS_like|QueE	Terpene
GCF_040821775.1	contig_44	antiSMASH	Terpene-precursor		No	1	56543	56543	60	Fer4_12|GTP_cyclohydroI|PTPS|PT_FPPS_like|Peptidase_M50|QueE	Terpene
GCF_003639965.1	contig_23	antiSMASH	Terpene-precursor		No	1	8256	8256	12	Fer4_12|GTP_cyclohydroI|PTPS|PT_FPPS_like|QueE	Terpene
GCF_040821655.1	contig_3	deepBGC	NRP	0.60043		190	13986	13796	7	PF00278|PF00425|PF00795|PF01063|PF01817|PF02691|PF02784|PF03077|PF03797|PF09924|PF13664	Unknown
GCF_040821655.1	contig_6	deepBGC	Polyketide	0.60549		18853	20693	1840	2	PF00106|PF01370|PF07719|PF08238|PF08659|PF13561	Unknown
GCF_040821655.1	contig_6	deepBGC		0.69294		25874	31703	5829	9	PF00155|PF00266|PF00268|PF00398|PF01041|PF01135|PF05050|PF10422|PF13489|PF13649|PF13847	RiPP
GCF_040821655.1	contig_66	deepBGC		0.63461		3569	4355	786	1	PF08003|PF08241|PF08242|PF13489|PF13649|PF13847	Unknown
GCF_040821655.1	contig_83	deepBGC		0.63277		93	2127	2034	2	PF00108|PF00195|PF02504|PF07451|PF08541|PF08545	Unknown
GCF_040821655.1	contig_85	deepBGC		0.57479		243	3497	3254	4	PF01075|PF03070|PF03767|PF04264|PF13344|PF13419	Unknown
GCF_040821655.1	contig_88	deepBGC	Polyketide	0.60313		469	3694	3225	3	PF01361|PF06779|PF07690|PF13454|PF14552	Unknown
GCF_040821655.1	contig_92	deepBGC	Polyketide	0.54763		201	1361	1160	2	PF01925|PF07690|PF13347|PF17561	Unknown
GCA_040860985.1	contig_19	antiSMASH	Terpene-precursor		No	1	8204	8204	12	Fer4_12|GTP_cyclohydroI|PTPS|PT_FPPS_like|QueE	Terpene
GCF_040821295.1	contig_27	deepBGC		0.61872		1	520	519	1	PF01531	Unknown
GCF_040821295.1	contig_37	deepBGC	Polyketide	0.90169		1125	9883	8758	9	PF00106|PF00266|PF00268|PF00398|PF01041|PF01073|PF01135|PF01370|PF01416|PF02719|PF03739|PF04321|PF07993|PF08659|PF13489|PF13561|PF13649|PF13847|PF16363	RiPP
GCF_040821295.1	contig_54	deepBGC		0.6859		37658	44379	6721	6	PF00133|PF00534|PF01135|PF01209|PF01406|PF01555|PF01588|PF01596|PF02353|PF03061|PF05175|PF06325|PF08003|PF08123|PF08241|PF08242|PF09334|PF12847|PF13439|PF13489|PF13649|PF13679|PF13692|PF13847	Terpene
GCF_003639685.1	contig_14	antiSMASH	Terpene-precursor		Yes	8415	29326	20912	23	Fer4_12|GTP_cyclohydroI|PTPS|PT_FPPS_like|QueE	Terpene
GCA_024412355.1	contig_15	antiSMASH	Terpene-precursor		No	1	59999	59999	58	Fer4_12|GTP_cyclohydroI|PTPS|PT_FPPS_like|QueE	Terpene
GCA_024406955.1	contig_20	antiSMASH	Terpene-precursor		No	1	101164	101164	105	Fer4_12|GTP_cyclohydroI|PTPS|PT_FPPS_like|QueE	Terpene
GCF_014498125.1	contig_15	deepBGC	Other	0.61308		37657	40939	3282	2	PF00133|PF01135|PF01209|PF01406|PF01555|PF01588|PF01596|PF02353|PF05175|PF06325|PF08003|PF08123|PF08241|PF08242|PF09334|PF12847|PF13489|PF13649|PF13679|PF13847	Terpene
GCF_014496965.1	contig_18	deepBGC	RiPP	0.52255		5577	8369	2792	2	PF00005|PF01636|PF13175|PF13304|PF13476|PF13575	Unknown
GCF_014496965.1	contig_7	deepBGC	Saccharide	0.8069		37853	46907	9054	8	PF00133|PF00534|PF01135|PF01209|PF01406|PF01588|PF02353|PF02784|PF03061|PF05175|PF06325|PF08003|PF08123|PF08241|PF08242|PF09334|PF12847|PF13439|PF13489|PF13579|PF13649|PF13679|PF13692|PF13847|PF15919	Terpene
GCF_014498245.1	contig_17	antiSMASH	Terpene-precursor		No	1	8432	8432	12	Fer4_12|GTP_cyclohydroI|PTPS|PT_FPPS_like|QueE	Terpene
GCF_011175135	contig_9	GECCO	Unknown	0.9946316123248006		95808	99177	3369	5	PF01041|PF06306	Unknown
GCF_003639725.1	contig_28	deepBGC		0.65952		37907	46489	8582	7	PF00133|PF00534|PF01135|PF01209|PF01406|PF01555|PF01588|PF01596|PF02353|PF02784|PF03061|PF05175|PF06325|PF08003|PF08123|PF08241|PF08242|PF09334|PF12847|PF13439|PF13489|PF13649|PF13679|PF13692|PF13847	Terpene
GCF_003639725.1	contig_28	deepBGC		0.52659		52611	53112	501	1	PF04886	Unknown
GCA_040861285.1	contig_7	antiSMASH	Terpene-precursor		No	1	61863	61863	64	Fer4_12|GTP_cyclohydroI|PTPS|PT_FPPS_like|Peptidase_M50|QueE	Terpene
GCF_014497825	contig_1	GECCO	Unknown	0.99473438929949		102326	105517	3191	5	PF01041|PF06306	Unknown
GCF_015904225.1	contig_18	deepBGC		0.51419		2594	3698	1104	1	PF01501	NRPS_like
GCF_015904225.1	contig_7	deepBGC	NRP	0.58436		2	4396	4394	4	PF00107|PF01262|PF01501|PF02685|PF02826|PF03446|PF08240	NRPS_like
GCF_015904225.1	contig_7	deepBGC		0.53875		5075	8884	3809	3	PF00479|PF00920|PF01081|PF02781	Unknown
GCF_015904225.1	contig_7	deepBGC	Polyketide	0.53354		10068	10821	753	1	PF00106|PF01370|PF08659|PF13561	Unknown
GCF_015904225.1	contig_7	deepBGC		0.64324		15906	16536	630	1	PF00398|PF01135|PF13489|PF13649|PF13847	RiPP
GCF_015904225.1	contig_7	deepBGC		0.75334		70838	79416	8578	7	PF00133|PF00534|PF01135|PF01209|PF01406|PF01555|PF01588|PF02353|PF02784|PF03061|PF05175|PF06325|PF08003|PF08123|PF08241|PF08242|PF09334|PF12847|PF13439|PF13489|PF13649|PF13679|PF13692|PF13847	Terpene
GCF_040821045.1	contig_1	deepBGC		0.55991		4021	4807	786	1	PF08003|PF08241|PF08242|PF13489|PF13649|PF13847	Unknown
GCF_040821045.1	contig_19	deepBGC	Polyketide	0.67996		364	3877	3513	5	PF00106|PF00109|PF00550|PF01039|PF02801|PF03255|PF08659|PF10501|PF13561|PF16320	PKS
GCF_040821045.1	contig_20	deepBGC		0.56056		1916	3195	1279	3	PF02492|PF07883	Unknown
GCF_040821045.1	contig_53	deepBGC		0.58509		0	3366	3366	3	PF00490|PF01709|PF08238	Unknown
GCA_040862505.1	contig_17	antiSMASH	Terpene-precursor		No	1	8364	8364	12	Fer4_12|GTP_cyclohydroI|PTPS|PT_FPPS_like|QueE	Terpene
GCF_040821505.1	contig_14	antiSMASH	Terpene-precursor		No	1	20607	20607	24	DAO|Fer4_12|GTP_cyclohydroI|PTPS|PT_FPPS_like|QueE	Terpene
GCA_040857625.1	contig_4	deepBGC		0.55421		4340	5126	786	1	PF08003|PF08241|PF08242|PF13489|PF13649|PF13847	Unknown
GCF_003639905.1	contig_13	deepBGC		0.5496		119217	119685	468	1	PF01531	Unknown
GCF_003639905.1	contig_4	deepBGC	Saccharide	0.69004		38329	46895	8566	7	PF00133|PF00534|PF01135|PF01209|PF01406|PF01555|PF01588|PF02353|PF02784|PF03061|PF05175|PF06325|PF08003|PF08123|PF08241|PF08242|PF09334|PF12847|PF13439|PF13489|PF13579|PF13649|PF13679|PF13692|PF13847	Terpene
GCF_003639855.1	contig_19	deepBGC	Other	0.70932		37748	42847	5099	4	PF00133|PF01135|PF01209|PF01406|PF01555|PF01588|PF01596|PF02353|PF05175|PF06325|PF08003|PF08123|PF08241|PF08242|PF09334|PF12847|PF13489|PF13649|PF13679|PF13847	Terpene
GCF_040821655.1	contig_52	antiSMASH	Terpene-precursor		No	1	9751	9751	13	Fer4_12|GTP_cyclohydroI|PTPS|PT_FPPS_like|QueE	Terpene
GCF_014497525.1	contig_19	deepBGC		0.75185		38725	47296	8571	7	PF00133|PF00534|PF01135|PF01209|PF01406|PF01555|PF01588|PF01596|PF02353|PF02784|PF03061|PF05175|PF06325|PF08003|PF08123|PF08241|PF08242|PF09334|PF12847|PF13439|PF13489|PF13649|PF13679|PF13692|PF13847	Terpene
GCF_014497415.1	contig_20	deepBGC		0.73203		38481	47541	9060	9	PF00133|PF00534|PF01135|PF01209|PF01406|PF01588|PF01596|PF02353|PF02784|PF03061|PF05175|PF06325|PF07927|PF08003|PF08123|PF08241|PF08242|PF09334|PF12847|PF13439|PF13489|PF13649|PF13679|PF13692|PF13847|PF15919	Terpene
GCF_014497415.1	contig_3	deepBGC		0.51573		11442	11976	534	1	PF05050	Unknown
GCF_014497415.1	contig_3	deepBGC		0.56398		16779	23432	6653	6	PF00106|PF00398|PF01073|PF01135|PF01370|PF01416|PF02719|PF03739|PF04321|PF07993|PF08659|PF13460|PF13489|PF13561|PF13649|PF13847|PF16363	RiPP
GCA_040861785.1	contig_9	antiSMASH	Terpene-precursor		No	1	60336	60336	61	Fer4_12|GTP_cyclohydroI|PTPS|PT_FPPS_like|QueE	Terpene
GCF_011105755.1	contig_42	deepBGC	Saccharide	0.67611		37848	47861	10013	9	PF00133|PF00534|PF01135|PF01209|PF01406|PF01555|PF01588|PF01596|PF02353|PF02784|PF03061|PF05175|PF06325|PF07510|PF08003|PF08123|PF08241|PF08242|PF09334|PF12847|PF13439|PF13489|PF13579|PF13649|PF13679|PF13692|PF13847	Terpene
GCF_011105755.1	contig_6	deepBGC	Polyketide	0.71196		2	12571	12569	11	PF00106|PF00107|PF00479|PF00920|PF01073|PF01081|PF01182|PF01262|PF01370|PF01501|PF02685|PF02719|PF02781|PF02826|PF03446|PF04321|PF07719|PF07993|PF08238|PF08240|PF08659|PF13561|PF16363	NRPS_like
GCF_011105755.1	contig_6	deepBGC	RiPP	0.74405		14341	16006	1665	2	PF00268|PF00398|PF01135|PF13649|PF13847	RiPP
GCA_040861745.1	contig_26	antiSMASH	Terpene-precursor		No	1	8951	8951	13	Fer4_12|GTP_cyclohydroI|PTPS|PT_FPPS_like|QueE	Terpene
GCA_040861025.1	contig_8	antiSMASH	Terpene-precursor		No	1	57773	57773	58	Fer4_12|GTP_cyclohydroI|PTPS|PT_FPPS_like|QueE	Terpene
GCA_015904695.1	contig_145	antiSMASH	Terpene-precursor		No	1	3621	3621	6	GTP_cyclohydroI|PTPS|PT_FPPS_like	Terpene
GCF_014496705.1	contig_19	deepBGC		0.55566		4353	5139	786	1	PF08003|PF08241|PF08242|PF13489|PF13649|PF13847	Unknown
GCF_011140425.1	contig_1	deepBGC		0.74183		37594	49236	11642	9	PF00133|PF00534|PF01135|PF01209|PF01406|PF01588|PF01596|PF02353|PF02784|PF03061|PF03235|PF05175|PF06325|PF07510|PF08003|PF08123|PF08241|PF08242|PF09334|PF12847|PF13439|PF13489|PF13649|PF13679|PF13692|PF13847	Terpene
GCF_014497695.1	contig_9	deepBGC		0.55		33098	33539	441	1	PF01531	Unknown
GCF_014497735.1	contig_14	antiSMASH	Terpene-precursor		No	1	8242	8242	12	Fer4_12|GTP_cyclohydroI|PTPS|PT_FPPS_like|QueE	Terpene
GCA_024407075.1	contig_27	antiSMASH	Terpene-precursor		No	1	68412	68412	76	Fer4_12|GTP_cyclohydroI|PTPS|PT_FPPS_like|QueE	Terpene
GCA_040861705.1	contig_8	deepBGC		0.69206		37590	46158	8568	7	PF00133|PF00534|PF01135|PF01209|PF01406|PF01555|PF01588|PF01596|PF02353|PF02784|PF03061|PF05175|PF06325|PF08003|PF08123|PF08241|PF08242|PF09334|PF12847|PF13439|PF13489|PF13649|PF13679|PF13692|PF13847	Terpene
GCA_040860925.1	contig_11	deepBGC		0.58448		16548	22833	6285	6	PF00106|PF00398|PF01073|PF01135|PF01370|PF01416|PF02719|PF03739|PF04321|PF07993|PF08659|PF13460|PF13489|PF13561|PF13649|PF13847|PF16363	RiPP
GCF_014498585.1	contig_12	deepBGC		0.61313		104352	107841	3489	3	PF00108|PF00195|PF07451|PF08541|PF08545|PF11697	Unknown
GCF_014498585.1	contig_16	deepBGC		0.65891		31040	39606	8566	7	PF00133|PF00534|PF01135|PF01209|PF01406|PF01555|PF01588|PF01596|PF02353|PF02784|PF03061|PF05175|PF06325|PF08003|PF08123|PF08241|PF08242|PF09334|PF12847|PF13439|PF13489|PF13649|PF13679|PF13692|PF13847	Terpene
GCF_014498165.1	contig_15	deepBGC		0.80576		17018	24338	7320	12	PF00070|PF00258|PF00342|PF00890|PF01494|PF02130|PF02668|PF03486|PF03597|PF05977|PF07690|PF07992|PF09335|PF12641|PF12724|PF12831|PF13434|PF13450|PF13738	Unknown
GCF_014498165.1	contig_18	deepBGC		0.53206		318	3404	3086	7	PF00069|PF00092|PF01163|PF01636|PF07714|PF13519|PF13672	Unknown
GCF_014498165.1	contig_19	deepBGC	Polyketide	0.56282		16773	23061	6288	6	PF00106|PF00398|PF01073|PF01135|PF01370|PF01416|PF02719|PF03739|PF04321|PF07993|PF08659|PF13489|PF13561|PF13649|PF13847|PF16363	RiPP
GCA_040862405.1	contig_27	antiSMASH	Terpene-precursor		No	1	8386	8386	11	Fer4_12|GTP_cyclohydroI|PTPS|PT_FPPS_like|QueE	Terpene
GCF_014498745	contig_13	GECCO	Unknown	0.994529222052868		123067	126793	3726	5	PF01041|PF06306	Unknown
GCA_024406755.1	contig_19	deepBGC		0.75061		37829	46409	8580	7	PF00133|PF00534|PF01135|PF01209|PF01406|PF01555|PF01588|PF01596|PF02353|PF02784|PF03061|PF05175|PF06325|PF08003|PF08123|PF08241|PF08242|PF09334|PF12847|PF13439|PF13489|PF13649|PF13679|PF13692|PF13847	Terpene
GCA_040862445.1	contig_23	antiSMASH	Terpene-precursor		No	1	8979	8979	12	Fer4_12|GTP_cyclohydroI|PTPS|PT_FPPS_like|QueE	Terpene
GCF_040821815.1	contig_2	deepBGC		0.53095		41782	42993	1211	3	PF00106|PF00550|PF08659|PF10501|PF13561|PF14573|PF16320	PKS
GCF_040821815.1	contig_33	deepBGC		0.56512		4215	5001	786	1	PF08003|PF08241|PF08242|PF13489|PF13649|PF13847	Unknown
GCF_040821815.1	contig_37	deepBGC		0.55475		0	1050	1050	1	PF01501	NRPS_like
GCF_040821815.1	contig_8	deepBGC		0.52401		14671	15301	630	1	PF00398|PF01135|PF13489|PF13649|PF13847	RiPP
GCF_040821495.1	contig_55	antiSMASH	Terpene-precursor		No	1	56796	56796	58	Fer4_12|GTP_cyclohydroI|PTPS|PT_FPPS_like|Peptidase_M50|QueE	Terpene
GCF_015904925.1	contig_35	antiSMASH	Terpene-precursor		No	1	8939	8939	11	Fer4_12|GTP_cyclohydroI|PTPS|PT_FPPS_like|QueE	Terpene
GCA_024412295.1	contig_19	antiSMASH	Terpene-precursor		No	1	59421	59421	58	Fer4_12|GTP_cyclohydroI|PTPS|PT_FPPS_like|QueE	Terpene
GCA_040861725.1	contig_9	antiSMASH	Terpene-precursor		No	1	59953	59953	63	Fer4_12|GTP_cyclohydroI|PTPS|PT_FPPS_like|QueE	Terpene
GCF_014497605.1	contig_20	deepBGC		0.51379		43368	44109	741	1	PF01209|PF08241|PF08242|PF13489|PF13649|PF13847	Unknown
GCF_014497605.1	contig_3	deepBGC		0.53102		818	2666	1848	1	PF02784	Unknown
GCF_014497605.1	contig_3	deepBGC	Other	0.63963		4298	9390	5092	4	PF00133|PF01135|PF01209|PF01406|PF01588|PF01596|PF02353|PF05175|PF06325|PF08003|PF08123|PF08241|PF08242|PF09334|PF12847|PF13489|PF13649|PF13679|PF13847	Terpene
GCF_036455215.1	contig_7	antiSMASH	Terpene-precursor		No	1	57544	57544	56	Fer4_12|GTP_cyclohydroI|PTPS|PT_FPPS_like|QueE	Terpene
GCA_024406245.1	contig_9	deepBGC		0.56582		4305	5091	786	1	PF08003|PF08241|PF08242|PF13489|PF13649|PF13847	Unknown
GCF_014496395.1	contig_15	antiSMASH	Terpene-precursor		No	1	8299	8299	12	Fer4_12|GTP_cyclohydroI|PTPS|PT_FPPS_like|QueE	Terpene
GCF_015905125.1	contig_20	antiSMASH	Terpene-precursor		No	1	9063	9063	12	Fer4_12|GTP_cyclohydroI|PTPS|PT_FPPS_like|QueE	Terpene
GCF_003639565.1	contig_10	deepBGC	RiPP	0.57533		0	123	123	1	PF00005|PF02463|PF13476|PF13555	RiPP
GCF_003639565.1	contig_10	deepBGC	RiPP	0.58707		2071	3235	1164	1	PF02624	RiPP
GCF_003639565.1	contig_3	deepBGC		0.6828		39026	45768	6742	6	PF00133|PF00534|PF01135|PF01209|PF01406|PF01555|PF01588|PF01596|PF02353|PF03061|PF05175|PF06325|PF08003|PF08123|PF08241|PF08242|PF09334|PF12847|PF13439|PF13489|PF13649|PF13679|PF13692|PF13847	Terpene
GCF_015904825.1	contig_21	antiSMASH	Terpene-precursor		No	1	8040	8040	12	Fer4_12|GTP_cyclohydroI|PTPS|PT_FPPS_like|QueE	Terpene
GCF_003382505.1	contig_13	deepBGC	Other	0.7124		109213	114301	5088	4	PF00133|PF01135|PF01209|PF01406|PF01555|PF01588|PF01596|PF02353|PF05175|PF06325|PF08003|PF08123|PF08241|PF08242|PF09334|PF12847|PF13489|PF13649|PF13679|PF13847	Terpene
GCF_040820855.1	contig_81	antiSMASH	Terpene-precursor		No	1	10165	10165	14	Fer4_12|GTP_cyclohydroI|PTPS|PT_FPPS_like|QueE	Terpene
GCF_011140475.1	contig_4	antiSMASH	Terpene-precursor		No	1	10107	10107	12	Fer4_12|GTP_cyclohydroI|PTPS|PT_FPPS_like|QueE	Terpene
GCF_003640025.1	contig_26	deepBGC	Saccharide	0.68934		38490	47071	8581	7	PF00133|PF00534|PF01135|PF01209|PF01406|PF01555|PF01588|PF02353|PF02784|PF03061|PF05175|PF06325|PF08003|PF08123|PF08241|PF08242|PF09334|PF12847|PF13439|PF13489|PF13579|PF13649|PF13679|PF13692|PF13847	Terpene
GCF_003640025.1	contig_8	deepBGC		0.50073		5048	5348	300	1	PF07883	Unknown
GCA_024407045.1	contig_23	deepBGC	Other	0.7141		37600	42691	5091	4	PF00133|PF01135|PF01209|PF01406|PF01555|PF01588|PF01596|PF02353|PF03399|PF05175|PF06325|PF08003|PF08123|PF08241|PF08242|PF09334|PF12847|PF13489|PF13649|PF13679|PF13847	Terpene
GCA_024407385.1	contig_3	deepBGC		0.51403		9792	10590	798	1	PF08003|PF08241|PF08242|PF13489|PF13649|PF13847	Unknown
GCF_011140595.1	contig_2	antiSMASH	Terpene-precursor		No	1	11162	11162	13	Fer4_12|GTP_cyclohydroI|PTPS|PT_FPPS_like|QueE	Terpene
GCA_040861485.1	contig_27	deepBGC		0.63573		140	5689	5549	5	PF00133|PF01135|PF01209|PF01406|PF01555|PF01588|PF01596|PF02353|PF03061|PF05175|PF06325|PF08003|PF08123|PF08241|PF08242|PF09334|PF12847|PF13489|PF13649|PF13679|PF13847	Terpene
GCA_024406375.1	contig_15	antiSMASH	Terpene-precursor		No	1	60381	60381	63	Fer4_12|GTP_cyclohydroI|PTPS|PT_FPPS_like|QueE	Terpene
GCA_024406375.1	contig_6	antiSMASH	Azole-containing-RiPP		No	1	13853	13853	15	PF00881|YcaO	Unknown
GCA_040861305.1	contig_7	antiSMASH	Terpene-precursor		No	1	75699	75699	80	Fer4_12|GTP_cyclohydroI|PTPS|PT_FPPS_like|Pkinase|QueE	Terpene
GCF_014497485.1	contig_13	antiSMASH	Terpene-precursor		No	1	9461	9461	13	Fer4_12|GTP_cyclohydroI|PTPS|PT_FPPS_like|QueE	Terpene
GCF_014497635.1	contig_1	deepBGC		0.56888		339307	340525	1218	2	PF01209|PF03653|PF05425|PF08241|PF08242|PF13489|PF13649|PF13847	Unknown
GCF_014497635.1	contig_2	deepBGC		0.79221		38011	49616	11605	10	PF00133|PF00534|PF01135|PF01209|PF01406|PF01588|PF01596|PF02353|PF02784|PF03061|PF03235|PF05175|PF06325|PF07510|PF08003|PF08123|PF08241|PF08242|PF09334|PF12847|PF13439|PF13489|PF13649|PF13679|PF13692|PF13847	Terpene
GCF_014497635.1	contig_6	deepBGC		0.50914		4831	5131	300	1	PF07883	Unknown
GCF_015904535.1	contig_22	antiSMASH	Terpene-precursor		No	1	25830	25830	32	Fer4_12|GTP_cyclohydroI|PF00881|PTPS|PT_FPPS_like|QueE	Terpene
GCA_024412315.1	contig_32	deepBGC		0.51003		338	1736	1398	1	PF02521	Unknown
GCA_024412315.1	contig_34	deepBGC	Saccharide	0.71328		80686	92319	11633	10	PF00133|PF00534|PF01135|PF01209|PF01406|PF01555|PF01588|PF01596|PF02353|PF02784|PF03061|PF03235|PF05175|PF06325|PF07510|PF08003|PF08123|PF08241|PF08242|PF09334|PF12847|PF13439|PF13489|PF13579|PF13649|PF13679|PF13692|PF13847	Terpene
GCA_024412315.1	contig_5	deepBGC	Polyketide	0.7478		38498	41045	2547	4	PF00106|PF00109|PF00550|PF02801|PF08659|PF13561|PF14573|PF16320	PKS
GCA_024412315.1	contig_8	deepBGC		0.51887		33813	34113	300	1	PF07883	Unknown
GCA_040861945.1	contig_8	antiSMASH	Terpene-precursor		No	1	57844	57844	58	Fer4_12|GTP_cyclohydroI|PTPS|PT_FPPS_like|QueE	Terpene
GCA_024405965	contig_24	GECCO	Unknown	0.9314902874174508		11207	14934	3727	5	PF01041|PF06306	Unknown
GCF_014498555.1	contig_9	antiSMASH	Terpene-precursor		No	1	9427	9427	13	Fer4_12|GTP_cyclohydroI|PTPS|PT_FPPS_like|QueE	Terpene
GCF_011140755.1	contig_2	antiSMASH	Terpene-precursor		No	1	63556	63556	58	Fer4_12|GTP_cyclohydroI|PTPS|PT_FPPS_like|QueE	Terpene
GCF_015904675.1	contig_12	deepBGC		0.51491		7075	7861	786	1	PF08003|PF08241|PF08242|PF13489|PF13649|PF13847	Unknown
GCF_015904675.1	contig_26	deepBGC		0.56715		1321	5252	3931	7	PF00871|PF01455|PF01924|PF02492|PF07883	Unknown
GCF_015904675.1	contig_38	deepBGC		0.8051		0	5178	5178	5	PF00483|PF01050|PF01370|PF02719|PF03524|PF03743|PF04321|PF07883|PF16363	Unknown
GCF_003639325.1	contig_39	antiSMASH	Terpene-precursor		No	1	59462	59462	57	Fer4_12|GTP_cyclohydroI|PTPS|PT_FPPS_like|QueE	Terpene
GCA_040862425.1	contig_11	deepBGC		0.58383		3728	7490	3762	3	PF00133|PF01406|PF01588|PF08003|PF08241|PF08242|PF09334|PF13489|PF13649|PF13847	Unknown
GCA_040862425.1	contig_6	deepBGC		0.51058		79495	80239	744	1	PF00106|PF08659|PF13561	Unknown
GCF_014498185.1	contig_10	antiSMASH	Terpene-precursor		No	1	60172	60172	62	Fer4_12|GTP_cyclohydroI|PTPS|PT_FPPS_like|QueE	Terpene
GCF_040821135.1	contig_2	deepBGC		0.59386		3663	7419	3756	3	PF00133|PF01406|PF01588|PF08003|PF08241|PF08242|PF09334|PF13489|PF13649|PF13847	Unknown
GCF_040821135.1	contig_34	deepBGC		0.66758		442	2769	2327	6	PF00092|PF01163|PF01636|PF13519|PF13672	Unknown
GCF_040821135.1	contig_8	deepBGC		0.52139		3087	3390	303	1	PF07883	Unknown
GCF_040821135.1	contig_9	deepBGC		0.52975		25434	27732	2298	1	PF02538	Unknown
GCF_040821135.1	contig_9	deepBGC		0.52848		32624	33712	1088	2	PF01144|PF13336	Unknown
GCF_040821135.1	contig_9	deepBGC	Polyketide	0.55957		33952	34414	462	1	PF00108|PF02803	Unknown
GCF_001998165.1	contig_14	antiSMASH	Terpene-precursor		No	1	10181	10181	11	Fer4_12|GTP_cyclohydroI|PTPS|PT_FPPS_like|QueE	Terpene
GCF_011175085.1	contig_1	deepBGC		0.5245		9722	10508	786	1	PF08003|PF08241|PF08242|PF13489|PF13649|PF13847	Unknown
GCF_040820965.1	contig_41	deepBGC		0.66477		2089	7621	5532	5	PF00133|PF01135|PF01209|PF01406|PF01555|PF01588|PF01596|PF02353|PF03061|PF05175|PF06325|PF08003|PF08123|PF08241|PF08242|PF09334|PF12847|PF13489|PF13649|PF13679|PF13847	Terpene
GCF_040820965.1	contig_42	deepBGC		0.56786		7458	9756	2298	1	PF02538	Unknown
GCF_040820965.1	contig_58	deepBGC	Polyketide	0.54882		4319	6826	2507	3	PF00108|PF00109|PF01144|PF02803|PF13336	PKS
GCF_040820965.1	contig_62	deepBGC	Polyketide	0.74801		1450	5216	3766	6	PF00106|PF00109|PF00550|PF01039|PF01165|PF02801|PF03255|PF08659|PF10501|PF13561|PF14573|PF16320	PKS
GCF_001998165.1	contig_20	deepBGC		0.51347		764	1265	501	1	PF01061	Unknown
GCF_001998165.1	contig_24	deepBGC		0.56375		1363	2266	903	1	PF01501	NRPS_like
GCF_001998165.1	contig_34	deepBGC	Polyketide	0.82407		504	4016	3512	5	PF00106|PF00109|PF00550|PF01039|PF02801|PF03255|PF08659|PF13561|PF14573|PF16320	PKS
GCF_001998165.1	contig_34	deepBGC		0.50991		5787	6030	243	1	PF16777	Unknown
GCF_001998165.1	contig_8	deepBGC	Other	0.56783		8673	13753	5080	4	PF00133|PF01135|PF01209|PF01406|PF01588|PF01596|PF02353|PF05175|PF06325|PF08003|PF08123|PF08241|PF08242|PF09334|PF12847|PF13489|PF13649|PF13679|PF13847	Terpene
GCA_024406445.1	contig_6	antiSMASH	Terpene-precursor		No	1	46687	46687	38	Fer4_12|GTP_cyclohydroI|PTPS|PT_FPPS_like|QueE	Terpene
GCF_003639745.1	contig_21	deepBGC		0.52572		119003	119498	495	1	PF01531	Unknown
GCF_003639745.1	contig_6	deepBGC		0.75324		37671	46238	8567	7	PF00133|PF00534|PF01135|PF01209|PF01406|PF01555|PF01588|PF02353|PF02784|PF03061|PF05175|PF06325|PF08003|PF08123|PF08241|PF08242|PF09334|PF12847|PF13439|PF13489|PF13649|PF13679|PF13692|PF13847	Terpene
GCF_003639745.1	contig_7	deepBGC		0.51052		4936	5236	300	1	PF07883	Unknown
GCF_003639575.1	contig_20	antiSMASH	Terpene-precursor		No	1	8409	8409	12	Fer4_12|GTP_cyclohydroI|PTPS|PT_FPPS_like|QueE	Terpene
GCA_040862145.1	contig_10	antiSMASH	Terpene-precursor		No	1	53824	53824	53	Aminotran_3|Fer4_12|GTP_cyclohydroI|PTPS|PT_FPPS_like|QueE	Terpene
GCA_040861865.1	contig_12	deepBGC		0.54417		4193	4979	786	1	PF08003|PF08241|PF08242|PF13489|PF13649|PF13847	Unknown
GCA_040861865.1	contig_14	deepBGC		0.58486		33707	34982	1275	3	PF02492|PF07883	Unknown
GCA_040861865.1	contig_14	deepBGC		0.52949		37459	38914	1455	1	PF08885	Unknown
GCA_040861645.1	contig_7	deepBGC	Saccharide	0.69541		37864	46433	8569	7	PF00133|PF00534|PF01135|PF01209|PF01406|PF01555|PF01588|PF02353|PF02784|PF03061|PF05175|PF06325|PF08003|PF08123|PF08241|PF08242|PF09334|PF12847|PF13439|PF13489|PF13579|PF13649|PF13679|PF13692|PF13847	Terpene
GCF_003639455.1	contig_12	deepBGC		0.50065		57955	58699	744	1	PF00106|PF08659|PF13561	Unknown
GCF_003639455.1	contig_16	deepBGC	Saccharide	0.74943		69400	77979	8579	7	PF00133|PF00534|PF01135|PF01209|PF01406|PF01555|PF01588|PF01596|PF02353|PF02784|PF03061|PF05175|PF06325|PF08003|PF08123|PF08241|PF08242|PF09334|PF12847|PF13439|PF13489|PF13579|PF13649|PF13679|PF13692|PF13847	Terpene
GCA_024406135.1	contig_24	deepBGC		0.56446		4098	4557	459	1	PF03923	Unknown
GCA_024406135.1	contig_26	deepBGC		0.74932		37603	46169	8566	7	PF00133|PF00534|PF01135|PF01209|PF01406|PF01555|PF01588|PF01596|PF02353|PF02784|PF03061|PF05175|PF06325|PF08003|PF08123|PF08241|PF08242|PF09334|PF12847|PF13439|PF13489|PF13649|PF13679|PF13692|PF13847	Terpene
GCA_024406865.1	contig_1	deepBGC	NRP	0.55022		71250	75013	3763	5	PF00425|PF00795|PF01063|PF09924	Unknown
GCA_024406865.1	contig_20	deepBGC	Polyketide	0.59827		269	3029	2760	4	PF00083|PF00194|PF05917|PF07690|PF12832	Unknown
GCA_024406865.1	contig_20	deepBGC	Polyketide	0.54924		6686	7864	1178	2	PF00083|PF05631|PF05977|PF07690|PF13347	Unknown
GCA_024406865.1	contig_30	deepBGC	Polyketide	0.72599		63824	69376	5552	11	PF00106|PF00109|PF00550|PF01165|PF02801|PF03255|PF04224|PF08659|PF09972|PF10034|PF10501|PF13561|PF14573|PF16197|PF16320|PF16777	PKS
GCA_024406865.1	contig_34	deepBGC		0.56476		10274	11072	798	1	PF08003|PF08241|PF08242|PF13489|PF13649|PF13847	Unknown
GCF_040820965.1	contig_23	antiSMASH	Terpene-precursor		No	1	20191	20191	22	DAO|Fer4_12|GTP_cyclohydroI|PTPS|PT_FPPS_like|QueE	Terpene
GCA_024412615.1	contig_13	antiSMASH	Terpene-precursor		No	1	8227	8227	12	Fer4_12|GTP_cyclohydroI|PTPS|PT_FPPS_like|QueE	Terpene
GCF_001998285.1	contig_19	deepBGC		0.5142		43169	43910	741	1	PF01209|PF08241|PF08242|PF13489|PF13649|PF13847	Unknown
GCF_001998285.1	contig_9	deepBGC	Saccharide	0.75493		82158	90725	8567	7	PF00133|PF00534|PF01135|PF01209|PF01406|PF01555|PF01588|PF02353|PF02784|PF03061|PF05175|PF06325|PF08003|PF08123|PF08241|PF08242|PF09334|PF12847|PF13439|PF13489|PF13579|PF13649|PF13679|PF13692|PF13847	Terpene
GCF_011140895.1	contig_10	antiSMASH	Terpene-precursor		No	1	67120	67120	60	Fer4_12|GTP_cyclohydroI|PTPS|PT_FPPS_like|QueE	Terpene
GCF_011140895.1	contig_20	antiSMASH	Azole-containing-RiPP		No	1	20391	20391	20	PF00881|ThiF|YcaO	Unknown
GCA_024411955.1	contig_18	deepBGC		0.75637		37617	46184	8567	7	PF00133|PF00534|PF01135|PF01209|PF01406|PF01555|PF01588|PF02353|PF02784|PF03061|PF05175|PF06325|PF08003|PF08123|PF08241|PF08242|PF09334|PF12847|PF13439|PF13489|PF13649|PF13679|PF13692|PF13847	Terpene
GCA_040861245.1	contig_9	antiSMASH	Terpene-precursor		No	1	57791	57791	60	Fer4_12|GTP_cyclohydroI|PTPS|PT_FPPS_like|QueE	Terpene
GCA_024412655.1	contig_16	antiSMASH	Terpene-precursor		No	1	34232	34232	39	Fer4_12|GTP_cyclohydroI|PP-binding|PP-binding_2|PTPS|PT_FPPS_like|QueE	Terpene
GCF_015905005.1	contig_26	antiSMASH	Terpene-precursor		No	1	8142	8142	12	Fer4_12|GTP_cyclohydroI|PTPS|PT_FPPS_like|QueE	Terpene
GCF_037861795.1	contig_6	deepBGC	Saccharide	0.68619		78530	87083	8553	7	PF00133|PF00534|PF01135|PF01209|PF01406|PF01555|PF01588|PF01596|PF02353|PF02784|PF03061|PF05175|PF06325|PF08003|PF08123|PF08241|PF08242|PF09334|PF12847|PF13439|PF13489|PF13579|PF13649|PF13679|PF13692|PF13847	Terpene
GCF_037861795.1	contig_6	deepBGC		0.5521		91131	92860	1729	2	PF03235|PF07510	Unknown
GCF_015904375.1	contig_6	deepBGC	Polyketide	0.76881		70	6511	6441	9	PF00106|PF00109|PF00550|PF00588|PF01039|PF02801|PF03255|PF08659|PF12698|PF13561|PF14573|PF16320	PKS
GCF_015904375.1	contig_9	deepBGC	Saccharide	0.78353		37858	49460	11602	11	PF00133|PF00534|PF01135|PF01209|PF01406|PF01588|PF01596|PF02353|PF02784|PF03061|PF03235|PF05175|PF06325|PF07510|PF08003|PF08123|PF08241|PF08242|PF09334|PF12847|PF13439|PF13489|PF13579|PF13649|PF13679|PF13692|PF13847	Terpene
GCA_024407395.1	contig_16	antiSMASH	Terpene-precursor		No	1	7993	7993	11	Fer4_12|GTP_cyclohydroI|PTPS|PT_FPPS_like|QueE	Terpene
GCA_040861825.1	contig_6	antiSMASH	Terpene-precursor		No	1	58064	58064	58	Fer4_12|GTP_cyclohydroI|PTPS|PT_FPPS_like|QueE	Terpene
GCF_040821085.1	contig_43	antiSMASH	Terpene-precursor		No	1	10836	10836	15	Fer4_12|GTP_cyclohydroI|PTPS|PT_FPPS_like|QueE	Terpene
GCA_024406895.1	contig_26	antiSMASH	Terpene-precursor		No	1	8018	8018	11	Fer4_12|GTP_cyclohydroI|PTPS|PT_FPPS_like|QueE	Terpene
GCF_040820815.1	contig_19	deepBGC		0.73139		762	3721	2959	6	PF00069|PF07714|PF13519|PF13672	Unknown
GCF_040820815.1	contig_27	deepBGC		0.51132		115	1480	1365	1	PF01075	Unknown
GCF_040820815.1	contig_28	deepBGC	Polyketide	0.53711		17	1178	1161	1	PF07690|PF13347|PF17561	Unknown
GCF_040820815.1	contig_46	deepBGC		0.59423		49	2511	2462	2	PF01208|PF02321	Unknown
GCF_040820815.1	contig_46	deepBGC		0.53093		16643	17400	757	2	PF01061	Unknown
GCF_040820815.1	contig_52	deepBGC	Polyketide	0.54081		5605	7393	1788	2	PF00109|PF00550|PF02801|PF10501|PF14573|PF16320	PKS
GCF_040820815.1	contig_6	deepBGC		0.61686		177	1934	1757	2	PF00106|PF01073|PF01370|PF01416|PF02719|PF04321|PF07993|PF08659|PF13460|PF16363	Unknown
GCF_040820815.1	contig_6	deepBGC		0.78023		2982	4647	1665	2	PF00268|PF00398|PF01135|PF13489|PF13649|PF13847	RiPP
GCF_040820815.1	contig_75	deepBGC		0.58086		1	1307	1306	4	PF01501|PF13651	NRPS_like
GCF_040820815.1	contig_84	deepBGC		0.61615		3541	4327	786	1	PF08003|PF08241|PF08242|PF13489|PF13649|PF13847	Unknown
GCA_040862405.1	contig_15	deepBGC		0.52975		4821	5607	786	1	PF08003|PF08241|PF08242|PF13489|PF13649|PF13847	Unknown
GCA_040862405.1	contig_19	deepBGC	Polyketide	0.56551		18913	21430	2517	4	PF00106|PF01081|PF01370|PF07719|PF08238|PF08659|PF13561	Unknown
GCA_040862405.1	contig_19	deepBGC		0.6527		26611	28276	1665	2	PF00268|PF00398|PF01135|PF13489|PF13649|PF13847	RiPP
GCA_040862405.1	contig_19	deepBGC		0.55843		32090	32624	534	1	PF05050	Unknown
GCF_037861735.1	contig_4	deepBGC	Saccharide	0.71564		112761	121807	9046	9	PF00133|PF00534|PF01135|PF01209|PF01406|PF01555|PF01588|PF02353|PF02784|PF03061|PF05175|PF06325|PF07927|PF08003|PF08123|PF08241|PF08242|PF09334|PF12847|PF13439|PF13489|PF13579|PF13649|PF13679|PF13692|PF13847|PF15919	Terpene
GCF_037862195.1	contig_13	deepBGC		0.58912		9270	10056	786	1	PF08003|PF08241|PF08242|PF13489|PF13649|PF13847	Unknown
GCF_011175215.1	contig_18	deepBGC		0.74011		106485	115069	8584	7	PF00133|PF00534|PF01135|PF01209|PF01406|PF01588|PF01596|PF02353|PF02784|PF03061|PF05175|PF06325|PF08003|PF08123|PF08241|PF08242|PF09334|PF12847|PF13439|PF13489|PF13649|PF13679|PF13692|PF13847	Terpene
GCF_011175215.1	contig_18	deepBGC		0.54976		119440	119716	276	1	PF07510	Unknown
GCF_011175215.1	contig_20	deepBGC		0.63193		58109	58898	789	1	PF05050	Unknown
GCF_011175215.1	contig_20	deepBGC		0.64184		63733	73633	9900	9	PF00106|PF00398|PF00920|PF01073|PF01081|PF01135|PF01370|PF01416|PF02719|PF03739|PF04321|PF07719|PF07993|PF08238|PF08659|PF13460|PF13561|PF13649|PF13847|PF16363	RiPP
GCF_011175215.1	contig_20	deepBGC	NRP	0.59696		76835	78685	1850	2	PF00107|PF01262|PF01501|PF02826|PF03446|PF08240	NRPS_like
GCF_040821415.1	contig_43	antiSMASH	Terpene-precursor		No	1	8212	8212	13	Fer4_12|GTP_cyclohydroI|PTPS|PT_FPPS_like|QueE	Terpene
GCF_003639745.1	contig_19	antiSMASH	Terpene-precursor		No	1	8116	8116	12	Fer4_12|GTP_cyclohydroI|PTPS|PT_FPPS_like|QueE	Terpene
GCA_040862565.1	contig_14	antiSMASH	Terpene-precursor		No	1	38362	38362	41	Fer4_12|GTP_cyclohydroI|PTPS|PT_FPPS_like|QueE	Terpene
GCF_011141115.1	contig_4	deepBGC		0.53682		54411	55581	1170	1	PF01135|PF01209|PF01555|PF02353|PF05175|PF06325|PF08003|PF08123|PF08241|PF08242|PF12847|PF13489|PF13649|PF13679|PF13847	Terpene
GCF_003640085.1	contig_31	antiSMASH	Terpene-precursor		No	1	62932	62932	57	Fer4_12|GTP_cyclohydroI|PTPS|PT_FPPS_like|QueE	Terpene
GCA_024412155.1	contig_15	antiSMASH	Terpene-precursor		No	1	108583	108583	99	Fer4_12|GTP_cyclohydroI|PTPS|PT_FPPS_like|QueE	Terpene
GCF_040820935.1	contig_21	deepBGC	Polyketide	0.68835		352	3864	3512	5	PF00106|PF00109|PF00550|PF01039|PF02801|PF03255|PF06833|PF08659|PF10501|PF13561|PF14573|PF16320	PKS
GCF_040820935.1	contig_58	deepBGC		0.9179		751	6932	6181	7	PF00155|PF00266|PF00268|PF00398|PF01041|PF01073|PF01135|PF01370|PF01416|PF02719|PF03739|PF04321|PF07993|PF08659|PF13489|PF13649|PF13847|PF16363	RiPP
GCF_040820935.1	contig_60	deepBGC	Polyketide	0.65409		403	2631	2228	2	PF00899|PF05977|PF07690|PF12832	Unknown
GCF_040820935.1	contig_73	deepBGC		0.57272		95	3682	3587	2	PF00669|PF00795	Unknown
GCF_040820935.1	contig_77	deepBGC		0.74783		37896	46525	8629	7	PF00133|PF00534|PF01135|PF01209|PF01406|PF01555|PF01588|PF01596|PF02353|PF02784|PF03061|PF05175|PF06325|PF08003|PF08123|PF08241|PF08242|PF09334|PF12847|PF13439|PF13489|PF13649|PF13679|PF13692|PF13847	Terpene
GCF_014498925	contig_1	GECCO	Unknown	0.9945169529868532		5626	9304	3678	5	PF01041|PF06306	Unknown
GCA_024412595.1	contig_166	antiSMASH	Terpene-precursor		No	1	6588	6588	10	GTP_cyclohydroI|PTPS|PT_FPPS_like	Terpene
GCF_030062645.1	contig_1	antiSMASH	Terpene-precursor		Yes	1590026	1610937	20912	23	Fer4_12|GTP_cyclohydroI|PTPS|PT_FPPS_like|QueE	Terpene
GCF_015905065	contig_4	GECCO	Unknown	0.9946194702980768		7403	10766	3363	5	PF01041|PF06306	Unknown
GCA_024406765.1	contig_22	deepBGC		0.64347		11160	19481	8321	8	PF01219|PF01968|PF02538|PF02667|PF03235|PF08882|PF09982	Unknown
GCA_024406765.1	contig_3	deepBGC		0.59238		3749	7502	3753	3	PF00133|PF01406|PF01588|PF08003|PF08241|PF08242|PF09334|PF13489|PF13649|PF13847	Unknown
GCA_024406765.1	contig_43	deepBGC	Polyketide	0.55498		1319	3824	2505	3	PF00108|PF00109|PF01144|PF02803|PF13336	PKS
GCA_024406765.1	contig_44	deepBGC	Polyketide	0.56505		1319	3824	2505	3	PF00108|PF00109|PF01144|PF02803|PF13336	PKS
GCA_040862525.1	contig_11	deepBGC		0.5249		7612	8398	786	1	PF08003|PF08241|PF08242|PF13489|PF13649|PF13847	Unknown
GCA_024412335.1	contig_14	antiSMASH	Terpene-precursor		No	1	8182	8182	13	Fer4_12|GTP_cyclohydroI|PTPS|PT_FPPS_like|QueE	Terpene
GCF_014497385.1	contig_16	antiSMASH	Terpene-precursor		No	1	9577	9577	13	Fer4_12|GTP_cyclohydroI|PTPS|PT_FPPS_like|QueE	Terpene
GCA_024406715.1	contig_44	antiSMASH	Terpene-precursor		No	1	9531	9531	11	Fer4_12|GTP_cyclohydroI|PTPS|PT_FPPS_like|QueE	Terpene
GCF_014496765.1	contig_16	deepBGC		0.50329		1036	2146	1110	1	PF01501	NRPS_like
GCF_014496765.1	contig_21	deepBGC		0.81651		80398	88958	8560	7	PF00133|PF00534|PF01135|PF01209|PF01406|PF01588|PF01596|PF02353|PF02784|PF03061|PF05175|PF06325|PF08003|PF08123|PF08241|PF08242|PF09334|PF12847|PF13439|PF13489|PF13649|PF13679|PF13692|PF13847	Terpene
GCF_014496045.1	contig_15	antiSMASH	Terpene-precursor		No	1	58161	58161	58	Fer4_12|GTP_cyclohydroI|PTPS|PT_FPPS_like|QueE	Terpene
GCF_015904525.1	contig_23	antiSMASH	Terpene-precursor		No	1	8211	8211	12	Fer4_12|GTP_cyclohydroI|PTPS|PT_FPPS_like|QueE	Terpene
GCF_011175325.1	contig_18	deepBGC		0.5275		43272	44013	741	1	PF01209|PF08241|PF08242|PF13489|PF13649|PF13847	Unknown
GCF_011175325.1	contig_2	deepBGC		0.52645		850	3177	2327	3	PF02784|PF07927|PF15919	Unknown
GCF_011175325.1	contig_2	deepBGC	Other	0.57204		4810	9896	5086	4	PF00133|PF01135|PF01209|PF01406|PF01588|PF01596|PF02353|PF04816|PF05175|PF06325|PF08003|PF08241|PF08242|PF09334|PF12847|PF13489|PF13649|PF13679|PF13847	Terpene
GCF_011175325.1	contig_20	deepBGC		0.61689		19931	22578	2647	5	PF02661|PF02668|PF03807|PF07173|PF14748	Unknown
GCF_011175325.1	contig_8	deepBGC		0.77801		1	19296	19295	17	PF00106|PF00107|PF00266|PF00268|PF00398|PF00479|PF00920|PF01041|PF01073|PF01081|PF01135|PF01182|PF01262|PF01370|PF01416|PF01501|PF02685|PF02719|PF02781|PF02826|PF03446|PF03739|PF04321|PF07719|PF07993|PF08238|PF08240|PF08659|PF13460|PF13489|PF13561|PF13649|PF13847|PF16363	NRPS_like|RiPP
GCF_011175325.1	contig_8	deepBGC		0.6337		21538	23907	2369	3	PF00289|PF02222|PF02655|PF02785|PF02786|PF05050|PF07478|PF08443|PF13549|PF14397|PF15632	Unknown
GCF_040821295.1	contig_23	antiSMASH	Terpene-precursor		No	1	19009	19009	24	DAO|Fer4_12|GTP_cyclohydroI|PTPS|PT_FPPS_like|QueE	Terpene
GCF_015904765.1	contig_20	deepBGC	RiPP	0.80475		1191	11231	10040	12	PF00881|PF00899|PF02624|PF02661|PF05016|PF05713|PF05977|PF07690|PF15738	RiPP
GCA_024409265.1	contig_18	deepBGC		0.63325		23061	23595	534	1	PF05050	Unknown
GCA_024409265.1	contig_18	deepBGC		0.71639		28439	39658	11219	10	PF00106|PF00398|PF00479|PF00920|PF01073|PF01081|PF01135|PF01370|PF01416|PF02719|PF02781|PF03739|PF04321|PF07719|PF07993|PF08238|PF08659|PF13460|PF13561|PF13649|PF13847|PF16363	RiPP
GCA_024409265.1	contig_18	deepBGC	NRP	0.5951		40338	43740	3402	3	PF00107|PF01262|PF01501|PF02685|PF02826|PF03446|PF08240	NRPS_like
GCA_024409265.1	contig_20	deepBGC		0.53019		8999	9915	916	2	PF04224|PF10034|PF16777	Unknown
GCA_024409265.1	contig_20	deepBGC	Polyketide	0.5809		11696	14247	2551	4	PF00106|PF00109|PF00550|PF02801|PF08659|PF10501|PF13561|PF14573|PF16320	PKS
GCA_024409265.1	contig_38	deepBGC	Saccharide	0.74586		24584	33152	8568	7	PF00133|PF00534|PF01135|PF01209|PF01406|PF01555|PF01588|PF01596|PF02353|PF02784|PF03061|PF05175|PF06325|PF08003|PF08123|PF08241|PF08242|PF09334|PF12847|PF13439|PF13489|PF13579|PF13649|PF13679|PF13692|PF13847	Terpene
GCA_024409265.1	contig_62	deepBGC		0.52604		4261	4871	610	2	PF00484	Unknown
GCA_024409265.1	contig_68	deepBGC	Terpene	0.60846		1	2667	2666	3	PF03544|PF04909|PF13088	Terpene
GCF_040821165.1	contig_59	antiSMASH	Terpene-precursor		No	1	11489	11489	15	Fer4_12|GTP_cyclohydroI|PTPS|PT_FPPS_like|QueE	Terpene
GCF_037861775	contig_8	GECCO	Unknown	0.9946194703060144		1743	5145	3402	5	PF01041|PF06306	Unknown
GCF_011140745.1	contig_3	antiSMASH	Terpene-precursor		No	1	63208	63208	55	Fer4_12|GTP_cyclohydroI|PTPS|PT_FPPS_like|QueE	Terpene
GCA_040857645.1	contig_7	deepBGC		0.74901		37667	46248	8581	7	PF00133|PF00534|PF01135|PF01209|PF01406|PF01555|PF01588|PF01596|PF02353|PF02784|PF03061|PF05175|PF06325|PF08003|PF08123|PF08241|PF08242|PF09334|PF12847|PF13439|PF13489|PF13649|PF13679|PF13692|PF13847	Terpene
GCA_040857645.1	contig_8	deepBGC	RiPP	0.5804		16594	17224	630	1	PF00398|PF01135|PF13649|PF13847	RiPP
GCA_040857645.1	contig_8	deepBGC	Polyketide	0.54162		22406	23159	753	1	PF00106|PF01370|PF08659|PF13561	Unknown
GCF_037862275.1	contig_21	antiSMASH	Terpene-precursor		No	1	19968	19968	21	Fer4_12|GTP_cyclohydroI|PTPS|PT_FPPS_like|QueE	Terpene
GCF_030062645.1	contig_1	deepBGC		0.54334		573501	574698	1197	2	PF01209|PF03653|PF05425|PF08241|PF08242|PF13489|PF13649|PF13847	Unknown
GCA_024412805.1	contig_3	deepBGC		0.50858		3654	3954	300	1	PF07883	Unknown
GCA_024412805.1	contig_9	deepBGC	Polyketide	0.72011		2	8161	8159	7	PF00106|PF00479|PF00515|PF00920|PF01073|PF01081|PF01370|PF02719|PF04321|PF07719|PF07993|PF08238|PF08659|PF13460|PF13561|PF16363	Unknown
GCA_024412805.1	contig_9	deepBGC		0.69696		9931	13034	3103	3	PF00266|PF00268|PF00398|PF01041|PF01135|PF13649|PF13847	RiPP
GCF_037861715.1	contig_28	antiSMASH	Terpene-precursor		No	1	7892	7892	11	Fer4_12|GTP_cyclohydroI|PTPS|PT_FPPS_like|QueE	Terpene
GCF_001997965.1	contig_25	antiSMASH	Terpene-precursor		No	1	7969	7969	11	Fer4_12|GTP_cyclohydroI|PTPS|PT_FPPS_like|QueE	Terpene
GCF_003639985.1	contig_18	antiSMASH	Terpene-precursor		No	1	59944	59944	60	Fer4_12|GTP_cyclohydroI|PTPS|PT_FPPS_like|QueE	Terpene
GCF_011175235.1	contig_15	antiSMASH	Terpene-precursor		No	1	112326	112326	103	Fer4_12|GTP_cyclohydroI|PTPS|PT_FPPS_like|QueE	Terpene
GCA_024412995.1	contig_25	antiSMASH	Terpene-precursor		No	1	8114	8114	12	Fer4_12|GTP_cyclohydroI|PTPS|PT_FPPS_like|QueE	Terpene
GCF_014496885.1	contig_11	deepBGC		0.61313		104351	107840	3489	3	PF00108|PF00195|PF07451|PF08541|PF08545|PF11697	Unknown
GCF_014496885.1	contig_14	deepBGC		0.52357		9843	10629	786	1	PF08003|PF08241|PF08242|PF13489|PF13649|PF13847	Unknown
GCA_024407315.1	contig_3	antiSMASH	Terpene-precursor		No	1	62985	62985	59	Fer4_12|GTP_cyclohydroI|PTPS|PT_FPPS_like|QueE	Terpene
GCA_024412995.1	contig_27	deepBGC		0.58086		2	2048	2046	3	PF01501|PF13651	NRPS_like
GCF_015904815	contig_3	GECCO	Unknown	0.9947023391845362		23719	27413	3694	5	PF01041|PF06306	Unknown
GCF_011175195.1	contig_21	deepBGC	RiPP	0.64773		2019	5333	3314	2	PF00005|PF01636|PF02463|PF13175|PF13304|PF13575	RiPP
GCF_011175195.1	contig_24	deepBGC	Polyketide	0.60313		441	3193	2752	3	PF01361|PF06779|PF07690|PF13454|PF14552	Unknown
GCF_011175195.1	contig_8	deepBGC		0.53033		20807	21437	630	1	PF00398|PF01135|PF13489|PF13649|PF13847	RiPP
GCF_011175195.1	contig_8	deepBGC	Polyketide	0.54846		23207	27263	4056	3	PF00106|PF01073|PF01370|PF02719|PF04321|PF07993|PF08659|PF13561|PF16363	Unknown
GCF_011175195.1	contig_8	deepBGC		0.50668		35126	35924	798	1	PF01501	NRPS_like
GCA_024413815.1	contig_7	antiSMASH	Terpene-precursor		No	1	9026	9026	11	Fer4_12|GTP_cyclohydroI|PTPS|PT_FPPS_like|QueE	Terpene
GCA_040861285.1	contig_12	deepBGC		0.56194		33323	34596	1273	3	PF02492|PF07883	Unknown
GCA_040861285.1	contig_12	deepBGC		0.52153		36852	38328	1476	1	PF08885	Unknown
GCA_040861285.1	contig_5	deepBGC		0.5009		64557	65091	534	1	PF05050	Unknown
GCA_040861285.1	contig_5	deepBGC	RiPP	0.599		69942	70572	630	1	PF00398|PF01135|PF13649|PF13847	RiPP
GCA_040861285.1	contig_5	deepBGC		0.54499		75465	76218	753	1	PF00106|PF08659|PF13561	Unknown
GCF_011174985.1	contig_11	antiSMASH	Azole-containing-RiPP		No	1	12019	12019	16	PF00881|YcaO	Unknown
GCF_011174985.1	contig_20	antiSMASH	Terpene-precursor		No	1	56921	56921	59	Fer4_12|GTP_cyclohydroI|PTPS|PT_FPPS_like|Peptidase_M50|QueE	Terpene
GCF_011140755.1	contig_4	deepBGC		0.61975		5602	6388	786	1	PF08003|PF08241|PF08242|PF13489|PF13649|PF13847	Unknown
GCF_014496775	contig_1	GECCO	Unknown	0.994746420670773		95094	98287	3193	5	PF01041|PF06306	Unknown
GCA_040861365.1	contig_13	deepBGC		0.72109		37686	46745	9059	9	PF00133|PF00534|PF01135|PF01209|PF01406|PF01555|PF01588|PF01596|PF02353|PF02784|PF03061|PF05175|PF06325|PF07927|PF08003|PF08123|PF08241|PF08242|PF09334|PF12847|PF13439|PF13489|PF13649|PF13679|PF13692|PF13847|PF15919	Terpene
GCA_040862445.1	contig_5	deepBGC	Saccharide	0.70755		110772	119830	9058	9	PF00133|PF00534|PF01135|PF01209|PF01406|PF01555|PF01588|PF01596|PF02353|PF02784|PF03061|PF05175|PF06325|PF07927|PF08003|PF08123|PF08241|PF08242|PF09334|PF12847|PF13439|PF13489|PF13579|PF13649|PF13679|PF13692|PF13847|PF15919	Terpene
GCA_024412695.1	contig_4	antiSMASH	Terpene-precursor		No	1	60685	60685	62	Fer4_12|GTP_cyclohydroI|PTPS|PT_FPPS_like|QueE	Terpene
GCF_011175195.1	contig_18	antiSMASH	Terpene-precursor		No	1	19885	19885	24	Fer4_12|GTP_cyclohydroI|PTPS|PT_FPPS_like|QueE	Terpene
GCF_037862475.1	contig_8	antiSMASH	Terpene-precursor		No	1	70140	70140	69	Fer4_12|GTP_cyclohydroI|PTPS|PT_FPPS_like|QueE	Terpene
GCA_040861685.1	contig_11	antiSMASH	Terpene-precursor		No	1	61437	61437	56	Fer4_12|GTP_cyclohydroI|PTPS|PT_FPPS_like|QueE	Terpene
GCA_024406415.1	contig_11	antiSMASH	Terpene-precursor		No	1	8252	8252	12	Fer4_12|GTP_cyclohydroI|PTPS|PT_FPPS_like|QueE	Terpene
GCF_011140625.1	contig_32	deepBGC		0.51378		5147	5447	300	1	PF07883	Unknown
GCF_011140625.1	contig_34	deepBGC		0.81448		69831	78869	9038	8	PF00133|PF00534|PF01135|PF01209|PF01406|PF01588|PF02353|PF02784|PF03061|PF05175|PF06325|PF08003|PF08123|PF08241|PF08242|PF09334|PF12847|PF13439|PF13489|PF13649|PF13679|PF13692|PF13847|PF15919	Terpene
GCF_040821615.1	contig_11	deepBGC	Other	0.64192		28332	33421	5089	4	PF00133|PF01135|PF01209|PF01406|PF01555|PF01588|PF01596|PF02353|PF05175|PF06325|PF08003|PF08123|PF08241|PF08242|PF09334|PF12847|PF13489|PF13649|PF13679|PF13847	Terpene
GCF_040821615.1	contig_62	deepBGC		0.60154		449	1442	993	1	PF00108|PF00195|PF07451|PF08541|PF08545	Unknown
GCF_040821615.1	contig_76	deepBGC	Polyketide	0.52026		532	1678	1146	1	PF00083|PF06779|PF07690	Unknown
GCF_040821615.1	contig_79	deepBGC		0.50424		210	1401	1191	1	PF01501	NRPS_like
GCF_040821615.1	contig_81	deepBGC		0.59612		166	1802	1636	2	PF00698|PF01048	Unknown
GCF_040821615.1	contig_81	deepBGC		0.54049		3043	3508	465	1	PF01531	Unknown
GCF_008033055.1	contig_1	antiSMASH	Terpene-precursor		Yes	699717	720628	20912	17	Fer4_12|GTP_cyclohydroI|PTPS|PT_FPPS_like|QueE	Terpene
GCF_014496985.1	contig_14	antiSMASH	Terpene-precursor		No	1	25832	25832	32	Fer4_12|GTP_cyclohydroI|PF00881|PTPS|PT_FPPS_like|QueE	Terpene
GCF_026222655.1	contig_1	antiSMASH	Terpene-precursor		Yes	1213538	1234449	20912	18	Fer4_12|GTP_cyclohydroI|PTPS|PT_FPPS_like|QueE	Terpene
GCA_024412715.1	contig_18	antiSMASH	Terpene-precursor		No	1	76873	76873	74	Fer4_12|GTP_cyclohydroI|PTPS|PT_FPPS_like|QueE	Terpene
GCF_040821825.1	contig_15	deepBGC		0.56238		25778	26774	996	1	PF00108|PF00195|PF07451|PF08541|PF08545	Unknown
GCF_040821825.1	contig_4	deepBGC	Saccharide	0.75518		37572	46152	8580	7	PF00133|PF00534|PF01135|PF01209|PF01406|PF01555|PF01588|PF01596|PF02353|PF02784|PF03061|PF05175|PF06325|PF08003|PF08123|PF08241|PF08242|PF09334|PF12847|PF13439|PF13489|PF13579|PF13649|PF13679|PF13692|PF13847	Terpene
GCF_040821825.1	contig_45	deepBGC		0.58474		46	1989	1943	3	PF00106|PF01066|PF08659|PF13561	Unknown
GCF_040821825.1	contig_5	deepBGC		0.54935		34433	37355	2922	4	PF01061|PF01205|PF01209|PF03653|PF05425|PF08241|PF08242|PF12698|PF13489|PF13649|PF13847	Unknown
GCF_040821825.1	contig_9	deepBGC		0.77785		11592	36105	24513	25	PF00106|PF00107|PF00266|PF00268|PF00398|PF00479|PF00920|PF01041|PF01073|PF01081|PF01135|PF01182|PF01262|PF01370|PF01416|PF01501|PF01856|PF02685|PF02719|PF02781|PF02826|PF03446|PF03739|PF04321|PF05050|PF07719|PF07993|PF08238|PF08240|PF08659|PF13460|PF13489|PF13561|PF13649|PF13847|PF16363	NRPS_like|RiPP
GCA_024406505.1	contig_11	deepBGC	RiPP	0.60344		1	127	126	1	PF00005|PF02463|PF13476|PF13555	RiPP
GCA_024406505.1	contig_11	deepBGC	RiPP	0.62454		2075	3239	1164	1	PF02624	RiPP
GCA_024406505.1	contig_21	deepBGC		0.58627		40360	41571	1211	3	PF00106|PF00550|PF08659|PF10501|PF13561|PF14573|PF16320	PKS
GCA_040857625.1	contig_15	antiSMASH	Terpene-precursor		No	1	8635	8635	13	Fer4_12|GTP_cyclohydroI|PTPS|PT_FPPS_like|QueE	Terpene
GCF_040821975.1	contig_2	deepBGC		0.55667		42296	43572	1276	3	PF02492|PF07883	Unknown
GCF_040821975.1	contig_50	deepBGC		0.53687		1	511	510	1	PF00920	Unknown
GCF_040821975.1	contig_50	deepBGC	NRP	0.58649		3714	5603	1889	2	PF00107|PF01262|PF01501|PF02826|PF03446|PF08240	NRPS_like
GCF_040821975.1	contig_59	deepBGC		0.5428		74	1661	1587	1	PF02521	Unknown
GCF_040821975.1	contig_63	deepBGC		0.7221		37676	46725	9049	9	PF00133|PF00534|PF01135|PF01209|PF01406|PF01555|PF01588|PF01596|PF02353|PF02784|PF03061|PF05175|PF06325|PF07927|PF08003|PF08123|PF08241|PF08242|PF09334|PF12847|PF13439|PF13489|PF13649|PF13679|PF13692|PF13847|PF15919	Terpene
GCF_011175075.1	contig_9	antiSMASH	Terpene-precursor		No	1	239544	239544	227	Fer4_12|GTP_cyclohydroI|NTP_transf_3|PTPS|PT_FPPS_like|QueE	Terpene
GCA_024412275.1	contig_14	antiSMASH	Terpene-precursor		No	1	8113	8113	12	Fer4_12|GTP_cyclohydroI|PTPS|PT_FPPS_like|QueE	Terpene
GCA_040862485.1	contig_10	antiSMASH	Terpene-precursor		No	1	59976	59976	63	Fer4_12|GTP_cyclohydroI|PTPS|PT_FPPS_like|QueE	Terpene
GCF_040820935.1	contig_45	antiSMASH	Terpene-precursor		No	1	11864	11864	14	Fer4_12|GTP_cyclohydroI|PTPS|PT_FPPS_like|QueE	Terpene
GCA_024411875.1	contig_1	antiSMASH	Terpene-precursor		No	1	35760	35760	43	Fer4_12|GTP_cyclohydroI|PTPS|PT_FPPS_like|QueE	Terpene
GCF_014496775.1	contig_16	deepBGC		0.51419		2099	3203	1104	1	PF01501	NRPS_like
GCF_014496775.1	contig_20	deepBGC		0.63169		42320	43526	1206	3	PF00106|PF00550|PF08659|PF13561|PF14573|PF16320	PKS
GCF_014496775.1	contig_4	deepBGC	Saccharide	0.55112		358	3390	3032	2	PF00534|PF02784|PF13439|PF13579|PF13692	Unknown
GCF_014496775.1	contig_4	deepBGC		0.68463		3836	8938	5102	4	PF00133|PF01135|PF01209|PF01406|PF01588|PF01596|PF02353|PF02390|PF05175|PF06325|PF08003|PF08123|PF08241|PF08242|PF09334|PF12847|PF13489|PF13649|PF13679|PF13847	Terpene
GCA_024407595.1	contig_5	deepBGC	Saccharide	0.68295		37655	46237	8582	7	PF00133|PF00534|PF01135|PF01209|PF01406|PF01555|PF01588|PF01596|PF02353|PF02784|PF03061|PF05175|PF06325|PF08003|PF08123|PF08241|PF08242|PF09334|PF12847|PF13439|PF13489|PF13579|PF13649|PF13679|PF13692|PF13847	Terpene
GCA_024405915.1	contig_3	deepBGC		0.68677		107547	114255	6708	6	PF00133|PF00534|PF01135|PF01209|PF01406|PF01555|PF01588|PF01596|PF02353|PF03061|PF05175|PF06325|PF08003|PF08123|PF08241|PF08242|PF09334|PF12847|PF13439|PF13489|PF13649|PF13679|PF13692|PF13847	Terpene
GCF_001999865	contig_5	GECCO	Unknown	0.994631612796083		94017	97255	3238	5	PF01041|PF06306	Unknown
GCA_024407095.1	contig_12	deepBGC		0.5216		105928	106669	741	1	PF01209|PF08241|PF08242|PF13489|PF13649|PF13847	Unknown
GCA_024407095.1	contig_5	deepBGC		0.54388		10296	11082	786	1	PF08003|PF08241|PF08242|PF13489|PF13649|PF13847	Unknown
GCF_014496915.1	contig_3	deepBGC		0.51187		316	2164	1848	1	PF02784	Unknown
GCF_014496915.1	contig_3	deepBGC	Other	0.59858		3795	8883	5088	4	PF00133|PF01135|PF01209|PF01406|PF01588|PF01596|PF02353|PF05175|PF06325|PF08003|PF08123|PF08241|PF08242|PF09334|PF12847|PF13489|PF13649|PF13679|PF13847	Terpene
GCF_040821565.1	contig_1	deepBGC	RiPP	0.64991		3304	3934	630	1	PF00398|PF01135|PF13649|PF13847	RiPP
GCF_040821565.1	contig_1	deepBGC	Polyketide	0.5759		9109	9871	762	1	PF00106|PF01370|PF08659|PF13561	Unknown
GCF_040821565.1	contig_31	deepBGC		0.5428		75	1662	1587	1	PF02521	Unknown
GCF_040821565.1	contig_33	deepBGC	Other	0.67367		37582	42682	5100	4	PF00133|PF01135|PF01209|PF01406|PF01555|PF01588|PF01596|PF02353|PF05175|PF06325|PF08003|PF08123|PF08241|PF08242|PF09334|PF12847|PF13489|PF13649|PF13679|PF13847	Terpene
GCA_040861145.1	contig_10	deepBGC		0.50051		9670	10456	786	1	PF08003|PF08241|PF08242|PF13489|PF13649|PF13847	Unknown
GCA_024406995.1	contig_11	deepBGC		0.5579		2295	2787	492	1	PF08541	Unknown
GCA_024406995.1	contig_23	deepBGC	Polyketide	0.70598		72847	78297	5450	9	PF00106|PF00109|PF00550|PF01165|PF02801|PF04224|PF08659|PF10034|PF10501|PF13561|PF14573|PF16320|PF16777	PKS
GCA_024406995.1	contig_25	deepBGC		0.52641		4684	5350	666	1	PF00484	Unknown
GCA_024406995.1	contig_37	deepBGC		0.55608		10618	10954	336	1	PF08003|PF13847	Unknown
GCF_015905135.1	contig_26	antiSMASH	Terpene-precursor		No	1	8040	8040	12	Fer4_12|GTP_cyclohydroI|PTPS|PT_FPPS_like|QueE	Terpene
GCF_014498775.1	contig_3	deepBGC		0.59079		8291	9077	786	1	PF08003|PF08241|PF08242|PF13489|PF13649|PF13847	Unknown
GCF_014498775.1	contig_3	deepBGC	Other	0.57267		12216	13386	1170	1	PF01135|PF01209|PF01596|PF02353|PF05175|PF06325|PF08003|PF08241|PF08242|PF12847|PF13489|PF13649|PF13679|PF13847	Terpene
GCF_040821065.1	contig_63	antiSMASH	Terpene-precursor		No	1	8229	8229	12	Fer4_12|GTP_cyclohydroI|PTPS|PT_FPPS_like|QueE	Terpene
GCA_040861545.1	contig_16	deepBGC		0.536		11234	11768	534	1	PF05050	Unknown
GCA_040861545.1	contig_16	deepBGC		0.59869		16629	17259	630	1	PF00398|PF01135|PF13489|PF13649|PF13847	RiPP
GCA_040861545.1	contig_16	deepBGC	Polyketide	0.60435		22442	23195	753	1	PF00106|PF01370|PF08659|PF13561	Unknown
GCA_040861545.1	contig_18	deepBGC		0.60255		33698	34976	1278	3	PF02492|PF07883	Unknown
GCA_040861545.1	contig_18	deepBGC		0.5594		37225	38692	1467	1	PF08885	Unknown
GCF_011141135.1	contig_29	antiSMASH	Terpene-precursor		No	1	11081	11081	13	Fer4_12|GTP_cyclohydroI|PTPS|PT_FPPS_like|QueE	Terpene
GCA_024412815.1	contig_12	antiSMASH	Terpene-precursor		No	1	60832	60832	63	Fer4_12|GTP_cyclohydroI|PTPS|PT_FPPS_like|QueE	Terpene
GCF_040821075.1	contig_48	antiSMASH	Terpene-precursor		No	1	8132	8132	12	Fer4_12|GTP_cyclohydroI|PTPS|PT_FPPS_like|QueE	Terpene
GCF_011141035.1	contig_14	deepBGC	Saccharide	0.66243		37545	46113	8568	7	PF00133|PF00534|PF01135|PF01209|PF01406|PF01555|PF01588|PF01596|PF02353|PF02784|PF03061|PF05175|PF06325|PF08003|PF08123|PF08241|PF08242|PF09334|PF12847|PF13439|PF13489|PF13579|PF13649|PF13679|PF13692|PF13847	Terpene
GCF_011141035.1	contig_14	deepBGC		0.52217		47322	49157	1835	2	PF03235|PF07510	Unknown
GCF_003639385.1	contig_4	deepBGC		0.68212		38124	47185	9061	9	PF00133|PF00534|PF01135|PF01209|PF01406|PF01555|PF01588|PF02353|PF02784|PF03061|PF05175|PF06325|PF07927|PF08003|PF08123|PF08241|PF08242|PF09334|PF12847|PF13439|PF13489|PF13649|PF13679|PF13692|PF13847|PF15919	Terpene
GCF_003382515.1	contig_21	antiSMASH	Terpene-precursor		No	1	59803	59803	66	Fer4_12|GTP_cyclohydroI|PTPS|PT_FPPS_like|QueE	Terpene
GCA_024406435.1	contig_16	deepBGC		0.51864		7068	7854	786	1	PF08003|PF08241|PF08242|PF13489|PF13649|PF13847	Unknown
GCF_014496775.1	contig_24	antiSMASH	Terpene-precursor		No	1	59285	59285	57	Fer4_12|GTP_cyclohydroI|PTPS|PT_FPPS_like|QueE	Terpene
GCF_011140625.1	contig_28	antiSMASH	Terpene-precursor		No	1	11236	11236	13	Fer4_12|GTP_cyclohydroI|PTPS|PT_FPPS_like|QueE	Terpene
GCF_014497605.1	contig_4	antiSMASH	Terpene-precursor		No	1	46957	46957	39	Fer4_12|GTP_cyclohydroI|PTPS|PT_FPPS_like|QueE	Terpene
GCF_015904975.1	contig_1	deepBGC		0.5439		0	858	858	2	PF00496|PF01016	Unknown
GCF_015904975.1	contig_1	deepBGC		0.5029		4257	5277	1020	1	PF00795	Unknown
GCF_015904975.1	contig_13	deepBGC	Saccharide	0.73591		37529	46556	9027	8	PF00133|PF00534|PF01135|PF01209|PF01406|PF01555|PF01588|PF01596|PF02353|PF02784|PF03061|PF05175|PF06325|PF08003|PF08123|PF08241|PF08242|PF09334|PF12847|PF13439|PF13489|PF13579|PF13649|PF13679|PF13692|PF13847|PF15919	Terpene
GCF_015904975.1	contig_19	deepBGC		0.59968		4249	7685	3436	4	PF00398|PF01073|PF01135|PF01370|PF01416|PF02719|PF03739|PF04321|PF07993|PF08659|PF13460|PF13489|PF13649|PF13847|PF16363	RiPP
GCF_037861795.1	contig_17	antiSMASH	Terpene-precursor		No	1	32205	32205	37	Fer4_12|GTP_cyclohydroI|PTPS|PT_FPPS_like|QueE	Terpene
GCF_014497365.1	contig_10	antiSMASH	Terpene-precursor		Yes	30822	51733	20912	18	Fer4_12|GTP_cyclohydroI|PTPS|PT_FPPS_like|QueE	Terpene
GCF_040821545.1	contig_2	deepBGC		0.53039		10729	11515	786	1	PF08003|PF08241|PF08242|PF13489|PF13649|PF13847	Unknown
GCF_040821545.1	contig_20	deepBGC		0.50801		255	696	441	1	PF01531	Unknown
GCF_036455265.1	contig_8	antiSMASH	Terpene-precursor		No	1	57544	57544	56	Fer4_12|GTP_cyclohydroI|PTPS|PT_FPPS_like|QueE	Terpene
GCF_001999845.1	contig_20	deepBGC		0.73112		5182	13744	8562	7	PF00133|PF00534|PF01135|PF01209|PF01406|PF01555|PF01588|PF02353|PF02784|PF03061|PF05175|PF06325|PF08003|PF08123|PF08241|PF08242|PF09334|PF12847|PF13439|PF13489|PF13649|PF13679|PF13692|PF13847	Terpene
GCA_040862385.1	contig_9	antiSMASH	Terpene-precursor		No	1	58419	58419	57	Fer4_12|GTP_cyclohydroI|PTPS|PT_FPPS_like|QueE	Terpene
GCA_024406715.1	contig_26	deepBGC		0.52441		7626	8412	786	1	PF08003|PF08241|PF08242|PF13489|PF13649|PF13847	Unknown
GCA_024406715.1	contig_26	deepBGC		0.58661		11544	12714	1170	1	PF01135|PF01209|PF01555|PF02353|PF05175|PF06325|PF08003|PF08123|PF08241|PF08242|PF12847|PF13489|PF13649|PF13679|PF13847	Terpene
GCA_024406715.1	contig_29	deepBGC		0.54004		11991	15377	3386	2	PF01968|PF02538	Unknown
GCA_024406715.1	contig_41	deepBGC		0.63612		1040	1784	744	1	PF00106|PF08659|PF13561	Unknown
GCA_024406715.1	contig_43	deepBGC		0.51473		2395	3325	930	1	PF00698	Unknown
GCA_024406715.1	contig_5	deepBGC		0.54518		30633	31764	1131	1	PF01061|PF12698	Unknown
GCA_024406715.1	contig_5	deepBGC		0.61628		32806	34294	1488	3	PF00795|PF01209|PF02609|PF08241|PF08242|PF13489|PF13649|PF13847	Unknown
GCA_024406715.1	contig_6	deepBGC		0.54215		20477	21497	1020	1	PF00795	Unknown
GCA_024406715.1	contig_87	deepBGC	Polyketide-Terpene	0.54958		0	1615	1615	3	PF00348|PF09442	Unknown
GCA_024406715.1	contig_93	deepBGC		0.59635		0	1387	1387	2	PF00484|PF00793	Unknown
GCA_024406715.1	contig_95	deepBGC	RiPP	0.5636		1871	2702	831	1	PF01170|PF05175|PF06325|PF08242|PF10294|PF12847|PF13649|PF13847	Unknown
GCF_015904525.1	contig_9	deepBGC		0.51137		8634	10482	1848	1	PF02784	Unknown
GCF_015904525.1	contig_9	deepBGC		0.60191		12115	12901	786	1	PF08003|PF08241|PF08242|PF13489|PF13649|PF13847	Unknown
GCF_015904525.1	contig_9	deepBGC		0.57006		16046	17216	1170	1	PF01135|PF01209|PF02353|PF05175|PF06325|PF08003|PF08123|PF08241|PF08242|PF12847|PF13489|PF13649|PF13679|PF13847	Terpene
GCF_015904525.1	contig_9	deepBGC		0.53772		71562	72192	630	1	PF00398|PF01135|PF13489|PF13649|PF13847	RiPP
GCF_015904525.1	contig_9	deepBGC	Polyketide	0.54778		77472	79010	1538	2	PF00106|PF01370|PF07719|PF08238|PF08659|PF13181|PF13561	Unknown
GCF_015904525.1	contig_9	deepBGC	NRP	0.57082		85816	89037	3221	3	PF00107|PF01262|PF01501|PF02826|PF03446|PF08240	NRPS_like
GCF_003640055.1	contig_21	antiSMASH	Terpene-precursor		No	1	8100	8100	12	Fer4_12|GTP_cyclohydroI|PTPS|PT_FPPS_like|QueE	Terpene
GCA_040861785.1	contig_10	deepBGC	Saccharide	0.7507		37875	46454	8579	7	PF00133|PF00534|PF01135|PF01209|PF01406|PF01555|PF01588|PF01596|PF02353|PF02784|PF03061|PF05175|PF06325|PF08003|PF08123|PF08241|PF08242|PF09334|PF12847|PF13439|PF13489|PF13579|PF13649|PF13679|PF13692|PF13847	Terpene
GCA_040861785.1	contig_5	deepBGC		0.52279		16718	17948	1230	2	PF02668|PF07173	Unknown
GCA_040861785.1	contig_5	deepBGC		0.55562		18526	19694	1168	2	PF00258|PF09335|PF12641|PF12724	Unknown
GCA_040861785.1	contig_5	deepBGC		0.54343		20037	22179	2142	2	PF00070|PF00890|PF01494|PF03486|PF05834|PF07690|PF07992|PF12831|PF13347|PF13434|PF13450|PF13738	Unknown
GCF_011174985.1	contig_11	deepBGC	RiPP	0.82104		18	5660	5642	7	PF00005|PF00881|PF01061|PF01926|PF02463|PF02624|PF03193|PF08307|PF13191|PF13304|PF13401|PF13476|PF13555	RiPP
GCF_011174985.1	contig_3	deepBGC	Saccharide	0.68372		37939	46505	8566	7	PF00133|PF00534|PF01135|PF01209|PF01406|PF01555|PF01588|PF01596|PF02353|PF02784|PF03061|PF05175|PF06325|PF08003|PF08123|PF08241|PF08242|PF09334|PF12847|PF13439|PF13489|PF13579|PF13649|PF13679|PF13692|PF13847	Terpene
GCF_011174985.1	contig_5	deepBGC		0.55141		44021	46518	2497	5	PF00871|PF02492|PF07883	Unknown
GCF_011174985.1	contig_9	deepBGC		0.60418		27714	30018	2304	5	PF00092|PF07714|PF13519|PF13672	Unknown
GCA_040861005.1	contig_7	antiSMASH	Terpene-precursor		No	1	57852	57852	60	Fer4_12|GTP_cyclohydroI|PTPS|PT_FPPS_like|QueE	Terpene
GCA_024407135.1	contig_13	deepBGC		0.5069		14070	16368	2298	1	PF02538	Unknown
GCA_024407135.1	contig_4	deepBGC		0.64369		3976	4762	786	1	PF08003|PF08241|PF08242|PF13489|PF13649|PF13847	Unknown
GCA_024407135.1	contig_8	deepBGC		0.53802		32326	33600	1274	3	PF02492|PF07883	Unknown
GCF_040821725.1	contig_7	antiSMASH	Terpene-precursor		No	1	27505	27505	21	Fer4_12|GTP_cyclohydroI|PTPS|PT_FPPS_like|QueE	Terpene
GCF_015904325.1	contig_19	antiSMASH	Terpene-precursor		No	1	103613	103613	91	Fer4_12|GTP_cyclohydroI|PTPS|PT_FPPS_like|QueE	Terpene
GCF_015904425.1	contig_27	antiSMASH	Terpene-precursor		No	1	14846	14846	13	Fer4_12|GTP_cyclohydroI|PTPS|PT_FPPS_like|QueE	Terpene
GCF_014497285.1	contig_15	antiSMASH	Terpene-precursor		No	1	102402	102402	103	Fer4_12|GTP_cyclohydroI|PTPS|PT_FPPS_like|QueE	Terpene
GCA_040862045.1	contig_31	antiSMASH	Terpene-precursor		No	1	8970	8970	13	Fer4_12|GTP_cyclohydroI|PTPS|PT_FPPS_like|QueE	Terpene
GCF_011174975.1	contig_32	antiSMASH	Terpene-precursor		No	1	4878	4878	6	GTP_cyclohydroI|PT_FPPS_like	Terpene
GCA_040861345.1	contig_20	antiSMASH	Terpene-precursor		No	1	13183	13183	17	Fer4_12|GTP_cyclohydroI|PTPS|PT_FPPS_like|QueE	Terpene
GCF_040821205.1	contig_23	deepBGC		0.7763		213	20286	20073	18	PF00106|PF00107|PF00155|PF00266|PF00268|PF00398|PF00479|PF00920|PF01041|PF01073|PF01081|PF01135|PF01182|PF01262|PF01370|PF01416|PF01501|PF01856|PF02685|PF02719|PF02781|PF02826|PF03446|PF03739|PF04321|PF07719|PF07993|PF08238|PF08240|PF08659|PF13460|PF13489|PF13561|PF13649|PF13847|PF16363	NRPS_like|RiPP
GCF_040821205.1	contig_33	deepBGC		0.62698		17338	18124	786	1	PF08003|PF08241|PF08242|PF13489|PF13649|PF13847	Unknown
GCF_040821205.1	contig_35	deepBGC		0.50323		1675	2419	744	1	PF00106|PF08659|PF13561	Unknown
GCF_040821205.1	contig_63	deepBGC		0.67741		2	5435	5433	10	PF00108|PF00195|PF00334|PF01783|PF02504|PF07451|PF08541|PF08545|PF13175|PF13304	Unknown
GCF_011140335.1	contig_14	antiSMASH	Terpene-precursor		No	1	8080	8080	11	Fer4_12|GTP_cyclohydroI|PTPS|PT_FPPS_like|QueE	Terpene
GCA_040861745.1	contig_13	deepBGC		0.72269		37872	46930	9058	9	PF00133|PF00534|PF01135|PF01209|PF01406|PF01555|PF01588|PF01596|PF02353|PF02784|PF03061|PF05175|PF06325|PF07927|PF08003|PF08123|PF08241|PF08242|PF09334|PF12847|PF13439|PF13489|PF13649|PF13679|PF13692|PF13847|PF15919	Terpene
GCA_040861745.1	contig_20	deepBGC		0.50686		3930	4533	603	1	PF04992	Unknown
GCF_011140545	contig_2	GECCO	Unknown	0.9945169529878976		5177	8826	3649	5	PF01041|PF06306	Unknown
GCF_001998405.1	contig_16	antiSMASH	Terpene-precursor		No	1	94985	94985	97	Fer4_12|GTP_cyclohydroI|PTPS|PT_FPPS_like|QueE	Terpene
GCF_040821495.1	contig_13	deepBGC		0.77756		0	20329	20329	21	PF00106|PF00107|PF00266|PF00268|PF00398|PF00479|PF00920|PF01041|PF01073|PF01081|PF01135|PF01182|PF01262|PF01370|PF01416|PF01501|PF02685|PF02719|PF02781|PF02826|PF03446|PF03739|PF04321|PF05050|PF07719|PF07993|PF08238|PF08240|PF08659|PF13460|PF13489|PF13561|PF13649|PF13847|PF16363	NRPS_like|RiPP
GCF_040821495.1	contig_17	deepBGC		0.5047		26508	27501	993	1	PF00108|PF00195|PF07451|PF08541|PF08545	Unknown
GCF_040821495.1	contig_45	deepBGC	Polyketide	0.52026		641	1787	1146	1	PF00083|PF06779|PF07690	Unknown
GCF_040821495.1	contig_5	deepBGC		0.67504		3717	7467	3750	3	PF00133|PF01406|PF01588|PF05219|PF08003|PF08241|PF08242|PF09334|PF13489|PF13649|PF13847	Unknown
GCF_040821495.1	contig_7	deepBGC		0.5262		4811	5111	300	1	PF07883	Unknown
GCF_003639445.1	contig_21	antiSMASH	Terpene-precursor		No	1	59747	59747	61	Fer4_12|GTP_cyclohydroI|PTPS|PT_FPPS_like|QueE	Terpene
GCA_040861965.1	contig_10	deepBGC		0.51703		10694	11480	786	1	PF08003|PF08241|PF08242|PF13489|PF13649|PF13847	Unknown
GCA_040861965.1	contig_13	deepBGC		0.53879		33868	35145	1277	3	PF02492|PF07883	Unknown
GCF_015904625.1	contig_28	antiSMASH	Terpene-precursor		No	1	8096	8096	12	Fer4_12|GTP_cyclohydroI|PTPS|PT_FPPS_like|QueE	Terpene
GCA_040862165.1	contig_20	antiSMASH	Terpene-precursor		No	1	8209	8209	12	Fer4_12|GTP_cyclohydroI|PTPS|PT_FPPS_like|QueE	Terpene
GCF_011175015.1	contig_17	antiSMASH	Azole-containing-RiPP		No	1	8575	8575	9	PF00881|YcaO	Unknown
GCF_011175015.1	contig_20	antiSMASH	Terpene-precursor		No	1	8122	8122	12	Fer4_12|GTP_cyclohydroI|PTPS|PT_FPPS_like|QueE	Terpene
GCF_011140795.1	contig_11	antiSMASH	Terpene-precursor		No	1	65302	65302	58	Fer4_12|GTP_cyclohydroI|PTPS|PT_FPPS_like|QueE	Terpene
GCF_011141095.1	contig_21	deepBGC	NRP	0.68544		28925	31157	2232	2	PF00107|PF01262|PF02685|PF02826|PF03446|PF08240	NRPS_like
GCF_011141095.1	contig_22	deepBGC	Saccharide	0.73662		38524	48597	10073	10	PF00133|PF00534|PF01135|PF01209|PF01406|PF01588|PF01596|PF02353|PF02784|PF03061|PF05175|PF06325|PF08003|PF08123|PF08241|PF08242|PF09245|PF09334|PF12847|PF13439|PF13489|PF13579|PF13649|PF13679|PF13692|PF13847|PF15919	Terpene
GCF_011141095.1	contig_3	deepBGC		0.80918		45474	48900	3426	5	PF01061|PF01205|PF01209|PF03653|PF05425|PF08241|PF08242|PF12679|PF12698|PF13489|PF13649|PF13847	Unknown
GCA_024412655.1	contig_18	deepBGC	NRP	0.52259		916	3135	2219	2	PF00107|PF01262|PF02685|PF02826|PF03446|PF08240	NRPS_like
GCA_024412655.1	contig_18	deepBGC	Polyketide	0.61899		8783	10051	1268	2	PF00106|PF00515|PF01370|PF07719|PF08238|PF08659|PF13181|PF13561	Unknown
GCA_024412655.1	contig_18	deepBGC		0.65124		15121	16786	1665	2	PF00268|PF00398|PF01135|PF13489|PF13649|PF13847	RiPP
GCA_024412655.1	contig_18	deepBGC		0.55144		20605	21139	534	1	PF05050	Unknown
GCA_024412655.1	contig_2	deepBGC		0.5206		11664	12450	786	1	PF08003|PF08241|PF08242|PF13489|PF13649|PF13847	Unknown
GCF_015904875.1	contig_11	deepBGC	Saccharide	0.7072		37603	46651	9048	9	PF00133|PF00534|PF01135|PF01209|PF01406|PF01555|PF01588|PF01596|PF02353|PF02784|PF03061|PF05175|PF06325|PF07927|PF08003|PF08123|PF08241|PF08242|PF09334|PF12847|PF13439|PF13489|PF13579|PF13649|PF13679|PF13692|PF13847|PF15919	Terpene
GCF_015904875.1	contig_23	deepBGC	Polyketide	0.72628		2	2041	2039	2	PF00899|PF05977|PF07690|PF12832	Unknown
GCF_015904875.1	contig_23	deepBGC		0.5724		2606	3059	453	1	PF09559	Unknown
GCF_015904875.1	contig_23	deepBGC	RiPP	0.67898		6014	7465	1451	2	PF00005|PF01061|PF01926|PF02463|PF03193|PF13304|PF13476|PF13555	RiPP
GCF_015904875.1	contig_23	deepBGC		0.5693		10296	11001	705	1	PF02661	Unknown
GCA_024411955.1	contig_4	antiSMASH	Terpene-precursor		No	1	67007	67007	73	Fer4_12|GTP_cyclohydroI|PTPS|PT_FPPS_like|QueE	Terpene
GCF_015905065.1	contig_12	antiSMASH	Terpene-precursor		No	1	59628	59628	58	Fer4_12|GTP_cyclohydroI|PTPS|PT_FPPS_like|QueE	Terpene
GCF_015905065.1	contig_22	antiSMASH	Azole-containing-RiPP		No	1	16668	16668	16	PF00881|ThiF|YcaO	Unknown
GCA_024412295.1	contig_11	deepBGC	RiPP	0.58201		6186	7101	915	1	PF13575	Unknown
GCA_024412295.1	contig_2	deepBGC	Saccharide	0.6484		37649	46222	8573	7	PF00133|PF00534|PF01135|PF01209|PF01406|PF01555|PF01588|PF01596|PF02353|PF02784|PF03061|PF05175|PF06325|PF08003|PF08123|PF08241|PF08242|PF09334|PF12847|PF13439|PF13489|PF13579|PF13649|PF13679|PF13692|PF13847	Terpene
GCA_024412295.1	contig_6	deepBGC		0.51048		33916	34216	300	1	PF07883	Unknown
GCF_011141015.1	contig_21	antiSMASH	Terpene-precursor		No	1	10998	10998	13	Fer4_12|GTP_cyclohydroI|PTPS|PT_FPPS_like|QueE	Terpene
GCF_014498245.1	contig_4	deepBGC		0.79065		37214	46274	9060	9	PF00133|PF00534|PF01135|PF01209|PF01406|PF01588|PF01596|PF02353|PF02784|PF03061|PF05175|PF06325|PF07927|PF08003|PF08123|PF08241|PF08242|PF09334|PF12847|PF13439|PF13489|PF13649|PF13679|PF13692|PF13847|PF15919	Terpene
GCF_001999865.1	contig_28	deepBGC		0.58064		7499	8285	786	1	PF08003|PF08241|PF08242|PF13489|PF13649|PF13847	Unknown
GCF_001999865.1	contig_28	deepBGC	Other	0.57162		11417	12587	1170	1	PF01135|PF01209|PF01596|PF02353|PF05175|PF06325|PF08003|PF08123|PF08241|PF08242|PF12847|PF13489|PF13649|PF13679|PF13847	Terpene
GCF_014498555.1	contig_17	deepBGC		0.6378		203	1313	1110	1	PF01501	NRPS_like
GCF_014498555.1	contig_18	deepBGC		0.52786		1	2689	2688	1	PF02691	Unknown
GCF_014498555.1	contig_2	deepBGC		0.57879		43871	48321	4450	3	PF01968|PF02538|PF05378	Unknown
GCF_014498555.1	contig_5	deepBGC		0.58271		3785	7535	3750	3	PF00133|PF01406|PF01588|PF08003|PF08241|PF08242|PF09334|PF13489|PF13649|PF13847	Unknown
GCF_014496475.1	contig_3	deepBGC		0.75842		37742	46317	8575	7	PF00133|PF00534|PF01135|PF01209|PF01406|PF01555|PF01588|PF02353|PF02784|PF03061|PF05175|PF06325|PF08003|PF08123|PF08241|PF08242|PF09334|PF12847|PF13439|PF13489|PF13649|PF13679|PF13692|PF13847	Terpene
GCF_003639545.1	contig_28	antiSMASH	Terpene-precursor		No	1	63031	63031	59	Fer4_12|GTP_cyclohydroI|PTPS|PT_FPPS_like|QueE	Terpene
GCF_014498785	contig_1	GECCO	Unknown	0.9946902057793534		234724	238439	3715	5	PF01041|PF06306	Unknown
GCF_003639735.1	contig_19	deepBGC		0.52452		9482	9719	237	1	PF00550|PF14573	PKS
GCF_003639735.1	contig_4	deepBGC		0.72543		38213	46970	8757	8	PF00133|PF00534|PF01135|PF01209|PF01406|PF01555|PF01588|PF01596|PF02353|PF02784|PF03061|PF05175|PF06325|PF08003|PF08123|PF08241|PF08242|PF09334|PF12847|PF13439|PF13489|PF13649|PF13679|PF13692|PF13847|PF14449	Terpene
GCA_040862505.1	contig_12	deepBGC	Saccharide	0.63003		37807	46392	8585	7	PF00133|PF00534|PF01135|PF01209|PF01406|PF01555|PF01588|PF02353|PF02784|PF03061|PF05175|PF06325|PF08003|PF08123|PF08241|PF08242|PF09334|PF12847|PF13439|PF13489|PF13579|PF13649|PF13679|PF13692|PF13847	Terpene
GCF_011175145.1	contig_6	deepBGC		0.5304		6686	8534	1848	1	PF02784	Unknown
GCF_011175145.1	contig_6	deepBGC		0.59823		10167	10953	786	1	PF08003|PF08241|PF08242|PF13489|PF13649|PF13847	Unknown
GCF_011175145.1	contig_7	deepBGC		0.52013		18807	19302	495	1	PF00258|PF12641|PF12724	Unknown
GCA_024412615.1	contig_4	deepBGC		0.63112		4781	5567	786	1	PF08003|PF08241|PF08242|PF13489|PF13649|PF13847	Unknown
GCA_024412615.1	contig_6	deepBGC		0.53328		3785	4085	300	1	PF07883	Unknown
GCF_014496865.1	contig_6	antiSMASH	Terpene-precursor		No	1	9427	9427	13	Fer4_12|GTP_cyclohydroI|PTPS|PT_FPPS_like|QueE	Terpene
GCA_040861145.1	contig_9	antiSMASH	Terpene-precursor		No	1	57298	57298	59	Fer4_12|GTP_cyclohydroI|PTPS|PT_FPPS_like|Peptidase_M50|QueE	Terpene
GCF_011175045.1	contig_17	antiSMASH	Terpene-precursor		No	1	60260	60260	59	Fer4_12|GTP_cyclohydroI|PTPS|PT_FPPS_like|QueE	Terpene
GCA_024411965.1	contig_6	antiSMASH	Terpene-precursor		No	1	8189	8189	12	Fer4_12|GTP_cyclohydroI|PTPS|PT_FPPS_like|QueE	Terpene
GCA_024407155.1	contig_17	deepBGC	Polyketide	0.68045		141	10377	10236	8	PF00108|PF00109|PF01144|PF01968|PF02538|PF02667|PF02803|PF03600|PF03606|PF03806|PF05378|PF08882|PF09982|PF13336	PKS
GCA_024407155.1	contig_25	deepBGC		0.61834		4105	4891	786	1	PF08003|PF08241|PF08242|PF13489|PF13649|PF13847	Unknown
GCF_014497235.1	contig_23	deepBGC		0.51282		63368	64115	747	1	PF00106|PF08659|PF13561	Unknown
GCF_014497235.1	contig_29	deepBGC		0.55415		232	394	162	1	PF01501	NRPS_like
GCF_014497235.1	contig_33	deepBGC		0.5042		1	736	735	1	PF01531	Unknown
GCF_014497235.1	contig_7	deepBGC		0.72563		37977	46745	8768	8	PF00133|PF00534|PF01135|PF01209|PF01406|PF01555|PF01588|PF01596|PF02353|PF02784|PF03061|PF05175|PF06325|PF08003|PF08123|PF08241|PF08242|PF09334|PF12847|PF13439|PF13489|PF13649|PF13679|PF13692|PF13847|PF14449	Terpene
GCA_040861265.1	contig_29	antiSMASH	Terpene-precursor		No	1	8753	8753	13	Fer4_12|GTP_cyclohydroI|PTPS|PT_FPPS_like|QueE	Terpene
GCF_037862355.1	contig_15	antiSMASH	Terpene-precursor		No	1	36460	36460	41	Fer4_12|GTP_cyclohydroI|PTPS|PT_FPPS_like|QueE	Terpene
GCA_024412005.1	contig_20	deepBGC	Saccharide	0.67299		37679	44384	6705	6	PF00133|PF00534|PF01135|PF01209|PF01406|PF01555|PF01588|PF01596|PF02353|PF03061|PF05175|PF06325|PF08003|PF08123|PF08241|PF08242|PF09334|PF12847|PF13439|PF13489|PF13579|PF13649|PF13679|PF13692|PF13847	Terpene
GCF_011140435.1	contig_10	deepBGC		0.53282		1140	3467	2327	2	PF02784|PF15919	Unknown
GCF_011140435.1	contig_10	deepBGC	Other	0.61934		5100	10207	5107	4	PF00133|PF01135|PF01209|PF01406|PF01588|PF01596|PF02353|PF05175|PF06325|PF08003|PF08123|PF08241|PF08242|PF09334|PF12847|PF13489|PF13649|PF13679|PF13847	Terpene
GCF_011140435.1	contig_12	deepBGC		0.58549		16716	24444	7728	7	PF00106|PF00398|PF01073|PF01135|PF01370|PF01416|PF02719|PF03739|PF04321|PF07719|PF07993|PF08238|PF08659|PF13460|PF13489|PF13561|PF13649|PF13847|PF16363	RiPP
GCF_011140435.1	contig_12	deepBGC		0.50036		25150	26977	1827	1	PF00920	Unknown
GCF_011140435.1	contig_2	deepBGC	Polyketide	0.50027		3614	4790	1176	1	PF00083|PF07690	Unknown
GCF_011140435.1	contig_34	deepBGC	Polyketide	0.5421		183027	184877	1850	2	PF00083|PF01061|PF06779|PF07690	Unknown
GCA_024409305.1	contig_33	antiSMASH	Terpene-precursor		No	1	6695	6695	9	Fer4_12|GTP_cyclohydroI|PTPS|PT_FPPS_like|QueE	Terpene
GCF_014497185.1	contig_8	antiSMASH	Terpene-precursor		No	1	57387	57387	58	Fer4_12|GTP_cyclohydroI|PTPS|PT_FPPS_like|QueE	Terpene
GCF_011175275.1	contig_2	antiSMASH	Terpene-precursor		No	1	47905	47905	36	Fer4_12|GTP_cyclohydroI|PTPS|PT_FPPS_like|QueE	Terpene
GCA_024413715.1	contig_19	antiSMASH	Terpene-precursor		No	1	6815	6815	9	Fer4_12|GTP_cyclohydroI|PTPS|PT_FPPS_like|QueE	Terpene
GCA_024413715.1	contig_29	antiSMASH	Terpene-precursor		No	1	15310	15310	16	PT_FPPS_like	Terpene
GCF_003639335.1	contig_13	deepBGC		0.59946		47352	48563	1211	3	PF00106|PF00550|PF08659|PF10501|PF13561|PF14573|PF16320	PKS
GCF_003639335.1	contig_3	deepBGC	Saccharide	0.70377		37885	46944	9059	9	PF00133|PF00534|PF01135|PF01209|PF01406|PF01555|PF01588|PF01596|PF02353|PF02784|PF03061|PF05175|PF06325|PF07927|PF08003|PF08123|PF08241|PF08242|PF09334|PF12847|PF13439|PF13489|PF13579|PF13649|PF13679|PF13692|PF13847|PF15919	Terpene
GCA_024406535.1	contig_21	antiSMASH	Terpene-precursor		Yes	44838	65749	20912	20	Fer4_12|GTP_cyclohydroI|PTPS|PT_FPPS_like|QueE	Terpene
GCA_024406415.1	contig_3	deepBGC		0.60568		7254	8040	786	1	PF08003|PF08241|PF08242|PF13489|PF13649|PF13847	Unknown
GCA_024406415.1	contig_5	deepBGC		0.5322		3463	3763	300	1	PF07883	Unknown
GCF_015905065.1	contig_14	deepBGC	Saccharide	0.72854		38484	47043	8559	7	PF00133|PF00534|PF01135|PF01209|PF01406|PF01588|PF02353|PF02784|PF03061|PF05175|PF06325|PF08003|PF08123|PF08241|PF08242|PF09334|PF12847|PF13439|PF13489|PF13579|PF13649|PF13679|PF13692|PF13847	Terpene
GCF_015905065.1	contig_22	deepBGC	Polyketide	0.59485		3637	8486	4849	4	PF00899|PF01051|PF02661|PF05977|PF07690	Unknown
GCF_015905065.1	contig_22	deepBGC		0.51665		10735	11083	348	1	PF05713	Unknown
GCF_015905065.1	contig_22	deepBGC	RiPP	0.74361		12406	15476	3070	3	PF00881|PF02624|PF08307	RiPP
GCF_015905065.1	contig_3	deepBGC		0.53134		61329	62540	1211	3	PF00106|PF00550|PF08659|PF10501|PF13561|PF14573|PF16320	PKS
GCF_040821885.1	contig_17	deepBGC		0.51668		6636	7401	765	1	PF02668	Unknown
GCF_040821885.1	contig_8	deepBGC	Polyketide	0.54115		20548	21301	753	1	PF00106|PF01370|PF08659|PF13561	Unknown
GCF_040821885.1	contig_8	deepBGC		0.5434		26371	29485	3114	3	PF00155|PF00266|PF00268|PF00398|PF01041|PF01053|PF01135|PF13489|PF13649|PF13847	RiPP
GCF_014496045.1	contig_3	deepBGC		0.70598		37583	52094	14511	12	PF00133|PF00534|PF01135|PF01209|PF01406|PF01555|PF01588|PF01596|PF02353|PF02784|PF03061|PF03235|PF05175|PF05219|PF06325|PF07510|PF08003|PF08123|PF08241|PF08242|PF09334|PF12847|PF13439|PF13489|PF13649|PF13679|PF13692|PF13847	Terpene
GCF_011141045.1	contig_13	antiSMASH	Terpene-precursor		No	1	58061	58061	56	Fer4_12|GTP_cyclohydroI|PTPS|PT_FPPS_like|Peptidase_M50|QueE	Terpene
GCA_024406855.1	contig_29	deepBGC		0.65948		762	5737	4975	10	PF00871|PF01455|PF01515|PF01924|PF02492|PF07883	Unknown
GCA_024406855.1	contig_35	deepBGC		0.71464		47520	48699	1179	4	PF00106|PF00550|PF02826|PF08659|PF13561|PF16320	NRPS_like|PKS
GCA_024406855.1	contig_9	deepBGC	RiPP	0.52306		24780	25410	630	1	PF00398|PF01135|PF13649|PF13847	RiPP
GCA_024406855.1	contig_9	deepBGC		0.55453		30269	30803	534	1	PF05050	Unknown
GCF_040821255.1	contig_19	deepBGC	Polyketide	0.68941		145	3658	3513	5	PF00106|PF00109|PF00550|PF01039|PF02801|PF03255|PF08659|PF10501|PF13561|PF14573|PF16320	PKS
GCF_040821255.1	contig_2	deepBGC		0.53725		37717	38710	993	1	PF00108|PF00195|PF07451|PF08541|PF08545	Unknown
GCF_040821255.1	contig_4	deepBGC		0.71116		10766	11753	987	1	PF05050	Unknown
GCF_040821255.1	contig_4	deepBGC		0.71912		16590	27805	11215	10	PF00106|PF00398|PF00479|PF00920|PF01073|PF01081|PF01135|PF01370|PF01416|PF02719|PF02781|PF03739|PF04321|PF07719|PF07993|PF08238|PF08659|PF13460|PF13561|PF13649|PF13847|PF16363	RiPP
GCF_040821255.1	contig_4	deepBGC	NRP	0.66885		28485	32574	4089	4	PF00107|PF01262|PF01501|PF02685|PF02826|PF03446|PF08240	NRPS_like
GCF_040821255.1	contig_72	deepBGC		0.7143		37602	46667	9065	9	PF00133|PF00534|PF01135|PF01209|PF01406|PF01555|PF01588|PF02353|PF02784|PF03061|PF04816|PF05175|PF06325|PF07927|PF08003|PF08241|PF08242|PF09334|PF12847|PF13439|PF13489|PF13649|PF13679|PF13692|PF13847|PF15919	Terpene
GCF_011140805.1	contig_16	deepBGC	Polyketide	0.85491		2	2790	2788	5	PF00106|PF00109|PF00550|PF02801|PF03255|PF08659|PF13561|PF14573|PF16320	PKS
GCF_011140805.1	contig_26	deepBGC		0.55179		29807	30254	447	1	PF03653|PF05425	Unknown
GCF_011140805.1	contig_26	deepBGC		0.52223		30823	32901	2078	2	PF01061|PF12698	Unknown
GCF_011140805.1	contig_28	deepBGC		0.61233		3658	4444	786	1	PF08003|PF08241|PF08242|PF13489|PF13649|PF13847	Unknown
GCF_011140485.1	contig_15	antiSMASH	Terpene-precursor		No	1	8277	8277	12	Fer4_12|GTP_cyclohydroI|PTPS|PT_FPPS_like|QueE	Terpene
GCA_024407045.1	contig_21	antiSMASH	Terpene-precursor		No	1	65900	65900	74	Fer4_12|GTP_cyclohydroI|PTPS|PT_FPPS_like|QueE	Terpene
GCF_030062625.1	contig_1	antiSMASH	Terpene-precursor		Yes	962651	983562	20912	20	Fer4_12|GTP_cyclohydroI|PTPS|PT_FPPS_like|QueE	Terpene
GCF_015904305.1	contig_5	antiSMASH	Terpene-precursor		No	1	59881	59881	65	Fer4_12|GTP_cyclohydroI|PTPS|PT_FPPS_like|QueE	Terpene
GCA_040862085.1	contig_19	antiSMASH	Terpene-precursor		No	1	8211	8211	12	Fer4_12|GTP_cyclohydroI|PTPS|PT_FPPS_like|QueE	Terpene
GCF_011105765.1	contig_75	antiSMASH	Terpene-precursor		No	1	8523	8523	8	Fer4_12|GTP_cyclohydroI|PTPS|PT_FPPS_like|QueE	Terpene
GCF_014498195.1	contig_3	antiSMASH	Terpene-precursor		No	1	58579	58579	55	Fer4_12|GTP_cyclohydroI|PTPS|PT_FPPS_like|QueE	Terpene
GCA_040862165	contig_1	GECCO	Unknown	0.9945292209815784		394651	398329	3678	5	PF01041|PF06306	Unknown
GCA_040862565.1	contig_10	deepBGC	Polyketide	0.61354		46106	47923	1817	2	PF00106|PF01370|PF07719|PF08238|PF08659|PF13561	Unknown
GCA_040862565.1	contig_10	deepBGC		0.71648		52995	56108	3113	3	PF00155|PF00266|PF00268|PF00398|PF01041|PF01135|PF13489|PF13649|PF13847	RiPP
GCA_040862565.1	contig_12	deepBGC		0.75743		37700	46280	8580	7	PF00133|PF00534|PF01135|PF01209|PF01406|PF01555|PF01588|PF02353|PF02784|PF03061|PF05175|PF06325|PF08003|PF08123|PF08241|PF08242|PF09334|PF12847|PF13439|PF13489|PF13649|PF13679|PF13692|PF13847	Terpene
GCA_040862565.1	contig_15	deepBGC		0.51052		4729	5029	300	1	PF07883	Unknown
GCA_040862565.1	contig_4	deepBGC		0.5828		535	2868	2333	6	PF00092|PF01636|PF07714|PF13519|PF13672	Unknown
GCF_011140955.1	contig_1	antiSMASH	Terpene-precursor		No	1	8007	8007	11	Fer4_12|GTP_cyclohydroI|PTPS|PT_FPPS_like|QueE	Terpene
GCF_015905135.1	contig_11	deepBGC		0.53161		197	2045	1848	1	PF02784	Unknown
GCF_015905135.1	contig_11	deepBGC		0.62272		3677	8786	5109	4	PF00133|PF01135|PF01209|PF01406|PF01588|PF02353|PF05175|PF06325|PF08003|PF08123|PF08241|PF08242|PF09334|PF12847|PF13489|PF13649|PF13679|PF13847	Terpene
GCF_014497445.1	contig_18	antiSMASH	Terpene-precursor		No	1	9396	9396	13	Fer4_12|GTP_cyclohydroI|PTPS|PT_FPPS_like|QueE	Terpene
GCF_040821595.1	contig_48	deepBGC	Other	0.71902		56398	61498	5100	4	PF00133|PF01135|PF01209|PF01406|PF01555|PF01588|PF01596|PF02353|PF05175|PF06325|PF08003|PF08123|PF08241|PF08242|PF09334|PF12847|PF13489|PF13649|PF13679|PF13847	Terpene
GCA_040862305.1	contig_10	deepBGC	Saccharide	0.67711		28437	35125	6688	6	PF00133|PF00534|PF01135|PF01209|PF01406|PF01555|PF01588|PF02353|PF03061|PF05175|PF06325|PF08003|PF08123|PF08241|PF08242|PF09334|PF12847|PF13439|PF13489|PF13579|PF13649|PF13679|PF13692|PF13847	Terpene
GCA_040862305.1	contig_7	deepBGC		0.53074		92333	93612	1279	3	PF02492|PF07883	Unknown
GCA_040861965.1	contig_19	antiSMASH	Terpene-precursor		No	1	11425	11425	16	Fer4_12|GTP_cyclohydroI|PTPS|PT_FPPS_like|QueE	Terpene
GCF_011140615.1	contig_38	antiSMASH	Terpene-precursor		No	1	11182	11182	13	Fer4_12|GTP_cyclohydroI|PTPS|PT_FPPS_like|QueE	Terpene
GCF_014498925.1	contig_2	deepBGC	Saccharide	0.68378		37896	46468	8572	7	PF00133|PF00534|PF01135|PF01209|PF01406|PF01555|PF01588|PF01596|PF02353|PF02784|PF03061|PF05175|PF06325|PF08003|PF08123|PF08241|PF08242|PF09334|PF12847|PF13439|PF13489|PF13579|PF13649|PF13679|PF13692|PF13847	Terpene
GCF_001998295.1	contig_8	deepBGC	Saccharide	0.70882		37682	49626	11944	10	PF00133|PF00534|PF01135|PF01209|PF01406|PF01555|PF01588|PF02353|PF02784|PF03061|PF03235|PF05175|PF06325|PF07510|PF08003|PF08123|PF08241|PF08242|PF09334|PF12847|PF13439|PF13489|PF13579|PF13649|PF13679|PF13692|PF13847	Terpene
GCF_014498125.1	contig_18	antiSMASH	Terpene-precursor		No	1	59767	59767	60	Fer4_12|GTP_cyclohydroI|PTPS|PT_FPPS_like|QueE	Terpene
GCF_040821535.1	contig_48	antiSMASH	Terpene-precursor		No	1	10299	10299	14	Fer4_12|GTP_cyclohydroI|PTPS|PT_FPPS_like|QueE	Terpene
GCF_015905025.1	contig_12	deepBGC		0.53736		4341	5127	786	1	PF08003|PF08241|PF08242|PF13489|PF13649|PF13847	Unknown
GCF_015905025.1	contig_24	deepBGC	RiPP	0.61708		1417	2868	1451	2	PF00005|PF01061|PF01926|PF02463|PF03193|PF13304|PF13476|PF13555	RiPP
GCF_015905025.1	contig_24	deepBGC		0.5153		5823	6276	453	1	PF09559	Unknown
GCF_015905025.1	contig_24	deepBGC	Polyketide	0.62115		6841	9069	2228	2	PF00899|PF05977|PF07690|PF12832	Unknown
GCF_015904725.1	contig_31	antiSMASH	Terpene-precursor		No	1	8120	8120	12	Fer4_12|GTP_cyclohydroI|PTPS|PT_FPPS_like|QueE	Terpene
GCA_024412535.1	contig_2	deepBGC		0.5097		33334	33634	300	1	PF07883	Unknown
GCA_024412535.1	contig_7	deepBGC	Other	0.61189		37719	42810	5091	4	PF00133|PF01135|PF01209|PF01406|PF01555|PF01588|PF01596|PF02353|PF05175|PF06325|PF08003|PF08123|PF08241|PF08242|PF09334|PF12847|PF13489|PF13649|PF13679|PF13847	Terpene
GCF_040821215.1	contig_12	deepBGC	Polyketide	0.62889		18679	20492	1813	2	PF00106|PF01370|PF07719|PF08238|PF08659|PF13561	Unknown
GCF_040821215.1	contig_12	deepBGC		0.6352		25384	28498	3114	3	PF00155|PF00266|PF00268|PF00398|PF01041|PF01053|PF01135|PF13489|PF13649|PF13847	RiPP
GCF_040821215.1	contig_31	deepBGC	Other	0.64851		2218	7306	5088	4	PF00133|PF01135|PF01209|PF01406|PF01555|PF01588|PF01596|PF02353|PF05175|PF06325|PF08003|PF08123|PF08241|PF08242|PF09334|PF12847|PF13489|PF13649|PF13679|PF13847	Terpene
GCF_040821215.1	contig_59	deepBGC		0.54846		2	3008	3006	2	PF02521	Unknown
GCF_014497655.1	contig_8	antiSMASH	Terpene-precursor		No	1	8211	8211	12	Fer4_12|GTP_cyclohydroI|PTPS|PT_FPPS_like|QueE	Terpene
GCF_011175015.1	contig_17	deepBGC	RiPP	0.67		5876	7199	1323	1	PF02624	RiPP
GCF_011175015.1	contig_30	deepBGC		0.75018		118	22821	22703	23	PF00106|PF00107|PF00266|PF00268|PF00289|PF00398|PF00479|PF00920|PF01041|PF01073|PF01081|PF01135|PF01182|PF01262|PF01370|PF01416|PF01501|PF02222|PF02655|PF02685|PF02719|PF02781|PF02785|PF02786|PF02826|PF03446|PF03739|PF04321|PF05050|PF07478|PF07719|PF07993|PF08238|PF08240|PF08443|PF08659|PF13460|PF13489|PF13561|PF13649|PF13847|PF15632|PF16363	NRPS_like|RiPP
GCF_011175015.1	contig_6	deepBGC		0.50574		7364	8150	786	1	PF08003|PF08241|PF08242|PF13489|PF13649|PF13847	Unknown
GCA_024406835.1	contig_10	deepBGC	Polyketide	0.52805		18761	20622	1861	2	PF00106|PF01370|PF07719|PF08238|PF08659|PF13561	Unknown
GCA_024406835.1	contig_10	deepBGC		0.59689		25512	27910	2398	3	PF00268|PF00398|PF01041|PF01135|PF13489|PF13649|PF13847	RiPP
GCA_024406835.1	contig_13	deepBGC	NRP	0.53386		34	6329	6295	5	PF00425|PF00669|PF00795|PF00829|PF01016|PF01063	Unknown
GCA_024406835.1	contig_3	deepBGC		0.60781		9994	10719	725	2	PF08003|PF08241|PF08242|PF13489|PF13649|PF13847	Unknown
GCF_015904435.1	contig_7	antiSMASH	Terpene-precursor		No	1	57630	57630	58	Fer4_12|GTP_cyclohydroI|PTPS|PT_FPPS_like|QueE	Terpene
GCF_003639365.1	contig_27	antiSMASH	Terpene-precursor		No	1	10983	10983	15	Fer4_12|GTP_cyclohydroI|PTPS|PT_FPPS_like|QueE	Terpene
GCA_040857645.1	contig_1	antiSMASH	Terpene-precursor		No	1	63361	63361	52	Fer4_12|GTP_cyclohydroI|PTPS|PT_FPPS_like|QueE	Terpene
GCA_040861845.1	contig_22	antiSMASH	Terpene-precursor		No	1	8143	8143	12	Fer4_12|GTP_cyclohydroI|PTPS|PT_FPPS_like|QueE	Terpene
GCA_024407035.1	contig_11	deepBGC		0.55359		3223	4591	1368	1	PF00289|PF02222|PF02655|PF02785|PF02786|PF07478|PF08443|PF13549|PF14397|PF15632	Unknown
GCA_024407035.1	contig_11	deepBGC		0.78115		9361	16890	7529	7	PF00106|PF00398|PF01073|PF01135|PF01370|PF01416|PF02719|PF03739|PF04321|PF07719|PF07993|PF08238|PF08659|PF13460|PF13489|PF13561|PF13649|PF13847|PF16363	RiPP
GCA_024407035.1	contig_28	deepBGC		0.57798		80	497	417	1	PF01029	Unknown
GCA_024407035.1	contig_5	deepBGC		0.53957		861	2630	1769	2	PF02784	Unknown
GCA_024407035.1	contig_5	deepBGC		0.66459		4340	8064	3724	4	PF00133|PF01406|PF01588|PF08003|PF08241|PF08242|PF09334|PF13489|PF13847	Unknown
GCA_024407035.1	contig_8	deepBGC		0.51745		33209	33509	300	1	PF07883	Unknown
GCA_024413025.1	contig_3	deepBGC		0.6096		9797	11879	2082	3	PF01588|PF08003|PF08241|PF08242|PF13489|PF13649|PF13847	Unknown
GCF_014497455.1	contig_14	antiSMASH	Terpene-precursor		No	1	8168	8168	12	Fer4_12|GTP_cyclohydroI|PTPS|PT_FPPS_like|QueE	Terpene
GCF_014496825.1	contig_20	antiSMASH	Terpene-precursor		No	1	8242	8242	12	Fer4_12|GTP_cyclohydroI|PTPS|PT_FPPS_like|QueE	Terpene
GCA_024406475.1	contig_16	deepBGC		0.54259		7332	8118	786	1	PF08003|PF08241|PF08242|PF13489|PF13649|PF13847	Unknown
GCF_015904205.1	contig_9	antiSMASH	Terpene-precursor		No	1	46753	46753	51	Fer4_12|GTP_cyclohydroI|PTPS|PT_FPPS_like|QueE	Terpene
GCF_014497305.1	contig_12	antiSMASH	Terpene-precursor		No	1	98887	98887	92	Fer4_12|GTP_cyclohydroI|PTPS|PT_FPPS_like|QueE	Terpene
GCF_037862355.1	contig_4	deepBGC		0.72585		108541	123205	14664	12	PF00133|PF00534|PF01135|PF01209|PF01406|PF01588|PF01596|PF02272|PF02353|PF02784|PF03061|PF03235|PF03534|PF05175|PF06325|PF07510|PF08003|PF08123|PF08241|PF08242|PF09334|PF12847|PF13439|PF13489|PF13649|PF13679|PF13692|PF13847	Terpene
GCA_024406605.1	contig_19	antiSMASH	Terpene-precursor		No	1	57582	57582	56	Fer4_12|GTP_cyclohydroI|PTPS|PT_FPPS_like|QueE	Terpene
GCA_040862245.1	contig_5	deepBGC		0.68305		81896	88620	6724	6	PF00133|PF00534|PF01135|PF01209|PF01406|PF01555|PF01588|PF01596|PF02353|PF03061|PF05175|PF06325|PF08003|PF08123|PF08241|PF08242|PF09334|PF12847|PF13439|PF13489|PF13649|PF13679|PF13692|PF13847	Terpene
GCA_015904695.1	contig_101	deepBGC		0.58124		0	2928	2928	3	PF00698|PF01555|PF05066	Unknown
GCA_015904695.1	contig_103	deepBGC		0.53311		351	3081	2730	3	PF01594|PF01678|PF04224|PF10034	Unknown
GCA_015904695.1	contig_113	deepBGC		0.5447		2	293	291	1	PF02781	Unknown
GCA_015904695.1	contig_113	deepBGC	NRP	0.63411		2153	4430	2277	2	PF00107|PF01262|PF01501|PF02826|PF03446|PF08240	NRPS_like
GCA_015904695.1	contig_120	deepBGC		0.54503		814	1918	1104	1	PF01501	NRPS_like
GCA_015904695.1	contig_138	deepBGC	Terpene	0.57184		2541	3561	1020	1	PF04909	Terpene
GCA_015904695.1	contig_142	deepBGC		0.5626		0	735	735	1	PF00593	Unknown
GCA_015904695.1	contig_145	deepBGC	Polyketide-Terpene	0.57405		2	3621	3619	6	PF00348|PF01227|PF01242|PF01435|PF01975|PF14489	Unknown
GCA_015904695.1	contig_147	deepBGC		0.54176		0	888	888	1	PF01370|PF16363	Unknown
GCA_015904695.1	contig_154	deepBGC		0.50051		0	1092	1092	1	PF07715	Unknown
GCA_015904695.1	contig_155	deepBGC	Polyketide	0.51671		0	366	366	1	PF07690	Unknown
GCA_015904695.1	contig_168	deepBGC		0.54058		442	1030	588	1	PF02293	Unknown
GCA_015904695.1	contig_170	deepBGC	Polyketide	0.668		5	1890	1885	2	PF00108|PF00109|PF01144|PF02803	PKS
GCA_015904695.1	contig_21	deepBGC	Saccharide	0.62013		6	9057	9051	9	PF00133|PF00534|PF01135|PF01209|PF01406|PF01588|PF01596|PF02353|PF02784|PF03061|PF05175|PF06325|PF07927|PF08003|PF08123|PF08241|PF08242|PF09334|PF12847|PF13439|PF13489|PF13579|PF13649|PF13679|PF13692|PF13847|PF15919	Terpene
GCA_015904695.1	contig_24	deepBGC	Polyketide	0.67908		94	4466	4372	4	PF00106|PF00920|PF01081|PF01370|PF07719|PF08238|PF08659|PF13561	Unknown
GCA_015904695.1	contig_50	deepBGC		0.5694		3313	4054	741	1	PF01209|PF08241|PF08242|PF13489|PF13649|PF13847	Unknown
GCA_015904695.1	contig_59	deepBGC		0.56034		4717	5983	1266	2	PF03070|PF04264	Unknown
GCA_015904695.1	contig_64	deepBGC	Polyketide	0.71131		0	2899	2899	2	PF00266|PF00268|PF01041	Unknown
GCA_015904695.1	contig_99	deepBGC	NRP	0.69277		209	4754	4545	5	PF00278|PF00425|PF00795|PF01063|PF01817|PF02784|PF09924	Unknown
GCF_003639605.1	contig_32	deepBGC		0.6107		37771	42870	5099	4	PF00133|PF01135|PF01209|PF01406|PF01555|PF01588|PF02353|PF05175|PF06325|PF08003|PF08123|PF08241|PF08242|PF09334|PF12847|PF13489|PF13649|PF13679|PF13847	Terpene
GCF_015904565.1	contig_10	deepBGC		0.70598		37583	52094	14511	12	PF00133|PF00534|PF01135|PF01209|PF01406|PF01555|PF01588|PF01596|PF02353|PF02784|PF03061|PF03235|PF05175|PF05219|PF06325|PF07510|PF08003|PF08123|PF08241|PF08242|PF09334|PF12847|PF13439|PF13489|PF13649|PF13679|PF13692|PF13847	Terpene
GCF_015904565.1	contig_13	deepBGC		0.57202		15850	16480	630	1	PF00398|PF01135|PF13489|PF13649|PF13847	RiPP
GCF_015904565.1	contig_13	deepBGC	Polyketide	0.58074		18250	22122	3872	3	PF00106|PF01073|PF01370|PF02719|PF04321|PF07993|PF08659|PF13460|PF13561|PF16363	Unknown
GCF_015904565.1	contig_13	deepBGC		0.52879		29977	30799	822	1	PF01501	NRPS_like
GCF_014498645.1	contig_13	antiSMASH	Terpene-precursor		No	1	8286	8286	12	Fer4_12|GTP_cyclohydroI|PTPS|PT_FPPS_like|QueE	Terpene
GCF_003639215.1	contig_15	antiSMASH	Terpene-precursor		No	1	63974	63974	61	Fer4_12|GTP_cyclohydroI|PTPS|PT_FPPS_like|QueE	Terpene
GCF_040821415.1	contig_1	deepBGC	Saccharide	0.75005		37589	46156	8567	7	PF00133|PF00534|PF01135|PF01209|PF01406|PF01555|PF01588|PF01596|PF02353|PF02784|PF03061|PF05175|PF06325|PF08003|PF08123|PF08241|PF08242|PF09334|PF12847|PF13439|PF13489|PF13579|PF13649|PF13679|PF13692|PF13847	Terpene
GCF_040821415.1	contig_56	deepBGC		0.5428		184	1771	1587	1	PF02521	Unknown
GCF_003639245.1	contig_15	antiSMASH	Terpene-precursor		No	1	63382	63382	67	Fer4_12|GTP_cyclohydroI|PTPS|PT_FPPS_like|QueE	Terpene
GCA_040861455.1	contig_11	antiSMASH	Terpene-precursor		No	1	57083	57083	59	Fer4_12|GTP_cyclohydroI|PTPS|PT_FPPS_like|Peptidase_M50|QueE	Terpene
GCA_024406935.1	contig_2	antiSMASH	Terpene-precursor		No	1	59179	59179	67	Fer4_12|GTP_cyclohydroI|PTPS|PT_FPPS_like|QueE	Terpene
GCF_015904665.1	contig_17	deepBGC		0.78188		1	22570	22569	26	PF00106|PF00107|PF00266|PF00268|PF00289|PF00398|PF00479|PF00920|PF01041|PF01073|PF01081|PF01135|PF01182|PF01262|PF01370|PF01416|PF01501|PF02222|PF02655|PF02685|PF02719|PF02781|PF02785|PF02786|PF02826|PF03446|PF03739|PF05050|PF07478|PF07719|PF07993|PF08238|PF08240|PF08443|PF08659|PF12033|PF13489|PF13549|PF13561|PF13649|PF13847|PF14397|PF15632|PF16363	NRPS_like|RiPP
GCF_015904665.1	contig_25	deepBGC		0.58144		1247	5887	4640	7	PF00215|PF00484|PF00793|PF00885|PF01029|PF02569|PF06781	Unknown
GCF_011105805.1	contig_12	deepBGC		0.5344		39	3400	3361	2	PF00342|PF02521	Unknown
GCF_011105805.1	contig_14	deepBGC	Polyketide	0.52703		1	2571	2570	3	PF00083|PF00194|PF05917|PF07690	Unknown
GCF_011105805.1	contig_14	deepBGC	Polyketide	0.52048		6083	7415	1332	1	PF00083|PF05977|PF07690|PF13347	Unknown
GCF_011105805.1	contig_31	deepBGC	Other	0.79834		90	5118	5028	3	PF00924|PF01135|PF01209|PF01596|PF02353|PF05175|PF05211|PF06325|PF08003|PF08123|PF08241|PF08242|PF12847|PF13489|PF13649|PF13679|PF13847	Terpene
GCF_011105805.1	contig_69	deepBGC		0.68444		944	13805	12861	11	PF00106|PF00266|PF00268|PF00398|PF00920|PF01041|PF01073|PF01081|PF01135|PF01370|PF01416|PF02719|PF03739|PF04321|PF07719|PF07993|PF08238|PF08659|PF13460|PF13561|PF13649|PF13847|PF16363	RiPP
GCF_011105805.1	contig_73	deepBGC		0.61861		1	574	573	1	PF09924	Unknown
GCF_011105805.1	contig_76	deepBGC	Saccharide	0.63212		4924	11475	6551	8	PF00534|PF02784|PF03235|PF07510|PF07927|PF13439|PF13579|PF13692|PF15919	Unknown
GCF_011105805.1	contig_76	deepBGC		0.66314		11924	12710	786	1	PF08003|PF08241|PF08242|PF13489|PF13649|PF13847	Unknown
GCF_011105805.1	contig_82	deepBGC		0.59876		784	5755	4971	5	PF00425|PF01075|PF03070|PF03767|PF04264|PF04715|PF13344|PF13419	Unknown
GCF_014497205.1	contig_57	antiSMASH	Terpene-precursor		No	1	7937	7937	11	Fer4_12|GTP_cyclohydroI|PTPS|PT_FPPS_like|QueE	Terpene
GCA_024412815.1	contig_11	deepBGC	Other	0.5025		13889	15059	1170	1	PF01135|PF01209|PF01596|PF02353|PF05175|PF06325|PF08003|PF08123|PF08241|PF08242|PF12847|PF13489|PF13649|PF13679|PF13847	Terpene
GCF_003639305.1	contig_24	deepBGC		0.63343		37919	43019	5100	4	PF00133|PF01135|PF01209|PF01406|PF01555|PF01588|PF02353|PF05175|PF06325|PF08003|PF08123|PF08241|PF08242|PF09334|PF12847|PF13489|PF13649|PF13679|PF13847	Terpene
GCA_024406605.1	contig_16	deepBGC		0.58714		3728	4514	786	1	PF08003|PF08241|PF08242|PF13489|PF13649|PF13847	Unknown
GCF_003640105.1	contig_1	deepBGC		0.51974		45651	46392	741	1	PF01209|PF08241|PF08242|PF13489|PF13649|PF13847	Unknown
GCF_003640105.1	contig_5	deepBGC	Saccharide	0.73782		40690	49259	8569	7	PF00133|PF00534|PF01135|PF01209|PF01406|PF01555|PF01588|PF02353|PF02784|PF03061|PF05175|PF06325|PF08003|PF08123|PF08241|PF08242|PF09334|PF12847|PF13439|PF13489|PF13579|PF13649|PF13679|PF13692|PF13847	Terpene
GCA_040861565.1	contig_6	deepBGC	Saccharide	0.70616		110974	120002	9028	9	PF00133|PF00534|PF01135|PF01209|PF01406|PF01555|PF01588|PF01596|PF02353|PF02784|PF03061|PF05175|PF06325|PF07927|PF08003|PF08123|PF08241|PF08242|PF09334|PF12847|PF13439|PF13489|PF13579|PF13649|PF13679|PF13692|PF13847|PF15919	Terpene
GCF_011140675.1	contig_23	antiSMASH	Terpene-precursor		No	1	67509	67509	62	Fer4_12|GTP_cyclohydroI|PTPS|PT_FPPS_like|QueE	Terpene
GCA_024412855.1	contig_11	antiSMASH	Terpene-precursor		No	1	60486	60486	61	Fer4_12|GTP_cyclohydroI|PTPS|PT_FPPS_like|QueE	Terpene
GCA_024407295.1	contig_15	deepBGC		0.53173		14813	17111	2298	1	PF02538	Unknown
GCA_024407295.1	contig_4	deepBGC		0.57433		3557	7304	3747	3	PF00133|PF01406|PF01588|PF08003|PF08241|PF08242|PF09334|PF13489|PF13649|PF13847	Unknown
GCF_014497405.1	contig_16	antiSMASH	Terpene-precursor		No	1	8479	8479	12	Fer4_12|GTP_cyclohydroI|PTPS|PT_FPPS_like|QueE	Terpene
GCF_011141035	contig_25	GECCO	Unknown	0.9946902067944814		222430	226079	3649	5	PF01041|PF06306	Unknown
GCF_040821395.1	contig_44	antiSMASH	Terpene-precursor		No	1	12926	12926	16	Fer4_12|GTP_cyclohydroI|PTPS|PT_FPPS_like|QueE	Terpene
GCF_001997995.1	contig_26	antiSMASH	Terpene-precursor		No	1	7953	7953	11	Fer4_12|GTP_cyclohydroI|PTPS|PT_FPPS_like|QueE	Terpene
GCA_024411875.1	contig_14	deepBGC		0.69657		37917	44632	6715	6	PF00133|PF00534|PF01135|PF01209|PF01406|PF01555|PF01588|PF01596|PF02353|PF03061|PF05175|PF06325|PF08003|PF08123|PF08241|PF08242|PF09334|PF12847|PF13439|PF13489|PF13649|PF13679|PF13692|PF13847	Terpene
GCA_024411875.1	contig_16	deepBGC		0.5428		396	1983	1587	1	PF02521	Unknown
GCA_024407165.1	contig_10	deepBGC		0.52959		3186	3486	300	1	PF07883	Unknown
GCA_024407165.1	contig_15	deepBGC		0.58388		14421	18872	4451	2	PF01968|PF02538|PF05378	Unknown
GCA_024407165.1	contig_15	deepBGC	Polyketide	0.54419		20240	24128	3888	5	PF00108|PF00109|PF01144|PF02667|PF02803|PF03606|PF03806|PF13336	PKS
GCA_024407165.1	contig_6	deepBGC		0.66568		37699	46281	8582	8	PF00133|PF00534|PF01135|PF01209|PF01406|PF01555|PF01588|PF02353|PF02784|PF03061|PF05175|PF06325|PF08003|PF08123|PF08241|PF08242|PF09334|PF12847|PF13439|PF13489|PF13649|PF13679|PF13692|PF13847	Terpene
GCF_040821305.1	contig_2	deepBGC		0.67357		28441	38610	10169	10	PF00133|PF00534|PF01135|PF01209|PF01406|PF01555|PF01588|PF01596|PF02353|PF02784|PF03061|PF04610|PF05175|PF06325|PF07927|PF08003|PF08123|PF08241|PF08242|PF09334|PF12847|PF13439|PF13489|PF13649|PF13679|PF13692|PF13847|PF15919	Terpene
GCA_040862165.1	contig_10	deepBGC		0.57284		4142	7916	3774	3	PF00133|PF01406|PF01588|PF08003|PF08241|PF08242|PF09334|PF13489|PF13649|PF13847	Unknown
GCA_040862165.1	contig_23	deepBGC	Polyketide	0.60324		518	2746	2228	2	PF00899|PF05977|PF07690	Unknown
GCF_011105795.1	contig_53	deepBGC	Saccharide	0.7809		38720	47766	9046	9	PF00133|PF00534|PF01135|PF01209|PF01406|PF01588|PF01596|PF02353|PF02784|PF03061|PF05175|PF06325|PF07927|PF08003|PF08123|PF08241|PF08242|PF09334|PF12847|PF13439|PF13489|PF13579|PF13649|PF13679|PF13692|PF13847|PF15919	Terpene
GCF_015904925.1	contig_12	deepBGC		0.78979		16942	19916	2974	6	PF00258|PF02130|PF02668|PF07173|PF09335|PF12641|PF12724	Unknown
GCF_015904925.1	contig_12	deepBGC		0.53231		20261	22403	2142	2	PF00070|PF00890|PF01494|PF03486|PF07690|PF07992|PF12831|PF13347|PF13434|PF13738|PF17561	Unknown
GCF_015904925.1	contig_14	deepBGC		0.74556		37760	46341	8581	7	PF00133|PF00534|PF01135|PF01209|PF01406|PF01555|PF01588|PF01596|PF02353|PF02784|PF03061|PF05175|PF06325|PF08003|PF08123|PF08241|PF08242|PF09334|PF12847|PF13439|PF13489|PF13649|PF13679|PF13692|PF13847	Terpene
GCA_040862085.1	contig_9	deepBGC	Saccharide	0.65432		37598	44316	6718	6	PF00133|PF00534|PF01135|PF01209|PF01406|PF01555|PF01588|PF01596|PF02353|PF03061|PF03399|PF05175|PF06325|PF08003|PF08123|PF08241|PF08242|PF09334|PF12847|PF13439|PF13489|PF13579|PF13649|PF13679|PF13692|PF13847	Terpene
GCA_040862005.1	contig_10	deepBGC		0.65417		37583	46645	9062	9	PF00133|PF00534|PF01135|PF01209|PF01406|PF01555|PF01588|PF02353|PF02784|PF03061|PF05175|PF06325|PF07927|PF08003|PF08123|PF08241|PF08242|PF09334|PF12847|PF13439|PF13489|PF13649|PF13679|PF13692|PF13847|PF15919	Terpene
GCA_040862005.1	contig_11	deepBGC		0.55524		47202	48468	1266	2	PF03070|PF04264	Unknown
GCA_040862005.1	contig_2	deepBGC		0.56893		214105	215236	1131	1	PF03743	Unknown
GCA_040862005.1	contig_20	deepBGC		0.65158		1497	9406	7909	12	PF00924|PF01636|PF09002|PF09651|PF09670|PF13519|PF13671|PF13672	Unknown
GCA_040861875.1	contig_25	antiSMASH	Terpene-precursor		No	1	8186	8186	12	Fer4_12|GTP_cyclohydroI|PTPS|PT_FPPS_like|QueE	Terpene
GCA_024412025.1	contig_17	deepBGC	Saccharide	0.75153		37674	46290	8616	7	PF00133|PF00534|PF01135|PF01209|PF01406|PF01555|PF01588|PF01596|PF02353|PF02784|PF03061|PF05175|PF06325|PF08003|PF08123|PF08241|PF08242|PF09334|PF12847|PF13439|PF13489|PF13579|PF13649|PF13679|PF13692|PF13847	Terpene
GCA_024412025.1	contig_20	deepBGC		0.74113		537	10343	9806	18	PF00092|PF00924|PF01636|PF03631|PF07714|PF09002|PF13519|PF13671|PF13672	Unknown
GCA_024412025.1	contig_3	deepBGC		0.50585		2452	3565	1113	1	PF01924	Unknown
GCA_024412025.1	contig_3	deepBGC		0.55872		3818	5676	1858	4	PF02492|PF07883	Unknown
GCF_035621155.1	contig_1	deepBGC		0.61971		459584	462885	3301	2	PF00133|PF01135|PF01209|PF01406|PF01555|PF01588|PF02353|PF05175|PF06325|PF08003|PF08123|PF08241|PF08242|PF09334|PF12847|PF13489|PF13649|PF13679|PF13847	Terpene
GCF_014496905.1	contig_8	antiSMASH	Terpene-precursor		No	1	9364	9364	13	Fer4_12|GTP_cyclohydroI|PTPS|PT_FPPS_like|QueE	Terpene
GCF_015904605.1	contig_14	antiSMASH	Terpene-precursor		No	1	59881	59881	65	Fer4_12|GTP_cyclohydroI|PTPS|PT_FPPS_like|QueE	Terpene
GCF_014497695.1	contig_24	antiSMASH	Terpene-precursor		No	1	8549	8549	12	Fer4_12|GTP_cyclohydroI|PTPS|PT_FPPS_like|QueE	Terpene
GCA_024406835.1	contig_24	antiSMASH	Terpene-precursor		No	1	7909	7909	11	Fer4_12|GTP_cyclohydroI|PTPS|PT_FPPS_like|QueE	Terpene
GCF_015905015.1	contig_11	deepBGC		0.5315		774	5688	4914	4	PF02784|PF03235|PF07510	Unknown
GCF_015905015.1	contig_11	deepBGC	Other	0.62677		7319	12387	5068	4	PF00133|PF01135|PF01209|PF01406|PF01588|PF01596|PF02353|PF05175|PF06325|PF08003|PF08123|PF08241|PF08242|PF09334|PF12847|PF13489|PF13649|PF13679|PF13847	Terpene
GCF_015905015.1	contig_9	deepBGC	Polyketide	0.5879		3750	13805	10055	9	PF00106|PF00398|PF00920|PF01073|PF01081|PF01135|PF01370|PF01416|PF02719|PF03739|PF04321|PF07719|PF07993|PF08238|PF08659|PF13561|PF13649|PF13847|PF16363	RiPP
GCF_015905015.1	contig_9	deepBGC	NRP	0.52845		17009	18062	1053	1	PF00107|PF01262|PF02826|PF03446|PF08240	NRPS_like
GCA_024407385.1	contig_22	antiSMASH	Terpene-precursor		No	1	8033	8033	11	Fer4_12|GTP_cyclohydroI|PTPS|PT_FPPS_like|QueE	Terpene
GCF_035621315.1	contig_1	antiSMASH	Terpene-precursor		Yes	729314	750225	20912	18	Fer4_12|GTP_cyclohydroI|PTPS|PT_FPPS_like|QueE	Terpene
GCA_024411915.1	contig_9	antiSMASH	Terpene-precursor		No	1	187905	187905	178	Fer4_12|GTP_cyclohydroI|Glycos_transf_4|PTPS|PT_FPPS_like|QueE	Terpene
GCF_040821875.1	contig_12	deepBGC	NRP	0.5329		0	4398	4398	3	PF00107|PF01262|PF01501|PF02685|PF02826|PF03446|PF08240	NRPS_like
GCF_040821875.1	contig_12	deepBGC		0.51419		6422	8249	1827	1	PF00920	Unknown
GCF_040821875.1	contig_12	deepBGC		0.57429		15906	16536	630	1	PF00398|PF01135|PF13489|PF13649|PF13847	RiPP
GCF_040821875.1	contig_2	deepBGC	Saccharide	0.75171		37751	46336	8585	7	PF00133|PF00534|PF01135|PF01209|PF01406|PF01555|PF01588|PF01596|PF02353|PF02784|PF03061|PF05175|PF06325|PF08003|PF08123|PF08241|PF08242|PF09334|PF12847|PF13439|PF13489|PF13579|PF13649|PF13679|PF13692|PF13847	Terpene
GCF_040821875.1	contig_3	deepBGC		0.5309		42668	42968	300	1	PF07883	Unknown
GCF_040821875.1	contig_7	deepBGC		0.56292		35004	35997	993	1	PF00108|PF00195|PF07451|PF08541|PF08545	Unknown
GCF_040821135.1	contig_23	antiSMASH	Terpene-precursor		No	1	20411	20411	24	DAO|Fer4_12|GTP_cyclohydroI|PTPS|PT_FPPS_like|QueE	Terpene
GCA_024406135.1	contig_7	antiSMASH	Terpene-precursor		No	1	8615	8615	13	Fer4_12|GTP_cyclohydroI|PTPS|PT_FPPS_like|QueE	Terpene
GCF_003639915.1	contig_11	deepBGC	Saccharide	0.75249		37880	46433	8553	7	PF00133|PF00534|PF01135|PF01209|PF01406|PF01555|PF01588|PF01596|PF02353|PF02784|PF03061|PF05175|PF06325|PF08003|PF08123|PF08241|PF08242|PF09334|PF12847|PF13439|PF13489|PF13579|PF13649|PF13679|PF13692|PF13847	Terpene
GCF_003639915.1	contig_29	deepBGC		0.53947		65746	66262	516	1	PF01531	Unknown
GCF_006337625.1	contig_1	antiSMASH	Terpene-precursor		Yes	1117966	1138877	20912	18	Fer4_12|GTP_cyclohydroI|PTPS|PT_FPPS_like|QueE	Terpene
GCF_014498925.1	contig_24	antiSMASH	Terpene-precursor		No	1	8451	8451	13	Fer4_12|GTP_cyclohydroI|PTPS|PT_FPPS_like|QueE	Terpene
GCA_024406895.1	contig_11	deepBGC	RiPP	0.58415		7626	8256	630	1	PF00398|PF01135|PF13649|PF13847	RiPP
GCA_024406895.1	contig_21	deepBGC		0.55185		0	1416	1416	2	PF03840|PF05175|PF07021|PF08241|PF08242|PF13489|PF13649|PF13847	Unknown
GCA_024406895.1	contig_3	deepBGC		0.58197		38966	39224	258	1	PF00133|PF01406|PF09334	Unknown
GCF_011140895	contig_7	GECCO	Unknown	0.994516952988648		5955	9648	3693	5	PF01041|PF06306	Unknown
GCA_024411895.1	contig_1	deepBGC		0.70989		37719	46775	9056	9	PF00133|PF00534|PF01135|PF01209|PF01406|PF01588|PF01596|PF02353|PF02784|PF03061|PF05175|PF06325|PF07927|PF08003|PF08123|PF08241|PF08242|PF09334|PF12847|PF13439|PF13489|PF13649|PF13679|PF13692|PF13847|PF15919	Terpene
GCA_024411895.1	contig_4	deepBGC		0.55383		11662	12196	534	1	PF05050	Unknown
GCA_024411895.1	contig_4	deepBGC		0.64386		17056	25102	8046	8	PF00106|PF00398|PF01073|PF01081|PF01135|PF01370|PF01416|PF02719|PF03739|PF04321|PF07719|PF07993|PF08238|PF08659|PF13460|PF13489|PF13561|PF13649|PF13847|PF16363	RiPP
GCA_024411895.1	contig_4	deepBGC	NRP	0.50401		30135	31182	1047	1	PF00107|PF01262|PF02826|PF03446|PF08240	NRPS_like
GCF_011174985	contig_11	GECCO	RiPP	0.8219569544557059		19	4746	4727	7	PF00005|PF00881|PF01061|PF02624	RiPP
GCF_040821035.1	contig_8	antiSMASH	Terpene-precursor		No	1	28168	28168	21	Fer4_12|GTP_cyclohydroI|PTPS|PT_FPPS_like|QueE	Terpene
GCF_003640155.1	contig_24	antiSMASH	Terpene-precursor		Yes	40007	60918	20912	17	Fer4_12|GTP_cyclohydroI|PTPS|PT_FPPS_like|QueE	Terpene
GCF_015904915.1	contig_13	deepBGC	Saccharide	0.78723		38919	50521	11602	11	PF00133|PF00534|PF01135|PF01209|PF01406|PF01588|PF01596|PF02353|PF02784|PF03061|PF03235|PF05175|PF06325|PF07510|PF08003|PF08123|PF08241|PF08242|PF09334|PF12847|PF13439|PF13489|PF13579|PF13649|PF13679|PF13692|PF13847	Terpene
GCA_040861895.1	contig_16	deepBGC		0.57144		4212	4998	786	1	PF08003|PF08241|PF08242|PF13489|PF13649|PF13847	Unknown
GCF_021184145.1	contig_1	antiSMASH	Terpene-precursor		Yes	295738	316649	20912	16	Fer4_12|GTP_cyclohydroI|PTPS|PT_FPPS_like|QueE	Terpene
GCF_015904645.1	contig_24	antiSMASH	Terpene-precursor		No	1	8123	8123	12	Fer4_12|GTP_cyclohydroI|PTPS|PT_FPPS_like|QueE	Terpene
GCF_014498775.1	contig_11	antiSMASH	Terpene-precursor		No	1	9476	9476	13	Fer4_12|GTP_cyclohydroI|PTPS|PT_FPPS_like|QueE	Terpene
GCF_014496475.1	contig_10	antiSMASH	Terpene-precursor		No	1	8307	8307	12	Fer4_12|GTP_cyclohydroI|PTPS|PT_FPPS_like|QueE	Terpene
GCF_014496895.1	contig_11	antiSMASH	Terpene-precursor		No	1	8159	8159	12	Fer4_12|GTP_cyclohydroI|PTPS|PT_FPPS_like|QueE	Terpene
GCF_011140745.1	contig_4	deepBGC		0.66155		16605	28230	11625	10	PF00106|PF00398|PF00479|PF00920|PF01073|PF01081|PF01135|PF01370|PF01416|PF02719|PF02781|PF03739|PF04321|PF07719|PF07993|PF08238|PF08659|PF13460|PF13489|PF13561|PF13649|PF13847|PF16363	RiPP
GCF_011140745.1	contig_4	deepBGC	NRP	0.61364		30089	32431	2342	2	PF00107|PF01262|PF01501|PF02826|PF03446|PF08240	NRPS_like
GCF_011140745.1	contig_7	deepBGC		0.70124		37576	46160	8584	7	PF00133|PF00534|PF01135|PF01209|PF01406|PF01555|PF01588|PF02353|PF02784|PF03061|PF05175|PF06325|PF08003|PF08123|PF08241|PF08242|PF09334|PF12847|PF13439|PF13489|PF13649|PF13679|PF13692|PF13847	Terpene
GCF_003639325.1	contig_29	deepBGC		0.56484		4	382	378	1	PF04886	Unknown
GCF_003639325.1	contig_30	deepBGC		0.54148		112	415	303	1	PF00262	Unknown
GCF_003639325.1	contig_5	deepBGC	Saccharide	0.72424		38308	47070	8762	8	PF00133|PF00534|PF01135|PF01209|PF01406|PF01555|PF01588|PF02353|PF02784|PF03061|PF05175|PF06325|PF07927|PF08003|PF08123|PF08241|PF08242|PF09334|PF12847|PF13439|PF13489|PF13579|PF13649|PF13679|PF13692|PF13847	Terpene
GCA_040861405.1	contig_10	deepBGC		0.69194		37588	46166	8578	7	PF00133|PF00534|PF01135|PF01209|PF01406|PF01555|PF01588|PF01596|PF02353|PF02784|PF03061|PF05175|PF06325|PF08003|PF08123|PF08241|PF08242|PF09334|PF12847|PF13439|PF13489|PF13649|PF13679|PF13692|PF13847	Terpene
GCA_040861405.1	contig_13	deepBGC		0.69139		3136	9487	6351	10	PF00092|PF01636|PF07714|PF09002|PF09651|PF09670|PF13519|PF13671|PF13672	Unknown
GCF_014497265.1	contig_3	antiSMASH	Terpene-precursor		No	1	59295	59295	59	Fer4_12|GTP_cyclohydroI|PTPS|PT_FPPS_like|QueE	Terpene
GCF_011175315.1	contig_10	deepBGC		0.64411		77516	87778	10262	9	PF00106|PF00398|PF00920|PF01073|PF01081|PF01135|PF01370|PF01416|PF02719|PF03739|PF04321|PF07719|PF07993|PF08238|PF08659|PF13460|PF13489|PF13561|PF13649|PF13847|PF16363	RiPP
GCF_011175315.1	contig_10	deepBGC	NRP	0.52707		90981	92028	1047	1	PF00107|PF01262|PF02826|PF03446|PF08240	NRPS_like
GCF_011175315.1	contig_7	deepBGC		0.52298		43299	44031	732	1	PF01209|PF08241|PF08242|PF13489|PF13649|PF13847	Unknown
GCF_003639635.1	contig_5	deepBGC		0.745		38505	47072	8567	7	PF00133|PF00534|PF01135|PF01209|PF01406|PF01555|PF01588|PF01596|PF02353|PF02784|PF03061|PF05175|PF06325|PF08003|PF08123|PF08241|PF08242|PF09334|PF12847|PF13439|PF13489|PF13649|PF13679|PF13692|PF13847	Terpene
GCA_024406975.1	contig_1	antiSMASH	Terpene-precursor		Yes	203347	224269	20923	24	PT_FPPS_like	Terpene
GCA_024406975.1	contig_20	antiSMASH	Terpene-precursor		No	1	8008	8008	11	Fer4_12|GTP_cyclohydroI|PTPS|PT_FPPS_like|QueE	Terpene
GCA_040862115.1	contig_7	antiSMASH	Terpene-precursor		No	1	97276	97276	94	Fer4_12|GTP_cyclohydroI|PTPS|PT_FPPS_like|QueE	Terpene
GCF_014496695.1	contig_18	antiSMASH	Terpene-precursor		Yes	24986	45897	20912	18	Fer4_12|GTP_cyclohydroI|PTPS|PT_FPPS_like|QueE	Terpene
GCA_040861645.1	contig_5	antiSMASH	Terpene-precursor		Yes	32379	53290	20912	20	Fer4_12|GTP_cyclohydroI|PTPS|PT_FPPS_like|QueE	Terpene
GCA_040861045.1	contig_12	antiSMASH	Terpene-precursor		No	1	59316	59316	62	Fer4_12|GTP_cyclohydroI|PTPS|PT_FPPS_like|QueE	Terpene
GCF_006337625.1	contig_1	deepBGC		0.56017		1213468	1214266	798	1	PF08003|PF08241|PF08242|PF13489|PF13649|PF13847	Unknown
GCA_040861405.1	contig_9	antiSMASH	Terpene-precursor		No	1	57018	57018	56	Fer4_12|GTP_cyclohydroI|PTPS|PT_FPPS_like|Peptidase_M50|QueE	Terpene
GCF_014498615.1	contig_6	antiSMASH	Terpene-precursor		No	1	78461	78461	70	Fer4_12|GTP_cyclohydroI|PTPS|PT_FPPS_like|QueE	Terpene
GCF_003639795.1	contig_11	deepBGC		0.5087		132435	133664	1229	2	PF02668|PF07173	Unknown
GCF_003639795.1	contig_11	deepBGC		0.55334		134242	134737	495	1	PF00258|PF12641|PF12724	Unknown
GCF_003639795.1	contig_14	deepBGC		0.55481		72289	73033	744	1	PF00106|PF08659|PF13561	Unknown
GCF_014497205.1	contig_13	deepBGC		0.52007		198	2046	1848	1	PF02784	Unknown
GCF_014497205.1	contig_13	deepBGC	Other	0.64899		3679	8767	5088	4	PF00133|PF01135|PF01209|PF01406|PF01588|PF01596|PF02353|PF05175|PF06325|PF08003|PF08123|PF08241|PF08242|PF09334|PF12847|PF13489|PF13649|PF13679|PF13847	Terpene
GCF_014497205.1	contig_15	deepBGC		0.51743		811	2179	1368	1	PF00289|PF02222|PF02655|PF02785|PF02786|PF07478|PF08443|PF15632	Unknown
GCF_014497205.1	contig_15	deepBGC		0.61451		6918	17198	10280	9	PF00106|PF00398|PF00920|PF01073|PF01081|PF01135|PF01370|PF01416|PF02719|PF03739|PF04321|PF07719|PF07993|PF08238|PF08659|PF13460|PF13561|PF13649|PF13847|PF16363	RiPP
GCF_014497205.1	contig_15	deepBGC	NRP	0.56537		20400	22214	1814	2	PF00107|PF01262|PF01501|PF02826|PF03446|PF08240	NRPS_like
GCF_014497205.1	contig_16	deepBGC	NRP	0.54155		12910	18569	5659	3	PF00425|PF00669|PF00795|PF01063	Unknown
GCF_014497205.1	contig_35	deepBGC		0.52704		7544	8810	1266	2	PF03070|PF04264	Unknown
GCF_014497205.1	contig_48	deepBGC		0.5698		810	1284	474	1	PF13664	Unknown
GCF_014497205.1	contig_65	deepBGC		0.59028		1	6639	6638	6	PF00521|PF01219|PF02538|PF03235|PF03989|PF08882	Unknown
GCF_014497205.1	contig_66	deepBGC		0.50826		67	391	324	1	PF01144	Unknown
GCF_014497205.1	contig_71	deepBGC		0.58368		2486	3238	752	2	PF01061	Unknown
GCF_040821075.1	contig_21	deepBGC		0.51596		4988	5288	300	1	PF07883	Unknown
GCF_040821075.1	contig_26	deepBGC		0.7696		792	19574	18782	17	PF00106|PF00107|PF00155|PF00266|PF00268|PF00398|PF00479|PF00920|PF01041|PF01073|PF01081|PF01135|PF01182|PF01262|PF01370|PF01416|PF01501|PF02685|PF02719|PF02781|PF02826|PF03446|PF03739|PF04321|PF07719|PF07993|PF08238|PF08240|PF08659|PF13460|PF13561|PF13649|PF13847|PF16363	NRPS_like|RiPP
GCF_040821075.1	contig_58	deepBGC	Saccharide	0.655		37877	46924	9047	9	PF00133|PF00534|PF01135|PF01209|PF01406|PF01555|PF01588|PF01596|PF02353|PF02784|PF03061|PF05175|PF06325|PF07927|PF08003|PF08123|PF08241|PF08242|PF09334|PF12847|PF13439|PF13489|PF13579|PF13649|PF13679|PF13692|PF13847|PF15919	Terpene
GCA_040861225.1	contig_7	antiSMASH	Terpene-precursor		No	1	58203	58203	59	Fer4_12|GTP_cyclohydroI|PTPS|PT_FPPS_like|QueE	Terpene
GCF_003639485.1	contig_10	deepBGC		0.51736		3909	4209	300	1	PF07883	Unknown
GCF_003639485.1	contig_7	deepBGC		0.75479		38523	47102	8579	7	PF00133|PF00534|PF01135|PF01209|PF01406|PF01555|PF01588|PF02353|PF02784|PF03061|PF05175|PF06325|PF08003|PF08123|PF08241|PF08242|PF09334|PF12847|PF13439|PF13489|PF13649|PF13679|PF13692|PF13847	Terpene
GCF_011140805.1	contig_41	antiSMASH	Terpene-precursor		No	1	57582	57582	57	Fer4_12|GTP_cyclohydroI|PTPS|PT_FPPS_like|QueE	Terpene
GCF_040821375.1	contig_2	deepBGC	Other	0.73194		28381	33482	5101	4	PF00133|PF01135|PF01209|PF01406|PF01555|PF01588|PF01596|PF02353|PF05175|PF06325|PF08003|PF08123|PF08241|PF08242|PF09334|PF12847|PF13489|PF13649|PF13679|PF13847	Terpene
GCF_040821375.1	contig_4	deepBGC		0.64266		2	1457	1455	1	PF08885	Unknown
GCF_040821375.1	contig_4	deepBGC		0.51961		4800	5100	300	1	PF07883	Unknown
GCF_040821375.1	contig_49	deepBGC		0.5428		162	1749	1587	1	PF02521	Unknown
GCF_040821375.1	contig_51	deepBGC	Polyketide	0.54562		0	2379	2379	2	PF00083|PF07510|PF07690	Unknown
GCA_024406245.1	contig_6	antiSMASH	Terpene-precursor		No	1	8622	8622	11	Fer4_12|GTP_cyclohydroI|PTPS|PT_FPPS_like|QueE	Terpene
GCF_011140555.1	contig_13	antiSMASH	Terpene-precursor		No	1	11134	11134	13	Fer4_12|GTP_cyclohydroI|PTPS|PT_FPPS_like|QueE	Terpene
GCF_015905015.1	contig_10	antiSMASH	Terpene-precursor		No	1	57325	57325	52	Fer4_12|GTP_cyclohydroI|PTPS|PT_FPPS_like|QueE	Terpene
GCA_024406865	contig_23	GECCO	Unknown	0.9863071002155596		5729	9516	3787	6	PF01041|PF01592|PF06306	Unknown
GCA_040860965.1	contig_13	deepBGC		0.50226		8121	8907	786	1	PF08003|PF08241|PF08242|PF13489|PF13649|PF13847	Unknown
GCA_040860965.1	contig_2	deepBGC		0.51744		552	1790	1238	4	PF00092|PF13519|PF13672	Unknown
GCF_014497525.1	contig_17	antiSMASH	Terpene-precursor		No	1	102318	102318	100	Fer4_12|GTP_cyclohydroI|PTPS|PT_FPPS_like|QueE	Terpene
GCF_040820815.1	contig_34	antiSMASH	Terpene-precursor		No	1	24445	24445	19	ATP-grasp|ATP-grasp_3|Fer4_12|GTP_cyclohydroI|PTPS|PT_FPPS_like|QueE	Terpene
GCF_003639405.1	contig_12	deepBGC		0.55597		148	1177	1029	1	PF00899	Unknown
GCF_003639405.1	contig_12	deepBGC	Polyketide	0.56812		8025	10394	2369	3	PF02661|PF05977|PF07690	Unknown
GCF_003639405.1	contig_13	deepBGC		0.52684		44229	44973	744	1	PF00106|PF08659|PF13561	Unknown
GCF_003639405.1	contig_21	deepBGC	Other	0.72065		38612	43688	5076	4	PF00133|PF01135|PF01209|PF01406|PF01555|PF01588|PF01596|PF02353|PF05175|PF06325|PF08003|PF08123|PF08241|PF08242|PF09334|PF12847|PF13489|PF13649|PF13679|PF13847	Terpene
GCF_014497595.1	contig_22	antiSMASH	Terpene-precursor		No	1	66585	66585	65	Fer4_12|GTP_cyclohydroI|PTPS|PT_FPPS_like|QueE	Terpene
GCF_011141035.1	contig_4	antiSMASH	Terpene-precursor		No	1	9067	9067	12	Fer4_12|GTP_cyclohydroI|PTPS|PT_FPPS_like|QueE	Terpene
GCA_040862285.1	contig_19	antiSMASH	Terpene-precursor		No	1	18884	18884	24	DAO|Fer4_12|GTP_cyclohydroI|PTPS|PT_FPPS_like|QueE	Terpene
GCA_024406765.1	contig_52	antiSMASH	Terpene-precursor		No	1	59510	59510	61	Fer4_12|GTP_cyclohydroI|PTPS|PT_FPPS_like|QueE	Terpene
GCF_037862375.1	contig_22	antiSMASH	Terpene-precursor		No	1	7876	7876	11	Fer4_12|GTP_cyclohydroI|PTPS|PT_FPPS_like|QueE	Terpene
GCF_003639245.1	contig_14	deepBGC	Saccharide	0.71062		81491	93055	11564	10	PF00133|PF00534|PF01135|PF01209|PF01406|PF01555|PF01588|PF01596|PF02353|PF02784|PF03061|PF03235|PF05175|PF06325|PF07510|PF08003|PF08123|PF08241|PF08242|PF09334|PF12847|PF13439|PF13489|PF13579|PF13649|PF13679|PF13692|PF13847	Terpene
GCF_003639485.1	contig_3	antiSMASH	Terpene-precursor		No	1	57435	57435	56	Fer4_12|GTP_cyclohydroI|PTPS|PT_FPPS_like|QueE	Terpene
GCF_040821305	contig_11	GECCO	Unknown	0.9234604969315924		2	5116	5114	8	PF01041|PF01106|PF01592|PF04324|PF06306|PF18073	Unknown
GCF_037862095.1	contig_7	deepBGC		0.5741		52370	53580	1210	3	PF00106|PF00550|PF08659|PF10501|PF13561|PF14573|PF16320	PKS
GCA_040862005.1	contig_8	antiSMASH	Terpene-precursor		No	1	71743	71743	69	Fer4_12|GTP_cyclohydroI|Glycos_transf_4|PTPS|PT_FPPS_like|QueE	Terpene
GCF_015904815.1	contig_13	deepBGC		0.521		692	5582	4890	5	PF02784|PF03235|PF07510	Unknown
GCF_015904815.1	contig_13	deepBGC	Other	0.62255		7202	12294	5092	4	PF00133|PF01135|PF01209|PF01406|PF01588|PF01596|PF02353|PF05175|PF06325|PF08003|PF08123|PF08241|PF08242|PF09334|PF12847|PF13489|PF13649|PF13679|PF13847	Terpene
GCF_037861775.1	contig_12	deepBGC		0.75233		37380	45954	8574	7	PF00133|PF00534|PF01135|PF01209|PF01406|PF01555|PF01588|PF01596|PF02353|PF02784|PF03061|PF05175|PF06325|PF08003|PF08123|PF08241|PF08242|PF09334|PF12847|PF13439|PF13489|PF13649|PF13679|PF13692|PF13847	Terpene
GCF_037861775.1	contig_13	deepBGC	RiPP	0.5263		16527	17157	630	1	PF00398|PF01135|PF13649|PF13847	RiPP
GCF_037861775.1	contig_21	deepBGC	Polyketide	0.57593		18419	20970	2551	4	PF00106|PF00109|PF00550|PF02801|PF08659|PF10501|PF13561|PF14573|PF16320	PKS
