sample_id	contig_id	Prediction_tool	Product_class	BGC_probability	BGC_complete	BGC_start	BGC_end	BGC_length	BGC_region_contig_ids	CDS_count	PFAM_domains	MIBiG_ID	InterPro_ID
GCF_014497835.1	contig_7	antiSMASH	Terpene-precursor	NA	No	1	48705	48705	NA;EFPNGH_00540;EFPNGH_00543;EFPNGH_00544;EFPNGH_00545;EFPNGH_00546;EFPNGH_00547;EFPNGH_00548;EFPNGH_00549;EFPNGH_00550;EFPNGH_00551;EFPNGH_00552;EFPNGH_00553;EFPNGH_00554;EFPNGH_00555;EFPNGH_00556;EFPNGH_00557;EFPNGH_00558;EFPNGH_00559;EFPNGH_00560;EFPNGH_00561;EFPNGH_00562;EFPNGH_00563;EFPNGH_00564;EFPNGH_00565;EFPNGH_00566;EFPNGH_00567;EFPNGH_00568;EFPNGH_00569;EFPNGH_00570;EFPNGH_00571;EFPNGH_00572;EFPNGH_00573;EFPNGH_00574;EFPNGH_00575;EFPNGH_00576;EFPNGH_00577;EFPNGH_00578;EFPNGH_00579	38	GTP_cyclohydroI;PT_FPPS_like;PTPS;QueE;Fer4_12	NA	NA
GCA_024413005.1	contig_14	deepBGC		0.57395	NA	96	3250	3154	gnl|Bakta|MHLJAH_00827;gnl|Bakta|MHLJAH_00828;gnl|Bakta|MHLJAH_00829;gnl|Bakta|MHLJAH_00830;gnl|Bakta|MHLJAH_00831;gnl|Bakta|MHLJAH_00832	6	PF03743;PF05973;PF00437	NA	NA
GCA_024413005.1	contig_5	deepBGC	Other	0.75922	NA	37681	42772	5091	gnl|Bakta|MHLJAH_00465;gnl|Bakta|MHLJAH_00466;gnl|Bakta|MHLJAH_00467;gnl|Bakta|MHLJAH_00468	4	PF02353;PF08003;PF13489;PF01596;PF13847;PF01209;PF08241;PF08242;PF13649;PF05175;PF12847;PF06325;PF01135;PF13679;PF08123;PF01555;PF09334;PF00133;PF01406;PF01588;PF08003;PF13489;PF13649;PF08241;PF08242;PF13847	NA	NA
GCF_024214055.1	contig_16	deepBGC		0.52866	NA	5641	5803	162	gnl|Bakta|MGFAFI_00872	1	PF16164	NA	NA
GCF_024214055.1	contig_3	deepBGC		0.69749	NA	37651	43183	5532	gnl|Bakta|MGFAFI_00338;gnl|Bakta|MGFAFI_00339;gnl|Bakta|MGFAFI_00340;gnl|Bakta|MGFAFI_00341;gnl|Bakta|MGFAFI_00342	5	PF02353;PF08003;PF13489;PF13847;PF01209;PF08241;PF08242;PF13649;PF05175;PF12847;PF06325;PF01135;PF13679;PF08123;PF01555;PF00133;PF09334;PF01406;PF01588;PF08003;PF13489;PF13649;PF08241;PF08242;PF13847;PF03061	NA	NA
GCA_024412915.1	contig_6	antiSMASH	Terpene-precursor	NA	No	1	9597	9597	NA;GHLOMI_00767;GHLOMI_00769;GHLOMI_00770;GHLOMI_00771;GHLOMI_00772;GHLOMI_00773;GHLOMI_00774;GHLOMI_00775;GHLOMI_00776;GHLOMI_00777;GHLOMI_00778;GHLOMI_00779	12	GTP_cyclohydroI;PT_FPPS_like;PTPS;QueE;Fer4_12	NA	NA
GCA_024411895	contig_2	GECCO	Unknown	0.9946902067940162	NA	234627	238281	3654	contig_2_223;contig_2_224;contig_2_225;contig_2_226;contig_2_227	5	PF01041;PF06306;PF06306	NA	IPR000653;IPR010446;IPR010446
GCF_015904625.1	contig_11	deepBGC	Saccharide	0.73155	NA	37637	49266	11629	gnl|Bakta|KAPHMH_01166;gnl|Bakta|KAPHMH_01167;gnl|Bakta|KAPHMH_01168;gnl|Bakta|KAPHMH_01169;gnl|Bakta|KAPHMH_01170;gnl|Bakta|KAPHMH_01171;gnl|Bakta|KAPHMH_01172;gnl|Bakta|KAPHMH_01173;gnl|Bakta|KAPHMH_01174	9	PF02353;PF08003;PF13489;PF01596;PF13847;PF01209;PF08241;PF08242;PF13649;PF05175;PF12847;PF06325;PF01135;PF13679;PF08123;PF09334;PF00133;PF01406;PF01588;PF08003;PF13489;PF13649;PF08241;PF08242;PF13847;PF03061;PF13439;PF13579;PF00534;PF13692;PF02784;PF07510;PF03235	NA	NA
GCF_015904625.1	contig_17	deepBGC	NRP	0.50891	NA	2117	3164	1047	gnl|Bakta|KAPHMH_01350	1	PF00107;PF03446;PF02826;PF01262;PF08240	NA	NA
GCF_040820945.1	contig_17	antiSMASH	Terpene-precursor	NA	No	1	20507	20507	NA;AJPKDB_00681;AJPKDB_00685;AJPKDB_00687;AJPKDB_00688;AJPKDB_00689;AJPKDB_00690;AJPKDB_00691;AJPKDB_00692;AJPKDB_00693;AJPKDB_00694;AJPKDB_00695;AJPKDB_00696;AJPKDB_00697;AJPKDB_00698;AJPKDB_00699;AJPKDB_00700;AJPKDB_00701;AJPKDB_00702;AJPKDB_00703;AJPKDB_00704;AJPKDB_00705;AJPKDB_00706;AJPKDB_00707	23	DAO;QueE;Fer4_12;PTPS;PT_FPPS_like;GTP_cyclohydroI	NA	NA
GCA_040861765.1	contig_11	deepBGC		0.74851	NA	37642	46209	8567	gnl|Bakta|HPBHNA_01378;gnl|Bakta|HPBHNA_01379;gnl|Bakta|HPBHNA_01380;gnl|Bakta|HPBHNA_01381;gnl|Bakta|HPBHNA_01382;gnl|Bakta|HPBHNA_01383;gnl|Bakta|HPBHNA_01384	7	PF02353;PF08003;PF13489;PF01596;PF13847;PF01209;PF08241;PF08242;PF13649;PF05175;PF12847;PF06325;PF01135;PF13679;PF08123;PF01555;PF09334;PF00133;PF01406;PF01588;PF08003;PF13489;PF13649;PF08241;PF08242;PF13847;PF03061;PF13439;PF00534;PF13692;PF02784	NA	NA
GCA_040861765.1	contig_20	deepBGC		0.54585	NA	0	321	321	gnl|Bakta|HPBHNA_01570	1	PF05713	NA	NA
GCA_040861765.1	contig_20	deepBGC	RiPP	0.67138	NA	2299	5613	3314	gnl|Bakta|HPBHNA_01573;gnl|Bakta|HPBHNA_01574	2	PF02463;PF00005;PF13304;PF13555;PF03600;PF00664;PF13575	NA	NA
GCA_040861765.1	contig_4	deepBGC		0.54924	NA	43623	44367	744	gnl|Bakta|HPBHNA_00701	1	PF13561;PF00106;PF08659	NA	NA
GCF_014498295.1	contig_21	antiSMASH	Terpene-precursor	NA	No	1	60318	60318	NA;PHAAJJ_01365;PHAAJJ_01366;PHAAJJ_01367;PHAAJJ_01368;PHAAJJ_01369;PHAAJJ_01370;PHAAJJ_01371;PHAAJJ_01372;PHAAJJ_01373;PHAAJJ_01374;PHAAJJ_01375;PHAAJJ_01376;PHAAJJ_01377;PHAAJJ_01378;PHAAJJ_01379;PHAAJJ_01380;PHAAJJ_01381;PHAAJJ_01382;PHAAJJ_01383;PHAAJJ_01384;PHAAJJ_01389;PHAAJJ_01390;PHAAJJ_01391;PHAAJJ_01392;PHAAJJ_01393;PHAAJJ_01394;PHAAJJ_01395;PHAAJJ_01396;PHAAJJ_01397;PHAAJJ_01398;PHAAJJ_01399;PHAAJJ_01400;PHAAJJ_01401;PHAAJJ_01402;PHAAJJ_01403;PHAAJJ_01404;PHAAJJ_01405;PHAAJJ_01406;PHAAJJ_01407;PHAAJJ_01408;PHAAJJ_01409;PHAAJJ_01410;PHAAJJ_01411;PHAAJJ_01412;PHAAJJ_01413;PHAAJJ_01414;PHAAJJ_01415;PHAAJJ_01416;PHAAJJ_01417;PHAAJJ_01418;PHAAJJ_01419;PHAAJJ_01420;PHAAJJ_01421;PHAAJJ_01422;PHAAJJ_01423;PHAAJJ_01424;PHAAJJ_01425;PHAAJJ_01426	58	GTP_cyclohydroI;PT_FPPS_like;PTPS;QueE;Fer4_12	NA	NA
GCA_024407115.1	contig_3	deepBGC		0.61931	NA	9868	10654	786	gnl|Bakta|MEOLOH_00198	1	PF08003;PF13489;PF13847;PF08241;PF08242;PF13649	NA	NA
GCF_008033055.1	contig_1	deepBGC	Polyketide	0.51005	NA	890339	891092	753	gnl|Bakta|BEIFMH_00848	1	PF00106;PF08659;PF01370;PF13561	NA	NA
GCF_001998245.1	contig_20	antiSMASH	Terpene-precursor	NA	No	1	8052	8052	NA;ILCHNG_01004;ILCHNG_01005;ILCHNG_01006;ILCHNG_01007;ILCHNG_01008;ILCHNG_01009;ILCHNG_01010;ILCHNG_01011;ILCHNG_01012;ILCHNG_01013;ILCHNG_01014	11	GTP_cyclohydroI;PT_FPPS_like;PTPS;QueE;Fer4_12	NA	NA
GCF_040821405.1	contig_2	deepBGC		0.63616	NA	3645	4431	786	gnl|Bakta|GOPMJP_00062	1	PF08003;PF13489;PF13847;PF08241;PF08242;PF13649	NA	NA
GCF_040821405.1	contig_35	deepBGC		0.7316	NA	942	6443	5501	gnl|Bakta|GOPMJP_01091;gnl|Bakta|GOPMJP_01092;gnl|Bakta|GOPMJP_01093;gnl|Bakta|GOPMJP_01094;gnl|Bakta|GOPMJP_01095;gnl|Bakta|GOPMJP_01096;gnl|Bakta|GOPMJP_01097;gnl|Bakta|GOPMJP_01098;gnl|Bakta|GOPMJP_01099;gnl|Bakta|GOPMJP_01100;gnl|Bakta|GOPMJP_01101	11	PF01924;PF01455;PF02492;PF07883;PF00871;PF00871;PF00871;PF01515;PF01515;PF13500	NA	NA
GCF_040821405.1	contig_9	deepBGC		0.55141	NA	19541	20561	1020	gnl|Bakta|GOPMJP_00336	1	PF00795	NA	NA
GCF_037861715.1	contig_15	deepBGC	RiPP	0.51864	NA	26041	26671	630	gnl|Bakta|ALJIAL_01258	1	PF01135;PF13847;PF13649;PF00398	NA	NA
GCF_011140545.1	contig_29	antiSMASH	Terpene-precursor	NA	No	1	9069	9069	NA;NABMFJ_00733;NABMFJ_00734;NABMFJ_00735;NABMFJ_00736;NABMFJ_00737;NABMFJ_00738;NABMFJ_00739;NABMFJ_00740;NABMFJ_00741;NABMFJ_00742;NABMFJ_00743;NABMFJ_00744	12	QueE;Fer4_12;PTPS;PT_FPPS_like;GTP_cyclohydroI	NA	NA
GCA_024412535	contig_11	GECCO	Unknown	0.9947464206591342	NA	25259	28488	3229	contig_11_26;contig_11_27;contig_11_28;contig_11_29;contig_11_30	5	PF01041;PF06306;PF06306	NA	IPR010446;IPR010446;IPR000653
GCA_040861085.1	contig_31	antiSMASH	Terpene-precursor	NA	No	1	8333	8333	NA;KFLGFO_01571;KFLGFO_01572;KFLGFO_01573;KFLGFO_01574;KFLGFO_01575;KFLGFO_01576;KFLGFO_01577;KFLGFO_01578;KFLGFO_01579;KFLGFO_01580;KFLGFO_01581	11	GTP_cyclohydroI;PT_FPPS_like;PTPS;QueE;Fer4_12	NA	NA
GCF_014496695.1	contig_15	deepBGC		0.54003	NA	1839	2943	1104	gnl|Bakta|GIGJMK_00870	1	PF01501	NA	NA
GCF_014496695.1	contig_3	deepBGC		0.75342	NA	37845	46423	8578	gnl|Bakta|GIGJMK_00408;gnl|Bakta|GIGJMK_00409;gnl|Bakta|GIGJMK_00410;gnl|Bakta|GIGJMK_00411;gnl|Bakta|GIGJMK_00412;gnl|Bakta|GIGJMK_00413;gnl|Bakta|GIGJMK_00414	7	PF02353;PF08003;PF13489;PF13847;PF01209;PF08241;PF08242;PF13649;PF05175;PF12847;PF06325;PF01135;PF13679;PF08123;PF01555;PF00133;PF09334;PF01406;PF01588;PF08003;PF13489;PF13649;PF08241;PF08242;PF13847;PF03061;PF13439;PF00534;PF13692;PF02784	NA	NA
GCF_003640145.1	contig_23	antiSMASH	Terpene-precursor	NA	No	1	9747	9747	NA;HCJGAP_01093;HCJGAP_01094;HCJGAP_01095;HCJGAP_01096;HCJGAP_01097;HCJGAP_01098;HCJGAP_01099;HCJGAP_01100;HCJGAP_01101;HCJGAP_01102;HCJGAP_01103;HCJGAP_01104;HCJGAP_01105	13	GTP_cyclohydroI;PT_FPPS_like;PTPS;QueE;Fer4_12	NA	NA
GCA_040862065.1	contig_11	deepBGC		0.5338	NA	7055	7841	786	gnl|Bakta|LDDDJC_01360	1	PF08003;PF13489;PF13847;PF08241;PF08242;PF13649	NA	NA
GCA_040862065.1	contig_12	deepBGC		0.54414	NA	11399	11933	534	gnl|Bakta|LDDDJC_01413	1	PF05050	NA	NA
GCA_040862065.1	contig_12	deepBGC	Polyketide	0.5931	NA	16783	23063	6280	gnl|Bakta|LDDDJC_01421;gnl|Bakta|LDDDJC_01422;gnl|Bakta|LDDDJC_01423;gnl|Bakta|LDDDJC_01424;gnl|Bakta|LDDDJC_01427;gnl|Bakta|LDDDJC_01428	6	PF01135;PF00398;PF13489;PF13847;PF13649;PF03739;PF01416;PF16363;PF01370;PF04321;PF02719;PF07993;PF01073;PF08659;PF00106;PF08659;PF01370;PF13561	NA	NA
GCF_040821935.1	contig_9	antiSMASH	Terpene-precursor	NA	No	1	38457	38457	NA;AGICIN_00340;AGICIN_00341;AGICIN_00342;AGICIN_00343;AGICIN_00344;AGICIN_00345;AGICIN_00346;AGICIN_00347;AGICIN_00348;AGICIN_00349;AGICIN_00350;AGICIN_00351;AGICIN_00352;AGICIN_00353;AGICIN_00354;AGICIN_00355;AGICIN_00356;AGICIN_00357;AGICIN_00358;AGICIN_00359;AGICIN_00360;AGICIN_00361;AGICIN_00362;AGICIN_00364;AGICIN_00368;AGICIN_00369;AGICIN_00370;AGICIN_00371;AGICIN_00372;AGICIN_00373;AGICIN_00374;AGICIN_00375;AGICIN_00376;AGICIN_00377;AGICIN_00378;AGICIN_00379;AGICIN_00380;AGICIN_00381;AGICIN_00382;AGICIN_00383;AGICIN_00384;AGICIN_00385;AGICIN_00386;AGICIN_00387;AGICIN_00388	45	GTP_cyclohydroI;PT_FPPS_like;PTPS;QueE;Fer4_12	NA	NA
GCF_037862475.1	contig_11	deepBGC	Saccharide	0.75429	NA	37438	46018	8580	gnl|Bakta|ILFBCI_01289;gnl|Bakta|ILFBCI_01290;gnl|Bakta|ILFBCI_01291;gnl|Bakta|ILFBCI_01292;gnl|Bakta|ILFBCI_01293;gnl|Bakta|ILFBCI_01294;gnl|Bakta|ILFBCI_01295	7	PF02353;PF08003;PF13489;PF01596;PF13847;PF01209;PF08241;PF08242;PF13649;PF05175;PF12847;PF06325;PF01135;PF13679;PF08123;PF01555;PF09334;PF00133;PF01406;PF01588;PF08003;PF13489;PF13649;PF08241;PF08242;PF13847;PF03061;PF13439;PF13579;PF00534;PF13692;PF02784	NA	NA
GCF_037862475.1	contig_25	deepBGC	Polyketide	0.56964	NA	1431	4610	3179	gnl|Bakta|ILFBCI_01611;gnl|Bakta|ILFBCI_01612;gnl|Bakta|ILFBCI_01613	3	PF02661;PF07690;PF12832;PF05977;PF00899	NA	NA
GCF_037862475.1	contig_4	deepBGC		0.5173	NA	18588	19083	495	gnl|Bakta|ILFBCI_00718	1	PF00258;PF12641;PF12724	NA	NA
GCF_037862475.1	contig_4	deepBGC		0.51341	NA	129075	130068	993	gnl|Bakta|ILFBCI_00830	1	PF00108;PF00195;PF07451;PF08545;PF08541	NA	NA
GCF_036455175.1	contig_7	antiSMASH	Terpene-precursor	NA	No	1	57544	57544	NA;COBPKB_01324;COBPKB_01325;COBPKB_01326;COBPKB_01327;COBPKB_01328;COBPKB_01329;COBPKB_01330;COBPKB_01331;COBPKB_01332;COBPKB_01333;COBPKB_01334;COBPKB_01335;COBPKB_01336;COBPKB_01337;COBPKB_01338;COBPKB_01339;COBPKB_01340;COBPKB_01341;COBPKB_01342;COBPKB_01343;COBPKB_01344;COBPKB_01345;COBPKB_01346;COBPKB_01347;COBPKB_01348;COBPKB_01349;COBPKB_01350;COBPKB_01351;COBPKB_01352;COBPKB_01353;COBPKB_01354;COBPKB_01355;COBPKB_01356;COBPKB_01357;COBPKB_01358;COBPKB_01363;COBPKB_01364;COBPKB_01365;COBPKB_01366;COBPKB_01367;COBPKB_01368;COBPKB_01369;COBPKB_01370;COBPKB_01371;COBPKB_01372;COBPKB_01373;COBPKB_01374;COBPKB_01375;COBPKB_01376;COBPKB_01377;COBPKB_01378;COBPKB_01379;COBPKB_01380;COBPKB_01381;COBPKB_01382;COBPKB_01383	56	QueE;Fer4_12;PTPS;PT_FPPS_like;GTP_cyclohydroI	NA	NA
GCF_014496385.1	contig_2	deepBGC		0.74848	NA	37656	46227	8571	gnl|Bakta|CDJKPM_00272;gnl|Bakta|CDJKPM_00273;gnl|Bakta|CDJKPM_00274;gnl|Bakta|CDJKPM_00275;gnl|Bakta|CDJKPM_00276;gnl|Bakta|CDJKPM_00277;gnl|Bakta|CDJKPM_00278	7	PF02353;PF08003;PF13489;PF01596;PF13847;PF01209;PF08241;PF08242;PF13649;PF05175;PF12847;PF06325;PF01135;PF13679;PF08123;PF01555;PF09334;PF00133;PF01406;PF01588;PF08003;PF13489;PF13649;PF08241;PF08242;PF13847;PF03061;PF13439;PF00534;PF13692;PF02784	NA	NA
GCF_014498305.1	contig_12	deepBGC	Saccharide	0.75335	NA	37768	46333	8565	gnl|Bakta|BGMGMC_01463;gnl|Bakta|BGMGMC_01464;gnl|Bakta|BGMGMC_01465;gnl|Bakta|BGMGMC_01466;gnl|Bakta|BGMGMC_01467;gnl|Bakta|BGMGMC_01468;gnl|Bakta|BGMGMC_01469	7	PF02353;PF08003;PF13489;PF01596;PF13847;PF01209;PF08241;PF08242;PF13649;PF05175;PF12847;PF06325;PF01135;PF13679;PF08123;PF01555;PF09334;PF00133;PF01406;PF01588;PF08003;PF13489;PF13649;PF08241;PF08242;PF13847;PF03061;PF13439;PF13579;PF00534;PF13692;PF02784	NA	NA
GCF_003639265.1	contig_15	deepBGC	Saccharide	0.71062	NA	81960	93524	11564	gnl|Bakta|MNMMKJ_01306;gnl|Bakta|MNMMKJ_01307;gnl|Bakta|MNMMKJ_01308;gnl|Bakta|MNMMKJ_01309;gnl|Bakta|MNMMKJ_01310;gnl|Bakta|MNMMKJ_01311;gnl|Bakta|MNMMKJ_01312;gnl|Bakta|MNMMKJ_01313;gnl|Bakta|MNMMKJ_01314;gnl|Bakta|MNMMKJ_01315	10	PF02353;PF08003;PF13489;PF01596;PF13847;PF01209;PF08241;PF08242;PF13649;PF05175;PF12847;PF06325;PF01135;PF13679;PF08123;PF01555;PF09334;PF00133;PF01406;PF01588;PF08003;PF13489;PF13649;PF08241;PF08242;PF13847;PF03061;PF13439;PF13579;PF00534;PF13692;PF02784;PF07510;PF03235	NA	NA
GCF_014498475.1	contig_18	deepBGC		0.57039	NA	43871	48321	4450	LFABFJ_01421;gnl|Bakta|LFABFJ_01422;gnl|Bakta|LFABFJ_01423	3	PF05378;PF05378;PF01968;PF02538	NA	NA
GCF_014498475.1	contig_2	deepBGC		0.58374	NA	3785	7535	3750	gnl|Bakta|LFABFJ_00251;gnl|Bakta|LFABFJ_00252;gnl|Bakta|LFABFJ_00253	3	PF08003;PF13489;PF13847;PF08241;PF08242;PF13649;PF01588;PF09334;PF01406;PF00133	NA	NA
GCF_021184145	contig_1	GECCO	Unknown	0.9947023405474016	NA	1252044	1255758	3714	contig_1_1152;contig_1_1153;contig_1_1154;contig_1_1155;contig_1_1156	5	PF01041;PF06306;PF06306	NA	IPR010446;IPR010446;IPR000653
GCF_040821155.1	contig_22	antiSMASH	Terpene-precursor	NA	No	1	24784	24784	NA;HICADH_00147;HICADH_00148;HICADH_00149;HICADH_00150;HICADH_00151;HICADH_00152;HICADH_00153;HICADH_00154;HICADH_00155;HICADH_00156;HICADH_00157;HICADH_00158;HICADH_00159;HICADH_00160;HICADH_00161;HICADH_00162;HICADH_00163;HICADH_00164	18	QueE;Fer4_12;PTPS;PT_FPPS_like;GTP_cyclohydroI;ATP-grasp_3;RimK;ATP-grasp	NA	NA
GCF_014498645.1	contig_23	deepBGC	Saccharide	0.7803	NA	38007	47068	9061	gnl|Bakta|NKJBPC_01531;gnl|Bakta|NKJBPC_01532;gnl|Bakta|NKJBPC_01533;gnl|Bakta|NKJBPC_01534;gnl|Bakta|NKJBPC_01535;gnl|Bakta|NKJBPC_01536;gnl|Bakta|NKJBPC_01537;gnl|Bakta|NKJBPC_01538;gnl|Bakta|NKJBPC_01539	9	PF02353;PF08003;PF13489;PF01596;PF13847;PF01209;PF08241;PF08242;PF13649;PF05175;PF12847;PF06325;PF01135;PF13679;PF08123;PF09334;PF00133;PF01406;PF01588;PF08003;PF13489;PF13649;PF08241;PF08242;PF13847;PF03061;PF13439;PF13579;PF00534;PF13692;PF02784;PF07927;PF15919	NA	NA
GCA_040861545.1	contig_25	antiSMASH	Terpene-precursor	NA	No	1	8593	8593	NA;EELIOB_01580;EELIOB_01581;EELIOB_01582;EELIOB_01583;EELIOB_01584;EELIOB_01585;EELIOB_01586;EELIOB_01587;EELIOB_01588;EELIOB_01589;EELIOB_01590;EELIOB_01591;EELIOB_01592	13	GTP_cyclohydroI;PT_FPPS_like;PTPS;QueE;Fer4_12	NA	NA
GCF_036455265.1	contig_11	deepBGC		0.72665	NA	37370	48882	11512	gnl|Bakta|OKBGML_01377;gnl|Bakta|OKBGML_01378;gnl|Bakta|OKBGML_01379;gnl|Bakta|OKBGML_01380;gnl|Bakta|OKBGML_01381;gnl|Bakta|OKBGML_01382;gnl|Bakta|OKBGML_01383;gnl|Bakta|OKBGML_01384;gnl|Bakta|OKBGML_01385;gnl|Bakta|OKBGML_01386	10	PF02353;PF08003;PF13489;PF01596;PF13847;PF01209;PF08241;PF08242;PF13649;PF05175;PF12847;PF06325;PF01135;PF13679;PF08123;PF01555;PF09334;PF00133;PF01406;PF01588;PF08003;PF13489;PF13649;PF08241;PF08242;PF13847;PF03061;PF13439;PF00534;PF13692;PF02784;PF07510;PF03235	NA	NA
GCF_036455265.1	contig_7	deepBGC		0.5799	NA	16811	23095	6284	gnl|Bakta|OKBGML_01137;gnl|Bakta|OKBGML_01138;gnl|Bakta|OKBGML_01139;gnl|Bakta|OKBGML_01140;gnl|Bakta|OKBGML_01143;gnl|Bakta|OKBGML_01144	6	PF01135;PF00398;PF13489;PF13847;PF13649;PF03739;PF01416;PF16363;PF01370;PF07993;PF04321;PF02719;PF01073;PF13460;PF08659;PF00106;PF00106;PF08659;PF13561	NA	NA
GCF_015904605.1	contig_16	deepBGC		0.53832	NA	4141	4927	786	gnl|Bakta|NGPJID_01419	1	PF08003;PF13489;PF13847;PF08241;PF08242;PF13649	NA	NA
GCF_037861755.1	contig_2	antiSMASH	Terpene-precursor	NA	No	1	113153	113153	NA;GNKOCD_00207;GNKOCD_00208;GNKOCD_00209;GNKOCD_00210;GNKOCD_00211;GNKOCD_00212;GNKOCD_00213;GNKOCD_00214;GNKOCD_00215;GNKOCD_00216;GNKOCD_00217;GNKOCD_00218;GNKOCD_00219;GNKOCD_00220;GNKOCD_00221;GNKOCD_00222;GNKOCD_00223;GNKOCD_00224;GNKOCD_00225;GNKOCD_00226;GNKOCD_00227;GNKOCD_00228;GNKOCD_00229;GNKOCD_00230;GNKOCD_00231;GNKOCD_00232;GNKOCD_00233;GNKOCD_00234;GNKOCD_00235;GNKOCD_00236;GNKOCD_00237;GNKOCD_00238;GNKOCD_00239;GNKOCD_00244;GNKOCD_00245;GNKOCD_00246;GNKOCD_00247;GNKOCD_00248;GNKOCD_00249;GNKOCD_00250;GNKOCD_00251;GNKOCD_00252;GNKOCD_00253;GNKOCD_00254;GNKOCD_00255;GNKOCD_00256;GNKOCD_00257;GNKOCD_00260;GNKOCD_00261;GNKOCD_00262;GNKOCD_00263;GNKOCD_00264;GNKOCD_00265;GNKOCD_00266;GNKOCD_00267;GNKOCD_00268;GNKOCD_00269;GNKOCD_00270;GNKOCD_00271;GNKOCD_00272;GNKOCD_00273;GNKOCD_00274;GNKOCD_00275;GNKOCD_00276;GNKOCD_00277;GNKOCD_00278;GNKOCD_00279;GNKOCD_00280;GNKOCD_00281;GNKOCD_00282;GNKOCD_00283;GNKOCD_00284;GNKOCD_00285;GNKOCD_00286;GNKOCD_00287;GNKOCD_00288;GNKOCD_00289;GNKOCD_00290;GNKOCD_00291;GNKOCD_00292;GNKOCD_00293;GNKOCD_00294;GNKOCD_00295;GNKOCD_00296;GNKOCD_00297;GNKOCD_00302;GNKOCD_00303;GNKOCD_00304;GNKOCD_00305;GNKOCD_00306;GNKOCD_00307;GNKOCD_00308;GNKOCD_00309;GNKOCD_00310;GNKOCD_00311;GNKOCD_00312;GNKOCD_00313;GNKOCD_00314;GNKOCD_00315;GNKOCD_00316;GNKOCD_00317;GNKOCD_00318;GNKOCD_00319;GNKOCD_00320;GNKOCD_00321;GNKOCD_00322	106	QueE;Fer4_12;PTPS;PT_FPPS_like;GTP_cyclohydroI	NA	NA
GCA_024412805.1	contig_2	antiSMASH	Terpene-precursor	NA	No	1	60201	60201	NA;FLGJAB_00326;FLGJAB_00327;FLGJAB_00328;FLGJAB_00329;FLGJAB_00330;FLGJAB_00331;FLGJAB_00332;FLGJAB_00333;FLGJAB_00334;FLGJAB_00335;FLGJAB_00336;FLGJAB_00337;FLGJAB_00338;FLGJAB_00339;FLGJAB_00340;FLGJAB_00341;FLGJAB_00342;FLGJAB_00343;FLGJAB_00344;FLGJAB_00345;FLGJAB_00346;FLGJAB_00347;FLGJAB_00348;FLGJAB_00349;FLGJAB_00350;FLGJAB_00351;FLGJAB_00352;FLGJAB_00353;FLGJAB_00354;FLGJAB_00355;FLGJAB_00356;FLGJAB_00357;FLGJAB_00358;FLGJAB_00359;FLGJAB_00360;FLGJAB_00365;FLGJAB_00366;FLGJAB_00367;FLGJAB_00368;FLGJAB_00369;FLGJAB_00370;FLGJAB_00371;FLGJAB_00372;FLGJAB_00373;FLGJAB_00374;FLGJAB_00375;FLGJAB_00376;FLGJAB_00377;FLGJAB_00378;FLGJAB_00379;FLGJAB_00380;FLGJAB_00381;FLGJAB_00382;FLGJAB_00383;FLGJAB_00384;FLGJAB_00385;FLGJAB_00386	57	QueE;Fer4_12;PTPS;PT_FPPS_like;GTP_cyclohydroI	NA	NA
GCF_014497635	contig_1	GECCO	Unknown	0.9946194703172468	NA	5617	8806	3189	contig_1_10;contig_1_6;contig_1_7;contig_1_8;contig_1_9	5	PF01041;PF06306;PF06306	NA	IPR000653;IPR010446;IPR010446
GCF_040821195.1	contig_73	antiSMASH	Terpene-precursor	NA	No	1	7992	7992	NA;DFLJLA_01245;DFLJLA_01246;DFLJLA_01247;DFLJLA_01248;DFLJLA_01249;DFLJLA_01250;DFLJLA_01251;DFLJLA_01252;DFLJLA_01253;DFLJLA_01254;DFLJLA_01255;DFLJLA_01256	12	QueE;Fer4_12;PTPS;PT_FPPS_like;GTP_cyclohydroI	NA	NA
GCF_011141145.1	contig_24	deepBGC		0.66427	NA	105	22860	22755	gnl|Bakta|EEODBD_00724;gnl|Bakta|EEODBD_00725;gnl|Bakta|EEODBD_00726;gnl|Bakta|EEODBD_00727;gnl|Bakta|EEODBD_00728;gnl|Bakta|EEODBD_00729;gnl|Bakta|EEODBD_00730;gnl|Bakta|EEODBD_00731;gnl|Bakta|EEODBD_00732;gnl|Bakta|EEODBD_00733;gnl|Bakta|EEODBD_00736;gnl|Bakta|EEODBD_00737;gnl|Bakta|EEODBD_00738;gnl|Bakta|EEODBD_00739;gnl|Bakta|EEODBD_00740;gnl|Bakta|EEODBD_00742;gnl|Bakta|EEODBD_00743;gnl|Bakta|EEODBD_00744;gnl|Bakta|EEODBD_00745;gnl|Bakta|EEODBD_00746;gnl|Bakta|EEODBD_00747;gnl|Bakta|EEODBD_00748;gnl|Bakta|EEODBD_00749	23	PF01501;PF00107;PF03446;PF02826;PF01262;PF08240;PF02685;PF01182;PF02781;PF00479;PF00920;PF01081;PF07719;PF00515;PF08238;PF13561;PF00106;PF01370;PF08659;PF04321;PF16363;PF01370;PF02719;PF08659;PF00106;PF01073;PF07993;PF13460;PF01416;PF03739;PF01135;PF13847;PF13649;PF00398;PF13489;PF00268;PF01041;PF00266;PF01053;PF05050;PF02785;PF15632;PF02786;PF08443;PF02655;PF02222;PF07478;PF14397;PF13549;PF00289	NA	NA
GCF_011141145.1	contig_7	deepBGC	Saccharide	0.67624	NA	37695	46765	9070	gnl|Bakta|EEODBD_00232;gnl|Bakta|EEODBD_00233;gnl|Bakta|EEODBD_00234;gnl|Bakta|EEODBD_00235;gnl|Bakta|EEODBD_00236;gnl|Bakta|EEODBD_00237;gnl|Bakta|EEODBD_00238;gnl|Bakta|EEODBD_00239	8	PF02353;PF08003;PF13489;PF01596;PF13847;PF01209;PF08241;PF08242;PF13649;PF05175;PF12847;PF06325;PF01135;PF13679;PF08123;PF01555;PF09334;PF00133;PF01406;PF01588;PF08003;PF13489;PF13649;PF08241;PF08242;PF13847;PF03061;PF13439;PF13579;PF00534;PF13692;PF02784;PF15919	NA	NA
GCF_011141145.1	contig_7	deepBGC		0.51562	NA	51165	52900	1735	gnl|Bakta|EEODBD_00244;gnl|Bakta|EEODBD_00245	2	PF07510;PF03235	NA	NA
GCF_040821265.1	contig_103	deepBGC	Polyketide	0.53283	NA	56	1388	1332	gnl|Bakta|KLFEFL_01382	1	PF07690;PF13347;PF05977;PF00083	NA	NA
GCF_040821265.1	contig_105	deepBGC		0.60422	NA	187	4736	4549	gnl|Bakta|KLFEFL_01391;gnl|Bakta|KLFEFL_01392;gnl|Bakta|KLFEFL_01393;gnl|Bakta|KLFEFL_01394;gnl|Bakta|KLFEFL_01395	5	PF01075;PF03767;PF13419;PF13344;PF04264;PF03070;PF04973	NA	NA
GCF_040821265.1	contig_13	deepBGC		0.54283	NA	1684	2437	753	gnl|Bakta|KLFEFL_00061	1	PF00106;PF08659;PF13561	NA	NA
GCF_040821265.1	contig_31	deepBGC		0.53004	NA	10443	11229	786	gnl|Bakta|KLFEFL_00316	1	PF08003;PF13489;PF13847;PF08241;PF08242;PF13649	NA	NA
GCF_040821265.1	contig_40	deepBGC		0.51591	NA	8305	10603	2298	gnl|Bakta|KLFEFL_00517	1	PF02538	NA	NA
GCF_040821265.1	contig_6	deepBGC		0.5428	NA	750	2148	1398	gnl|Bakta|KLFEFL_00023	1	PF02521	NA	NA
GCF_040821265.1	contig_67	deepBGC		0.51224	NA	6884	8180	1296	gnl|Bakta|KLFEFL_01008	1	PF01501	NA	NA
GCF_040821265.1	contig_90	deepBGC		0.82819	NA	903	6823	5920	gnl|Bakta|KLFEFL_01264;gnl|Bakta|KLFEFL_01266;gnl|Bakta|KLFEFL_01267;gnl|Bakta|KLFEFL_01268;gnl|Bakta|KLFEFL_01269;gnl|Bakta|KLFEFL_01270	6	PF01041;PF00155;PF00266;PF00268;PF01135;PF00398;PF13847;PF13649;PF03739;PF01416;PF16363;PF01370;PF07993;PF04321;PF02719;PF01073;PF13460;PF08659	NA	NA
GCF_011140735.1	contig_4	antiSMASH	Terpene-precursor	NA	No	1	8110	8110	NA;GILDEL_00073;GILDEL_00074;GILDEL_00075;GILDEL_00076;GILDEL_00077;GILDEL_00078;GILDEL_00079;GILDEL_00080;GILDEL_00081;GILDEL_00082;GILDEL_00083;GILDEL_00084	12	GTP_cyclohydroI;PT_FPPS_like;PTPS;QueE;Fer4_12	NA	NA
GCA_024407575.1	contig_37	antiSMASH	Terpene-precursor	NA	No	1	67562	67562	NA;DLBBGI_01435;DLBBGI_01436;DLBBGI_01437;DLBBGI_01438;DLBBGI_01439;DLBBGI_01440;DLBBGI_01441;DLBBGI_01442;DLBBGI_01443;DLBBGI_01444;DLBBGI_01445;DLBBGI_01446;DLBBGI_01447;DLBBGI_01448;DLBBGI_01449;DLBBGI_01450;DLBBGI_01451;DLBBGI_01452;DLBBGI_01453;DLBBGI_01454;DLBBGI_01455;DLBBGI_01460;DLBBGI_01461;DLBBGI_01462;DLBBGI_01463;DLBBGI_01464;DLBBGI_01465;DLBBGI_01466;DLBBGI_01467;DLBBGI_01468;DLBBGI_01469;DLBBGI_01470;DLBBGI_01471;DLBBGI_01472;DLBBGI_01473;DLBBGI_01474;DLBBGI_01475;DLBBGI_01476;DLBBGI_01477;DLBBGI_01478;DLBBGI_01479;DLBBGI_01480;DLBBGI_01481;DLBBGI_01482;DLBBGI_01483;DLBBGI_01484;DLBBGI_01485;DLBBGI_01486;DLBBGI_01487;DLBBGI_01488;DLBBGI_01489;DLBBGI_01490;DLBBGI_01491;DLBBGI_01492;DLBBGI_01493;DLBBGI_01494;DLBBGI_01495;DLBBGI_01496;DLBBGI_01497;DLBBGI_01498;DLBBGI_01499;DLBBGI_01500;DLBBGI_01501;DLBBGI_01502;DLBBGI_01503;DLBBGI_01504;DLBBGI_01505;DLBBGI_01506;DLBBGI_01507;DLBBGI_01508;DLBBGI_01509;DLBBGI_01510	72	GTP_cyclohydroI;PT_FPPS_like;PTPS;QueE;Fer4_12;Pkinase	NA	NA
GCA_040861185.1	contig_9	deepBGC		0.60086	NA	3651	7395	3744	gnl|Bakta|CJMEHG_01341;gnl|Bakta|CJMEHG_01342;gnl|Bakta|CJMEHG_01343	3	PF08003;PF13489;PF13847;PF08241;PF08242;PF13649;PF01588;PF09334;PF01406;PF00133	NA	NA
GCA_024411935.1	contig_22	antiSMASH	Terpene-precursor	NA	No	1	10589	10589	NA;DLHHPN_01457;DLHHPN_01458;DLHHPN_01459;DLHHPN_01460;DLHHPN_01461;DLHHPN_01462;DLHHPN_01463;DLHHPN_01464;DLHHPN_01465;DLHHPN_01466;DLHHPN_01467;DLHHPN_01468;DLHHPN_01469;DLHHPN_01470	14	GTP_cyclohydroI;PT_FPPS_like;PTPS;QueE;Fer4_12	NA	NA
GCF_003639425.1	contig_16	antiSMASH	Terpene-precursor	NA	Yes	49081	69992	20912	NA;MPPADD_01051;MPPADD_01052;MPPADD_01053;MPPADD_01054;MPPADD_01055;MPPADD_01056;MPPADD_01057;MPPADD_01058;MPPADD_01059;MPPADD_01060;MPPADD_01061;MPPADD_01062;MPPADD_01063;MPPADD_01064;MPPADD_01065;MPPADD_01066;MPPADD_01067;MPPADD_01068;MPPADD_01069	19	GTP_cyclohydroI;PT_FPPS_like;PTPS;QueE;Fer4_12	NA	NA
GCF_003639665.1	contig_3	deepBGC		0.72291	NA	37770	46823	9053	gnl|Bakta|IADELN_00619;gnl|Bakta|IADELN_00620;gnl|Bakta|IADELN_00621;gnl|Bakta|IADELN_00622;gnl|Bakta|IADELN_00623;gnl|Bakta|IADELN_00624;gnl|Bakta|IADELN_00625;gnl|Bakta|IADELN_00626;gnl|Bakta|IADELN_00627	9	PF02353;PF08003;PF13489;PF01596;PF13847;PF01209;PF08241;PF08242;PF13649;PF05175;PF12847;PF06325;PF01135;PF13679;PF08123;PF01555;PF00133;PF09334;PF01406;PF01588;PF08003;PF13489;PF13649;PF08241;PF08242;PF13847;PF03061;PF13439;PF00534;PF13692;PF02784;PF07927;PF15919	NA	NA
GCA_040862455.1	contig_10	deepBGC		0.64386	NA	16669	24293	7624	gnl|Bakta|JPMKDL_01038;gnl|Bakta|JPMKDL_01039;gnl|Bakta|JPMKDL_01040;gnl|Bakta|JPMKDL_01041;gnl|Bakta|JPMKDL_01044;gnl|Bakta|JPMKDL_01045;gnl|Bakta|JPMKDL_01046	7	PF01135;PF00398;PF13489;PF13847;PF13649;PF03739;PF01416;PF16363;PF01370;PF07993;PF04321;PF02719;PF01073;PF13460;PF08659;PF00106;PF08659;PF01370;PF13561;PF08238;PF07719	NA	NA
GCA_040862455.1	contig_10	deepBGC		0.50245	NA	25005	26832	1827	gnl|Bakta|JPMKDL_01048	1	PF00920	NA	NA
GCA_040862455.1	contig_10	deepBGC	NRP	0.51862	NA	30026	31073	1047	gnl|Bakta|JPMKDL_01052	1	PF08240;PF02826;PF01262;PF03446;PF00107	NA	NA
GCA_040862455.1	contig_17	deepBGC		0.62082	NA	3666	4452	786	gnl|Bakta|JPMKDL_01429	1	PF08003;PF13489;PF13847;PF08241;PF08242;PF13649	NA	NA
GCF_037862315.1	contig_12	deepBGC		0.68605	NA	37733	44452	6719	gnl|Bakta|FGEAJL_01331;gnl|Bakta|FGEAJL_01332;gnl|Bakta|FGEAJL_01333;gnl|Bakta|FGEAJL_01334;gnl|Bakta|FGEAJL_01335;gnl|Bakta|FGEAJL_01336	6	PF02353;PF08003;PF13489;PF01596;PF13847;PF01209;PF08241;PF08242;PF13649;PF05175;PF12847;PF06325;PF01135;PF13679;PF08123;PF01555;PF09334;PF00133;PF01406;PF01588;PF08003;PF13489;PF13649;PF08241;PF08242;PF13847;PF03061;PF13439;PF00534;PF13692	NA	NA
GCF_014497655.1	contig_15	deepBGC		0.53186	NA	398	2246	1848	gnl|Bakta|IPANND_01379	1	PF02784	NA	NA
GCF_014497655.1	contig_15	deepBGC	Other	0.63902	NA	3879	8967	5088	gnl|Bakta|IPANND_01382;gnl|Bakta|IPANND_01383;gnl|Bakta|IPANND_01384;gnl|Bakta|IPANND_01385	4	PF08003;PF13489;PF13847;PF08241;PF08242;PF13649;PF01588;PF09334;PF01406;PF00133;PF02353;PF08003;PF13489;PF08123;PF06325;PF01209;PF01135;PF05175;PF01596;PF13679;PF12847;PF13847;PF08241;PF08242;PF13649	NA	NA
GCF_040820825.1	contig_69	antiSMASH	Terpene-precursor	NA	No	1	8121	8121	NA;BOBCKJ_01220;BOBCKJ_01221;BOBCKJ_01222;BOBCKJ_01223;BOBCKJ_01224;BOBCKJ_01225;BOBCKJ_01226;BOBCKJ_01227;BOBCKJ_01228;BOBCKJ_01229;BOBCKJ_01230;BOBCKJ_01231	12	QueE;Fer4_12;PTPS;PT_FPPS_like;GTP_cyclohydroI	NA	NA
GCA_024405965.1	contig_3	deepBGC	Saccharide	0.66394	NA	37433	44157	6724	gnl|Bakta|AFPMAI_00200;gnl|Bakta|AFPMAI_00201;gnl|Bakta|AFPMAI_00202;gnl|Bakta|AFPMAI_00203;gnl|Bakta|AFPMAI_00204;gnl|Bakta|AFPMAI_00205	6	PF02353;PF08003;PF13489;PF01596;PF13847;PF01209;PF08241;PF08242;PF13649;PF05175;PF12847;PF06325;PF01135;PF13679;PF08123;PF01555;PF09334;PF00133;PF01406;PF15458;PF01588;PF08003;PF13489;PF13649;PF08241;PF08242;PF13847;PF03061;PF13439;PF13579;PF00534;PF13692	NA	NA
GCF_011141135.1	contig_11	deepBGC		0.74183	NA	37594	49236	11642	gnl|Bakta|DBLJKC_00427;gnl|Bakta|DBLJKC_00428;gnl|Bakta|DBLJKC_00429;gnl|Bakta|DBLJKC_00430;gnl|Bakta|DBLJKC_00431;gnl|Bakta|DBLJKC_00432;gnl|Bakta|DBLJKC_00433;gnl|Bakta|DBLJKC_00434;gnl|Bakta|DBLJKC_00435	9	PF02353;PF08003;PF13489;PF01596;PF13847;PF01209;PF08241;PF08242;PF13649;PF05175;PF12847;PF06325;PF01135;PF13679;PF08123;PF00133;PF09334;PF01406;PF01588;PF08003;PF13489;PF13649;PF08241;PF08242;PF13847;PF03061;PF13439;PF00534;PF13692;PF02784;PF07510;PF03235	NA	NA
GCF_015905165.1	contig_13	deepBGC		0.73944	NA	37742	49392	11650	gnl|Bakta|FLBJJK_00900;gnl|Bakta|FLBJJK_00901;gnl|Bakta|FLBJJK_00902;gnl|Bakta|FLBJJK_00903;gnl|Bakta|FLBJJK_00904;gnl|Bakta|FLBJJK_00905;gnl|Bakta|FLBJJK_00906;gnl|Bakta|FLBJJK_00907;gnl|Bakta|FLBJJK_00908;gnl|Bakta|FLBJJK_00909	10	PF02353;PF08003;PF13489;PF01596;PF13847;PF01209;PF08241;PF08242;PF13649;PF05175;PF12847;PF06325;PF01135;PF13679;PF08123;PF09334;PF00133;PF01406;PF01588;PF08003;PF13489;PF13649;PF08241;PF08242;PF13847;PF03061;PF13439;PF00534;PF13692;PF02784;PF07510;PF03235	NA	NA
GCF_015905165.1	contig_36	deepBGC	Polyketide	0.5174	NA	63	285	222	gnl|Bakta|FLBJJK_01526	1	PF07690	NA	NA
GCF_015905165.1	contig_44	deepBGC		0.59902	NA	1504	4587	3083	gnl|Bakta|FLBJJK_01600;gnl|Bakta|FLBJJK_01601;gnl|Bakta|FLBJJK_01602;gnl|Bakta|FLBJJK_01603;gnl|Bakta|FLBJJK_01604;gnl|Bakta|FLBJJK_01605	6	PF01924;PF01455;PF02492;PF07883;PF00871	NA	NA
GCF_011175315.1	contig_4	antiSMASH	Terpene-precursor	NA	No	1	8228	8228	NA;HABOJL_00574;HABOJL_00575;HABOJL_00576;HABOJL_00577;HABOJL_00578;HABOJL_00579;HABOJL_00580;HABOJL_00581;HABOJL_00582;HABOJL_00583;HABOJL_00584;HABOJL_00585	12	GTP_cyclohydroI;PT_FPPS_like;PTPS;QueE;Fer4_12	NA	NA
GCA_024412715.1	contig_17	deepBGC		0.5406	NA	4140	4926	786	gnl|Bakta|KDCBFJ_01368	1	PF08003;PF13489;PF13847;PF08241;PF08242;PF13649	NA	NA
GCA_040862265.1	contig_8	deepBGC		0.61735	NA	1598	8533	6935	gnl|Bakta|JLBJLK_01164;JLBJLK_01165;gnl|Bakta|JLBJLK_01166;gnl|Bakta|JLBJLK_01167;gnl|Bakta|JLBJLK_01168;gnl|Bakta|JLBJLK_01169;gnl|Bakta|JLBJLK_01170;gnl|Bakta|JLBJLK_01171;gnl|Bakta|JLBJLK_01172;gnl|Bakta|JLBJLK_01173	10	PF00924;PF09002;PF13671;PF08433;PF13238;PF01636;PF07714;PF13672;PF13672	NA	NA
GCA_040862265.1	contig_9	deepBGC		0.75595	NA	79597	88188	8591	gnl|Bakta|JLBJLK_01357;gnl|Bakta|JLBJLK_01358;gnl|Bakta|JLBJLK_01359;gnl|Bakta|JLBJLK_01360;gnl|Bakta|JLBJLK_01361;gnl|Bakta|JLBJLK_01362;gnl|Bakta|JLBJLK_01363	7	PF02353;PF08003;PF13489;PF13847;PF01209;PF08241;PF08242;PF13649;PF05175;PF12847;PF06325;PF01135;PF13679;PF08123;PF01555;PF00133;PF09334;PF01406;PF01588;PF08003;PF13489;PF13649;PF08241;PF08242;PF13847;PF03061;PF13439;PF00534;PF13692;PF02784	NA	NA
GCA_024412355.1	contig_2	deepBGC		0.69598	NA	37767	46347	8580	gnl|Bakta|DKEDIJ_00330;gnl|Bakta|DKEDIJ_00331;gnl|Bakta|DKEDIJ_00332;gnl|Bakta|DKEDIJ_00333;gnl|Bakta|DKEDIJ_00334;gnl|Bakta|DKEDIJ_00335;gnl|Bakta|DKEDIJ_00336	7	PF02353;PF08003;PF13489;PF01596;PF13847;PF01209;PF08241;PF08242;PF13649;PF05175;PF12847;PF06325;PF01135;PF13679;PF08123;PF01555;PF00133;PF09334;PF01406;PF01588;PF08003;PF13489;PF13649;PF08241;PF08242;PF13847;PF03061;PF13439;PF00534;PF13692;PF02784	NA	NA
GCA_024412355.1	contig_2	deepBGC		0.57922	NA	50741	52475	1734	gnl|Bakta|DKEDIJ_00342;gnl|Bakta|DKEDIJ_00343	2	PF07510;PF03235	NA	NA
GCA_024412355.1	contig_5	deepBGC		0.51797	NA	33736	34036	300	gnl|Bakta|DKEDIJ_00458	1	PF07883	NA	NA
GCA_024406595.1	contig_19	antiSMASH	Terpene-precursor	NA	No	1	77488	77488	NA;PMMLJG_01463;PMMLJG_01464;PMMLJG_01465;PMMLJG_01466;PMMLJG_01467;PMMLJG_01468;PMMLJG_01469;PMMLJG_01470;PMMLJG_01471;PMMLJG_01472;PMMLJG_01473;PMMLJG_01474;PMMLJG_01475;PMMLJG_01476;PMMLJG_01477;PMMLJG_01478;PMMLJG_01479;PMMLJG_01480;PMMLJG_01481;PMMLJG_01482;PMMLJG_01483;PMMLJG_01484;PMMLJG_01485;PMMLJG_01490;PMMLJG_01491;PMMLJG_01492;PMMLJG_01493;PMMLJG_01494;PMMLJG_01495;PMMLJG_01496;PMMLJG_01497;PMMLJG_01498;PMMLJG_01499;PMMLJG_01500;PMMLJG_01501;PMMLJG_01502;PMMLJG_01503;PMMLJG_01504;PMMLJG_01505;PMMLJG_01506;PMMLJG_01507;PMMLJG_01508;PMMLJG_01509;PMMLJG_01510;PMMLJG_01511;PMMLJG_01512;PMMLJG_01513;PMMLJG_01514;PMMLJG_01515;PMMLJG_01516;PMMLJG_01517;PMMLJG_01518;PMMLJG_01519;PMMLJG_01520;PMMLJG_01521;PMMLJG_01522;PMMLJG_01523;PMMLJG_01524;PMMLJG_01525;PMMLJG_01526;PMMLJG_01527;PMMLJG_01528;PMMLJG_01529;PMMLJG_01530;PMMLJG_01531;PMMLJG_01532;PMMLJG_01533;PMMLJG_01534;PMMLJG_01535;PMMLJG_01536;PMMLJG_01537;PMMLJG_01538;PMMLJG_01539;PMMLJG_01540;PMMLJG_01541;PMMLJG_01542;PMMLJG_01543;PMMLJG_01544;PMMLJG_01545;PMMLJG_01546;PMMLJG_01547;PMMLJG_01548;PMMLJG_01549;PMMLJG_01550;PMMLJG_01551;PMMLJG_01552	86	GTP_cyclohydroI;PT_FPPS_like;PTPS;QueE;Fer4_12;Glyco_transf_9	NA	NA
GCF_011141045.1	contig_1	deepBGC		0.52255	NA	475	1740	1265	gnl|Bakta|NELMDN_00001;gnl|Bakta|NELMDN_00002;gnl|Bakta|NELMDN_00003;gnl|Bakta|NELMDN_00004;gnl|Bakta|NELMDN_00005	5	PF00092;PF13519;PF13672	NA	NA
GCF_011141045.1	contig_21	deepBGC		0.53037	NA	42037	43248	1211	gnl|Bakta|NELMDN_01489;gnl|Bakta|NELMDN_01490;gnl|Bakta|NELMDN_01491	3	PF10501;PF00550;PF14573;PF16320;PF13561;PF00106;PF08659	NA	NA
GCF_011141045.1	contig_6	deepBGC		0.5879	NA	8249	8879	630	gnl|Bakta|NELMDN_00529	1	PF01135;PF00398;PF13489;PF13847;PF13649	NA	NA
GCF_011141045.1	contig_6	deepBGC	Polyketide	0.56419	NA	13949	14702	753	gnl|Bakta|NELMDN_00536	1	PF00106;PF01370;PF08659;PF13561	NA	NA
GCA_024406735.1	contig_14	antiSMASH	Terpene-precursor	NA	No	1	59864	59864	NA;NKLNIL_01475;NKLNIL_01476;NKLNIL_01477;NKLNIL_01478;NKLNIL_01479;NKLNIL_01480;NKLNIL_01481;NKLNIL_01482;NKLNIL_01483;NKLNIL_01484;NKLNIL_01485;NKLNIL_01486;NKLNIL_01487;NKLNIL_01488;NKLNIL_01489;NKLNIL_01490;NKLNIL_01491;NKLNIL_01492;NKLNIL_01493;NKLNIL_01494;NKLNIL_01495;NKLNIL_01496;NKLNIL_01497;NKLNIL_01498;NKLNIL_01499;NKLNIL_01500;NKLNIL_01501;NKLNIL_01502;NKLNIL_01503;NKLNIL_01504;NKLNIL_01505;NKLNIL_01506;NKLNIL_01507;NKLNIL_01508;NKLNIL_01509;NKLNIL_01510;NKLNIL_01511;NKLNIL_01512;NKLNIL_01513;NKLNIL_01518;NKLNIL_01519;NKLNIL_01520;NKLNIL_01521;NKLNIL_01522;NKLNIL_01523;NKLNIL_01524;NKLNIL_01525;NKLNIL_01526;NKLNIL_01527;NKLNIL_01528;NKLNIL_01529;NKLNIL_01530;NKLNIL_01531;NKLNIL_01532;NKLNIL_01533;NKLNIL_01534;NKLNIL_01535;NKLNIL_01536;NKLNIL_01537;NKLNIL_01538;NKLNIL_01539	61	QueE;Fer4_12;PTPS;PT_FPPS_like;GTP_cyclohydroI	NA	NA
GCA_024406675.1	contig_3	antiSMASH	Terpene-precursor	NA	No	1	76919	76919	NA;JAFCDB_00169;JAFCDB_00170;JAFCDB_00171;JAFCDB_00172;JAFCDB_00173;JAFCDB_00174;JAFCDB_00175;JAFCDB_00176;JAFCDB_00177;JAFCDB_00178;JAFCDB_00179;JAFCDB_00180;JAFCDB_00181;JAFCDB_00182;JAFCDB_00183;JAFCDB_00184;JAFCDB_00185;JAFCDB_00186;JAFCDB_00187;JAFCDB_00188;JAFCDB_00189;JAFCDB_00190;JAFCDB_00191;JAFCDB_00192;JAFCDB_00193;JAFCDB_00194;JAFCDB_00195;JAFCDB_00196;JAFCDB_00197;JAFCDB_00198;JAFCDB_00199;JAFCDB_00200;JAFCDB_00201;JAFCDB_00202;JAFCDB_00203;JAFCDB_00204;JAFCDB_00205;JAFCDB_00206;JAFCDB_00207;JAFCDB_00208;JAFCDB_00209;JAFCDB_00210;JAFCDB_00211;JAFCDB_00212;JAFCDB_00213;JAFCDB_00214;JAFCDB_00215;JAFCDB_00216;JAFCDB_00217;JAFCDB_00218;JAFCDB_00219;JAFCDB_00220;JAFCDB_00221;JAFCDB_00222;JAFCDB_00223;JAFCDB_00224;JAFCDB_00225;JAFCDB_00226;JAFCDB_00227;JAFCDB_00228;JAFCDB_00229;JAFCDB_00230;JAFCDB_00231;JAFCDB_00232;JAFCDB_00237;JAFCDB_00238;JAFCDB_00239;JAFCDB_00240;JAFCDB_00241;JAFCDB_00242;JAFCDB_00243;JAFCDB_00244;JAFCDB_00245;JAFCDB_00246;JAFCDB_00247;JAFCDB_00248;JAFCDB_00249;JAFCDB_00250;JAFCDB_00251;JAFCDB_00252;JAFCDB_00253;JAFCDB_00254;JAFCDB_00255;JAFCDB_00256;JAFCDB_00257	85	Pkinase;QueE;Fer4_12;PTPS;PT_FPPS_like;GTP_cyclohydroI	NA	NA
GCF_015905005.1	contig_10	deepBGC		0.54786	NA	10215	11001	786	gnl|Bakta|KPOFIH_01175	1	PF08003;PF13489;PF13847;PF08241;PF08242;PF13649	NA	NA
GCF_011140535.1	contig_10	antiSMASH	Terpene-precursor	NA	No	1	10204	10204	NA;FDMLKI_00302;FDMLKI_00303;FDMLKI_00304;FDMLKI_00305;FDMLKI_00306;FDMLKI_00307;FDMLKI_00308;FDMLKI_00309;FDMLKI_00310;FDMLKI_00311;FDMLKI_00312;FDMLKI_00313;FDMLKI_00314	13	GTP_cyclohydroI;PT_FPPS_like;PTPS;QueE;Fer4_12	NA	NA
GCF_030062565.1	contig_1	deepBGC		0.52679	NA	640602	641346	744	gnl|Bakta|NEMAIA_00636	1	PF13561;PF00106;PF08659	NA	NA
GCF_030062565.1	contig_1	deepBGC		0.68089	NA	1200354	1205431	5077	gnl|Bakta|NEMAIA_01176;gnl|Bakta|NEMAIA_01177;gnl|Bakta|NEMAIA_01178;gnl|Bakta|NEMAIA_01179	4	PF02353;PF08003;PF13489;PF13847;PF01209;PF08241;PF08242;PF13649;PF05175;PF12847;PF06325;PF01135;PF13679;PF08123;PF09334;PF00133;PF01406;PF01588;PF08003;PF13489;PF13649;PF08241;PF08242;PF13847	NA	NA
GCF_030062565.1	contig_1	deepBGC		0.71702	NA	1319732	1320266	534	gnl|Bakta|NEMAIA_01282	1	PF05050	NA	NA
GCF_030062565.1	contig_1	deepBGC		0.73396	NA	1325124	1335186	10062	gnl|Bakta|NEMAIA_01290;gnl|Bakta|NEMAIA_01291;gnl|Bakta|NEMAIA_01292;gnl|Bakta|NEMAIA_01293;gnl|Bakta|NEMAIA_01296;gnl|Bakta|NEMAIA_01297;gnl|Bakta|NEMAIA_01298;gnl|Bakta|NEMAIA_01299;gnl|Bakta|NEMAIA_01300	9	PF01135;PF00398;PF13489;PF13847;PF13649;PF03739;PF01416;PF16363;PF01370;PF07993;PF04321;PF02719;PF01073;PF13460;PF00106;PF08659;PF00106;PF01370;PF08659;PF13561;PF08238;PF07719;PF01081;PF00920	NA	NA
GCF_030062565.1	contig_1	deepBGC	NRP	0.57741	NA	1338380	1339427	1047	gnl|Bakta|NEMAIA_01304	1	PF08240;PF02826;PF01262;PF03446;PF00107	NA	NA
GCF_011140875.1	contig_19	deepBGC		0.59905	NA	3587	4373	786	gnl|Bakta|NFJELF_00763	1	PF08003;PF13489;PF13847;PF08241;PF08242;PF13649	NA	NA
GCA_040861125.1	contig_6	antiSMASH	Terpene-precursor	NA	No	1	61803	61803	NA;DDNIPK_01063;DDNIPK_01064;DDNIPK_01065;DDNIPK_01066;DDNIPK_01067;DDNIPK_01068;DDNIPK_01069;DDNIPK_01071;DDNIPK_01072;DDNIPK_01073;DDNIPK_01074;DDNIPK_01075;DDNIPK_01076;DDNIPK_01077;DDNIPK_01078;DDNIPK_01079;DDNIPK_01080;DDNIPK_01081;DDNIPK_01082;DDNIPK_01083;DDNIPK_01084;DDNIPK_01085;DDNIPK_01086;DDNIPK_01087;DDNIPK_01088;DDNIPK_01089;DDNIPK_01090;DDNIPK_01091;DDNIPK_01092;DDNIPK_01093;DDNIPK_01094;DDNIPK_01095;DDNIPK_01096;DDNIPK_01097;DDNIPK_01098;DDNIPK_01099;DDNIPK_01100;DDNIPK_01101;DDNIPK_01102;DDNIPK_01103;DDNIPK_01104;DDNIPK_01105;DDNIPK_01106;DDNIPK_01110;DDNIPK_01112;DDNIPK_01113;DDNIPK_01114;DDNIPK_01115;DDNIPK_01116;DDNIPK_01117;DDNIPK_01118;DDNIPK_01119;DDNIPK_01120;DDNIPK_01121;DDNIPK_01122;DDNIPK_01123;DDNIPK_01124;DDNIPK_01125;DDNIPK_01126;DDNIPK_01127;DDNIPK_01128;DDNIPK_01129;DDNIPK_01130;DDNIPK_01131;DDNIPK_01132;DDNIPK_01133	66	Peptidase_M50;QueE;Fer4_12;PTPS;PT_FPPS_like;GTP_cyclohydroI	NA	NA
GCF_001998125.1	contig_9	antiSMASH	Terpene-precursor	NA	No	1	8150	8150	NA;MFOBHK_00401;MFOBHK_00402;MFOBHK_00403;MFOBHK_00404;MFOBHK_00405;MFOBHK_00406;MFOBHK_00407;MFOBHK_00408;MFOBHK_00409;MFOBHK_00410;MFOBHK_00411;MFOBHK_00412	12	QueE;Fer4_12;PTPS;PT_FPPS_like;GTP_cyclohydroI	NA	NA
GCA_024406575.1	contig_19	deepBGC		0.51719	NA	504	945	441	gnl|Bakta|FHDKFP_00719	1	PF01531	NA	NA
GCA_024406575.1	contig_22	deepBGC		0.73369	NA	1	14289	14288	gnl|Bakta|FHDKFP_00766;gnl|Bakta|FHDKFP_00767;gnl|Bakta|FHDKFP_00768;gnl|Bakta|FHDKFP_00769;gnl|Bakta|FHDKFP_00770;gnl|Bakta|FHDKFP_00771;gnl|Bakta|FHDKFP_00772;gnl|Bakta|FHDKFP_00773;gnl|Bakta|FHDKFP_00774;gnl|Bakta|FHDKFP_00775;gnl|Bakta|FHDKFP_00776;gnl|Bakta|FHDKFP_00777	12	PF12911;PF00528;PF06237;PF00496;PF01016;PF00829;PF00669;PF00795;PF01063;PF00425;PF09924;PF01817;PF00278;PF02784;PF03797	NA	NA
GCA_024406575.1	contig_48	deepBGC		0.57192	NA	47	4569	4522	gnl|Bakta|FHDKFP_01294;gnl|Bakta|FHDKFP_01295;gnl|Bakta|FHDKFP_01296	3	PF02321;PF16576;PF13533;PF13437;PF00873;PF03176	NA	NA
GCA_024406575.1	contig_56	deepBGC	Other	0.75151	NA	24649	29731	5082	gnl|Bakta|FHDKFP_01352;gnl|Bakta|FHDKFP_01353;gnl|Bakta|FHDKFP_01354;gnl|Bakta|FHDKFP_01355	4	PF02353;PF08003;PF13489;PF01596;PF13847;PF01209;PF08241;PF08242;PF13649;PF05175;PF12847;PF06325;PF01135;PF13679;PF08123;PF01555;PF00133;PF09334;PF01406;PF01588;PF08003;PF13489;PF13649;PF08241;PF08242;PF13847	NA	NA
GCA_024406485.1	contig_6	antiSMASH	Terpene-precursor	NA	No	1	45358	45358	NA;FAPAAL_00407;FAPAAL_00408;FAPAAL_00409;FAPAAL_00410;FAPAAL_00411;FAPAAL_00412;FAPAAL_00413;FAPAAL_00414;FAPAAL_00415;FAPAAL_00416;FAPAAL_00417;FAPAAL_00418;FAPAAL_00419;FAPAAL_00420;FAPAAL_00421;FAPAAL_00422;FAPAAL_00423;FAPAAL_00424;FAPAAL_00425;FAPAAL_00426;FAPAAL_00427;FAPAAL_00428;FAPAAL_00429;FAPAAL_00430;FAPAAL_00431;FAPAAL_00432;FAPAAL_00433;FAPAAL_00434;FAPAAL_00435;FAPAAL_00440;FAPAAL_00441;FAPAAL_00442;FAPAAL_00443;FAPAAL_00444;FAPAAL_00445;FAPAAL_00446;FAPAAL_00447;FAPAAL_00448;FAPAAL_00449;FAPAAL_00450;FAPAAL_00451;FAPAAL_00452;FAPAAL_00453;FAPAAL_00454;FAPAAL_00455;FAPAAL_00456;FAPAAL_00457;FAPAAL_00458;FAPAAL_00459;FAPAAL_00460;FAPAAL_00461	51	QueE;Fer4_12;PTPS;PT_FPPS_like;GTP_cyclohydroI	NA	NA
GCF_003639795.1	contig_16	antiSMASH	Terpene-precursor	NA	No	1	58342	58342	NA;HNJHBN_01384;HNJHBN_01385;HNJHBN_01386;HNJHBN_01387;HNJHBN_01388;HNJHBN_01389;HNJHBN_01390;HNJHBN_01391;HNJHBN_01392;HNJHBN_01393;HNJHBN_01394;HNJHBN_01395;HNJHBN_01396;HNJHBN_01397;HNJHBN_01398;HNJHBN_01399;HNJHBN_01400;HNJHBN_01401;HNJHBN_01402;HNJHBN_01403;HNJHBN_01404;HNJHBN_01409;HNJHBN_01410;HNJHBN_01411;HNJHBN_01412;HNJHBN_01413;HNJHBN_01414;HNJHBN_01415;HNJHBN_01416;HNJHBN_01417;HNJHBN_01418;HNJHBN_01419;HNJHBN_01420;HNJHBN_01421;HNJHBN_01422;HNJHBN_01423;HNJHBN_01424;HNJHBN_01425;HNJHBN_01426;HNJHBN_01427;HNJHBN_01428;HNJHBN_01429;HNJHBN_01430;HNJHBN_01431;HNJHBN_01432;HNJHBN_01433;HNJHBN_01434;HNJHBN_01435;HNJHBN_01436;HNJHBN_01437;HNJHBN_01438;HNJHBN_01439;HNJHBN_01440;HNJHBN_01441;HNJHBN_01442	55	GTP_cyclohydroI;PT_FPPS_like;PTPS;QueE;Fer4_12;Peptidase_M50	NA	NA
GCF_040820975.1	contig_1	deepBGC		0.68543	NA	37676	44382	6706	gnl|Bakta|LKFEMB_00040;gnl|Bakta|LKFEMB_00041;gnl|Bakta|LKFEMB_00042;gnl|Bakta|LKFEMB_00043;gnl|Bakta|LKFEMB_00044;gnl|Bakta|LKFEMB_00045	6	PF02353;PF08003;PF13489;PF01596;PF13847;PF01209;PF08241;PF08242;PF13649;PF05175;PF12847;PF06325;PF01135;PF13679;PF08123;PF01555;PF00133;PF09334;PF01406;PF01588;PF08003;PF13489;PF13649;PF08241;PF08242;PF13847;PF03061;PF13439;PF00534;PF13692	NA	NA
GCF_040820975.1	contig_13	deepBGC		0.59134	NA	6868	7633	765	gnl|Bakta|LKFEMB_00552	1	PF02668	NA	NA
GCF_040820975.1	contig_49	deepBGC		0.5428	NA	343	1741	1398	gnl|Bakta|LKFEMB_01265	1	PF02521	NA	NA
GCF_040820975.1	contig_52	deepBGC		0.55051	NA	63238	64985	1747	gnl|Bakta|LKFEMB_01403;gnl|Bakta|LKFEMB_01404;gnl|Bakta|LKFEMB_01405;gnl|Bakta|LKFEMB_01406;gnl|Bakta|LKFEMB_01407	5	PF13672;PF13672;PF00092;PF13519	NA	NA
GCF_014498165.1	contig_18	antiSMASH	Terpene-precursor	NA	No	1	74736	74736	NA;BHBFDA_01439;BHBFDA_01440;BHBFDA_01441;BHBFDA_01442;BHBFDA_01443;BHBFDA_01444;BHBFDA_01445;BHBFDA_01446;BHBFDA_01447;BHBFDA_01448;BHBFDA_01449;BHBFDA_01450;BHBFDA_01451;BHBFDA_01452;BHBFDA_01453;BHBFDA_01454;BHBFDA_01455;BHBFDA_01456;BHBFDA_01457;BHBFDA_01458;BHBFDA_01459;BHBFDA_01460;BHBFDA_01461;BHBFDA_01462;BHBFDA_01463;BHBFDA_01464;BHBFDA_01465;BHBFDA_01466;BHBFDA_01467;BHBFDA_01468;BHBFDA_01469;BHBFDA_01470;BHBFDA_01471;BHBFDA_01472;BHBFDA_01473;BHBFDA_01474;BHBFDA_01475;BHBFDA_01476;BHBFDA_01477;BHBFDA_01478;BHBFDA_01479;BHBFDA_01480;BHBFDA_01481;BHBFDA_01482;BHBFDA_01483;BHBFDA_01484;BHBFDA_01485;BHBFDA_01486;BHBFDA_01487;BHBFDA_01488;BHBFDA_01489;BHBFDA_01490;BHBFDA_01491;BHBFDA_01492;BHBFDA_01493;BHBFDA_01494;BHBFDA_01495;BHBFDA_01496;BHBFDA_01497;BHBFDA_01498;BHBFDA_01499;BHBFDA_01504;BHBFDA_01505;BHBFDA_01506;BHBFDA_01507;BHBFDA_01508;BHBFDA_01509;BHBFDA_01510;BHBFDA_01511;BHBFDA_01512;BHBFDA_01513;BHBFDA_01514;BHBFDA_01515;BHBFDA_01516;BHBFDA_01517;BHBFDA_01518;BHBFDA_01519;BHBFDA_01520;BHBFDA_01521;BHBFDA_01522;BHBFDA_01523;BHBFDA_01524;BHBFDA_01525;BHBFDA_01526;BHBFDA_01527	85	QueE;Fer4_12;PTPS;PT_FPPS_like;GTP_cyclohydroI	NA	NA
GCF_014497035.1	contig_2	deepBGC	RiPP	0.52212	NA	16783	17413	630	gnl|Bakta|FDFDHF_00337	1	PF01135;PF00398;PF13847;PF13649	NA	NA
GCF_014497035.1	contig_21	deepBGC		0.56428	NA	640	2488	1848	gnl|Bakta|FDFDHF_01512	1	PF02784	NA	NA
GCF_014497035.1	contig_21	deepBGC	Other	0.66293	NA	4121	9209	5088	gnl|Bakta|FDFDHF_01515;gnl|Bakta|FDFDHF_01516;gnl|Bakta|FDFDHF_01517;gnl|Bakta|FDFDHF_01518	4	PF08003;PF13489;PF13847;PF08241;PF08242;PF13649;PF01588;PF09334;PF01406;PF00133;PF02353;PF08003;PF13489;PF08123;PF06325;PF01209;PF01135;PF05175;PF01596;PF13679;PF12847;PF13847;PF08241;PF08242;PF13649	NA	NA
GCF_030062665.1	contig_1	deepBGC	Other	0.61928	NA	1430028	1433283	3255	gnl|Bakta|EICPBF_01406;gnl|Bakta|EICPBF_01407	2	PF02353;PF08003;PF13489;PF01596;PF13847;PF01209;PF08241;PF08242;PF13649;PF05175;PF12847;PF06325;PF01135;PF13679;PF08123;PF01555;PF00133;PF09334;PF01406;PF01588	NA	NA
GCF_014498745.1	contig_15	antiSMASH	Terpene-precursor	NA	No	1	79387	79387	NA;IEDNCD_01465;IEDNCD_01466;IEDNCD_01467;IEDNCD_01468;IEDNCD_01469;IEDNCD_01470;IEDNCD_01471;IEDNCD_01472;IEDNCD_01473;IEDNCD_01474;IEDNCD_01475;IEDNCD_01476;IEDNCD_01477;IEDNCD_01478;IEDNCD_01479;IEDNCD_01480;IEDNCD_01481;IEDNCD_01482;IEDNCD_01483;IEDNCD_01484;IEDNCD_01485;IEDNCD_01490;IEDNCD_01491;IEDNCD_01492;IEDNCD_01493;IEDNCD_01494;IEDNCD_01495;IEDNCD_01496;IEDNCD_01497;IEDNCD_01498;IEDNCD_01499;IEDNCD_01500;IEDNCD_01501;IEDNCD_01502;IEDNCD_01503;IEDNCD_01504;IEDNCD_01505;IEDNCD_01506;IEDNCD_01507;IEDNCD_01508;IEDNCD_01509;IEDNCD_01510;IEDNCD_01511;IEDNCD_01512;IEDNCD_01513;IEDNCD_01514;IEDNCD_01515;IEDNCD_01516;IEDNCD_01517;IEDNCD_01518;IEDNCD_01519;IEDNCD_01520;IEDNCD_01521;IEDNCD_01522;IEDNCD_01523;IEDNCD_01524;IEDNCD_01525;IEDNCD_01526;IEDNCD_01527;IEDNCD_01528;IEDNCD_01529;IEDNCD_01530;IEDNCD_01531;IEDNCD_01532;IEDNCD_01533;IEDNCD_01534;IEDNCD_01535;IEDNCD_01536;IEDNCD_01537;IEDNCD_01538;IEDNCD_01539;IEDNCD_01540;IEDNCD_01541;IEDNCD_01542;IEDNCD_01543;IEDNCD_01544;IEDNCD_01545;IEDNCD_01546	78	GTP_cyclohydroI;PT_FPPS_like;PTPS;QueE;Fer4_12	NA	NA
GCF_011140995.1	contig_28	deepBGC		0.6171	NA	4602	5388	786	gnl|Bakta|MEJCBJ_01439	1	PF08003;PF13489;PF13847;PF08241;PF08242;PF13649	NA	NA
GCA_040861455.1	contig_14	deepBGC		0.52025	NA	33239	33539	300	gnl|Bakta|LDDEFJ_01331	1	PF07883	NA	NA
GCA_040861455.1	contig_28	deepBGC		0.71282	NA	1105	3354	2249	gnl|Bakta|LDDEFJ_01565;gnl|Bakta|LDDEFJ_01566;gnl|Bakta|LDDEFJ_01567;gnl|Bakta|LDDEFJ_01568;gnl|Bakta|LDDEFJ_01569;gnl|Bakta|LDDEFJ_01570;gnl|Bakta|LDDEFJ_01571	7	PF01636;PF01163;PF13672;PF13519	NA	NA
GCA_040861455.1	contig_5	deepBGC		0.68127	NA	82321	90892	8571	gnl|Bakta|LDDEFJ_00725;gnl|Bakta|LDDEFJ_00726;gnl|Bakta|LDDEFJ_00727;gnl|Bakta|LDDEFJ_00728;gnl|Bakta|LDDEFJ_00729;gnl|Bakta|LDDEFJ_00730;gnl|Bakta|LDDEFJ_00731	7	PF02353;PF08003;PF13489;PF01596;PF13847;PF01209;PF08241;PF08242;PF13649;PF05175;PF12847;PF06325;PF01135;PF13679;PF08123;PF01555;PF00133;PF09334;PF01406;PF01588;PF08003;PF13489;PF13649;PF08241;PF08242;PF13847;PF03061;PF13439;PF00534;PF13692;PF02784	NA	NA
GCA_040861455.1	contig_5	deepBGC		0.5761	NA	95269	97011	1742	gnl|Bakta|LDDEFJ_00736;gnl|Bakta|LDDEFJ_00737;gnl|Bakta|LDDEFJ_00738	3	PF07510;PF03235;PF03235	NA	NA
GCA_024406345.1	contig_8	antiSMASH	Terpene-precursor	NA	No	1	8140	8140	NA;PMKCEF_00771;PMKCEF_00772;PMKCEF_00773;PMKCEF_00774;PMKCEF_00775;PMKCEF_00776;PMKCEF_00777;PMKCEF_00778;PMKCEF_00779;PMKCEF_00780;PMKCEF_00781;PMKCEF_00782	12	QueE;Fer4_12;PTPS;PT_FPPS_like;GTP_cyclohydroI	NA	NA
GCF_014497445	contig_1	GECCO	Unknown	0.9947564058294784	NA	102945	106134	3189	contig_1_100;contig_1_96;contig_1_97;contig_1_98;contig_1_99	5	PF01041;PF06306;PF06306	NA	IPR000653;IPR010446;IPR010446
GCF_014497585.1	contig_7	antiSMASH	Terpene-precursor	NA	No	1	9427	9427	NA;KIFPNJ_00374;KIFPNJ_00375;KIFPNJ_00376;KIFPNJ_00377;KIFPNJ_00378;KIFPNJ_00379;KIFPNJ_00380;KIFPNJ_00381;KIFPNJ_00382;KIFPNJ_00383;KIFPNJ_00384;KIFPNJ_00385;KIFPNJ_00386	13	QueE;Fer4_12;PTPS;PT_FPPS_like;GTP_cyclohydroI	NA	NA
GCF_040821135	contig_33	GECCO	Unknown	0.9264250662960616	NA	94471	99522	5051	contig_33_101;contig_33_102;contig_33_103;contig_33_104;contig_33_105;contig_33_106	6	PF01041;PF01041;PF06306	NA	IPR010446;IPR000653;IPR000653
GCF_015904745.1	contig_25	antiSMASH	Terpene-precursor	NA	No	1	8123	8123	NA;LMAFFJ_01586;LMAFFJ_01587;LMAFFJ_01588;LMAFFJ_01589;LMAFFJ_01590;LMAFFJ_01591;LMAFFJ_01592;LMAFFJ_01593;LMAFFJ_01594;LMAFFJ_01595;LMAFFJ_01596;LMAFFJ_01597	12	GTP_cyclohydroI;PT_FPPS_like;PTPS;QueE;Fer4_12	NA	NA
GCF_003639215.1	contig_19	deepBGC		0.74783	NA	38776	47342	8566	gnl|Bakta|GHBOKN_01445;gnl|Bakta|GHBOKN_01446;gnl|Bakta|GHBOKN_01447;gnl|Bakta|GHBOKN_01448;gnl|Bakta|GHBOKN_01449;gnl|Bakta|GHBOKN_01450;gnl|Bakta|GHBOKN_01451	7	PF02353;PF08003;PF13489;PF01596;PF13847;PF01209;PF08241;PF08242;PF13649;PF05175;PF12847;PF06325;PF01135;PF13679;PF08123;PF01555;PF00133;PF09334;PF01406;PF01588;PF08003;PF13489;PF13649;PF08241;PF08242;PF13847;PF03061;PF13439;PF00534;PF13692;PF02784	NA	NA
GCF_003639215.1	contig_5	deepBGC		0.54849	NA	14913	15543	630	gnl|Bakta|GHBOKN_00907	1	PF01135;PF13847;PF13649;PF13489;PF00398	NA	NA
GCF_003640145.1	contig_15	deepBGC	Polyketide	0.60887	NA	2	12972	12970	gnl|Bakta|HCJGAP_00924;gnl|Bakta|HCJGAP_00925;gnl|Bakta|HCJGAP_00926;gnl|Bakta|HCJGAP_00927;gnl|Bakta|HCJGAP_00928;gnl|Bakta|HCJGAP_00929;gnl|Bakta|HCJGAP_00930;gnl|Bakta|HCJGAP_00931;gnl|Bakta|HCJGAP_00932;gnl|Bakta|HCJGAP_00933;gnl|Bakta|HCJGAP_00936	11	PF01501;PF00107;PF03446;PF02826;PF01262;PF08240;PF02685;PF01182;PF02781;PF00479;PF00920;PF01081;PF07719;PF00515;PF08238;PF13561;PF00106;PF08659;PF04321;PF16363;PF01370;PF02719;PF08659;PF01073;PF07993;PF13460	NA	NA
GCF_003640145.1	contig_15	deepBGC		0.61974	NA	14742	20774	6032	gnl|Bakta|HCJGAP_00939;gnl|Bakta|HCJGAP_00940;gnl|Bakta|HCJGAP_00942;gnl|Bakta|HCJGAP_00943;gnl|Bakta|HCJGAP_00944;gnl|Bakta|HCJGAP_00945;gnl|Bakta|HCJGAP_00946;gnl|Bakta|HCJGAP_00947	8	PF01135;PF13847;PF13649;PF00398;PF00268;PF01041;PF00266;PF00155;PF05050	NA	NA
GCF_003640145.1	contig_29	deepBGC	Other	0.59714	NA	38187	43287	5100	gnl|Bakta|HCJGAP_01254;gnl|Bakta|HCJGAP_01255;gnl|Bakta|HCJGAP_01256;gnl|Bakta|HCJGAP_01257	4	PF02353;PF08003;PF13489;PF01596;PF13847;PF01209;PF08241;PF08242;PF13649;PF05175;PF12847;PF06325;PF01135;PF13679;PF08123;PF01555;PF00133;PF09334;PF01406;PF01588;PF08003;PF13489;PF13649;PF08241;PF08242;PF13847	NA	NA
GCF_014497785.1	contig_3	deepBGC		0.53444	NA	818	2666	1848	gnl|Bakta|EODFHA_00372	1	PF02784	NA	NA
GCF_014497785.1	contig_3	deepBGC	Other	0.64609	NA	4299	9404	5105	gnl|Bakta|EODFHA_00375;gnl|Bakta|EODFHA_00376;gnl|Bakta|EODFHA_00377;gnl|Bakta|EODFHA_00378	4	PF08003;PF13489;PF13847;PF08241;PF08242;PF13649;PF01588;PF09334;PF01406;PF00133;PF02353;PF08003;PF13489;PF08123;PF01209;PF06325;PF01135;PF05175;PF01596;PF13679;PF12847;PF13847;PF08241;PF08242;PF13649	NA	NA
GCF_015904535.1	contig_13	deepBGC		0.53288	NA	454	2302	1848	gnl|Bakta|PDHJEM_01180	1	PF02784	NA	NA
GCF_015904535.1	contig_13	deepBGC	Other	0.64119	NA	3935	9021	5086	gnl|Bakta|PDHJEM_01183;gnl|Bakta|PDHJEM_01184;gnl|Bakta|PDHJEM_01185;gnl|Bakta|PDHJEM_01186	4	PF08003;PF13489;PF13847;PF08241;PF08242;PF13649;PF01588;PF09334;PF01406;PF00133;PF02353;PF08003;PF13489;PF08123;PF06325;PF01209;PF01135;PF05175;PF01596;PF13679;PF12847;PF13847;PF08241;PF08242;PF13649	NA	NA
GCF_015904535.1	contig_28	deepBGC		0.53083	NA	2150	3254	1104	gnl|Bakta|PDHJEM_01593	1	PF01501	NA	NA
GCF_014498085.1	contig_2	deepBGC	Saccharide	0.73595	NA	37857	49497	11640	gnl|Bakta|AOBKMM_00346;gnl|Bakta|AOBKMM_00347;gnl|Bakta|AOBKMM_00348;gnl|Bakta|AOBKMM_00349;gnl|Bakta|AOBKMM_00350;gnl|Bakta|AOBKMM_00351;gnl|Bakta|AOBKMM_00352;gnl|Bakta|AOBKMM_00353;gnl|Bakta|AOBKMM_00354	9	PF02353;PF08003;PF13489;PF01596;PF13847;PF01209;PF08241;PF08242;PF13649;PF05175;PF12847;PF06325;PF01135;PF13679;PF08123;PF09334;PF00133;PF01406;PF01588;PF08003;PF13489;PF13649;PF08241;PF08242;PF13847;PF03061;PF13439;PF13579;PF00534;PF13692;PF02784;PF07510;PF03235	NA	NA
GCF_014498085.1	contig_5	deepBGC		0.53523	NA	41920	42220	300	gnl|Bakta|AOBKMM_00478	1	PF07883	NA	NA
GCA_040861765.1	contig_10	antiSMASH	Terpene-precursor	NA	No	1	57736	57736	NA;HPBHNA_01278;HPBHNA_01279;HPBHNA_01280;HPBHNA_01281;HPBHNA_01282;HPBHNA_01283;HPBHNA_01284;HPBHNA_01285;HPBHNA_01286;HPBHNA_01287;HPBHNA_01288;HPBHNA_01289;HPBHNA_01290;HPBHNA_01291;HPBHNA_01292;HPBHNA_01293;HPBHNA_01294;HPBHNA_01295;HPBHNA_01296;HPBHNA_01297;HPBHNA_01298;HPBHNA_01299;HPBHNA_01300;HPBHNA_01305;HPBHNA_01306;HPBHNA_01307;HPBHNA_01308;HPBHNA_01309;HPBHNA_01310;HPBHNA_01311;HPBHNA_01312;HPBHNA_01313;HPBHNA_01314;HPBHNA_01315;HPBHNA_01316;HPBHNA_01317;HPBHNA_01318;HPBHNA_01319;HPBHNA_01320;HPBHNA_01321;HPBHNA_01322;HPBHNA_01323;HPBHNA_01324;HPBHNA_01325;HPBHNA_01326;HPBHNA_01327;HPBHNA_01328;HPBHNA_01329;HPBHNA_01330;HPBHNA_01331;HPBHNA_01332;HPBHNA_01333;HPBHNA_01334;HPBHNA_01335;HPBHNA_01336;HPBHNA_01337;HPBHNA_01338;HPBHNA_01339;HPBHNA_01340	59	GTP_cyclohydroI;PT_FPPS_like;PTPS;QueE;Fer4_12	NA	NA
GCF_015904745.1	contig_17	deepBGC		0.50856	NA	33889	34189	300	gnl|Bakta|LMAFFJ_01436	1	PF07883	NA	NA
GCF_015904745.1	contig_6	deepBGC		0.76171	NA	83895	95557	11662	gnl|Bakta|LMAFFJ_00770;gnl|Bakta|LMAFFJ_00771;gnl|Bakta|LMAFFJ_00772;gnl|Bakta|LMAFFJ_00773;gnl|Bakta|LMAFFJ_00774;gnl|Bakta|LMAFFJ_00775;gnl|Bakta|LMAFFJ_00776;gnl|Bakta|LMAFFJ_00777;gnl|Bakta|LMAFFJ_00778	9	PF02353;PF08003;PF13489;PF01596;PF13847;PF01209;PF08241;PF08242;PF13649;PF05175;PF12847;PF06325;PF01135;PF13679;PF08123;PF09334;PF00133;PF01406;PF01588;PF08003;PF13489;PF13649;PF08241;PF08242;PF13847;PF03061;PF13439;PF00534;PF13692;PF02784;PF03432	NA	NA
GCF_035621295.1	contig_1	antiSMASH	Terpene-precursor	NA	No	1	1581974	1581974	MKHBOK_01563;MKHBOK_00001;MKHBOK_00002;MKHBOK_00003;MKHBOK_00004;MKHBOK_00005;MKHBOK_00006;MKHBOK_00007;MKHBOK_00008;MKHBOK_00009;MKHBOK_00010;MKHBOK_00011;MKHBOK_00012;MKHBOK_00013;MKHBOK_00014;MKHBOK_00015;MKHBOK_00016;MKHBOK_00017;MKHBOK_00018;MKHBOK_00019;MKHBOK_00020;MKHBOK_00022;MKHBOK_00023;MKHBOK_00024;MKHBOK_00025;MKHBOK_00026;MKHBOK_00027;MKHBOK_00028;MKHBOK_00029;MKHBOK_00030;MKHBOK_00031;MKHBOK_00032;MKHBOK_00033;MKHBOK_00034;MKHBOK_00035;MKHBOK_00036;MKHBOK_00039;MKHBOK_00040;MKHBOK_00041;MKHBOK_00042;MKHBOK_00043;MKHBOK_00044;MKHBOK_00045;MKHBOK_00046;MKHBOK_00047;MKHBOK_00048;MKHBOK_00049;MKHBOK_00050;MKHBOK_00051;MKHBOK_00052;MKHBOK_00053;MKHBOK_00054;MKHBOK_00055;MKHBOK_00056;MKHBOK_00057;MKHBOK_00058;MKHBOK_00059;MKHBOK_00060;MKHBOK_00061;MKHBOK_00062;MKHBOK_00063;MKHBOK_00064;MKHBOK_00065;MKHBOK_00066;MKHBOK_00067;MKHBOK_00068;MKHBOK_00069;MKHBOK_00070;MKHBOK_00071;MKHBOK_00072;MKHBOK_00073;MKHBOK_00074;MKHBOK_00075;MKHBOK_00076;MKHBOK_00077;MKHBOK_00078;MKHBOK_00079;MKHBOK_00080;MKHBOK_00081;MKHBOK_00082;MKHBOK_00083;MKHBOK_00084;MKHBOK_00085;MKHBOK_00086;MKHBOK_00087;MKHBOK_00088;MKHBOK_00089;MKHBOK_00090;MKHBOK_00092;MKHBOK_00093;MKHBOK_00094;MKHBOK_00095;MKHBOK_00096;MKHBOK_00097;MKHBOK_00098;MKHBOK_00099;MKHBOK_00100;MKHBOK_00101;MKHBOK_00102;MKHBOK_00103;MKHBOK_00104;MKHBOK_00105;MKHBOK_00106;MKHBOK_00107;MKHBOK_00108;MKHBOK_00109;MKHBOK_00110;MKHBOK_00111;MKHBOK_00112;MKHBOK_00113;MKHBOK_00114;MKHBOK_00115;MKHBOK_00116;MKHBOK_00117;MKHBOK_00118;MKHBOK_00119;MKHBOK_00120;MKHBOK_00121;MKHBOK_00122;MKHBOK_00123;MKHBOK_00124;MKHBOK_00125;MKHBOK_00126;MKHBOK_00127;MKHBOK_00128;MKHBOK_00129;MKHBOK_00130;MKHBOK_00131;MKHBOK_00132;MKHBOK_00133;MKHBOK_00134;MKHBOK_00135;MKHBOK_00136;MKHBOK_00137;MKHBOK_00138;MKHBOK_00139;MKHBOK_00140;MKHBOK_00141;MKHBOK_00143;MKHBOK_00144;MKHBOK_00145;MKHBOK_00146;MKHBOK_00147;MKHBOK_00148;MKHBOK_00149;MKHBOK_00150;MKHBOK_00151;MKHBOK_00152;MKHBOK_00153;MKHBOK_00154;MKHBOK_00155;MKHBOK_00156;MKHBOK_00157;MKHBOK_00158;MKHBOK_00159;MKHBOK_00160;MKHBOK_00161;MKHBOK_00162;MKHBOK_00163;MKHBOK_00164;MKHBOK_00165;MKHBOK_00166;MKHBOK_00167;MKHBOK_00168;MKHBOK_00169;MKHBOK_00170;MKHBOK_00171;MKHBOK_00172;MKHBOK_00173;MKHBOK_00174;MKHBOK_00175;MKHBOK_00176;MKHBOK_00177;MKHBOK_00178;MKHBOK_00179;MKHBOK_00180;MKHBOK_00181;MKHBOK_00182;MKHBOK_00183;MKHBOK_00184;MKHBOK_00185;MKHBOK_00187;MKHBOK_00188;MKHBOK_00189;MKHBOK_00190;MKHBOK_00191;MKHBOK_00192;MKHBOK_00193;MKHBOK_00194;MKHBOK_00195;MKHBOK_00196;MKHBOK_00197;MKHBOK_00198;MKHBOK_00199;MKHBOK_00200;MKHBOK_00201;MKHBOK_00202;MKHBOK_00203;MKHBOK_00204;MKHBOK_00205;MKHBOK_00206;MKHBOK_00207;MKHBOK_00208;MKHBOK_00209;MKHBOK_00210;MKHBOK_00211;MKHBOK_00212;MKHBOK_00213;MKHBOK_00214;MKHBOK_00215;MKHBOK_00216;MKHBOK_00217;MKHBOK_00218;MKHBOK_00219;MKHBOK_00220;MKHBOK_00221;MKHBOK_00222;MKHBOK_00223;MKHBOK_00224;MKHBOK_00225;MKHBOK_00226;MKHBOK_00227;MKHBOK_00228;MKHBOK_00229;MKHBOK_00230;MKHBOK_00231;MKHBOK_00232;MKHBOK_00233;MKHBOK_00234;MKHBOK_00235;MKHBOK_00236;MKHBOK_00237;MKHBOK_00238;MKHBOK_00239;MKHBOK_00240;MKHBOK_00241;MKHBOK_00242;MKHBOK_00243;MKHBOK_00244;MKHBOK_00245;MKHBOK_00246;MKHBOK_00247;MKHBOK_00248;MKHBOK_00249;MKHBOK_00250;MKHBOK_00251;MKHBOK_00252;MKHBOK_00253;MKHBOK_00254;MKHBOK_00255;MKHBOK_00256;MKHBOK_00257;MKHBOK_00258;MKHBOK_00259;MKHBOK_00260;MKHBOK_00261;MKHBOK_00262;MKHBOK_00263;MKHBOK_00264;MKHBOK_00265;MKHBOK_00266;MKHBOK_00267;MKHBOK_00268;MKHBOK_00269;MKHBOK_00270;MKHBOK_00271;MKHBOK_00272;MKHBOK_00273;MKHBOK_00274;MKHBOK_00275;MKHBOK_00276;MKHBOK_00277;MKHBOK_00278;MKHBOK_00279;MKHBOK_00280;MKHBOK_00281;MKHBOK_00282;MKHBOK_00283;MKHBOK_00284;MKHBOK_00285;MKHBOK_00286;MKHBOK_00287;MKHBOK_00288;MKHBOK_00289;MKHBOK_00290;MKHBOK_00291;MKHBOK_00292;MKHBOK_00293;MKHBOK_00294;MKHBOK_00295;MKHBOK_00296;MKHBOK_00297;MKHBOK_00298;MKHBOK_00299;MKHBOK_00300;MKHBOK_00301;MKHBOK_00302;MKHBOK_00303;MKHBOK_00304;MKHBOK_00305;MKHBOK_00306;MKHBOK_00307;MKHBOK_00308;MKHBOK_00309;MKHBOK_00310;MKHBOK_00311;MKHBOK_00312;MKHBOK_00313;MKHBOK_00314;MKHBOK_00315;MKHBOK_00316;MKHBOK_00317;MKHBOK_00318;MKHBOK_00319;MKHBOK_00320;MKHBOK_00321;MKHBOK_00322;MKHBOK_00323;MKHBOK_00324;MKHBOK_00325;MKHBOK_00326;MKHBOK_00327;MKHBOK_00328;MKHBOK_00329;MKHBOK_00330;MKHBOK_00333;MKHBOK_00334;MKHBOK_00335;MKHBOK_00336;MKHBOK_00337;MKHBOK_00338;MKHBOK_00339;MKHBOK_00340;MKHBOK_00341;MKHBOK_00342;MKHBOK_00343;MKHBOK_00344;MKHBOK_00345;MKHBOK_00346;MKHBOK_00347;MKHBOK_00348;MKHBOK_00349;MKHBOK_00350;MKHBOK_00351;MKHBOK_00352;MKHBOK_00353;MKHBOK_00354;MKHBOK_00355;MKHBOK_00356;MKHBOK_00357;MKHBOK_00358;MKHBOK_00359;MKHBOK_00360;MKHBOK_00361;MKHBOK_00362;MKHBOK_00363;MKHBOK_00364;MKHBOK_00366;MKHBOK_00367;MKHBOK_00368;MKHBOK_00369;MKHBOK_00370;MKHBOK_00371;MKHBOK_00372;MKHBOK_00373;MKHBOK_00374;MKHBOK_00375;MKHBOK_00376;MKHBOK_00377;MKHBOK_00378;MKHBOK_00379;MKHBOK_00380;MKHBOK_00381;MKHBOK_00382;MKHBOK_00383;MKHBOK_00384;MKHBOK_00385;MKHBOK_00386;MKHBOK_00387;MKHBOK_00388;MKHBOK_00389;MKHBOK_00390;MKHBOK_00391;MKHBOK_00392;MKHBOK_00393;MKHBOK_00394;MKHBOK_00395;MKHBOK_00396;MKHBOK_00397;MKHBOK_00398;MKHBOK_00399;MKHBOK_00400;MKHBOK_00401;MKHBOK_00402;MKHBOK_00404;MKHBOK_00405;MKHBOK_00406;MKHBOK_00407;MKHBOK_00408;MKHBOK_00409;MKHBOK_00410;MKHBOK_00411;MKHBOK_00412;MKHBOK_00413;MKHBOK_00414;MKHBOK_00415;MKHBOK_00416;MKHBOK_00417;MKHBOK_00418;MKHBOK_00419;MKHBOK_00420;MKHBOK_00421;MKHBOK_00422;MKHBOK_00423;MKHBOK_00424;MKHBOK_00426;MKHBOK_00427;MKHBOK_00432;MKHBOK_00433;MKHBOK_00434;MKHBOK_00435;MKHBOK_00436;MKHBOK_00437;MKHBOK_00440;MKHBOK_00441;MKHBOK_00442;MKHBOK_00443;MKHBOK_00444;MKHBOK_00445;MKHBOK_00446;MKHBOK_00447;MKHBOK_00448;MKHBOK_00449;MKHBOK_00450;MKHBOK_00451;MKHBOK_00452;MKHBOK_00453;MKHBOK_00454;MKHBOK_00455;MKHBOK_00456;MKHBOK_00457;MKHBOK_00458;MKHBOK_00459;MKHBOK_00460;MKHBOK_00461;MKHBOK_00462;MKHBOK_00463;MKHBOK_00464;MKHBOK_00465;MKHBOK_00466;MKHBOK_00467;MKHBOK_00468;MKHBOK_00469;MKHBOK_00470;MKHBOK_00471;MKHBOK_00472;MKHBOK_00473;MKHBOK_00474;MKHBOK_00475;MKHBOK_00476;MKHBOK_00477;MKHBOK_00478;MKHBOK_00479;MKHBOK_00480;MKHBOK_00481;MKHBOK_00482;MKHBOK_00483;MKHBOK_00484;MKHBOK_00485;MKHBOK_00486;MKHBOK_00487;MKHBOK_00488;MKHBOK_00489;MKHBOK_00490;MKHBOK_00491;MKHBOK_00492;MKHBOK_00493;MKHBOK_00494;MKHBOK_00495;MKHBOK_00496;MKHBOK_00497;MKHBOK_00498;MKHBOK_00499;MKHBOK_00500;MKHBOK_00501;MKHBOK_00502;MKHBOK_00503;MKHBOK_00504;MKHBOK_00505;MKHBOK_00506;MKHBOK_00507;MKHBOK_00508;MKHBOK_00509;MKHBOK_00510;MKHBOK_00511;MKHBOK_00512;MKHBOK_00513;MKHBOK_00514;MKHBOK_00515;MKHBOK_00516;MKHBOK_00517;MKHBOK_00518;MKHBOK_00519;MKHBOK_00520;MKHBOK_00521;MKHBOK_00522;MKHBOK_00523;MKHBOK_00524;MKHBOK_00525;MKHBOK_00526;MKHBOK_00527;MKHBOK_00528;MKHBOK_00529;MKHBOK_00530;MKHBOK_00531;MKHBOK_00532;MKHBOK_00533;MKHBOK_00534;MKHBOK_00535;MKHBOK_00536;MKHBOK_00537;MKHBOK_00538;MKHBOK_00539;MKHBOK_00540;MKHBOK_00541;MKHBOK_00542;MKHBOK_00543;MKHBOK_00544;MKHBOK_00545;MKHBOK_00546;MKHBOK_00547;MKHBOK_00548;MKHBOK_00549;MKHBOK_00550;MKHBOK_00551;MKHBOK_00552;MKHBOK_00553;MKHBOK_00554;MKHBOK_00555;MKHBOK_00556;MKHBOK_00557;MKHBOK_00558;MKHBOK_00559;MKHBOK_00560;MKHBOK_00561;MKHBOK_00562;MKHBOK_00563;MKHBOK_00564;MKHBOK_00565;MKHBOK_00566;MKHBOK_00567;MKHBOK_00568;MKHBOK_00569;MKHBOK_00570;MKHBOK_00571;MKHBOK_00572;MKHBOK_00573;MKHBOK_00574;MKHBOK_00575;MKHBOK_00576;MKHBOK_00577;MKHBOK_00578;MKHBOK_00579;MKHBOK_00580;MKHBOK_00581;MKHBOK_00582;MKHBOK_00583;MKHBOK_00584;MKHBOK_00585;MKHBOK_00586;MKHBOK_00587;MKHBOK_00588;MKHBOK_00589;MKHBOK_00590;MKHBOK_00591;MKHBOK_00592;MKHBOK_00593;MKHBOK_00594;MKHBOK_00595;MKHBOK_00597;MKHBOK_00598;MKHBOK_00599;MKHBOK_00600;MKHBOK_00601;MKHBOK_00602;MKHBOK_00603;MKHBOK_00604;MKHBOK_00605;MKHBOK_00606;MKHBOK_00607;MKHBOK_00608;MKHBOK_00609;MKHBOK_00610;MKHBOK_00611;MKHBOK_00612;MKHBOK_00613;MKHBOK_00614;MKHBOK_00615;MKHBOK_00616;MKHBOK_00617;MKHBOK_00618;MKHBOK_00619;MKHBOK_00620;MKHBOK_00621;MKHBOK_00622;MKHBOK_00623;MKHBOK_00624;MKHBOK_00625;MKHBOK_00626;MKHBOK_00627;MKHBOK_00628;MKHBOK_00629;MKHBOK_00630;MKHBOK_00631;MKHBOK_00632;MKHBOK_00633;MKHBOK_00634;MKHBOK_00635;MKHBOK_00636;MKHBOK_00637;MKHBOK_00638;MKHBOK_00639;MKHBOK_00640;MKHBOK_00641;MKHBOK_00642;MKHBOK_00643;MKHBOK_00644;MKHBOK_00645;MKHBOK_00646;MKHBOK_00647;MKHBOK_00648;MKHBOK_00649;MKHBOK_00650;MKHBOK_00651;MKHBOK_00652;MKHBOK_00653;MKHBOK_00654;MKHBOK_00655;MKHBOK_00656;MKHBOK_00657;MKHBOK_00659;MKHBOK_00660;MKHBOK_00661;MKHBOK_00662;MKHBOK_00663;MKHBOK_00664;MKHBOK_00665;MKHBOK_00666;MKHBOK_00667;MKHBOK_00668;MKHBOK_00669;MKHBOK_00670;MKHBOK_00671;MKHBOK_00672;MKHBOK_00673;MKHBOK_00674;MKHBOK_00675;MKHBOK_00676;MKHBOK_00677;MKHBOK_00678;MKHBOK_00679;MKHBOK_00680;MKHBOK_00681;MKHBOK_00682;MKHBOK_00683;MKHBOK_00684;MKHBOK_00685;MKHBOK_00686;MKHBOK_00687;MKHBOK_00688;MKHBOK_00689;MKHBOK_00690;MKHBOK_00691;MKHBOK_00692;MKHBOK_00693;MKHBOK_00694;MKHBOK_00695;MKHBOK_00696;MKHBOK_00697;MKHBOK_00698;MKHBOK_00699;MKHBOK_00700;MKHBOK_00701;MKHBOK_00702;MKHBOK_00703;MKHBOK_00704;MKHBOK_00705;MKHBOK_00706;MKHBOK_00707;MKHBOK_00708;MKHBOK_00709;MKHBOK_00710;MKHBOK_00711;MKHBOK_00712;MKHBOK_00713;MKHBOK_00714;MKHBOK_00715;MKHBOK_00716;MKHBOK_00717;MKHBOK_00718;MKHBOK_00719;MKHBOK_00720;MKHBOK_00721;MKHBOK_00722;MKHBOK_00723;MKHBOK_00724;MKHBOK_00725;MKHBOK_00726;MKHBOK_00727;MKHBOK_00728;MKHBOK_00729;MKHBOK_00730;MKHBOK_00732;MKHBOK_00733;MKHBOK_00734;MKHBOK_00735;MKHBOK_00736;MKHBOK_00737;MKHBOK_00738;MKHBOK_00739;MKHBOK_00740;MKHBOK_00741;MKHBOK_00742;MKHBOK_00743;MKHBOK_00744;MKHBOK_00745;MKHBOK_00746;MKHBOK_00747;MKHBOK_00748;MKHBOK_00749;MKHBOK_00750;MKHBOK_00751;MKHBOK_00752;MKHBOK_00753;MKHBOK_00754;MKHBOK_00755;MKHBOK_00756;MKHBOK_00757;MKHBOK_00758;MKHBOK_00759;MKHBOK_00760;MKHBOK_00761;MKHBOK_00762;MKHBOK_00763;MKHBOK_00764;MKHBOK_00765;MKHBOK_00766;MKHBOK_00767;MKHBOK_00768;MKHBOK_00769;MKHBOK_00770;MKHBOK_00771;MKHBOK_00772;MKHBOK_00773;MKHBOK_00774;MKHBOK_00775;MKHBOK_00776;MKHBOK_00777;MKHBOK_00778;MKHBOK_00779;MKHBOK_00780;MKHBOK_00781;MKHBOK_00782;MKHBOK_00783;MKHBOK_00784;MKHBOK_00785;MKHBOK_00786;MKHBOK_00788;MKHBOK_00789;MKHBOK_00790;MKHBOK_00791;MKHBOK_00792;MKHBOK_00793;MKHBOK_00794;MKHBOK_00795;MKHBOK_00796;MKHBOK_00797;MKHBOK_00798;MKHBOK_00799;MKHBOK_00800;MKHBOK_00801;MKHBOK_00802;MKHBOK_00803;MKHBOK_00804;MKHBOK_00805;MKHBOK_00806;MKHBOK_00807;MKHBOK_00808;MKHBOK_00809;MKHBOK_00810;MKHBOK_00811;MKHBOK_00812;MKHBOK_00813;MKHBOK_00814;MKHBOK_00815;MKHBOK_00816;MKHBOK_00817;MKHBOK_00818;MKHBOK_00819;MKHBOK_00820;MKHBOK_00821;MKHBOK_00822;MKHBOK_00823;MKHBOK_00824;MKHBOK_00825;MKHBOK_00826;MKHBOK_00827;MKHBOK_00828;MKHBOK_00829;MKHBOK_00830;MKHBOK_00831;MKHBOK_00832;MKHBOK_00833;MKHBOK_00834;MKHBOK_00835;MKHBOK_00836;MKHBOK_00837;MKHBOK_00838;MKHBOK_00840;MKHBOK_00841;MKHBOK_00842;MKHBOK_00843;MKHBOK_00844;MKHBOK_00845;MKHBOK_00846;MKHBOK_00847;MKHBOK_00848;MKHBOK_00849;MKHBOK_00850;MKHBOK_00851;MKHBOK_00852;MKHBOK_00853;MKHBOK_00854;MKHBOK_00855;MKHBOK_00856;MKHBOK_00857;MKHBOK_00858;MKHBOK_00859;MKHBOK_00860;MKHBOK_00861;MKHBOK_00862;MKHBOK_00863;MKHBOK_00864;MKHBOK_00865;MKHBOK_00866;MKHBOK_00867;MKHBOK_00868;MKHBOK_00869;MKHBOK_00870;MKHBOK_00871;MKHBOK_00872;MKHBOK_00873;MKHBOK_00874;MKHBOK_00875;MKHBOK_00876;MKHBOK_00877;MKHBOK_00878;MKHBOK_00879;MKHBOK_00880;MKHBOK_00881;MKHBOK_00882;MKHBOK_00883;MKHBOK_00884;MKHBOK_00885;MKHBOK_00886;MKHBOK_00887;MKHBOK_00888;MKHBOK_00889;MKHBOK_00890;MKHBOK_00891;MKHBOK_00892;MKHBOK_00893;MKHBOK_00894;MKHBOK_00895;MKHBOK_00896;MKHBOK_00897;MKHBOK_00898;MKHBOK_00899;MKHBOK_00900;MKHBOK_00901;MKHBOK_00902;MKHBOK_00903;MKHBOK_00904;MKHBOK_00905;MKHBOK_00906;MKHBOK_00907;MKHBOK_00908;MKHBOK_00909;MKHBOK_00910;MKHBOK_00911;MKHBOK_00912;MKHBOK_00913;MKHBOK_00914;MKHBOK_00916;MKHBOK_00917;MKHBOK_00918;MKHBOK_00919;MKHBOK_00920;MKHBOK_00921;MKHBOK_00922;MKHBOK_00923;MKHBOK_00924;MKHBOK_00925;MKHBOK_00926;MKHBOK_00927;MKHBOK_00928;MKHBOK_00929;MKHBOK_00930;MKHBOK_00931;MKHBOK_00932;MKHBOK_00934;MKHBOK_00935;MKHBOK_00936;MKHBOK_00937;MKHBOK_00938;MKHBOK_00939;MKHBOK_00941;MKHBOK_00942;MKHBOK_00943;MKHBOK_00944;MKHBOK_00945;MKHBOK_00946;MKHBOK_00947;MKHBOK_00948;MKHBOK_00949;MKHBOK_00950;MKHBOK_00951;MKHBOK_00952;MKHBOK_00953;MKHBOK_00954;MKHBOK_00955;MKHBOK_00956;MKHBOK_00957;MKHBOK_00958;MKHBOK_00959;MKHBOK_00960;MKHBOK_00961;MKHBOK_00962;MKHBOK_00963;MKHBOK_00964;MKHBOK_00965;MKHBOK_00966;MKHBOK_00967;MKHBOK_00968;MKHBOK_00969;MKHBOK_00970;MKHBOK_00971;MKHBOK_00972;MKHBOK_00973;MKHBOK_00974;MKHBOK_00975;MKHBOK_00976;MKHBOK_00977;MKHBOK_00978;MKHBOK_00979;MKHBOK_00980;MKHBOK_00981;MKHBOK_00982;MKHBOK_00983;MKHBOK_00984;MKHBOK_00985;MKHBOK_00986;MKHBOK_00987;MKHBOK_00988;MKHBOK_00989;MKHBOK_00990;MKHBOK_00991;MKHBOK_00992;MKHBOK_00993;MKHBOK_00994;MKHBOK_00995;MKHBOK_00996;MKHBOK_00997;MKHBOK_00998;MKHBOK_00999;MKHBOK_01000;MKHBOK_01001;MKHBOK_01002;MKHBOK_01003;MKHBOK_01004;MKHBOK_01005;MKHBOK_01006;MKHBOK_01007;MKHBOK_01008;MKHBOK_01009;MKHBOK_01010;MKHBOK_01011;MKHBOK_01013;MKHBOK_01014;MKHBOK_01015;MKHBOK_01016;MKHBOK_01017;MKHBOK_01018;MKHBOK_01019;MKHBOK_01020;MKHBOK_01021;MKHBOK_01022;MKHBOK_01023;MKHBOK_01024;MKHBOK_01025;MKHBOK_01026;MKHBOK_01027;MKHBOK_01028;MKHBOK_01029;MKHBOK_01030;MKHBOK_01031;MKHBOK_01032;MKHBOK_01033;MKHBOK_01034;MKHBOK_01035;MKHBOK_01036;MKHBOK_01037;MKHBOK_01038;MKHBOK_01039;MKHBOK_01040;MKHBOK_01041;MKHBOK_01042;MKHBOK_01044;MKHBOK_01045;MKHBOK_01046;MKHBOK_01047;MKHBOK_01048;MKHBOK_01049;MKHBOK_01050;MKHBOK_01051;MKHBOK_01053;MKHBOK_01054;MKHBOK_01055;MKHBOK_01056;MKHBOK_01057;MKHBOK_01058;MKHBOK_01059;MKHBOK_01060;MKHBOK_01061;MKHBOK_01062;MKHBOK_01063;MKHBOK_01064;MKHBOK_01065;MKHBOK_01066;MKHBOK_01067;MKHBOK_01068;MKHBOK_01069;MKHBOK_01070;MKHBOK_01071;MKHBOK_01072;MKHBOK_01073;MKHBOK_01074;MKHBOK_01075;MKHBOK_01076;MKHBOK_01077;MKHBOK_01078;MKHBOK_01079;MKHBOK_01080;MKHBOK_01081;MKHBOK_01082;MKHBOK_01083;MKHBOK_01084;MKHBOK_01085;MKHBOK_01086;MKHBOK_01087;MKHBOK_01088;MKHBOK_01089;MKHBOK_01090;MKHBOK_01091;MKHBOK_01092;MKHBOK_01093;MKHBOK_01094;MKHBOK_01095;MKHBOK_01096;MKHBOK_01097;MKHBOK_01098;MKHBOK_01099;MKHBOK_01100;MKHBOK_01101;MKHBOK_01102;MKHBOK_01103;MKHBOK_01104;MKHBOK_01105;MKHBOK_01106;MKHBOK_01107;MKHBOK_01108;MKHBOK_01109;MKHBOK_01110;MKHBOK_01111;MKHBOK_01112;MKHBOK_01113;MKHBOK_01114;MKHBOK_01115;MKHBOK_01118;MKHBOK_01119;MKHBOK_01121;MKHBOK_01122;MKHBOK_01123;MKHBOK_01124;MKHBOK_01125;MKHBOK_01126;MKHBOK_01127;MKHBOK_01128;MKHBOK_01129;MKHBOK_01130;MKHBOK_01131;MKHBOK_01132;MKHBOK_01133;MKHBOK_01134;MKHBOK_01135;MKHBOK_01136;MKHBOK_01137;MKHBOK_01138;MKHBOK_01139;MKHBOK_01140;MKHBOK_01141;MKHBOK_01142;MKHBOK_01143;MKHBOK_01144;MKHBOK_01145;MKHBOK_01146;MKHBOK_01147;MKHBOK_01148;MKHBOK_01149;MKHBOK_01150;MKHBOK_01151;MKHBOK_01152;MKHBOK_01153;MKHBOK_01154;MKHBOK_01155;MKHBOK_01156;MKHBOK_01157;MKHBOK_01158;MKHBOK_01159;MKHBOK_01160;MKHBOK_01161;MKHBOK_01162;MKHBOK_01163;MKHBOK_01164;MKHBOK_01165;MKHBOK_01166;MKHBOK_01167;MKHBOK_01168;MKHBOK_01169;MKHBOK_01170;MKHBOK_01171;MKHBOK_01172;MKHBOK_01173;MKHBOK_01174;MKHBOK_01175;MKHBOK_01176;MKHBOK_01177;MKHBOK_01178;MKHBOK_01179;MKHBOK_01180;MKHBOK_01181;MKHBOK_01182;MKHBOK_01183;MKHBOK_01184;MKHBOK_01185;MKHBOK_01186;MKHBOK_01187;MKHBOK_01188;MKHBOK_01189;MKHBOK_01190;MKHBOK_01191;MKHBOK_01193;MKHBOK_01194;MKHBOK_01195;MKHBOK_01196;MKHBOK_01197;MKHBOK_01198;MKHBOK_01199;MKHBOK_01200;MKHBOK_01201;MKHBOK_01207;MKHBOK_01208;MKHBOK_01209;MKHBOK_01210;MKHBOK_01211;MKHBOK_01212;MKHBOK_01213;MKHBOK_01214;MKHBOK_01215;MKHBOK_01216;MKHBOK_01217;MKHBOK_01218;MKHBOK_01219;MKHBOK_01220;MKHBOK_01221;MKHBOK_01222;MKHBOK_01223;MKHBOK_01224;MKHBOK_01225;MKHBOK_01226;MKHBOK_01227;MKHBOK_01228;MKHBOK_01229;MKHBOK_01230;MKHBOK_01231;MKHBOK_01232;MKHBOK_01233;MKHBOK_01234;MKHBOK_01235;MKHBOK_01236;MKHBOK_01237;MKHBOK_01238;MKHBOK_01239;MKHBOK_01240;MKHBOK_01241;MKHBOK_01242;MKHBOK_01243;MKHBOK_01244;MKHBOK_01245;MKHBOK_01246;MKHBOK_01247;MKHBOK_01248;MKHBOK_01249;MKHBOK_01250;MKHBOK_01251;MKHBOK_01252;MKHBOK_01253;MKHBOK_01254;MKHBOK_01255;MKHBOK_01256;MKHBOK_01257;MKHBOK_01258;MKHBOK_01259;MKHBOK_01260;MKHBOK_01261;MKHBOK_01262;MKHBOK_01263;MKHBOK_01264;MKHBOK_01265;MKHBOK_01266;MKHBOK_01267;MKHBOK_01268;MKHBOK_01269;MKHBOK_01270;MKHBOK_01271;MKHBOK_01272;MKHBOK_01273;MKHBOK_01274;MKHBOK_01275;MKHBOK_01276;MKHBOK_01277;MKHBOK_01278;MKHBOK_01279;MKHBOK_01280;MKHBOK_01281;MKHBOK_01282;MKHBOK_01283;MKHBOK_01284;MKHBOK_01285;MKHBOK_01286;MKHBOK_01287;MKHBOK_01288;MKHBOK_01289;MKHBOK_01290;MKHBOK_01291;MKHBOK_01292;MKHBOK_01293;MKHBOK_01294;MKHBOK_01295;MKHBOK_01296;MKHBOK_01297;MKHBOK_01298;MKHBOK_01299;MKHBOK_01301;MKHBOK_01302;MKHBOK_01303;MKHBOK_01304;MKHBOK_01305;MKHBOK_01306;MKHBOK_01307;MKHBOK_01308;MKHBOK_01309;MKHBOK_01310;MKHBOK_01311;MKHBOK_01312;MKHBOK_01313;MKHBOK_01314;MKHBOK_01315;MKHBOK_01316;MKHBOK_01317;MKHBOK_01318;MKHBOK_01319;MKHBOK_01320;MKHBOK_01321;MKHBOK_01322;MKHBOK_01323;MKHBOK_01324;MKHBOK_01325;MKHBOK_01326;MKHBOK_01327;MKHBOK_01328;MKHBOK_01329;MKHBOK_01330;MKHBOK_01331;MKHBOK_01332;MKHBOK_01333;MKHBOK_01334;MKHBOK_01335;MKHBOK_01336;MKHBOK_01337;MKHBOK_01338;MKHBOK_01339;MKHBOK_01340;MKHBOK_01341;MKHBOK_01342;MKHBOK_01343;MKHBOK_01344;MKHBOK_01345;MKHBOK_01346;MKHBOK_01347;MKHBOK_01348;MKHBOK_01349;MKHBOK_01350;MKHBOK_01351;MKHBOK_01352;MKHBOK_01353;MKHBOK_01354;MKHBOK_01355;MKHBOK_01356;MKHBOK_01357;MKHBOK_01358;MKHBOK_01359;MKHBOK_01360;MKHBOK_01361;MKHBOK_01362;MKHBOK_01363;MKHBOK_01364;MKHBOK_01365;MKHBOK_01366;MKHBOK_01367;MKHBOK_01368;MKHBOK_01369;MKHBOK_01370;MKHBOK_01371;MKHBOK_01372;MKHBOK_01374;MKHBOK_01375;MKHBOK_01376;MKHBOK_01377;MKHBOK_01378;MKHBOK_01379;MKHBOK_01380;MKHBOK_01381;MKHBOK_01382;MKHBOK_01383;MKHBOK_01384;MKHBOK_01385;MKHBOK_01386;MKHBOK_01388;MKHBOK_01389;MKHBOK_01390;MKHBOK_01391;MKHBOK_01392;MKHBOK_01393;MKHBOK_01394;MKHBOK_01395;MKHBOK_01396;MKHBOK_01397;MKHBOK_01398;MKHBOK_01399;MKHBOK_01400;MKHBOK_01401;MKHBOK_01402;MKHBOK_01403;MKHBOK_01404;MKHBOK_01405;MKHBOK_01406;MKHBOK_01407;MKHBOK_01408;MKHBOK_01409;MKHBOK_01410;MKHBOK_01411;MKHBOK_01412;MKHBOK_01413;MKHBOK_01414;MKHBOK_01415;MKHBOK_01416;MKHBOK_01417;MKHBOK_01418;MKHBOK_01419;MKHBOK_01420;MKHBOK_01421;MKHBOK_01422;MKHBOK_01423;MKHBOK_01424;MKHBOK_01425;MKHBOK_01426;MKHBOK_01427;MKHBOK_01428;MKHBOK_01429;MKHBOK_01430;MKHBOK_01431;MKHBOK_01432;MKHBOK_01434;MKHBOK_01435;MKHBOK_01438;MKHBOK_01439;MKHBOK_01440;MKHBOK_01441;MKHBOK_01442;MKHBOK_01444;MKHBOK_01445;MKHBOK_01446;MKHBOK_01447;MKHBOK_01448;MKHBOK_01449;MKHBOK_01450;MKHBOK_01451;MKHBOK_01452;MKHBOK_01453;MKHBOK_01454;MKHBOK_01455;MKHBOK_01456;MKHBOK_01457;MKHBOK_01458;MKHBOK_01459;MKHBOK_01460;MKHBOK_01461;MKHBOK_01462;MKHBOK_01463;MKHBOK_01464;MKHBOK_01465;MKHBOK_01466;MKHBOK_01467;MKHBOK_01468;MKHBOK_01469;MKHBOK_01470;MKHBOK_01471;MKHBOK_01472;MKHBOK_01473;MKHBOK_01474;MKHBOK_01475;MKHBOK_01476;MKHBOK_01477;MKHBOK_01478;MKHBOK_01479;MKHBOK_01480;MKHBOK_01481;MKHBOK_01482;MKHBOK_01483;MKHBOK_01484;MKHBOK_01485;MKHBOK_01486;MKHBOK_01487;MKHBOK_01488;MKHBOK_01489;MKHBOK_01490;MKHBOK_01495;MKHBOK_01496;MKHBOK_01497;MKHBOK_01498;MKHBOK_01499;MKHBOK_01500;MKHBOK_01501;MKHBOK_01502;MKHBOK_01503;MKHBOK_01504;MKHBOK_01505;MKHBOK_01506;MKHBOK_01507;MKHBOK_01508;MKHBOK_01511;MKHBOK_01512;MKHBOK_01513;MKHBOK_01514;MKHBOK_01515;MKHBOK_01516;MKHBOK_01517;MKHBOK_01518;MKHBOK_01519;MKHBOK_01520;MKHBOK_01521;MKHBOK_01522;MKHBOK_01523;MKHBOK_01524;MKHBOK_01525;MKHBOK_01526;MKHBOK_01527;MKHBOK_01528;MKHBOK_01529;MKHBOK_01530;MKHBOK_01531;MKHBOK_01532;MKHBOK_01533;MKHBOK_01534;MKHBOK_01535;MKHBOK_01536;MKHBOK_01537;MKHBOK_01538;MKHBOK_01539;MKHBOK_01540;MKHBOK_01541;MKHBOK_01542;MKHBOK_01543;MKHBOK_01544;MKHBOK_01545;MKHBOK_01546;MKHBOK_01547;MKHBOK_01548;MKHBOK_01549;MKHBOK_01553;MKHBOK_01555;MKHBOK_01556;MKHBOK_01557;MKHBOK_01558;MKHBOK_01559;MKHBOK_01560;MKHBOK_01561;MKHBOK_01562	1509	QueE;Fer4_12;PTPS;PT_FPPS_like;GTP_cyclohydroI	NA	NA
GCF_011105795.1	contig_22	antiSMASH	Terpene-precursor	NA	No	1	11261	11261	NA;GGEAPD_00512;GGEAPD_00513;GGEAPD_00514;GGEAPD_00515;GGEAPD_00516;GGEAPD_00517;GGEAPD_00518;GGEAPD_00519;GGEAPD_00520;GGEAPD_00521;GGEAPD_00522;GGEAPD_00523;GGEAPD_00524	13	GTP_cyclohydroI;PT_FPPS_like;PTPS;QueE;Fer4_12	NA	NA
GCF_003382545.1	contig_15	deepBGC	Other	0.7124	NA	68787	73875	5088	gnl|Bakta|BEOCFJ_01224;gnl|Bakta|BEOCFJ_01225;gnl|Bakta|BEOCFJ_01226;gnl|Bakta|BEOCFJ_01227	4	PF02353;PF08003;PF13489;PF01596;PF13847;PF01209;PF08241;PF08242;PF13649;PF05175;PF12847;PF06325;PF01135;PF13679;PF08123;PF01555;PF00133;PF09334;PF01406;PF01588;PF08003;PF13489;PF13649;PF08241;PF08242;PF13847	NA	NA
GCF_014497035.1	contig_10	antiSMASH	Terpene-precursor	NA	No	1	8213	8213	NA;FDFDHF_00535;FDFDHF_00536;FDFDHF_00537;FDFDHF_00538;FDFDHF_00539;FDFDHF_00540;FDFDHF_00541;FDFDHF_00542;FDFDHF_00543;FDFDHF_00544;FDFDHF_00545;FDFDHF_00546	12	QueE;Fer4_12;PTPS;PT_FPPS_like;GTP_cyclohydroI	NA	NA
GCF_003639525.1	contig_17	antiSMASH	Terpene-precursor	NA	No	1	11041	11041	NA;JMNPMA_00897;JMNPMA_00898;JMNPMA_00899;JMNPMA_00900;JMNPMA_00901;JMNPMA_00902;JMNPMA_00903;JMNPMA_00904;JMNPMA_00905;JMNPMA_00906;JMNPMA_00907;JMNPMA_00908;JMNPMA_00909;JMNPMA_00910;JMNPMA_00911	15	GTP_cyclohydroI;PT_FPPS_like;PTPS;QueE;Fer4_12	NA	NA
GCF_040821675.1	contig_25	deepBGC		0.50942	NA	1050	2898	1848	gnl|Bakta|IIDBJF_00790	1	PF02784	NA	NA
GCF_040821675.1	contig_25	deepBGC		0.5626	NA	4535	8297	3762	gnl|Bakta|IIDBJF_00793;gnl|Bakta|IIDBJF_00794;gnl|Bakta|IIDBJF_00795	3	PF08003;PF13489;PF13847;PF08241;PF08242;PF13649;PF01588;PF09334;PF01406;PF00133	NA	NA
GCF_040821675.1	contig_27	deepBGC		0.53234	NA	2886	3516	630	gnl|Bakta|IIDBJF_00822	1	PF01135;PF13847;PF13649;PF00398;PF13489	NA	NA
GCF_040821675.1	contig_3	deepBGC		0.50363	NA	1709	2453	744	gnl|Bakta|IIDBJF_00085	1	PF00106;PF08659;PF13561	NA	NA
GCF_040821675.1	contig_59	deepBGC		0.56798	NA	1070	4188	3118	gnl|Bakta|IIDBJF_01344;gnl|Bakta|IIDBJF_01345;gnl|Bakta|IIDBJF_01346;gnl|Bakta|IIDBJF_01347	4	PF02569;PF00215;PF00484;PF00793	NA	NA
GCF_040821675.1	contig_59	deepBGC		0.51815	NA	4669	5086	417	gnl|Bakta|IIDBJF_01349	1	PF01029	NA	NA
GCA_040861525.1	contig_10	deepBGC	Saccharide	0.74951	NA	37535	46114	8579	gnl|Bakta|LAEBDH_01395;gnl|Bakta|LAEBDH_01396;gnl|Bakta|LAEBDH_01397;gnl|Bakta|LAEBDH_01398;gnl|Bakta|LAEBDH_01399;gnl|Bakta|LAEBDH_01400;gnl|Bakta|LAEBDH_01401	7	PF02353;PF08003;PF13489;PF01596;PF13847;PF01209;PF08241;PF08242;PF13649;PF05175;PF12847;PF06325;PF01135;PF13679;PF08123;PF01555;PF09334;PF00133;PF01406;PF01588;PF08003;PF13489;PF13649;PF08241;PF08242;PF13847;PF03061;PF13439;PF13579;PF00534;PF13692;PF02784	NA	NA
GCA_040861525.1	contig_11	deepBGC		0.53555	NA	16291	16921	630	gnl|Bakta|LAEBDH_01421	1	PF01135;PF00398;PF13489;PF13847;PF13649	NA	NA
GCA_040861525.1	contig_12	deepBGC		0.50622	NA	4516	4816	300	gnl|Bakta|LAEBDH_01455	1	PF07883	NA	NA
GCF_040821605.1	contig_14	deepBGC		0.50395	NA	22723	23716	993	gnl|Bakta|GCKODN_00543	1	PF00108;PF00195;PF07451;PF08545;PF08541	NA	NA
GCF_040821605.1	contig_20	deepBGC	RiPP	0.55609	NA	15589	16219	630	gnl|Bakta|GCKODN_00675	1	PF01135;PF00398;PF13847;PF13649	NA	NA
GCF_040821605.1	contig_64	deepBGC		0.5428	NA	84	1671	1587	gnl|Bakta|GCKODN_01343	1	PF02521	NA	NA
GCF_040821605.1	contig_70	deepBGC		0.52462	NA	9689	10475	786	gnl|Bakta|GCKODN_01531	1	PF08003;PF13489;PF13847;PF08241;PF08242;PF13649	NA	NA
GCF_036455215.1	contig_6	deepBGC		0.52328	NA	47031	47784	753	gnl|Bakta|BPOIGH_01300	1	PF13561;PF00106;PF08659	NA	NA
GCF_036455215.1	contig_6	deepBGC		0.60238	NA	52685	54350	1665	gnl|Bakta|BPOIGH_01307;gnl|Bakta|BPOIGH_01308	2	PF01135;PF13847;PF13649;PF00398;PF13489;PF00268	NA	NA
GCF_036455215.1	contig_6	deepBGC		0.5027	NA	58157	58661	504	gnl|Bakta|BPOIGH_01314	1	PF05050	NA	NA
GCF_036455215.1	contig_9	deepBGC		0.58064	NA	7777	11545	3768	gnl|Bakta|BPOIGH_01433;gnl|Bakta|BPOIGH_01434;gnl|Bakta|BPOIGH_01435	3	PF08003;PF13489;PF13847;PF08241;PF08242;PF13649;PF01588;PF09334;PF01406;PF00133	NA	NA
GCF_001998245.1	contig_12	deepBGC		0.50945	NA	7277	8075	798	gnl|Bakta|ILCHNG_00758	1	PF08003;PF13489;PF13847;PF08241;PF08242;PF13649	NA	NA
GCF_001998245.1	contig_13	deepBGC		0.56868	NA	11261	11795	534	gnl|Bakta|ILCHNG_00809	1	PF05050	NA	NA
GCF_001998245.1	contig_13	deepBGC	RiPP	0.6286	NA	16652	17282	630	gnl|Bakta|ILCHNG_00816	1	PF01135;PF00398;PF13847;PF13649	NA	NA
GCF_001998245.1	contig_13	deepBGC	Polyketide	0.59746	NA	19063	23225	4162	gnl|Bakta|ILCHNG_00819;gnl|Bakta|ILCHNG_00822;gnl|Bakta|ILCHNG_00823	3	PF16363;PF01370;PF07993;PF04321;PF02719;PF13460;PF01073;PF08659;PF00106;PF00106;PF08659;PF13561	NA	NA
GCF_001998245.1	contig_13	deepBGC		0.53074	NA	31105	31822	717	gnl|Bakta|ILCHNG_00831	1	PF01501	NA	NA
GCF_001998125.1	contig_13	deepBGC	Saccharide	0.82041	NA	37844	46425	8581	gnl|Bakta|MFOBHK_00875;gnl|Bakta|MFOBHK_00876;gnl|Bakta|MFOBHK_00877;gnl|Bakta|MFOBHK_00878;gnl|Bakta|MFOBHK_00879;gnl|Bakta|MFOBHK_00880;gnl|Bakta|MFOBHK_00881	7	PF02353;PF08003;PF13489;PF13847;PF01209;PF08241;PF08242;PF13649;PF05175;PF12847;PF06325;PF01135;PF13679;PF08123;PF00133;PF09334;PF01406;PF01588;PF08003;PF13489;PF13649;PF08241;PF08242;PF13847;PF03061;PF13439;PF13579;PF00534;PF13692;PF02784	NA	NA
GCF_003639785.1	contig_3	deepBGC		0.67962	NA	37816	44525	6709	gnl|Bakta|NIBGIH_00415;gnl|Bakta|NIBGIH_00416;gnl|Bakta|NIBGIH_00417;gnl|Bakta|NIBGIH_00418;gnl|Bakta|NIBGIH_00419;gnl|Bakta|NIBGIH_00420	6	PF02353;PF08003;PF13489;PF13847;PF01209;PF08241;PF08242;PF13649;PF05175;PF12847;PF06325;PF04816;PF01135;PF13679;PF01555;PF09334;PF00133;PF01406;PF01588;PF08003;PF13489;PF13649;PF08241;PF08242;PF13847;PF03061;PF13439;PF00534;PF13692	NA	NA
GCF_030062605.1	contig_1	antiSMASH	Terpene-precursor	NA	Yes	898231	919142	20912	FLGOKC_00877;FLGOKC_00878;FLGOKC_00879;FLGOKC_00880;FLGOKC_00881;FLGOKC_00882;FLGOKC_00883;FLGOKC_00884;FLGOKC_00885;FLGOKC_00886;FLGOKC_00887;FLGOKC_00888;FLGOKC_00889;FLGOKC_00890;FLGOKC_00891;FLGOKC_00892;FLGOKC_00893;FLGOKC_00894;FLGOKC_00895;FLGOKC_00896;FLGOKC_00897;FLGOKC_00898;FLGOKC_00899	23	QueE;Fer4_12;PTPS;PT_FPPS_like;GTP_cyclohydroI;Glyco_transf_9	NA	NA
GCF_011140915.1	contig_26	deepBGC	Saccharide	0.77217	NA	38654	47687	9033	gnl|Bakta|LCACJB_00792;gnl|Bakta|LCACJB_00793;gnl|Bakta|LCACJB_00794;gnl|Bakta|LCACJB_00795;gnl|Bakta|LCACJB_00796;gnl|Bakta|LCACJB_00797;gnl|Bakta|LCACJB_00798;gnl|Bakta|LCACJB_00799;gnl|Bakta|LCACJB_00800	9	PF02353;PF08003;PF13489;PF01596;PF13847;PF01209;PF08241;PF08242;PF13649;PF05175;PF12847;PF06325;PF01135;PF13679;PF08123;PF09334;PF00133;PF01406;PF01588;PF08003;PF13489;PF13649;PF08241;PF08242;PF05219;PF13847;PF03061;PF13439;PF13579;PF00534;PF13692;PF02784;PF07927;PF15919	NA	NA
GCA_024407135.1	contig_18	antiSMASH	Terpene-precursor	NA	No	1	7946	7946	NA;CMHING_00848;CMHING_00849;CMHING_00850;CMHING_00851;CMHING_00852;CMHING_00853;CMHING_00854;CMHING_00855;CMHING_00856;CMHING_00857;CMHING_00858	11	QueE;Fer4_12;PTPS;PT_FPPS_like;GTP_cyclohydroI	NA	NA
GCF_011140935.1	contig_10	antiSMASH	Terpene-precursor	NA	No	1	11134	11134	NA;FNKACI_00267;FNKACI_00268;FNKACI_00269;FNKACI_00270;FNKACI_00271;FNKACI_00272;FNKACI_00273;FNKACI_00274;FNKACI_00275;FNKACI_00276;FNKACI_00277;FNKACI_00278;FNKACI_00279	13	GTP_cyclohydroI;PT_FPPS_like;PTPS;QueE;Fer4_12	NA	NA
GCA_024409295.1	contig_36	antiSMASH	Terpene-precursor	NA	No	1	7908	7908	NA;JHDCIK_01306;JHDCIK_01307;JHDCIK_01308;JHDCIK_01309;JHDCIK_01310;JHDCIK_01311;JHDCIK_01312;JHDCIK_01313;JHDCIK_01314;JHDCIK_01315;JHDCIK_01316	11	QueE;Fer4_12;PTPS;PT_FPPS_like;GTP_cyclohydroI	NA	NA
GCA_040861445	contig_1	GECCO	Unknown	0.9945292209815711	NA	390692	394338	3646	contig_1_368;contig_1_369;contig_1_370;contig_1_371;contig_1_372	5	PF01041;PF06306;PF06306;PF06306	NA	IPR010446;IPR010446;IPR010446;IPR000653
GCF_040821565.1	contig_33	antiSMASH	Terpene-precursor	NA	No	1	116856	116856	NA;OKFFCH_01012;OKFFCH_01013;OKFFCH_01014;OKFFCH_01015;OKFFCH_01016;OKFFCH_01017;OKFFCH_01018;OKFFCH_01019;OKFFCH_01020;OKFFCH_01021;OKFFCH_01022;OKFFCH_01023;OKFFCH_01024;OKFFCH_01025;OKFFCH_01026;OKFFCH_01027;OKFFCH_01028;OKFFCH_01029;OKFFCH_01030;OKFFCH_01031;OKFFCH_01032;OKFFCH_01033;OKFFCH_01034;OKFFCH_01035;OKFFCH_01036;OKFFCH_01037;OKFFCH_01038;OKFFCH_01039;OKFFCH_01040;OKFFCH_01041;OKFFCH_01042;OKFFCH_01043;OKFFCH_01044;OKFFCH_01049;OKFFCH_01050;OKFFCH_01051;OKFFCH_01052;OKFFCH_01053;OKFFCH_01054;OKFFCH_01055;OKFFCH_01056;OKFFCH_01057;OKFFCH_01058;OKFFCH_01059;OKFFCH_01060;OKFFCH_01061;OKFFCH_01062;OKFFCH_01063;OKFFCH_01066;OKFFCH_01067;OKFFCH_01068;OKFFCH_01069;OKFFCH_01070;OKFFCH_01071;OKFFCH_01072;OKFFCH_01073;OKFFCH_01074;OKFFCH_01075;OKFFCH_01076;OKFFCH_01077;OKFFCH_01078;OKFFCH_01079;OKFFCH_01080;OKFFCH_01081;OKFFCH_01082;OKFFCH_01083;OKFFCH_01084;OKFFCH_01085;OKFFCH_01086;OKFFCH_01087;OKFFCH_01088;OKFFCH_01089;OKFFCH_01090;OKFFCH_01091;OKFFCH_01092;OKFFCH_01093;OKFFCH_01094;OKFFCH_01095;OKFFCH_01096;OKFFCH_01097;OKFFCH_01098;OKFFCH_01099;OKFFCH_01100;OKFFCH_01101;OKFFCH_01102;OKFFCH_01103;OKFFCH_01104;OKFFCH_01109;OKFFCH_01110;OKFFCH_01111;OKFFCH_01112;OKFFCH_01113;OKFFCH_01114;OKFFCH_01115;OKFFCH_01116;OKFFCH_01117;OKFFCH_01118;OKFFCH_01119;OKFFCH_01120;OKFFCH_01121;OKFFCH_01122;OKFFCH_01123;OKFFCH_01124;OKFFCH_01125;OKFFCH_01126;OKFFCH_01127;OKFFCH_01128;OKFFCH_01129;OKFFCH_01130	109	QueE;Fer4_12;PTPS;PT_FPPS_like;GTP_cyclohydroI	NA	NA
GCF_011140425.1	contig_18	antiSMASH	Terpene-precursor	NA	No	1	11081	11081	NA;EFJKBI_00769;EFJKBI_00770;EFJKBI_00771;EFJKBI_00772;EFJKBI_00773;EFJKBI_00774;EFJKBI_00775;EFJKBI_00776;EFJKBI_00777;EFJKBI_00778;EFJKBI_00779;EFJKBI_00780;EFJKBI_00781	13	GTP_cyclohydroI;PT_FPPS_like;PTPS;QueE;Fer4_12	NA	NA
GCF_040821815.1	contig_32	antiSMASH	Terpene-precursor	NA	No	1	6819	6819	NA;KHPOGH_00926;KHPOGH_00927;KHPOGH_00928;KHPOGH_00929;KHPOGH_00930;KHPOGH_00931;KHPOGH_00932;KHPOGH_00933;KHPOGH_00934;KHPOGH_00935	10	GTP_cyclohydroI;PT_FPPS_like;PTPS;QueE;Fer4_12	NA	NA
GCA_024407505.1	contig_29	antiSMASH	Terpene-precursor	NA	No	1	56628	56628	NA;NPOPHK_01490;NPOPHK_01491;NPOPHK_01492;NPOPHK_01493;NPOPHK_01494;NPOPHK_01495;NPOPHK_01496;NPOPHK_01497;NPOPHK_01498;NPOPHK_01499;NPOPHK_01500;NPOPHK_01501;NPOPHK_01502;NPOPHK_01503;NPOPHK_01504;NPOPHK_01505;NPOPHK_01506;NPOPHK_01507;NPOPHK_01508;NPOPHK_01509;NPOPHK_01514;NPOPHK_01515;NPOPHK_01516;NPOPHK_01517;NPOPHK_01518;NPOPHK_01519;NPOPHK_01520;NPOPHK_01521;NPOPHK_01522;NPOPHK_01523;NPOPHK_01524;NPOPHK_01525;NPOPHK_01526;NPOPHK_01527;NPOPHK_01528;NPOPHK_01529;NPOPHK_01530;NPOPHK_01531;NPOPHK_01532;NPOPHK_01533;NPOPHK_01534;NPOPHK_01535;NPOPHK_01536;NPOPHK_01537;NPOPHK_01538;NPOPHK_01539;NPOPHK_01540;NPOPHK_01541;NPOPHK_01542;NPOPHK_01543;NPOPHK_01544;NPOPHK_01545;NPOPHK_01546;NPOPHK_01547;NPOPHK_01548	55	GTP_cyclohydroI;PT_FPPS_like;PTPS;QueE;Fer4_12	NA	NA
GCA_040862345.1	contig_16	deepBGC		0.72394	NA	37617	46663	9046	gnl|Bakta|BMFKCN_01365;gnl|Bakta|BMFKCN_01366;gnl|Bakta|BMFKCN_01367;gnl|Bakta|BMFKCN_01368;gnl|Bakta|BMFKCN_01369;gnl|Bakta|BMFKCN_01370;gnl|Bakta|BMFKCN_01371;gnl|Bakta|BMFKCN_01372;gnl|Bakta|BMFKCN_01373	9	PF02353;PF08003;PF13489;PF01596;PF13847;PF01209;PF08241;PF08242;PF13649;PF05175;PF12847;PF06325;PF01135;PF13679;PF08123;PF01555;PF09334;PF00133;PF01406;PF01588;PF08003;PF13489;PF13649;PF08241;PF08242;PF13847;PF03061;PF13439;PF00534;PF13692;PF02784;PF07927;PF15919	NA	NA
GCF_003639995.1	contig_14	deepBGC		0.6357	NA	16910	22442	5532	gnl|Bakta|EOHAFC_00878;gnl|Bakta|EOHAFC_00879;gnl|Bakta|EOHAFC_00880;gnl|Bakta|EOHAFC_00881;gnl|Bakta|EOHAFC_00882;gnl|Bakta|EOHAFC_00883;gnl|Bakta|EOHAFC_00884;gnl|Bakta|EOHAFC_00885	8	PF02668;PF07173;PF02130;PF00258;PF12641;PF12724;PF09335;PF03597;PF07992;PF12831;PF00890;PF01494;PF13738;PF13450;PF03486;PF13434;PF00070;PF07690;PF13347;PF05977	NA	NA
GCF_003639995.1	contig_5	deepBGC	Saccharide	0.75308	NA	37708	46276	8568	gnl|Bakta|EOHAFC_00439;gnl|Bakta|EOHAFC_00440;gnl|Bakta|EOHAFC_00441;gnl|Bakta|EOHAFC_00442;gnl|Bakta|EOHAFC_00443;gnl|Bakta|EOHAFC_00444;gnl|Bakta|EOHAFC_00445	7	PF02353;PF08003;PF13489;PF13847;PF01209;PF08241;PF08242;PF13649;PF05175;PF12847;PF06325;PF01135;PF13679;PF08123;PF01555;PF09334;PF00133;PF01406;PF01588;PF08003;PF13489;PF13649;PF08241;PF08242;PF13847;PF03061;PF13439;PF13579;PF00534;PF13692;PF02784	NA	NA
GCF_003639995.1	contig_8	deepBGC		0.57403	NA	4811	5111	300	gnl|Bakta|EOHAFC_00534	1	PF07883	NA	NA
GCF_001998205.1	contig_1	deepBGC		0.57342	NA	43257	44454	1197	gnl|Bakta|GCFCEO_00043;gnl|Bakta|GCFCEO_00044	2	PF01209;PF13489;PF13847;PF08241;PF08242;PF13649;PF03653;PF05425	NA	NA
GCF_001998205.1	contig_13	deepBGC	Other	0.72159	NA	37777	42910	5133	gnl|Bakta|GCFCEO_00646;gnl|Bakta|GCFCEO_00647;gnl|Bakta|GCFCEO_00648;gnl|Bakta|GCFCEO_00649	4	PF02353;PF08003;PF13489;PF01596;PF13847;PF01209;PF08241;PF08242;PF13649;PF05175;PF12847;PF06325;PF01135;PF13679;PF08123;PF09334;PF00133;PF01406;PF01588;PF08003;PF13489;PF13649;PF08241;PF08242;PF13847	NA	NA
GCF_001998205.1	contig_27	deepBGC	RiPP	0.57901	NA	27556	28186	630	gnl|Bakta|GCFCEO_01582	1	PF01135;PF13847;PF13649;PF00398	NA	NA
GCF_015905125.1	contig_11	deepBGC	Saccharide	0.76018	NA	38351	46920	8569	gnl|Bakta|DLIMIH_01279;gnl|Bakta|DLIMIH_01280;gnl|Bakta|DLIMIH_01281;gnl|Bakta|DLIMIH_01282;gnl|Bakta|DLIMIH_01283;gnl|Bakta|DLIMIH_01284;gnl|Bakta|DLIMIH_01285	7	PF02353;PF08003;PF13489;PF13847;PF01209;PF08241;PF08242;PF13649;PF05175;PF12847;PF06325;PF01135;PF13679;PF08123;PF01555;PF09334;PF00133;PF01406;PF01588;PF08003;PF13489;PF13649;PF08241;PF08242;PF13847;PF03061;PF13439;PF13579;PF00534;PF13692;PF02784	NA	NA
GCA_040861585.1	contig_1	antiSMASH	Terpene-precursor	NA	No	1	65833	65833	DGJMCL_00001;DGJMCL_00002;DGJMCL_00003;DGJMCL_00004;DGJMCL_00005;DGJMCL_00006;DGJMCL_00007;DGJMCL_00008;DGJMCL_00009;DGJMCL_00010;DGJMCL_00011;DGJMCL_00012;DGJMCL_00013;DGJMCL_00014;DGJMCL_00015;DGJMCL_00016;DGJMCL_00017;DGJMCL_00018;DGJMCL_00019;DGJMCL_00020;DGJMCL_00021;DGJMCL_00022;DGJMCL_00024;DGJMCL_00028;DGJMCL_00029;DGJMCL_00030;DGJMCL_00031;DGJMCL_00032;DGJMCL_00033;DGJMCL_00034;DGJMCL_00035;DGJMCL_00036;DGJMCL_00037;DGJMCL_00038;DGJMCL_00039;DGJMCL_00040;DGJMCL_00041;DGJMCL_00042;DGJMCL_00043;DGJMCL_00044;DGJMCL_00045;DGJMCL_00046;DGJMCL_00047;DGJMCL_00048;DGJMCL_00049;DGJMCL_00050;DGJMCL_00051;DGJMCL_00052;DGJMCL_00053;DGJMCL_00054;DGJMCL_00055;DGJMCL_00056;DGJMCL_00057;DGJMCL_00058;DGJMCL_00059;DGJMCL_00060;DGJMCL_00061;DGJMCL_00062;DGJMCL_00063;DGJMCL_00064;DGJMCL_00065;DGJMCL_00066;DGJMCL_00067;DGJMCL_00068;DGJMCL_00069;DGJMCL_00070;DGJMCL_00071;DGJMCL_00072;DGJMCL_00073	69	GTP_cyclohydroI;PT_FPPS_like;PTPS;QueE;Fer4_12;Pkinase	NA	NA
GCF_040821475.1	contig_70	antiSMASH	Terpene-precursor	NA	No	1	58851	58851	NA;LHHDOJ_01470;LHHDOJ_01471;LHHDOJ_01472;LHHDOJ_01473;LHHDOJ_01474;LHHDOJ_01475;LHHDOJ_01476;LHHDOJ_01477;LHHDOJ_01478;LHHDOJ_01479;LHHDOJ_01480;LHHDOJ_01481;LHHDOJ_01482;LHHDOJ_01483;LHHDOJ_01484;LHHDOJ_01485;LHHDOJ_01486;LHHDOJ_01487;LHHDOJ_01488;LHHDOJ_01489;LHHDOJ_01490;LHHDOJ_01491;LHHDOJ_01492;LHHDOJ_01493;LHHDOJ_01494;LHHDOJ_01495;LHHDOJ_01496;LHHDOJ_01497;LHHDOJ_01498;LHHDOJ_01499;LHHDOJ_01500;LHHDOJ_01501;LHHDOJ_01502;LHHDOJ_01503;LHHDOJ_01504;LHHDOJ_01505;LHHDOJ_01506;LHHDOJ_01511;LHHDOJ_01512;LHHDOJ_01513;LHHDOJ_01514;LHHDOJ_01515;LHHDOJ_01516;LHHDOJ_01517;LHHDOJ_01518;LHHDOJ_01519;LHHDOJ_01520;LHHDOJ_01521;LHHDOJ_01522;LHHDOJ_01523;LHHDOJ_01524;LHHDOJ_01525;LHHDOJ_01526;LHHDOJ_01527;LHHDOJ_01528;LHHDOJ_01529;LHHDOJ_01530;LHHDOJ_01531;LHHDOJ_01532;LHHDOJ_01533;LHHDOJ_01534	61	QueE;Fer4_12;PTPS;PT_FPPS_like;GTP_cyclohydroI	NA	NA
GCF_002983705.1	contig_1	deepBGC	Other	0.55228	NA	132022	133192	1170	gnl|Bakta|NFAKMA_00121	1	PF02353;PF08003;PF13489;PF08123;PF06325;PF01209;PF01135;PF05175;PF01596;PF13679;PF12847;PF13847;PF08241;PF08242;PF13649	NA	NA
GCF_014496705.1	contig_22	antiSMASH	Terpene-precursor	NA	No	1	46753	46753	NA;BMMADF_01498;BMMADF_01499;BMMADF_01500;BMMADF_01501;BMMADF_01502;BMMADF_01503;BMMADF_01504;BMMADF_01505;BMMADF_01506;BMMADF_01507;BMMADF_01508;BMMADF_01509;BMMADF_01510;BMMADF_01511;BMMADF_01512;BMMADF_01513;BMMADF_01514;BMMADF_01515;BMMADF_01516;BMMADF_01517;BMMADF_01518;BMMADF_01519;BMMADF_01520;BMMADF_01521;BMMADF_01522;BMMADF_01523;BMMADF_01524;BMMADF_01525;BMMADF_01526;BMMADF_01527;BMMADF_01532;BMMADF_01533;BMMADF_01534;BMMADF_01535;BMMADF_01536;BMMADF_01537;BMMADF_01538;BMMADF_01539;BMMADF_01540;BMMADF_01541;BMMADF_01542;BMMADF_01543;BMMADF_01544;BMMADF_01545;BMMADF_01546;BMMADF_01547;BMMADF_01548;BMMADF_01549;BMMADF_01550;BMMADF_01551;BMMADF_01552	51	QueE;Fer4_12;PTPS;PT_FPPS_like;GTP_cyclohydroI	NA	NA
GCF_015904645.1	contig_16	deepBGC		0.50686	NA	5018	5318	300	gnl|Bakta|MJIGMF_01422	1	PF07883	NA	NA
GCF_015904645.1	contig_6	deepBGC		0.76171	NA	83896	95558	11662	gnl|Bakta|MJIGMF_00841;gnl|Bakta|MJIGMF_00842;gnl|Bakta|MJIGMF_00843;gnl|Bakta|MJIGMF_00844;gnl|Bakta|MJIGMF_00845;gnl|Bakta|MJIGMF_00846;gnl|Bakta|MJIGMF_00847;gnl|Bakta|MJIGMF_00848;gnl|Bakta|MJIGMF_00849	9	PF02353;PF08003;PF13489;PF01596;PF13847;PF01209;PF08241;PF08242;PF13649;PF05175;PF12847;PF06325;PF01135;PF13679;PF08123;PF09334;PF00133;PF01406;PF01588;PF08003;PF13489;PF13649;PF08241;PF08242;PF13847;PF03061;PF13439;PF00534;PF13692;PF02784;PF03432	NA	NA
GCA_024409255.1	contig_15	deepBGC	Saccharide	0.66292	NA	37418	44124	6706	gnl|Bakta|HKJAGJ_00668;gnl|Bakta|HKJAGJ_00669;gnl|Bakta|HKJAGJ_00670;gnl|Bakta|HKJAGJ_00671;gnl|Bakta|HKJAGJ_00672;gnl|Bakta|HKJAGJ_00673	6	PF02353;PF08003;PF13489;PF01596;PF13847;PF01209;PF08241;PF08242;PF13649;PF05175;PF12847;PF06325;PF01135;PF13679;PF08123;PF01555;PF09334;PF00133;PF01406;PF15458;PF01588;PF08003;PF13489;PF13649;PF08241;PF08242;PF13847;PF03061;PF13439;PF13579;PF00534;PF13692	NA	NA
GCA_024409255.1	contig_6	deepBGC	RiPP	0.53949	NA	29553	30183	630	gnl|Bakta|HKJAGJ_00282	1	PF01135;PF13847;PF13649;PF00398	NA	NA
GCF_037862315.1	contig_11	antiSMASH	Terpene-precursor	NA	No	1	56041	56041	NA;FGEAJL_01232;FGEAJL_01233;FGEAJL_01234;FGEAJL_01235;FGEAJL_01236;FGEAJL_01237;FGEAJL_01238;FGEAJL_01239;FGEAJL_01240;FGEAJL_01241;FGEAJL_01242;FGEAJL_01243;FGEAJL_01244;FGEAJL_01245;FGEAJL_01246;FGEAJL_01247;FGEAJL_01248;FGEAJL_01249;FGEAJL_01250;FGEAJL_01251;FGEAJL_01252;FGEAJL_01253;FGEAJL_01254;FGEAJL_01255;FGEAJL_01256;FGEAJL_01257;FGEAJL_01258;FGEAJL_01259;FGEAJL_01260;FGEAJL_01261;FGEAJL_01262;FGEAJL_01263;FGEAJL_01264;FGEAJL_01265;FGEAJL_01266;FGEAJL_01267;FGEAJL_01268;FGEAJL_01269;FGEAJL_01274;FGEAJL_01275;FGEAJL_01276;FGEAJL_01277;FGEAJL_01278;FGEAJL_01279;FGEAJL_01280;FGEAJL_01281;FGEAJL_01282;FGEAJL_01283;FGEAJL_01284;FGEAJL_01285;FGEAJL_01286;FGEAJL_01287;FGEAJL_01288;FGEAJL_01289;FGEAJL_01290;FGEAJL_01291;FGEAJL_01292;FGEAJL_01293	58	QueE;Fer4_12;PTPS;PT_FPPS_like;GTP_cyclohydroI	NA	NA
GCA_040857565.1	contig_15	antiSMASH	Terpene-precursor	NA	No	1	8666	8666	NA;IILDJE_00732;IILDJE_00733;IILDJE_00734;IILDJE_00735;IILDJE_00736;IILDJE_00737;IILDJE_00738;IILDJE_00739;IILDJE_00740;IILDJE_00741;IILDJE_00742;IILDJE_00743;IILDJE_00744	13	QueE;Fer4_12;PTPS;PT_FPPS_like;GTP_cyclohydroI	NA	NA
GCA_024406785.1	contig_27	antiSMASH	Terpene-precursor	NA	No	1	7939	7939	NA;GOBHGL_01102;GOBHGL_01103;GOBHGL_01104;GOBHGL_01105;GOBHGL_01106;GOBHGL_01107;GOBHGL_01108;GOBHGL_01109;GOBHGL_01110;GOBHGL_01111;GOBHGL_01112;GOBHGL_01113	12	GTP_cyclohydroI;PT_FPPS_like;PTPS;QueE;Fer4_12	NA	NA
GCF_011140665.1	contig_26	deepBGC		0.69237	NA	37617	46665	9048	gnl|Bakta|IBMCDF_00878;gnl|Bakta|IBMCDF_00879;gnl|Bakta|IBMCDF_00880;gnl|Bakta|IBMCDF_00881;gnl|Bakta|IBMCDF_00882;gnl|Bakta|IBMCDF_00883;gnl|Bakta|IBMCDF_00884;gnl|Bakta|IBMCDF_00885	8	PF02353;PF08003;PF13489;PF01596;PF13847;PF01209;PF08241;PF08242;PF13649;PF05175;PF12847;PF06325;PF01135;PF13679;PF08123;PF01555;PF09334;PF00133;PF01406;PF01588;PF08003;PF13489;PF13649;PF08241;PF08242;PF13847;PF03061;PF13439;PF00534;PF13692;PF02784;PF15919	NA	NA
GCF_011140665.1	contig_36	deepBGC	Polyketide	0.57193	NA	16576	26497	9921	gnl|Bakta|IBMCDF_01230;gnl|Bakta|IBMCDF_01231;gnl|Bakta|IBMCDF_01232;gnl|Bakta|IBMCDF_01233;gnl|Bakta|IBMCDF_01236;gnl|Bakta|IBMCDF_01237;gnl|Bakta|IBMCDF_01238;gnl|Bakta|IBMCDF_01239;gnl|Bakta|IBMCDF_01240	9	PF01135;PF00398;PF13489;PF13847;PF13649;PF03739;PF01416;PF16363;PF01370;PF07993;PF04321;PF02719;PF01073;PF08659;PF00106;PF01370;PF08659;PF13561;PF08238;PF07719;PF01081;PF00920	NA	NA
GCF_011140665.1	contig_5	deepBGC	Polyketide	0.67108	NA	0	1721	1721	gnl|Bakta|IBMCDF_00203;gnl|Bakta|IBMCDF_00204	2	PF00899;PF07690;PF05977	NA	NA
GCF_011140665.1	contig_6	deepBGC		0.51152	NA	687	1341	654	gnl|Bakta|IBMCDF_00208	1	PF03070	NA	NA
GCF_014497085.1	contig_17	antiSMASH	Terpene-precursor	NA	No	1	9424	9424	NA;IJEEBH_00952;IJEEBH_00953;IJEEBH_00954;IJEEBH_00955;IJEEBH_00956;IJEEBH_00957;IJEEBH_00958;IJEEBH_00959;IJEEBH_00960;IJEEBH_00961;IJEEBH_00962;IJEEBH_00963;IJEEBH_00964	13	GTP_cyclohydroI;PT_FPPS_like;PTPS;QueE;Fer4_12	NA	NA
GCF_040821155.1	contig_115	deepBGC	Polyketide	0.76811	NA	53	3567	3514	gnl|Bakta|HICADH_01477;gnl|Bakta|HICADH_01478;gnl|Bakta|HICADH_01479;gnl|Bakta|HICADH_01480;gnl|Bakta|HICADH_01481	5	PF01039;PF03255;PF02801;PF00109;PF10501;PF00550;PF14573;PF16320;PF13561;PF00106;PF08659	NA	NA
GCF_040821155.1	contig_17	deepBGC		0.55532	NA	275	3102	2827	gnl|Bakta|HICADH_00089;gnl|Bakta|HICADH_00090;gnl|Bakta|HICADH_00091	3	PF00596;PF01973	NA	NA
GCF_040821155.1	contig_34	deepBGC		0.69009	NA	845	14839	13994	gnl|Bakta|HICADH_00435;gnl|Bakta|HICADH_00437;gnl|Bakta|HICADH_00438;gnl|Bakta|HICADH_00439;gnl|Bakta|HICADH_00440;gnl|Bakta|HICADH_00441;gnl|Bakta|HICADH_00444;gnl|Bakta|HICADH_00445;gnl|Bakta|HICADH_00446;gnl|Bakta|HICADH_00447;gnl|Bakta|HICADH_00448;gnl|Bakta|HICADH_00449	12	PF01041;PF00155;PF01053;PF00266;PF00268;PF01135;PF00398;PF13847;PF13649;PF03739;PF01416;PF16363;PF01370;PF07993;PF04321;PF02719;PF01073;PF00106;PF08659;PF00106;PF01370;PF08659;PF13561;PF08238;PF07719;PF00515;PF01081;PF00920;PF00479;PF02781	NA	NA
GCF_040821155.1	contig_34	deepBGC	NRP	0.61866	NA	15519	19035	3516	gnl|Bakta|HICADH_00451;gnl|Bakta|HICADH_00452;gnl|Bakta|HICADH_00453	3	PF02685;PF08240;PF02826;PF01262;PF03446;PF00107;PF01501	NA	NA
GCF_040821155.1	contig_4	deepBGC		0.51809	NA	91	1225	1134	gnl|Bakta|HICADH_00013	1	PF02405	NA	NA
GCF_040821155.1	contig_79	deepBGC		0.56489	NA	8692	9448	756	gnl|Bakta|HICADH_01118	1	PF01061	NA	NA
GCA_040861985.1	contig_8	deepBGC	Other	0.75859	NA	37544	42641	5097	gnl|Bakta|FANLCD_01417;gnl|Bakta|FANLCD_01418;gnl|Bakta|FANLCD_01419;gnl|Bakta|FANLCD_01420	4	PF02353;PF08003;PF13489;PF01596;PF13847;PF01209;PF08241;PF08242;PF13649;PF05175;PF12847;PF06325;PF01135;PF13679;PF08123;PF01555;PF00133;PF09334;PF01406;PF01588;PF08003;PF13489;PF13649;PF08241;PF08242;PF13847	NA	NA
GCA_024411815.1	contig_3	deepBGC	RiPP	0.52598	NA	27848	28478	630	gnl|Bakta|HHCDAA_00064	1	PF01135;PF13847;PF13649;PF00398	NA	NA
GCA_024411815.1	contig_3	deepBGC	Saccharide	0.70078	NA	83830	94803	10973	gnl|Bakta|HHCDAA_00121;gnl|Bakta|HHCDAA_00122;gnl|Bakta|HHCDAA_00123;gnl|Bakta|HHCDAA_00124;gnl|Bakta|HHCDAA_00125;gnl|Bakta|HHCDAA_00126;gnl|Bakta|HHCDAA_00127;gnl|Bakta|HHCDAA_00128;gnl|Bakta|HHCDAA_00129;gnl|Bakta|HHCDAA_00130;gnl|Bakta|HHCDAA_00131	11	PF02353;PF08003;PF13489;PF01596;PF13847;PF01209;PF08241;PF08242;PF13649;PF05175;PF12847;PF06325;PF01135;PF13679;PF08123;PF01555;PF09334;PF00133;PF01406;PF01588;PF08003;PF13489;PF13649;PF08241;PF08242;PF13847;PF03061;PF13439;PF13579;PF00534;PF13692;PF02784;PF07927;PF15919;PF07510	NA	NA
GCF_003639455.1	contig_18	antiSMASH	Terpene-precursor	NA	No	1	61544	61544	NA;NEOCIO_01479;NEOCIO_01480;NEOCIO_01481;NEOCIO_01482;NEOCIO_01483;NEOCIO_01484;NEOCIO_01485;NEOCIO_01486;NEOCIO_01487;NEOCIO_01488;NEOCIO_01489;NEOCIO_01490;NEOCIO_01491;NEOCIO_01492;NEOCIO_01493;NEOCIO_01494;NEOCIO_01495;NEOCIO_01496;NEOCIO_01497;NEOCIO_01498;NEOCIO_01499;NEOCIO_01500;NEOCIO_01505;NEOCIO_01506;NEOCIO_01507;NEOCIO_01508;NEOCIO_01509;NEOCIO_01510;NEOCIO_01511;NEOCIO_01512;NEOCIO_01513;NEOCIO_01514;NEOCIO_01515;NEOCIO_01516;NEOCIO_01517;NEOCIO_01518;NEOCIO_01519;NEOCIO_01520;NEOCIO_01521;NEOCIO_01522;NEOCIO_01523;NEOCIO_01524;NEOCIO_01525;NEOCIO_01526;NEOCIO_01527;NEOCIO_01528;NEOCIO_01529;NEOCIO_01530;NEOCIO_01531;NEOCIO_01532;NEOCIO_01533;NEOCIO_01534;NEOCIO_01535;NEOCIO_01536;NEOCIO_01537;NEOCIO_01538;NEOCIO_01539;NEOCIO_01540;NEOCIO_01541;NEOCIO_01542;NEOCIO_01543;NEOCIO_01544;NEOCIO_01545;NEOCIO_01546	64	GTP_cyclohydroI;PT_FPPS_like;PTPS;QueE;Fer4_12	NA	NA
GCF_014497495.1	contig_10	deepBGC		0.61313	NA	104352	107841	3489	gnl|Bakta|BGALIL_01372;gnl|Bakta|BGALIL_01373;gnl|Bakta|BGALIL_01374	3	PF11697;PF08541;PF08545;PF00195;PF00108;PF07451	NA	NA
GCF_014497495.1	contig_12	deepBGC		0.52357	NA	9859	10645	786	gnl|Bakta|BGALIL_01450	1	PF08003;PF13489;PF13847;PF08241;PF08242;PF13649	NA	NA
GCF_014497085	contig_26	GECCO	Unknown	0.9946194703172468	NA	5624	8813	3189	contig_26_10;contig_26_6;contig_26_7;contig_26_8;contig_26_9	5	PF01041;PF06306;PF06306	NA	IPR000653;IPR010446;IPR010446
GCF_003639845.1	contig_3	antiSMASH	Terpene-precursor	NA	No	1	56199	56199	NA;MMNOCC_00265;MMNOCC_00266;MMNOCC_00267;MMNOCC_00268;MMNOCC_00269;MMNOCC_00270;MMNOCC_00271;MMNOCC_00272;MMNOCC_00273;MMNOCC_00274;MMNOCC_00275;MMNOCC_00276;MMNOCC_00277;MMNOCC_00278;MMNOCC_00279;MMNOCC_00280;MMNOCC_00281;MMNOCC_00282;MMNOCC_00283;MMNOCC_00284;MMNOCC_00285;MMNOCC_00286;MMNOCC_00291;MMNOCC_00292;MMNOCC_00293;MMNOCC_00294;MMNOCC_00295;MMNOCC_00296;MMNOCC_00297;MMNOCC_00298;MMNOCC_00299;MMNOCC_00300;MMNOCC_00301;MMNOCC_00302;MMNOCC_00303;MMNOCC_00304;MMNOCC_00305;MMNOCC_00306;MMNOCC_00307;MMNOCC_00308;MMNOCC_00309;MMNOCC_00310;MMNOCC_00311;MMNOCC_00312;MMNOCC_00313;MMNOCC_00314;MMNOCC_00315;MMNOCC_00316;MMNOCC_00317;MMNOCC_00318;MMNOCC_00319;MMNOCC_00320;MMNOCC_00321;MMNOCC_00322;MMNOCC_00323;MMNOCC_00324;MMNOCC_00325;MMNOCC_00326	58	GTP_cyclohydroI;PT_FPPS_like;PTPS;QueE;Fer4_12;Peptidase_M50	NA	NA
GCF_040821775.1	contig_1	deepBGC		0.50292	NA	4424	4724	300	gnl|Bakta|MPIKEJ_00009	1	PF07883	NA	NA
GCF_040821775.1	contig_19	deepBGC		0.59223	NA	5648	6278	630	gnl|Bakta|MPIKEJ_00843	1	PF01135;PF13847;PF13649;PF13489;PF00398	NA	NA
GCF_040821775.1	contig_39	deepBGC		0.5428	NA	2	1241	1239	gnl|Bakta|MPIKEJ_01222	1	PF02521	NA	NA
GCF_040821775.1	contig_4	deepBGC		0.62414	NA	4300	8086	3786	gnl|Bakta|MPIKEJ_00134;gnl|Bakta|MPIKEJ_00135;gnl|Bakta|MPIKEJ_00136	3	PF08003;PF13489;PF13847;PF08241;PF08242;PF13649;PF01588;PF09334;PF01406;PF00133	NA	NA
GCF_040821775.1	contig_6	deepBGC		0.5678	NA	37514	38507	993	gnl|Bakta|MPIKEJ_00261	1	PF00108;PF00195;PF07451;PF08545;PF08541	NA	NA
GCA_040862425.1	contig_8	antiSMASH	Terpene-precursor	NA	No	1	60732	60732	NA;DIBLCG_01177;DIBLCG_01178;DIBLCG_01179;DIBLCG_01180;DIBLCG_01181;DIBLCG_01182;DIBLCG_01183;DIBLCG_01184;DIBLCG_01185;DIBLCG_01186;DIBLCG_01187;DIBLCG_01188;DIBLCG_01189;DIBLCG_01190;DIBLCG_01191;DIBLCG_01192;DIBLCG_01193;DIBLCG_01194;DIBLCG_01195;DIBLCG_01196;DIBLCG_01197;DIBLCG_01198;DIBLCG_01199;DIBLCG_01200;DIBLCG_01205;DIBLCG_01206;DIBLCG_01207;DIBLCG_01208;DIBLCG_01209;DIBLCG_01210;DIBLCG_01211;DIBLCG_01212;DIBLCG_01213;DIBLCG_01214;DIBLCG_01215;DIBLCG_01216;DIBLCG_01217;DIBLCG_01218;DIBLCG_01219;DIBLCG_01220;DIBLCG_01221;DIBLCG_01222;DIBLCG_01223;DIBLCG_01224;DIBLCG_01225;DIBLCG_01226;DIBLCG_01227;DIBLCG_01228;DIBLCG_01229;DIBLCG_01230;DIBLCG_01231;DIBLCG_01232;DIBLCG_01233;DIBLCG_01234;DIBLCG_01235;DIBLCG_01236;DIBLCG_01237;DIBLCG_01238;DIBLCG_01239;DIBLCG_01240;DIBLCG_01241;DIBLCG_01242;DIBLCG_01243	63	GTP_cyclohydroI;PT_FPPS_like;PTPS;QueE;Fer4_12	NA	NA
GCA_040861845.1	contig_12	deepBGC		0.50979	NA	7307	8093	786	gnl|Bakta|FAHABP_01264	1	PF08003;PF13489;PF13847;PF08241;PF08242;PF13649	NA	NA
GCF_003639935.1	contig_17	antiSMASH	Azole-containing-RiPP	NA	No	1	18122	18122	NA;PDCACE_00910;PDCACE_00911;PDCACE_00912;PDCACE_00913;PDCACE_00914;PDCACE_00915;PDCACE_00916;PDCACE_00917;PDCACE_00918;PDCACE_00919;PDCACE_00920;PDCACE_00921;PDCACE_00922;PDCACE_00923;PDCACE_00924;PDCACE_00925;PDCACE_00926;PDCACE_00927	18	PF00881;YcaO	NA	NA
GCF_003639935.1	contig_21	antiSMASH	Terpene-precursor	NA	No	1	8155	8155	NA;PDCACE_00958;PDCACE_00959;PDCACE_00960;PDCACE_00961;PDCACE_00962;PDCACE_00963;PDCACE_00964;PDCACE_00965;PDCACE_00966;PDCACE_00967;PDCACE_00968;PDCACE_00969	12	GTP_cyclohydroI;PT_FPPS_like;PTPS;QueE;Fer4_12	NA	NA
GCA_040861325.1	contig_9	deepBGC		0.69019	NA	37586	46167	8581	gnl|Bakta|HGJJCM_01353;gnl|Bakta|HGJJCM_01354;gnl|Bakta|HGJJCM_01355;gnl|Bakta|HGJJCM_01356;gnl|Bakta|HGJJCM_01357;gnl|Bakta|HGJJCM_01358;gnl|Bakta|HGJJCM_01359	7	PF02353;PF08003;PF13489;PF01596;PF13847;PF01209;PF08241;PF08242;PF13649;PF05175;PF12847;PF06325;PF01135;PF13679;PF08123;PF01555;PF09334;PF00133;PF01406;PF01588;PF08003;PF13489;PF13649;PF08241;PF08242;PF13847;PF03061;PF13439;PF00534;PF13692;PF02784	NA	NA
GCF_011140365.1	contig_5	antiSMASH	Terpene-precursor	NA	No	1	56154	56154	NA;CKEBHI_00297;CKEBHI_00298;CKEBHI_00299;CKEBHI_00300;CKEBHI_00301;CKEBHI_00302;CKEBHI_00303;CKEBHI_00304;CKEBHI_00305;CKEBHI_00306;CKEBHI_00307;CKEBHI_00308;CKEBHI_00309;CKEBHI_00310;CKEBHI_00311;CKEBHI_00312;CKEBHI_00313;CKEBHI_00314;CKEBHI_00315;CKEBHI_00316;CKEBHI_00317;CKEBHI_00318;CKEBHI_00319;CKEBHI_00320;CKEBHI_00321;CKEBHI_00322;CKEBHI_00323;CKEBHI_00324;CKEBHI_00325;CKEBHI_00326;CKEBHI_00327;CKEBHI_00328;CKEBHI_00329;CKEBHI_00330;CKEBHI_00335;CKEBHI_00336;CKEBHI_00337;CKEBHI_00338;CKEBHI_00339;CKEBHI_00340;CKEBHI_00341;CKEBHI_00342;CKEBHI_00343;CKEBHI_00344;CKEBHI_00345;CKEBHI_00346;CKEBHI_00347;CKEBHI_00348;CKEBHI_00349;CKEBHI_00350;CKEBHI_00351;CKEBHI_00352;CKEBHI_00353;CKEBHI_00354;CKEBHI_00355	55	Peptidase_M50;QueE;Fer4_12;PTPS;PT_FPPS_like;GTP_cyclohydroI	NA	NA
GCA_040862605.1	contig_9	antiSMASH	Terpene-precursor	NA	No	1	75240	75240	NA;JEMLDH_01175;JEMLDH_01176;JEMLDH_01177;JEMLDH_01178;JEMLDH_01179;JEMLDH_01180;JEMLDH_01181;JEMLDH_01182;JEMLDH_01183;JEMLDH_01184;JEMLDH_01185;JEMLDH_01186;JEMLDH_01187;JEMLDH_01188;JEMLDH_01189;JEMLDH_01190;JEMLDH_01191;JEMLDH_01192;JEMLDH_01193;JEMLDH_01194;JEMLDH_01195;JEMLDH_01200;JEMLDH_01201;JEMLDH_01202;JEMLDH_01203;JEMLDH_01204;JEMLDH_01205;JEMLDH_01206;JEMLDH_01207;JEMLDH_01208;JEMLDH_01209;JEMLDH_01210;JEMLDH_01211;JEMLDH_01212;JEMLDH_01213;JEMLDH_01214;JEMLDH_01215;JEMLDH_01216;JEMLDH_01217;JEMLDH_01218;JEMLDH_01219;JEMLDH_01220;JEMLDH_01221;JEMLDH_01222;JEMLDH_01223;JEMLDH_01224;JEMLDH_01225;JEMLDH_01226;JEMLDH_01227;JEMLDH_01228;JEMLDH_01229;JEMLDH_01230;JEMLDH_01231;JEMLDH_01232;JEMLDH_01233;JEMLDH_01234;JEMLDH_01235;JEMLDH_01236;JEMLDH_01237;JEMLDH_01238;JEMLDH_01239;JEMLDH_01240;JEMLDH_01241;JEMLDH_01242;JEMLDH_01243;JEMLDH_01244;JEMLDH_01245;JEMLDH_01246;JEMLDH_01247;JEMLDH_01248;JEMLDH_01249;JEMLDH_01250;JEMLDH_01251;JEMLDH_01252;JEMLDH_01253;JEMLDH_01254;JEMLDH_01255;JEMLDH_01256;JEMLDH_01257;JEMLDH_01258;JEMLDH_01259	81	GTP_cyclohydroI;PT_FPPS_like;PTPS;QueE;Fer4_12;Pkinase	NA	NA
GCF_014497365.1	contig_12	deepBGC	Saccharide	0.70188	NA	38003	52644	14641	gnl|Bakta|IGNGAM_01497;gnl|Bakta|IGNGAM_01498;gnl|Bakta|IGNGAM_01499;gnl|Bakta|IGNGAM_01500;gnl|Bakta|IGNGAM_01501;gnl|Bakta|IGNGAM_01502;gnl|Bakta|IGNGAM_01503;gnl|Bakta|IGNGAM_01504;gnl|Bakta|IGNGAM_01505;gnl|Bakta|IGNGAM_01506;gnl|Bakta|IGNGAM_01507	11	PF02353;PF08003;PF13489;PF13847;PF01209;PF08241;PF08242;PF13649;PF05175;PF12847;PF06325;PF01135;PF13679;PF08123;PF01555;PF09334;PF00133;PF01406;PF01588;PF08003;PF13489;PF13847;PF13649;PF08241;PF08242;PF03061;PF13439;PF13579;PF00534;PF13692;PF02784;PF07510;PF03235	NA	NA
GCF_014497365.1	contig_7	deepBGC		0.54859	NA	45468	46676	1208	gnl|Bakta|IGNGAM_00962;gnl|Bakta|IGNGAM_00963;gnl|Bakta|IGNGAM_00964	3	PF10501;PF00550;PF14573;PF16320;PF13561;PF00106;PF08659	NA	NA
GCA_024406335.1	contig_14	antiSMASH	Terpene-precursor	NA	No	1	8303	8303	NA;MLAOEP_00824;MLAOEP_00825;MLAOEP_00826;MLAOEP_00827;MLAOEP_00828;MLAOEP_00829;MLAOEP_00830;MLAOEP_00831;MLAOEP_00832;MLAOEP_00833;MLAOEP_00834;MLAOEP_00835;MLAOEP_00836	13	QueE;Fer4_12;PTPS;PT_FPPS_like;GTP_cyclohydroI	NA	NA
GCF_014498765.1	contig_15	antiSMASH	Terpene-precursor	NA	No	1	8350	8350	NA;GNKDGM_00813;GNKDGM_00814;GNKDGM_00815;GNKDGM_00816;GNKDGM_00817;GNKDGM_00818;GNKDGM_00819;GNKDGM_00820;GNKDGM_00821;GNKDGM_00822;GNKDGM_00823;GNKDGM_00824;GNKDGM_00825	13	QueE;Fer4_12;PTPS;PT_FPPS_like;GTP_cyclohydroI	NA	NA
GCA_024406655.1	contig_4	antiSMASH	Azole-containing-RiPP	NA	No	1	8188	8188	NA;CHFEGM_00134;CHFEGM_00135;CHFEGM_00136;CHFEGM_00137;CHFEGM_00138;CHFEGM_00139;CHFEGM_00140;CHFEGM_00141;CHFEGM_00142;CHFEGM_00143;CHFEGM_00144;CHFEGM_00145;CHFEGM_00146	13	YcaO;PF00881	NA	NA
GCA_024406655.1	contig_5	antiSMASH	Terpene-precursor	NA	No	1	59714	59714	CHFEGM_00147;CHFEGM_00148;CHFEGM_00149;CHFEGM_00150;CHFEGM_00151;CHFEGM_00152;CHFEGM_00153;CHFEGM_00154;CHFEGM_00155;CHFEGM_00156;CHFEGM_00157;CHFEGM_00158;CHFEGM_00159;CHFEGM_00160;CHFEGM_00161;CHFEGM_00162;CHFEGM_00163;CHFEGM_00164;CHFEGM_00165;CHFEGM_00166;CHFEGM_00167;CHFEGM_00172;CHFEGM_00173;CHFEGM_00174;CHFEGM_00175;CHFEGM_00176;CHFEGM_00177;CHFEGM_00178;CHFEGM_00179;CHFEGM_00180;CHFEGM_00181;CHFEGM_00182;CHFEGM_00183;CHFEGM_00184;CHFEGM_00185;CHFEGM_00186;CHFEGM_00187;CHFEGM_00188;CHFEGM_00189;CHFEGM_00190;CHFEGM_00191;CHFEGM_00192;CHFEGM_00193;CHFEGM_00194;CHFEGM_00195;CHFEGM_00196;CHFEGM_00197;CHFEGM_00198;CHFEGM_00199;CHFEGM_00200;CHFEGM_00201;CHFEGM_00202;CHFEGM_00203;CHFEGM_00204;CHFEGM_00205;CHFEGM_00206;CHFEGM_00207;CHFEGM_00208;CHFEGM_00209;CHFEGM_00210;CHFEGM_00211	61	GTP_cyclohydroI;PT_FPPS_like;PTPS;QueE;Fer4_12	NA	NA
GCF_015905105.1	contig_25	antiSMASH	Azole-containing-RiPP	NA	No	1	11455	11455	NA;GAIEBM_01566;GAIEBM_01567;GAIEBM_01568;GAIEBM_01569;GAIEBM_01570;GAIEBM_01571;GAIEBM_01572;GAIEBM_01573;GAIEBM_01574;GAIEBM_01575;GAIEBM_01576	11	YcaO;PF00881	NA	NA
GCF_015905105.1	contig_9	antiSMASH	Terpene-precursor	NA	No	1	57214	57214	NA;GAIEBM_00947;GAIEBM_00948;GAIEBM_00949;GAIEBM_00950;GAIEBM_00951;GAIEBM_00952;GAIEBM_00953;GAIEBM_00954;GAIEBM_00955;GAIEBM_00956;GAIEBM_00957;GAIEBM_00958;GAIEBM_00959;GAIEBM_00960;GAIEBM_00961;GAIEBM_00962;GAIEBM_00963;GAIEBM_00964;GAIEBM_00965;GAIEBM_00966;GAIEBM_00967;GAIEBM_00968;GAIEBM_00969;GAIEBM_00970;GAIEBM_00971;GAIEBM_00976;GAIEBM_00977;GAIEBM_00978;GAIEBM_00979;GAIEBM_00980;GAIEBM_00981;GAIEBM_00982;GAIEBM_00983;GAIEBM_00984;GAIEBM_00985;GAIEBM_00986;GAIEBM_00987;GAIEBM_00988;GAIEBM_00989;GAIEBM_00990;GAIEBM_00991;GAIEBM_00992;GAIEBM_00993;GAIEBM_00994;GAIEBM_00995;GAIEBM_00996;GAIEBM_00997;GAIEBM_00998;GAIEBM_00999;GAIEBM_01000;GAIEBM_01001;GAIEBM_01002;GAIEBM_01003;GAIEBM_01004;GAIEBM_01005;GAIEBM_01006;GAIEBM_01007;GAIEBM_01008;GAIEBM_01009	59	GTP_cyclohydroI;PT_FPPS_like;PTPS;QueE;Fer4_12;Fer4_12;QueE;Peptidase_M50	NA	NA
GCF_015904565.1	contig_8	antiSMASH	Terpene-precursor	NA	No	1	58161	58161	NA;DLLBBL_01274;DLLBBL_01275;DLLBBL_01276;DLLBBL_01277;DLLBBL_01278;DLLBBL_01279;DLLBBL_01280;DLLBBL_01281;DLLBBL_01282;DLLBBL_01283;DLLBBL_01284;DLLBBL_01285;DLLBBL_01286;DLLBBL_01287;DLLBBL_01288;DLLBBL_01289;DLLBBL_01290;DLLBBL_01291;DLLBBL_01292;DLLBBL_01293;DLLBBL_01295;DLLBBL_01299;DLLBBL_01300;DLLBBL_01301;DLLBBL_01302;DLLBBL_01303;DLLBBL_01304;DLLBBL_01305;DLLBBL_01306;DLLBBL_01307;DLLBBL_01308;DLLBBL_01309;DLLBBL_01310;DLLBBL_01311;DLLBBL_01312;DLLBBL_01313;DLLBBL_01314;DLLBBL_01315;DLLBBL_01316;DLLBBL_01317;DLLBBL_01318;DLLBBL_01319;DLLBBL_01320;DLLBBL_01321;DLLBBL_01322;DLLBBL_01323;DLLBBL_01324;DLLBBL_01325;DLLBBL_01326;DLLBBL_01327;DLLBBL_01328;DLLBBL_01329;DLLBBL_01330;DLLBBL_01331;DLLBBL_01332;DLLBBL_01333;DLLBBL_01334;DLLBBL_01335	58	GTP_cyclohydroI;PT_FPPS_like;PTPS;QueE;Fer4_12	NA	NA
GCF_040821795.1	contig_3	deepBGC	Other	0.62915	NA	10952	16052	5100	gnl|Bakta|JNFDEB_00057;gnl|Bakta|JNFDEB_00058;gnl|Bakta|JNFDEB_00059;gnl|Bakta|JNFDEB_00060	4	PF02353;PF08003;PF13489;PF01596;PF13847;PF01209;PF08241;PF08242;PF13649;PF05175;PF12847;PF06325;PF01135;PF13679;PF08123;PF01555;PF09334;PF00133;PF01406;PF01588;PF08003;PF13489;PF13649;PF08241;PF08242;PF13847	NA	NA
GCF_040821795.1	contig_65	deepBGC		0.51843	NA	6006	6918	912	gnl|Bakta|JNFDEB_01282	1	PF07715	NA	NA
GCF_040821795.1	contig_90	deepBGC		0.59079	NA	222	3362	3140	gnl|Bakta|JNFDEB_01500;gnl|Bakta|JNFDEB_01501;gnl|Bakta|JNFDEB_01502	3	PF00490;PF01709;PF08238	NA	NA
GCF_011140675.1	contig_18	deepBGC		0.52502	NA	9039	10304	1265	gnl|Bakta|ECIDOB_00527;gnl|Bakta|ECIDOB_00528	2	PF04264;PF03070	NA	NA
GCF_011140675.1	contig_42	deepBGC		0.53617	NA	502	1030	528	gnl|Bakta|ECIDOB_01125	1	PF08843	NA	NA
GCF_011140675.1	contig_8	deepBGC		0.54711	NA	846	2694	1848	gnl|Bakta|ECIDOB_00107	1	PF02784	NA	NA
GCF_011140675.1	contig_8	deepBGC	Other	0.64568	NA	4326	9424	5098	gnl|Bakta|ECIDOB_00110;gnl|Bakta|ECIDOB_00111;gnl|Bakta|ECIDOB_00112;gnl|Bakta|ECIDOB_00113	4	PF08003;PF13489;PF13847;PF08241;PF08242;PF13649;PF01588;PF09334;PF01406;PF00133;PF02353;PF08003;PF13489;PF08123;PF01209;PF06325;PF01135;PF05175;PF01596;PF13679;PF12847;PF13847;PF08241;PF08242;PF13649	NA	NA
GCA_024407155.1	contig_5	antiSMASH	Terpene-precursor	NA	No	1	37133	37133	NA;KGIJLL_00410;KGIJLL_00411;KGIJLL_00412;KGIJLL_00413;KGIJLL_00414;KGIJLL_00415;KGIJLL_00416;KGIJLL_00417;KGIJLL_00418;KGIJLL_00419;KGIJLL_00420;KGIJLL_00421;KGIJLL_00422;KGIJLL_00423;KGIJLL_00424;KGIJLL_00425;KGIJLL_00426;KGIJLL_00427;KGIJLL_00428;KGIJLL_00429;KGIJLL_00434;KGIJLL_00435;KGIJLL_00436;KGIJLL_00437;KGIJLL_00438;KGIJLL_00439;KGIJLL_00440;KGIJLL_00441;KGIJLL_00442;KGIJLL_00443;KGIJLL_00444;KGIJLL_00445;KGIJLL_00446;KGIJLL_00447;KGIJLL_00448;KGIJLL_00449;KGIJLL_00450;KGIJLL_00451;KGIJLL_00452	39	GTP_cyclohydroI;PT_FPPS_like;PTPS;QueE;Fer4_12;PP-binding;PP-binding_2	NA	NA
GCA_040862065.1	contig_17	antiSMASH	Terpene-precursor	NA	No	1	8145	8145	NA;LDDDJC_01553;LDDDJC_01554;LDDDJC_01555;LDDDJC_01556;LDDDJC_01557;LDDDJC_01558;LDDDJC_01559;LDDDJC_01560;LDDDJC_01561;LDDDJC_01562;LDDDJC_01563;LDDDJC_01564	12	QueE;Fer4_12;PTPS;PT_FPPS_like;GTP_cyclohydroI	NA	NA
GCF_014496805.1	contig_11	antiSMASH	Terpene-precursor	NA	No	1	9555	9555	NA;CLCCIE_00506;CLCCIE_00507;CLCCIE_00508;CLCCIE_00509;CLCCIE_00510;CLCCIE_00511;CLCCIE_00512;CLCCIE_00513;CLCCIE_00514;CLCCIE_00515;CLCCIE_00516;CLCCIE_00517;CLCCIE_00518	13	GTP_cyclohydroI;PT_FPPS_like;PTPS;QueE;Fer4_12	NA	NA
GCF_015904765.1	contig_20	antiSMASH	Azole-containing-RiPP	NA	No	1	13306	13306	NA;BGMAAJ_01548;BGMAAJ_01549;BGMAAJ_01550;BGMAAJ_01551;BGMAAJ_01552;BGMAAJ_01553;BGMAAJ_01554;BGMAAJ_01555;BGMAAJ_01556;BGMAAJ_01557;BGMAAJ_01558;BGMAAJ_01559;BGMAAJ_01560;BGMAAJ_01561;BGMAAJ_01562	15	PF00881;YcaO;YcaO;ThiF	NA	NA
GCF_015904765.1	contig_22	antiSMASH	Terpene-precursor	NA	No	1	8138	8138	NA;BGMAAJ_01573;BGMAAJ_01574;BGMAAJ_01575;BGMAAJ_01576;BGMAAJ_01577;BGMAAJ_01578;BGMAAJ_01579;BGMAAJ_01580;BGMAAJ_01581;BGMAAJ_01582;BGMAAJ_01583	11	QueE;Fer4_12;PTPS;PT_FPPS_like;GTP_cyclohydroI	NA	NA
GCF_011140895.1	contig_20	deepBGC	RiPP	0.73754	NA	18908	20365	1457	gnl|Bakta|LHCEIM_00950;gnl|Bakta|LHCEIM_00951	2	PF02463;PF13476;PF13555;PF00005;PF13401;PF03193;PF01926;PF13304;PF01061	NA	NA
GCF_011140895.1	contig_26	deepBGC		0.68166	NA	12260	12794	534	gnl|Bakta|LHCEIM_01166	1	PF05050	NA	NA
GCF_011140895.1	contig_26	deepBGC		0.66073	NA	17652	27904	10252	gnl|Bakta|LHCEIM_01173;gnl|Bakta|LHCEIM_01174;gnl|Bakta|LHCEIM_01175;gnl|Bakta|LHCEIM_01176;gnl|Bakta|LHCEIM_01179;gnl|Bakta|LHCEIM_01180;gnl|Bakta|LHCEIM_01181;gnl|Bakta|LHCEIM_01182;gnl|Bakta|LHCEIM_01183	9	PF01135;PF00398;PF13847;PF13649;PF03739;PF01416;PF16363;PF01370;PF07993;PF02719;PF04321;PF01073;PF13460;PF08659;PF00106;PF00106;PF01370;PF08659;PF13561;PF08238;PF07719;PF00515;PF01081;PF00920	NA	NA
GCF_011140895.1	contig_26	deepBGC	NRP	0.59967	NA	31106	33436	2330	gnl|Bakta|LHCEIM_01187;gnl|Bakta|LHCEIM_01188	2	PF08240;PF02826;PF01262;PF03446;PF00107;PF01501	NA	NA
GCA_024406635.1	contig_13	antiSMASH	Terpene-precursor	NA	No	1	63997	63997	NA;OBBKNP_01379;OBBKNP_01380;OBBKNP_01381;OBBKNP_01382;OBBKNP_01383;OBBKNP_01384;OBBKNP_01385;OBBKNP_01386;OBBKNP_01387;OBBKNP_01388;OBBKNP_01389;OBBKNP_01390;OBBKNP_01391;OBBKNP_01392;OBBKNP_01393;OBBKNP_01394;OBBKNP_01395;OBBKNP_01396;OBBKNP_01397;OBBKNP_01398;OBBKNP_01399;OBBKNP_01400;OBBKNP_01401;OBBKNP_01402;OBBKNP_01403;OBBKNP_01404;OBBKNP_01405;OBBKNP_01406;OBBKNP_01407;OBBKNP_01408;OBBKNP_01409;OBBKNP_01410;OBBKNP_01411;OBBKNP_01412;OBBKNP_01413;OBBKNP_01414;OBBKNP_01415;OBBKNP_01416;OBBKNP_01417;OBBKNP_01418;OBBKNP_01419;OBBKNP_01424;OBBKNP_01425;OBBKNP_01426;OBBKNP_01427;OBBKNP_01428;OBBKNP_01429;OBBKNP_01430;OBBKNP_01431;OBBKNP_01432;OBBKNP_01433;OBBKNP_01434;OBBKNP_01435;OBBKNP_01436;OBBKNP_01437;OBBKNP_01438;OBBKNP_01439;OBBKNP_01440;OBBKNP_01441;OBBKNP_01442;OBBKNP_01443;OBBKNP_01444;OBBKNP_01445	63	QueE;Fer4_12;PTPS;PT_FPPS_like;GTP_cyclohydroI	NA	NA
GCA_024406755.1	contig_18	antiSMASH	Terpene-precursor	NA	No	1	63819	63819	NA;DMBDCH_01407;DMBDCH_01408;DMBDCH_01409;DMBDCH_01410;DMBDCH_01411;DMBDCH_01412;DMBDCH_01413;DMBDCH_01414;DMBDCH_01415;DMBDCH_01416;DMBDCH_01417;DMBDCH_01418;DMBDCH_01419;DMBDCH_01420;DMBDCH_01421;DMBDCH_01422;DMBDCH_01423;DMBDCH_01424;DMBDCH_01425;DMBDCH_01426;DMBDCH_01427;DMBDCH_01428;DMBDCH_01433;DMBDCH_01434;DMBDCH_01435;DMBDCH_01436;DMBDCH_01437;DMBDCH_01438;DMBDCH_01439;DMBDCH_01440;DMBDCH_01441;DMBDCH_01442;DMBDCH_01443;DMBDCH_01444;DMBDCH_01445;DMBDCH_01446;DMBDCH_01447;DMBDCH_01448;DMBDCH_01449;DMBDCH_01450;DMBDCH_01451;DMBDCH_01452;DMBDCH_01453;DMBDCH_01454;DMBDCH_01455;DMBDCH_01456;DMBDCH_01457;DMBDCH_01458;DMBDCH_01459;DMBDCH_01460;DMBDCH_01461;DMBDCH_01462;DMBDCH_01463;DMBDCH_01464;DMBDCH_01465;DMBDCH_01466;DMBDCH_01467;DMBDCH_01468;DMBDCH_01469;DMBDCH_01470;DMBDCH_01471;DMBDCH_01472;DMBDCH_01473	63	GTP_cyclohydroI;PT_FPPS_like;PTPS;QueE;Fer4_12	NA	NA
GCF_014497505.1	contig_3	deepBGC		0.52356	NA	7059	7845	786	gnl|Bakta|AFMMNC_00358	1	PF08003;PF13489;PF13847;PF08241;PF08242;PF13649	NA	NA
GCF_003639495.1	contig_1	deepBGC	Saccharide	0.66308	NA	58115	67139	9024	gnl|Bakta|OFIFLI_00062;gnl|Bakta|OFIFLI_00063;gnl|Bakta|OFIFLI_00064;gnl|Bakta|OFIFLI_00065;gnl|Bakta|OFIFLI_00066;gnl|Bakta|OFIFLI_00067;gnl|Bakta|OFIFLI_00068;gnl|Bakta|OFIFLI_00069;gnl|Bakta|OFIFLI_00070	9	PF02353;PF08003;PF13489;PF13847;PF01596;PF01209;PF08241;PF08242;PF13649;PF05175;PF12847;PF06325;PF01135;PF13679;PF08123;PF01555;PF00133;PF09334;PF01406;PF01588;PF08003;PF13489;PF13649;PF08241;PF08242;PF13847;PF03061;PF13439;PF13579;PF00534;PF13692;PF02784;PF07927;PF15919	NA	NA
GCF_003639495.1	contig_39	deepBGC		0.56622	NA	1	1054	1053	gnl|Bakta|OFIFLI_00949;gnl|Bakta|OFIFLI_00950	2	PF01197;PF00590	NA	NA
GCF_003639495.1	contig_39	deepBGC	Polyketide	0.68528	NA	4519	8034	3515	gnl|Bakta|OFIFLI_00955;gnl|Bakta|OFIFLI_00956;gnl|Bakta|OFIFLI_00957;gnl|Bakta|OFIFLI_00958;gnl|Bakta|OFIFLI_00959	5	PF01039;PF03255;PF02801;PF00109;PF10501;PF00550;PF14573;PF16320;PF13561;PF00106;PF08659	NA	NA
GCF_003639495.1	contig_40	deepBGC	Polyketide	0.52541	NA	1637	2390	753	gnl|Bakta|OFIFLI_00969	1	PF00106;PF01370;PF08659;PF13561	NA	NA
GCF_003639495.1	contig_87	deepBGC		0.55842	NA	0	1130	1130	gnl|Bakta|OFIFLI_01511;gnl|Bakta|OFIFLI_01512;gnl|Bakta|OFIFLI_01513	3	PF03981;PF13099;PF01029	NA	NA
GCF_003639495.1	contig_87	deepBGC		0.54839	NA	1611	3094	1483	gnl|Bakta|OFIFLI_01515;gnl|Bakta|OFIFLI_01516	2	PF00793;PF00484	NA	NA
GCF_003639495.1	contig_94	deepBGC		0.53083	NA	2821	3925	1104	gnl|Bakta|OFIFLI_01590	1	PF01501	NA	NA
GCF_003639495.1	contig_95	deepBGC		0.55095	NA	2304	3624	1320	gnl|Bakta|OFIFLI_01593	1	PF00593	NA	NA
GCF_003639855.1	contig_3	antiSMASH	Terpene-precursor	NA	No	1	60999	60999	NA;FFEFCF_00506;FFEFCF_00507;FFEFCF_00508;FFEFCF_00509;FFEFCF_00510;FFEFCF_00511;FFEFCF_00512;FFEFCF_00513;FFEFCF_00514;FFEFCF_00515;FFEFCF_00516;FFEFCF_00517;FFEFCF_00518;FFEFCF_00519;FFEFCF_00520;FFEFCF_00521;FFEFCF_00522;FFEFCF_00523;FFEFCF_00524;FFEFCF_00525;FFEFCF_00526;FFEFCF_00531;FFEFCF_00532;FFEFCF_00533;FFEFCF_00534;FFEFCF_00535;FFEFCF_00536;FFEFCF_00537;FFEFCF_00538;FFEFCF_00539;FFEFCF_00540;FFEFCF_00541;FFEFCF_00542;FFEFCF_00543;FFEFCF_00544;FFEFCF_00545;FFEFCF_00546;FFEFCF_00547;FFEFCF_00548;FFEFCF_00549;FFEFCF_00550;FFEFCF_00551;FFEFCF_00552;FFEFCF_00553;FFEFCF_00554;FFEFCF_00555;FFEFCF_00556;FFEFCF_00557;FFEFCF_00558;FFEFCF_00559;FFEFCF_00560;FFEFCF_00561;FFEFCF_00562;FFEFCF_00563;FFEFCF_00564;FFEFCF_00565;FFEFCF_00566;FFEFCF_00567;FFEFCF_00568	59	GTP_cyclohydroI;PT_FPPS_like;PTPS;QueE;Fer4_12	NA	NA
GCA_040861585.1	contig_3	deepBGC	Saccharide	0.66167	NA	37589	44331	6742	gnl|Bakta|DGJMCL_00171;gnl|Bakta|DGJMCL_00172;gnl|Bakta|DGJMCL_00173;gnl|Bakta|DGJMCL_00174;gnl|Bakta|DGJMCL_00175;gnl|Bakta|DGJMCL_00176	6	PF02353;PF08003;PF13489;PF01596;PF13847;PF01209;PF08241;PF08242;PF13649;PF05175;PF12847;PF06325;PF01135;PF13679;PF08123;PF01555;PF00133;PF09334;PF01406;PF01588;PF08003;PF13489;PF13649;PF08241;PF08242;PF03061;PF13439;PF13579;PF00534;PF13692	NA	NA
GCF_014496825.1	contig_2	deepBGC	Saccharide	0.80775	NA	37984	46565	8581	gnl|Bakta|CEHCEH_00234;gnl|Bakta|CEHCEH_00235;gnl|Bakta|CEHCEH_00236;gnl|Bakta|CEHCEH_00237;gnl|Bakta|CEHCEH_00238;gnl|Bakta|CEHCEH_00239;gnl|Bakta|CEHCEH_00240	7	PF02353;PF08003;PF13489;PF01596;PF13847;PF01209;PF08241;PF08242;PF13649;PF05175;PF12847;PF06325;PF04816;PF01135;PF13679;PF00133;PF09334;PF01406;PF01588;PF08003;PF13489;PF13649;PF08241;PF08242;PF13847;PF03061;PF13439;PF13579;PF00534;PF13692;PF02784	NA	NA
GCF_014496825.1	contig_25	deepBGC		0.54846	NA	353	3409	3056	gnl|Bakta|CEHCEH_01048;gnl|Bakta|CEHCEH_01049	2	PF02521;PF02521	NA	NA
GCF_014496825.1	contig_4	deepBGC	RiPP	0.54034	NA	16797	17427	630	gnl|Bakta|CEHCEH_00308	1	PF01135;PF00398;PF13847;PF13649	NA	NA
GCA_040862185.1	contig_11	deepBGC		0.70001	NA	37754	46324	8570	gnl|Bakta|NJNODE_01479;gnl|Bakta|NJNODE_01480;gnl|Bakta|NJNODE_01481;gnl|Bakta|NJNODE_01482;gnl|Bakta|NJNODE_01483;gnl|Bakta|NJNODE_01484;gnl|Bakta|NJNODE_01485	7	PF02353;PF08003;PF13489;PF13847;PF01209;PF08241;PF08242;PF13649;PF05175;PF12847;PF06325;PF01135;PF13679;PF08123;PF01555;PF09334;PF00133;PF01406;PF01588;PF08003;PF13489;PF13649;PF08241;PF08242;PF13847;PF03061;PF13439;PF00534;PF13692;PF02784	NA	NA
GCA_040862185.1	contig_4	deepBGC		0.50042	NA	60770	61514	744	gnl|Bakta|NJNODE_00854	1	PF13561;PF00106;PF08659	NA	NA
GCF_040821255.1	contig_57	antiSMASH	Terpene-precursor	NA	No	1	8576	8576	NA;NMNLCE_01326;NMNLCE_01327;NMNLCE_01328;NMNLCE_01329;NMNLCE_01330;NMNLCE_01331;NMNLCE_01332;NMNLCE_01333;NMNLCE_01334;NMNLCE_01335;NMNLCE_01336	11	QueE;Fer4_12;PTPS;PT_FPPS_like;GTP_cyclohydroI	NA	NA
GCF_015904915	contig_3	GECCO	Unknown	0.9946902072573652	NA	108336	112030	3694	contig_3_101;contig_3_102;contig_3_103;contig_3_104;contig_3_105	5	PF01041;PF06306;PF06306	NA	IPR000653;IPR010446;IPR010446
GCF_014496965.1	contig_4	antiSMASH	Terpene-precursor	NA	No	1	50395	50395	NA;MPENFM_00305;MPENFM_00306;MPENFM_00307;MPENFM_00310;MPENFM_00311;MPENFM_00312;MPENFM_00313;MPENFM_00314;MPENFM_00315;MPENFM_00316;MPENFM_00317;MPENFM_00318;MPENFM_00319;MPENFM_00320;MPENFM_00321;MPENFM_00322;MPENFM_00323;MPENFM_00324;MPENFM_00325;MPENFM_00327;MPENFM_00328;MPENFM_00329;MPENFM_00330;MPENFM_00331;MPENFM_00332;MPENFM_00333;MPENFM_00334;MPENFM_00335;MPENFM_00336;MPENFM_00337;MPENFM_00338;MPENFM_00339;MPENFM_00340;MPENFM_00341;MPENFM_00342;MPENFM_00343;MPENFM_00344;MPENFM_00345	38	GTP_cyclohydroI;PT_FPPS_like;PTPS;QueE;Fer4_12	NA	NA
GCF_014498265.1	contig_19	deepBGC	RiPP	0.50987	NA	122531	123431	900	gnl|Bakta|MBLOFE_01083	1	PF13575	NA	NA
GCF_014498265.1	contig_2	deepBGC	Saccharide	0.81386	NA	37825	46395	8570	gnl|Bakta|MBLOFE_00310;gnl|Bakta|MBLOFE_00311;gnl|Bakta|MBLOFE_00312;gnl|Bakta|MBLOFE_00313;gnl|Bakta|MBLOFE_00314;gnl|Bakta|MBLOFE_00315;gnl|Bakta|MBLOFE_00316	7	PF02353;PF08003;PF13489;PF01596;PF13847;PF01209;PF08241;PF08242;PF13649;PF05175;PF12847;PF06325;PF01135;PF13679;PF08123;PF00133;PF09334;PF01406;PF01588;PF08003;PF13489;PF13649;PF08241;PF08242;PF13847;PF03061;PF13439;PF13579;PF00534;PF13692;PF02784	NA	NA
GCF_014497485.1	contig_4	deepBGC		0.52356	NA	7059	7845	786	gnl|Bakta|DOIDKG_00412	1	PF08003;PF13489;PF13847;PF08241;PF08242;PF13649	NA	NA
GCF_014497485.1	contig_6	deepBGC	RiPP	0.54391	NA	26335	26965	630	gnl|Bakta|DOIDKG_00521	1	PF01135;PF13847;PF13649;PF00398	NA	NA
GCA_024407575.1	contig_3	deepBGC		0.57184	NA	9820	13573	3753	gnl|Bakta|DLBBGI_00252;gnl|Bakta|DLBBGI_00253;gnl|Bakta|DLBBGI_00254	3	PF08003;PF13489;PF13847;PF05219;PF08241;PF08242;PF13649;PF01588;PF09334;PF01406;PF00133	NA	NA
GCA_024407575.1	contig_31	deepBGC		0.64507	NA	106	4896	4790	gnl|Bakta|DLBBGI_01133;gnl|Bakta|DLBBGI_01134;gnl|Bakta|DLBBGI_01135;gnl|Bakta|DLBBGI_01136;gnl|Bakta|DLBBGI_01137	5	PF01075;PF01075;PF03767;PF13419;PF13344;PF04264;PF03070	NA	NA
GCF_014498675.1	contig_2	deepBGC	Saccharide	0.78116	NA	38125	47186	9061	gnl|Bakta|LNLPKD_00263;gnl|Bakta|LNLPKD_00264;gnl|Bakta|LNLPKD_00265;gnl|Bakta|LNLPKD_00266;gnl|Bakta|LNLPKD_00267;gnl|Bakta|LNLPKD_00268;gnl|Bakta|LNLPKD_00269;gnl|Bakta|LNLPKD_00270;gnl|Bakta|LNLPKD_00271	9	PF02353;PF08003;PF13489;PF01596;PF13847;PF01209;PF08241;PF08242;PF13649;PF05175;PF12847;PF06325;PF01135;PF13679;PF08123;PF00133;PF09334;PF01406;PF01588;PF08003;PF13489;PF13649;PF08241;PF08242;PF13847;PF03061;PF13439;PF13579;PF00534;PF13692;PF02784;PF07927;PF15919	NA	NA
GCF_014498675.1	contig_40	deepBGC		0.67704	NA	2	2725	2723	gnl|Bakta|LNLPKD_01272;gnl|Bakta|LNLPKD_01273	2	PF02538;PF08882	NA	NA
GCF_011140655.1	contig_41	deepBGC		0.55916	NA	19751	20534	783	gnl|Bakta|GNNDHB_01383	1	PF02668	NA	NA
GCF_011140655.1	contig_41	deepBGC		0.61264	NA	21575	28653	7078	gnl|Bakta|GNNDHB_01386;gnl|Bakta|GNNDHB_01387;gnl|Bakta|GNNDHB_01388;gnl|Bakta|GNNDHB_01389;gnl|Bakta|GNNDHB_01390;gnl|Bakta|GNNDHB_01391;gnl|Bakta|GNNDHB_01392	7	PF00258;PF12641;PF12724;PF09335;PF03597;PF01494;PF07992;PF12831;PF03486;PF00890;PF13738;PF13450;PF13434;PF00070;PF07690;PF13347;PF05977;PF00342;PF02521	NA	NA
GCF_003639545.1	contig_27	deepBGC		0.81733	NA	69486	78055	8569	gnl|Bakta|ADIJKK_01557;gnl|Bakta|ADIJKK_01558;gnl|Bakta|ADIJKK_01559;gnl|Bakta|ADIJKK_01560;gnl|Bakta|ADIJKK_01561;gnl|Bakta|ADIJKK_01562;gnl|Bakta|ADIJKK_01563	7	PF02353;PF08003;PF13489;PF13847;PF01209;PF08241;PF08242;PF13649;PF05175;PF12847;PF06325;PF01135;PF13679;PF08123;PF00133;PF09334;PF01406;PF01588;PF08003;PF13489;PF13649;PF08241;PF08242;PF13847;PF03061;PF13439;PF00534;PF13692;PF02784	NA	NA
GCF_003639545.1	contig_6	deepBGC		0.54313	NA	3560	3860	300	gnl|Bakta|ADIJKK_00587	1	PF07883	NA	NA
GCA_040862385.1	contig_10	deepBGC		0.74974	NA	37607	46192	8585	gnl|Bakta|DBCMNM_01336;gnl|Bakta|DBCMNM_01337;gnl|Bakta|DBCMNM_01338;gnl|Bakta|DBCMNM_01339;gnl|Bakta|DBCMNM_01340;gnl|Bakta|DBCMNM_01341;gnl|Bakta|DBCMNM_01342	7	PF02353;PF08003;PF13489;PF01596;PF13847;PF01209;PF08241;PF08242;PF13649;PF05175;PF12847;PF06325;PF01135;PF13679;PF08123;PF01555;PF00133;PF09334;PF01406;PF01588;PF08003;PF13489;PF13649;PF08241;PF08242;PF13847;PF03061;PF13439;PF00534;PF13692;PF02784	NA	NA
GCA_040862385.1	contig_11	deepBGC		0.57238	NA	11270	11804	534	gnl|Bakta|DBCMNM_01355	1	PF05050	NA	NA
GCA_040862385.1	contig_11	deepBGC	RiPP	0.59799	NA	16664	17294	630	gnl|Bakta|DBCMNM_01362	1	PF01135;PF00398;PF13847;PF13649	NA	NA
GCA_040862385.1	contig_11	deepBGC	Polyketide	0.52143	NA	22188	22941	753	gnl|Bakta|DBCMNM_01369	1	PF00106;PF08659;PF01370;PF13561	NA	NA
GCF_008032975.1	contig_1	deepBGC		0.63517	NA	1473812	1478917	5105	gnl|Bakta|BNGCED_01444;gnl|Bakta|BNGCED_01445;gnl|Bakta|BNGCED_01446;gnl|Bakta|BNGCED_01447	4	PF02353;PF08003;PF13489;PF13847;PF01209;PF08241;PF08242;PF13649;PF05175;PF12847;PF06325;PF01135;PF13679;PF08123;PF01555;PF09334;PF00133;PF01406;PF01588;PF08003;PF13489;PF13649;PF08241;PF08242;PF13847	NA	NA
GCF_014497275.1	contig_21	antiSMASH	Terpene-precursor	NA	No	1	60558	60558	NA;LJGOKJ_01515;LJGOKJ_01516;LJGOKJ_01517;LJGOKJ_01518;LJGOKJ_01519;LJGOKJ_01520;LJGOKJ_01521;LJGOKJ_01522;LJGOKJ_01523;LJGOKJ_01524;LJGOKJ_01525;LJGOKJ_01526;LJGOKJ_01527;LJGOKJ_01528;LJGOKJ_01529;LJGOKJ_01530;LJGOKJ_01531;LJGOKJ_01532;LJGOKJ_01533;LJGOKJ_01534;LJGOKJ_01535;LJGOKJ_01536;LJGOKJ_01537;LJGOKJ_01538;LJGOKJ_01539;LJGOKJ_01540;LJGOKJ_01541;LJGOKJ_01542;LJGOKJ_01543;LJGOKJ_01544;LJGOKJ_01545;LJGOKJ_01546;LJGOKJ_01547;LJGOKJ_01548;LJGOKJ_01549;LJGOKJ_01550;LJGOKJ_01551;LJGOKJ_01552;LJGOKJ_01553;LJGOKJ_01554;LJGOKJ_01559;LJGOKJ_01560;LJGOKJ_01561;LJGOKJ_01562;LJGOKJ_01563;LJGOKJ_01564;LJGOKJ_01565;LJGOKJ_01566;LJGOKJ_01567;LJGOKJ_01568;LJGOKJ_01569;LJGOKJ_01570;LJGOKJ_01571;LJGOKJ_01572;LJGOKJ_01573;LJGOKJ_01574;LJGOKJ_01575;LJGOKJ_01576;LJGOKJ_01577;LJGOKJ_01578;LJGOKJ_01579	61	QueE;Fer4_12;PTPS;PT_FPPS_like;GTP_cyclohydroI	NA	NA
GCA_024406915.1	contig_11	deepBGC		0.55987	NA	14427	18878	4451	gnl|Bakta|JEMGOA_00787;gnl|Bakta|JEMGOA_00788	2	PF02538;PF01968;PF05378	NA	NA
GCA_024406915.1	contig_11	deepBGC	Polyketide	0.54307	NA	21532	24036	2504	gnl|Bakta|JEMGOA_00792;gnl|Bakta|JEMGOA_00793;gnl|Bakta|JEMGOA_00794;gnl|Bakta|JEMGOA_00795	4	PF01144;PF13336;PF01144;PF01144;PF02803;PF00108;PF00109	NA	NA
GCA_024406915.1	contig_22	deepBGC	RiPP	0.75131	NA	44	1601	1557	gnl|Bakta|JEMGOA_01167	1	PF13575;PF01636	NA	NA
GCA_024406915.1	contig_25	deepBGC		0.53329	NA	18843	19814	971	gnl|Bakta|JEMGOA_01407;gnl|Bakta|JEMGOA_01408	2	PF12831;PF00890;PF07992;PF01134;PF01494;PF03486;PF01266;PF13738;PF13450;PF13738;PF13434;PF07992;PF00070	NA	NA
GCA_024406915.1	contig_3	deepBGC		0.80473	NA	37554	47254	9700	gnl|Bakta|JEMGOA_00492;gnl|Bakta|JEMGOA_00493;gnl|Bakta|JEMGOA_00494;JEMGOA_00495;gnl|Bakta|JEMGOA_00496;gnl|Bakta|JEMGOA_00497;gnl|Bakta|JEMGOA_00498;gnl|Bakta|JEMGOA_00499;gnl|Bakta|JEMGOA_00500;gnl|Bakta|JEMGOA_00501;gnl|Bakta|JEMGOA_00502;gnl|Bakta|JEMGOA_00503	12	PF02353;PF08003;PF13489;PF01596;PF13847;PF01209;PF08241;PF08242;PF13649;PF05175;PF12847;PF06325;PF01135;PF13679;PF08123;PF01555;PF00133;PF09334;PF01406;PF01588;PF08003;PF08003;PF13489;PF13649;PF08241;PF08242;PF13847;PF03061;PF13439;PF00534;PF13692;PF02784;PF07927;PF15919;PF08715	NA	NA
GCA_024406915.1	contig_5	deepBGC		0.69054	NA	18335	31073	12738	gnl|Bakta|JEMGOA_00575;gnl|Bakta|JEMGOA_00576;gnl|Bakta|JEMGOA_00577;gnl|Bakta|JEMGOA_00580;gnl|Bakta|JEMGOA_00581;gnl|Bakta|JEMGOA_00582;gnl|Bakta|JEMGOA_00583;gnl|Bakta|JEMGOA_00584;gnl|Bakta|JEMGOA_00585;gnl|Bakta|JEMGOA_00586;gnl|Bakta|JEMGOA_00588;gnl|Bakta|JEMGOA_00589;gnl|Bakta|JEMGOA_00590;gnl|Bakta|JEMGOA_00591;gnl|Bakta|JEMGOA_00592;gnl|Bakta|JEMGOA_00593;gnl|Bakta|JEMGOA_00594;gnl|Bakta|JEMGOA_00595	18	PF07719;PF00515;PF08238;PF13561;PF00106;PF08659;PF16363;PF01370;PF02719;PF08659;PF00106;PF01073;PF07993;PF01370;PF16363;PF01416;PF03739;PF01135;PF13847;PF13649;PF00398;PF00268;PF01041;PF01041;PF00266;PF00155;PF05050	NA	NA
GCA_024406915.1	contig_5	deepBGC		0.51111	NA	31546	32923	1377	gnl|Bakta|JEMGOA_00597	1	PF02785;PF15632;PF02786;PF08443;PF02655;PF02222;PF07478;PF14397;PF13549;PF00289	NA	NA
GCF_011105755.1	contig_1	antiSMASH	Terpene-precursor	NA	No	1	8278	8278	MCLMJI_00001;MCLMJI_00002;MCLMJI_00003;MCLMJI_00004;MCLMJI_00005;MCLMJI_00006;MCLMJI_00007;MCLMJI_00008;MCLMJI_00009;MCLMJI_00010;MCLMJI_00011;MCLMJI_00012;MCLMJI_00013	13	QueE;Fer4_12;PTPS;PT_FPPS_like;GTP_cyclohydroI	NA	NA
GCF_003639565.1	contig_10	antiSMASH	Azole-containing-RiPP	NA	No	1	16818	16818	NA;IDPOGH_00714;IDPOGH_00715;IDPOGH_00716;IDPOGH_00717;IDPOGH_00718;IDPOGH_00719;IDPOGH_00720;IDPOGH_00721;IDPOGH_00722;IDPOGH_00723;IDPOGH_00724;IDPOGH_00725;IDPOGH_00726;IDPOGH_00727;IDPOGH_00728;IDPOGH_00729	16	PF00881;YcaO;ThiF	NA	NA
GCF_003639565.1	contig_21	antiSMASH	Terpene-precursor	NA	No	1	56754	56754	NA;IDPOGH_01515;IDPOGH_01516;IDPOGH_01517;IDPOGH_01518;IDPOGH_01519;IDPOGH_01520;IDPOGH_01521;IDPOGH_01522;IDPOGH_01523;IDPOGH_01524;IDPOGH_01525;IDPOGH_01526;IDPOGH_01527;IDPOGH_01528;IDPOGH_01529;IDPOGH_01530;IDPOGH_01531;IDPOGH_01532;IDPOGH_01533;IDPOGH_01534;IDPOGH_01535;IDPOGH_01536;IDPOGH_01541;IDPOGH_01542;IDPOGH_01543;IDPOGH_01544;IDPOGH_01545;IDPOGH_01546;IDPOGH_01547;IDPOGH_01548;IDPOGH_01549;IDPOGH_01550;IDPOGH_01551;IDPOGH_01552;IDPOGH_01553;IDPOGH_01554;IDPOGH_01555;IDPOGH_01556;IDPOGH_01557;IDPOGH_01558;IDPOGH_01559;IDPOGH_01560;IDPOGH_01561;IDPOGH_01562;IDPOGH_01563;IDPOGH_01564;IDPOGH_01565;IDPOGH_01566;IDPOGH_01567;IDPOGH_01568;IDPOGH_01569;IDPOGH_01570;IDPOGH_01571;IDPOGH_01572;IDPOGH_01573;IDPOGH_01574	56	GTP_cyclohydroI;PT_FPPS_like;PTPS;QueE;Fer4_12;Peptidase_M50	NA	NA
GCA_040861725.1	contig_8	deepBGC		0.54818	NA	9673	10471	798	gnl|Bakta|NDKPHG_01152	1	PF08003;PF13489;PF13847;PF08241;PF08242;PF13649	NA	NA
GCF_003639615.1	contig_28	antiSMASH	Terpene-precursor	NA	No	1	69148	69148	NA;PIBKFJ_01227;PIBKFJ_01228;PIBKFJ_01229;PIBKFJ_01230;PIBKFJ_01231;PIBKFJ_01232;PIBKFJ_01233;PIBKFJ_01234;PIBKFJ_01235;PIBKFJ_01236;PIBKFJ_01237;PIBKFJ_01238;PIBKFJ_01239;PIBKFJ_01240;PIBKFJ_01241;PIBKFJ_01242;PIBKFJ_01243;PIBKFJ_01244;PIBKFJ_01245;PIBKFJ_01246;PIBKFJ_01247;PIBKFJ_01248;PIBKFJ_01249;PIBKFJ_01250;PIBKFJ_01255;PIBKFJ_01256;PIBKFJ_01257;PIBKFJ_01258;PIBKFJ_01259;PIBKFJ_01260;PIBKFJ_01261;PIBKFJ_01262;PIBKFJ_01263;PIBKFJ_01264;PIBKFJ_01265;PIBKFJ_01266;PIBKFJ_01267;PIBKFJ_01268;PIBKFJ_01269;PIBKFJ_01270;PIBKFJ_01271;PIBKFJ_01272;PIBKFJ_01273;PIBKFJ_01274;PIBKFJ_01275;PIBKFJ_01276;PIBKFJ_01277;PIBKFJ_01278;PIBKFJ_01279;PIBKFJ_01280;PIBKFJ_01281;PIBKFJ_01282;PIBKFJ_01283;PIBKFJ_01284;PIBKFJ_01285;PIBKFJ_01286;PIBKFJ_01287;PIBKFJ_01288;PIBKFJ_01289;PIBKFJ_01290;PIBKFJ_01291;PIBKFJ_01292;PIBKFJ_01293;PIBKFJ_01294;PIBKFJ_01295;PIBKFJ_01296;PIBKFJ_01297;PIBKFJ_01298;PIBKFJ_01299;PIBKFJ_01300;PIBKFJ_01301;PIBKFJ_01302	72	GTP_cyclohydroI;PT_FPPS_like;PTPS;QueE;Fer4_12	NA	NA
GCF_014498915.1	contig_18	deepBGC		0.63164	NA	37821	46400	8579	gnl|Bakta|DNIPCL_01553;gnl|Bakta|DNIPCL_01554;gnl|Bakta|DNIPCL_01555;gnl|Bakta|DNIPCL_01556;gnl|Bakta|DNIPCL_01557;gnl|Bakta|DNIPCL_01558;gnl|Bakta|DNIPCL_01559	7	PF02353;PF08003;PF13489;PF01596;PF13847;PF01209;PF08241;PF08242;PF13649;PF05175;PF12847;PF06325;PF01135;PF13679;PF08123;PF01555;PF00133;PF09334;PF01406;PF01588;PF08003;PF13489;PF13649;PF08241;PF08242;PF13847;PF03061;PF13439;PF00534;PF13692;PF02784	NA	NA
GCF_014498915.1	contig_7	deepBGC	RiPP	0.64629	NA	1	127	126	gnl|Bakta|DNIPCL_00810	1	PF13555;PF00005;PF13476;PF02463	NA	NA
GCF_014498915.1	contig_7	deepBGC	RiPP	0.6157	NA	2075	4315	2240	gnl|Bakta|DNIPCL_00813;gnl|Bakta|DNIPCL_00814	2	PF02624;PF08307	NA	NA
GCF_014498915.1	contig_7	deepBGC		0.51118	NA	8268	9321	1053	gnl|Bakta|DNIPCL_00821	1	PF00899	NA	NA
GCF_003639305.1	contig_3	antiSMASH	Terpene-precursor	NA	No	1	46909	46909	NA;LOOHEE_00431;LOOHEE_00432;LOOHEE_00433;LOOHEE_00434;LOOHEE_00435;LOOHEE_00436;LOOHEE_00437;LOOHEE_00438;LOOHEE_00439;LOOHEE_00440;LOOHEE_00441;LOOHEE_00442;LOOHEE_00443;LOOHEE_00444;LOOHEE_00445;LOOHEE_00446;LOOHEE_00447;LOOHEE_00448;LOOHEE_00449;LOOHEE_00450;LOOHEE_00451;LOOHEE_00452;LOOHEE_00457;LOOHEE_00458;LOOHEE_00459;LOOHEE_00460;LOOHEE_00461;LOOHEE_00462;LOOHEE_00463;LOOHEE_00464;LOOHEE_00465;LOOHEE_00466;LOOHEE_00467;LOOHEE_00468;LOOHEE_00469;LOOHEE_00470;LOOHEE_00471;LOOHEE_00472;LOOHEE_00473;LOOHEE_00474;LOOHEE_00475;LOOHEE_00476;LOOHEE_00477;LOOHEE_00478;LOOHEE_00479;LOOHEE_00480;LOOHEE_00481;LOOHEE_00482;LOOHEE_00483;LOOHEE_00484;LOOHEE_00485	51	GTP_cyclohydroI;PT_FPPS_like;PTPS;QueE;Fer4_12	NA	NA
GCA_040861875.1	contig_8	deepBGC		0.69126	NA	37695	46274	8579	gnl|Bakta|EOPCMC_01097;gnl|Bakta|EOPCMC_01098;gnl|Bakta|EOPCMC_01099;gnl|Bakta|EOPCMC_01100;gnl|Bakta|EOPCMC_01101;gnl|Bakta|EOPCMC_01102;gnl|Bakta|EOPCMC_01103	7	PF02353;PF08003;PF13489;PF01596;PF13847;PF01209;PF08241;PF08242;PF13649;PF05175;PF12847;PF06325;PF01135;PF13679;PF08123;PF01555;PF09334;PF00133;PF01406;PF01588;PF08003;PF13489;PF13649;PF08241;PF08242;PF13847;PF03061;PF13439;PF00534;PF13692;PF02784	NA	NA
GCF_040821505	contig_44	GECCO	Unknown	0.9947464196514292	NA	45777	48967	3190	contig_44_45;contig_44_46;contig_44_47;contig_44_48;contig_44_49	5	PF01041;PF06306;PF06306;PF06306	NA	IPR010446;IPR010446;IPR010446;IPR000653
GCF_011140715.1	contig_47	antiSMASH	Terpene-precursor	NA	No	1	11203	11203	NA;LOAIPP_01542;LOAIPP_01543;LOAIPP_01544;LOAIPP_01545;LOAIPP_01546;LOAIPP_01547;LOAIPP_01548;LOAIPP_01549;LOAIPP_01550;LOAIPP_01551;LOAIPP_01552;LOAIPP_01553;LOAIPP_01554	13	GTP_cyclohydroI;PT_FPPS_like;PTPS;QueE;Fer4_12	NA	NA
GCA_024406655.1	contig_18	deepBGC		0.56564	NA	9718	13459	3741	gnl|Bakta|CHFEGM_00994;gnl|Bakta|CHFEGM_00995;gnl|Bakta|CHFEGM_00996	3	PF08003;PF13489;PF13847;PF08241;PF08242;PF13649;PF01588;PF09334;PF01406;PF00133	NA	NA
GCA_024406655.1	contig_21	deepBGC		0.57783	NA	55463	57128	1665	gnl|Bakta|CHFEGM_01175;gnl|Bakta|CHFEGM_01176	2	PF01135;PF13847;PF13649;PF13489;PF00398;PF00268	NA	NA
GCA_024406655.1	contig_21	deepBGC		0.54121	NA	60948	61482	534	gnl|Bakta|CHFEGM_01183	1	PF05050	NA	NA
GCA_024406655.1	contig_25	deepBGC	RiPP	0.81408	NA	114	6746	6632	gnl|Bakta|CHFEGM_01549;gnl|Bakta|CHFEGM_01550;gnl|Bakta|CHFEGM_01551;gnl|Bakta|CHFEGM_01552;gnl|Bakta|CHFEGM_01553;gnl|Bakta|CHFEGM_01554;gnl|Bakta|CHFEGM_01555	7	PF13575;PF13575;PF01636;PF02661;PF02661;PF01051	NA	NA
GCA_024406655.1	contig_4	deepBGC	RiPP	0.63641	NA	4791	5622	831	CHFEGM_00142	1	PF02624	NA	NA
GCA_024406655.1	contig_4	deepBGC	RiPP	0.65121	NA	8061	8187	126	gnl|Bakta|CHFEGM_00146	1	PF02463;PF13555;PF00005;PF13476	NA	NA
GCA_040861825.1	contig_7	deepBGC	Other	0.74063	NA	37574	42662	5088	gnl|Bakta|JMKCHA_01384;gnl|Bakta|JMKCHA_01385;gnl|Bakta|JMKCHA_01386;gnl|Bakta|JMKCHA_01387	4	PF02353;PF08003;PF13489;PF01596;PF13847;PF01209;PF08241;PF08242;PF13649;PF05175;PF12847;PF06325;PF01135;PF13679;PF08123;PF01555;PF00133;PF09334;PF01406;PF01588;PF08003;PF13489;PF13649;PF08241;PF08242;PF13847	NA	NA
GCA_024406795.1	contig_3	antiSMASH	Terpene-precursor	NA	No	1	55165	55165	NA;MNMOGM_00260;MNMOGM_00261;MNMOGM_00262;MNMOGM_00263;MNMOGM_00264;MNMOGM_00265;MNMOGM_00266;MNMOGM_00267;MNMOGM_00268;MNMOGM_00269;MNMOGM_00270;MNMOGM_00271;MNMOGM_00272;MNMOGM_00273;MNMOGM_00274;MNMOGM_00275;MNMOGM_00276;MNMOGM_00277;MNMOGM_00278;MNMOGM_00279;MNMOGM_00280;MNMOGM_00281;MNMOGM_00286;MNMOGM_00287;MNMOGM_00288;MNMOGM_00289;MNMOGM_00290;MNMOGM_00291;MNMOGM_00292;MNMOGM_00293;MNMOGM_00294;MNMOGM_00295;MNMOGM_00296;MNMOGM_00297;MNMOGM_00298;MNMOGM_00299;MNMOGM_00300;MNMOGM_00301;MNMOGM_00302;MNMOGM_00303;MNMOGM_00304;MNMOGM_00305;MNMOGM_00306;MNMOGM_00307;MNMOGM_00308;MNMOGM_00309;MNMOGM_00310;MNMOGM_00311;MNMOGM_00312;MNMOGM_00313;MNMOGM_00314;MNMOGM_00315;MNMOGM_00316;MNMOGM_00317;MNMOGM_00318;MNMOGM_00319	56	GTP_cyclohydroI;PT_FPPS_like;PTPS;QueE;Fer4_12;Aminotran_3	NA	NA
GCF_015905075.1	contig_30	antiSMASH	Terpene-precursor	NA	No	1	8142	8142	NA;DLBLPH_01583;DLBLPH_01584;DLBLPH_01585;DLBLPH_01586;DLBLPH_01587;DLBLPH_01588;DLBLPH_01589;DLBLPH_01590;DLBLPH_01591;DLBLPH_01592;DLBLPH_01593;DLBLPH_01594	12	QueE;Fer4_12;PTPS;PT_FPPS_like;GTP_cyclohydroI	NA	NA
GCF_015904665.1	contig_24	antiSMASH	Terpene-precursor	NA	No	1	8105	8105	NA;IPHBKP_01584;IPHBKP_01585;IPHBKP_01586;IPHBKP_01587;IPHBKP_01588;IPHBKP_01589;IPHBKP_01590;IPHBKP_01591;IPHBKP_01592;IPHBKP_01593;IPHBKP_01594	11	QueE;Fer4_12;PTPS;PT_FPPS_like;GTP_cyclohydroI	NA	NA
GCF_011140665.1	contig_32	antiSMASH	Terpene-precursor	NA	No	1	23330	23330	NA;IBMCDF_01076;IBMCDF_01077;IBMCDF_01078;IBMCDF_01083;IBMCDF_01084;IBMCDF_01085;IBMCDF_01086;IBMCDF_01087;IBMCDF_01088;IBMCDF_01089;IBMCDF_01090;IBMCDF_01091;IBMCDF_01092;IBMCDF_01093;IBMCDF_01094;IBMCDF_01095;IBMCDF_01096;IBMCDF_01097;IBMCDF_01098;IBMCDF_01099;IBMCDF_01100;IBMCDF_01101;IBMCDF_01102;IBMCDF_01103	24	DAO;QueE;Fer4_12;PTPS;PT_FPPS_like;GTP_cyclohydroI	NA	NA
GCA_040861065.1	contig_19	antiSMASH	Terpene-precursor	NA	No	1	8123	8123	NA;FNOFMB_01577;FNOFMB_01578;FNOFMB_01579;FNOFMB_01580;FNOFMB_01581;FNOFMB_01582;FNOFMB_01583;FNOFMB_01584;FNOFMB_01585;FNOFMB_01586;FNOFMB_01587;FNOFMB_01588	12	QueE;Fer4_12;PTPS;PT_FPPS_like;GTP_cyclohydroI	NA	NA
GCF_001997965.1	contig_4	deepBGC	Saccharide	0.78678	NA	37740	49427	11687	gnl|Bakta|KJMGBN_00247;gnl|Bakta|KJMGBN_00248;gnl|Bakta|KJMGBN_00249;gnl|Bakta|KJMGBN_00250;gnl|Bakta|KJMGBN_00251;gnl|Bakta|KJMGBN_00252;gnl|Bakta|KJMGBN_00253;gnl|Bakta|KJMGBN_00254;gnl|Bakta|KJMGBN_00255;gnl|Bakta|KJMGBN_00256	10	PF02353;PF08003;PF13489;PF01596;PF13847;PF01209;PF08241;PF08242;PF13649;PF05175;PF12847;PF06325;PF01135;PF13679;PF08123;PF00133;PF09334;PF01406;PF01588;PF08003;PF13489;PF13649;PF08241;PF08242;PF13847;PF03061;PF13439;PF13579;PF00534;PF13692;PF02784;PF07510;PF03235	NA	NA
GCF_014496805.1	contig_13	deepBGC		0.52765	NA	79350	79587	237	gnl|Bakta|CLCCIE_00776	1	PF00550;PF14573;PF16320	NA	NA
GCF_014496805.1	contig_2	deepBGC		0.50667	NA	4190	6038	1848	gnl|Bakta|CLCCIE_00226	1	PF02784	NA	NA
GCF_014496805.1	contig_2	deepBGC	Other	0.60356	NA	7671	12771	5100	gnl|Bakta|CLCCIE_00229;gnl|Bakta|CLCCIE_00230;gnl|Bakta|CLCCIE_00231;gnl|Bakta|CLCCIE_00232	4	PF08003;PF13489;PF13847;PF08241;PF08242;PF13649;PF01588;PF09334;PF01406;PF00133;PF02353;PF08003;PF13489;PF08123;PF06325;PF01209;PF01135;PF05175;PF01596;PF13679;PF12847;PF13847;PF08241;PF08242;PF13649	NA	NA
GCA_024407015.1	contig_1	antiSMASH	Terpene-precursor	NA	Yes	132304	153047	20744	ADCNGF_00166;ADCNGF_00167;ADCNGF_00168;ADCNGF_00169;ADCNGF_00170;ADCNGF_00171;ADCNGF_00172;ADCNGF_00173;ADCNGF_00174;ADCNGF_00175;ADCNGF_00176;ADCNGF_00177;ADCNGF_00178;ADCNGF_00179;ADCNGF_00180;ADCNGF_00181;ADCNGF_00182;ADCNGF_00183;ADCNGF_00184;ADCNGF_00185;ADCNGF_00186;ADCNGF_00187;ADCNGF_00188;ADCNGF_00189;ADCNGF_00190;ADCNGF_00191;ADCNGF_00192;ADCNGF_00193;ADCNGF_00194	29	GTP_cyclohydroI;PT_FPPS_like;PTPS;QueE;Fer4_12	NA	NA
GCA_024411965.1	contig_18	deepBGC	Saccharide	0.68472	NA	37675	46255	8580	gnl|Bakta|ILBKFD_01554;gnl|Bakta|ILBKFD_01555;gnl|Bakta|ILBKFD_01556;gnl|Bakta|ILBKFD_01557;gnl|Bakta|ILBKFD_01558;gnl|Bakta|ILBKFD_01559;gnl|Bakta|ILBKFD_01560	7	PF02353;PF08003;PF13489;PF01596;PF13847;PF01209;PF08241;PF08242;PF13649;PF05175;PF12847;PF06325;PF01135;PF13679;PF08123;PF01555;PF00133;PF09334;PF01406;PF01588;PF08003;PF13489;PF13649;PF08241;PF08242;PF13847;PF03061;PF13439;PF13579;PF00534;PF13692;PF02784	NA	NA
GCA_024411965.1	contig_22	deepBGC		0.55079	NA	295	3113	2818	gnl|Bakta|ILBKFD_01594;gnl|Bakta|ILBKFD_01595	2	PF00199;PF02521	NA	NA
GCA_040861205.1	contig_8	antiSMASH	Terpene-precursor	NA	No	1	74340	74340	NA;AEMFEL_01118;AEMFEL_01119;AEMFEL_01120;AEMFEL_01121;AEMFEL_01122;AEMFEL_01123;AEMFEL_01124;AEMFEL_01125;AEMFEL_01126;AEMFEL_01127;AEMFEL_01128;AEMFEL_01129;AEMFEL_01130;AEMFEL_01131;AEMFEL_01132;AEMFEL_01133;AEMFEL_01134;AEMFEL_01135;AEMFEL_01136;AEMFEL_01137;AEMFEL_01138;AEMFEL_01139;AEMFEL_01140;AEMFEL_01145;AEMFEL_01146;AEMFEL_01147;AEMFEL_01148;AEMFEL_01149;AEMFEL_01150;AEMFEL_01151;AEMFEL_01152;AEMFEL_01153;AEMFEL_01154;AEMFEL_01155;AEMFEL_01156;AEMFEL_01157;AEMFEL_01158;AEMFEL_01159;AEMFEL_01160;AEMFEL_01161;AEMFEL_01162;AEMFEL_01163;AEMFEL_01164;AEMFEL_01165;AEMFEL_01166;AEMFEL_01167;AEMFEL_01168;AEMFEL_01169;AEMFEL_01170;AEMFEL_01171;AEMFEL_01172;AEMFEL_01173;AEMFEL_01174;AEMFEL_01175;AEMFEL_01176;AEMFEL_01177;AEMFEL_01178;AEMFEL_01179;AEMFEL_01180;AEMFEL_01181;AEMFEL_01182;AEMFEL_01183;AEMFEL_01184;AEMFEL_01185;AEMFEL_01186;AEMFEL_01187;AEMFEL_01188;AEMFEL_01189;AEMFEL_01190;AEMFEL_01191;AEMFEL_01192;AEMFEL_01193;AEMFEL_01194;AEMFEL_01195;AEMFEL_01196;AEMFEL_01197;AEMFEL_01198;AEMFEL_01199;AEMFEL_01200;AEMFEL_01201;AEMFEL_01202	81	GTP_cyclohydroI;PT_FPPS_like;PTPS;QueE;Fer4_12;Pkinase	NA	NA
GCA_040861985.1	contig_2	antiSMASH	Terpene-precursor	NA	Yes	244905	265816	20912	NA;FANLCD_00701;FANLCD_00702;FANLCD_00703;FANLCD_00704;FANLCD_00705;FANLCD_00706;FANLCD_00707;FANLCD_00708;FANLCD_00709;FANLCD_00710;FANLCD_00711;FANLCD_00712;FANLCD_00713;FANLCD_00714;FANLCD_00715;FANLCD_00716;FANLCD_00717;FANLCD_00718;FANLCD_00719	19	GTP_cyclohydroI;PT_FPPS_like;PTPS;QueE;Fer4_12	NA	NA
GCF_014497515.1	contig_3	deepBGC	Saccharide	0.78579	NA	38209	49771	11562	gnl|Bakta|GDJCDB_00328;gnl|Bakta|GDJCDB_00329;gnl|Bakta|GDJCDB_00330;gnl|Bakta|GDJCDB_00331;gnl|Bakta|GDJCDB_00332;gnl|Bakta|GDJCDB_00333;gnl|Bakta|GDJCDB_00334;gnl|Bakta|GDJCDB_00335;gnl|Bakta|GDJCDB_00336;gnl|Bakta|GDJCDB_00337	10	PF02353;PF08003;PF13489;PF01596;PF13847;PF01209;PF08241;PF08242;PF13649;PF05175;PF12847;PF06325;PF01135;PF13679;PF08123;PF00133;PF09334;PF01406;PF01588;PF08003;PF13489;PF13649;PF08241;PF08242;PF13847;PF03061;PF13439;PF13579;PF00534;PF13692;PF02784;PF07510;PF16849;PF03235	NA	NA
GCF_014497515.1	contig_8	deepBGC		0.6473	NA	11826	12330	504	gnl|Bakta|GDJCDB_00492	1	PF05050	NA	NA
GCF_014497515.1	contig_8	deepBGC		0.69255	NA	17272	28868	11596	gnl|Bakta|GDJCDB_00499;gnl|Bakta|GDJCDB_00500;gnl|Bakta|GDJCDB_00501;gnl|Bakta|GDJCDB_00502;gnl|Bakta|GDJCDB_00505;gnl|Bakta|GDJCDB_00506;gnl|Bakta|GDJCDB_00507;gnl|Bakta|GDJCDB_00508;gnl|Bakta|GDJCDB_00509;gnl|Bakta|GDJCDB_00510	10	PF01135;PF00398;PF13489;PF13847;PF13649;PF03739;PF01416;PF16363;PF01370;PF07993;PF04321;PF02719;PF01073;PF13460;PF08659;PF00106;PF08659;PF13561;PF08238;PF07719;PF01081;PF00920;PF00479;PF02781	NA	NA
GCF_014497515.1	contig_8	deepBGC	NRP	0.62638	NA	30729	32622	1893	gnl|Bakta|GDJCDB_00513;gnl|Bakta|GDJCDB_00514	2	PF08240;PF02826;PF01262;PF03446;PF00107;PF01501	NA	NA
GCF_011140915.1	contig_32	antiSMASH	Terpene-precursor	NA	No	1	11236	11236	NA;LCACJB_00918;LCACJB_00919;LCACJB_00920;LCACJB_00921;LCACJB_00922;LCACJB_00923;LCACJB_00924;LCACJB_00925;LCACJB_00926;LCACJB_00927;LCACJB_00928;LCACJB_00929;LCACJB_00930	13	GTP_cyclohydroI;PT_FPPS_like;PTPS;QueE;Fer4_12	NA	NA
GCF_014496385.1	contig_15	antiSMASH	Terpene-precursor	NA	No	1	99810	99810	NA;CDJKPM_01353;CDJKPM_01354;CDJKPM_01355;CDJKPM_01356;CDJKPM_01357;CDJKPM_01358;CDJKPM_01359;CDJKPM_01360;CDJKPM_01361;CDJKPM_01362;CDJKPM_01363;CDJKPM_01364;CDJKPM_01365;CDJKPM_01366;CDJKPM_01367;CDJKPM_01368;CDJKPM_01369;CDJKPM_01370;CDJKPM_01371;CDJKPM_01372;CDJKPM_01373;CDJKPM_01374;CDJKPM_01375;CDJKPM_01376;CDJKPM_01377;CDJKPM_01378;CDJKPM_01379;CDJKPM_01380;CDJKPM_01381;CDJKPM_01382;CDJKPM_01383;CDJKPM_01384;CDJKPM_01385;CDJKPM_01386;CDJKPM_01387;CDJKPM_01388;CDJKPM_01389;CDJKPM_01390;CDJKPM_01391;CDJKPM_01392;CDJKPM_01393;CDJKPM_01394;CDJKPM_01395;CDJKPM_01396;CDJKPM_01397;CDJKPM_01398;CDJKPM_01399;CDJKPM_01400;CDJKPM_01401;CDJKPM_01402;CDJKPM_01403;CDJKPM_01404;CDJKPM_01405;CDJKPM_01406;CDJKPM_01407;CDJKPM_01408;CDJKPM_01409;CDJKPM_01410;CDJKPM_01411;CDJKPM_01412;CDJKPM_01413;CDJKPM_01414;CDJKPM_01415;CDJKPM_01416;CDJKPM_01417;CDJKPM_01418;CDJKPM_01419;CDJKPM_01420;CDJKPM_01421;CDJKPM_01422;CDJKPM_01423;CDJKPM_01424;CDJKPM_01425;CDJKPM_01430;CDJKPM_01431;CDJKPM_01432;CDJKPM_01433;CDJKPM_01434;CDJKPM_01435;CDJKPM_01436;CDJKPM_01437;CDJKPM_01438;CDJKPM_01439;CDJKPM_01440;CDJKPM_01441;CDJKPM_01442;CDJKPM_01443;CDJKPM_01444;CDJKPM_01445;CDJKPM_01446;CDJKPM_01447;CDJKPM_01448;CDJKPM_01449;CDJKPM_01450;CDJKPM_01451	95	QueE;Fer4_12;PTPS;PT_FPPS_like;GTP_cyclohydroI	NA	NA
GCF_014498785.1	contig_11	deepBGC		0.50404	NA	213	432	219	gnl|Bakta|DOKFFG_01318	1	PF15919	NA	NA
GCF_014498785.1	contig_11	deepBGC		0.51814	NA	692	2540	1848	gnl|Bakta|DOKFFG_01320	1	PF02784	NA	NA
GCF_014498785.1	contig_11	deepBGC		0.61806	NA	4173	4959	786	gnl|Bakta|DOKFFG_01323	1	PF08003;PF13489;PF13847;PF08241;PF08242;PF13649	NA	NA
GCF_014498785.1	contig_11	deepBGC	Other	0.56531	NA	8110	9280	1170	gnl|Bakta|DOKFFG_01326	1	PF02353;PF08003;PF13489;PF08123;PF06325;PF01209;PF01135;PF05175;PF01596;PF13679;PF12847;PF13847;PF08241;PF08242;PF13649	NA	NA
GCA_040862205.1	contig_17	deepBGC		0.54236	NA	476	4430	3954	gnl|Bakta|JDFPEA_01586;gnl|Bakta|JDFPEA_01587;gnl|Bakta|JDFPEA_01588	3	PF09233;PF02350;PF01075;PF01075	NA	NA
GCA_040862205.1	contig_9	deepBGC		0.54912	NA	10357	11143	786	gnl|Bakta|JDFPEA_01343	1	PF08003;PF13489;PF13847;PF08241;PF08242;PF13649	NA	NA
GCF_015904775.1	contig_21	antiSMASH	Azole-containing-RiPP	NA	No	1	13306	13306	NA;HGHDMK_01558;HGHDMK_01559;HGHDMK_01560;HGHDMK_01561;HGHDMK_01562;HGHDMK_01563;HGHDMK_01564;HGHDMK_01565;HGHDMK_01566;HGHDMK_01567;HGHDMK_01568;HGHDMK_01569;HGHDMK_01570;HGHDMK_01571;HGHDMK_01572	15	PF00881;YcaO;YcaO;ThiF	NA	NA
GCF_015904775.1	contig_23	antiSMASH	Terpene-precursor	NA	No	1	8138	8138	NA;HGHDMK_01583;HGHDMK_01584;HGHDMK_01585;HGHDMK_01586;HGHDMK_01587;HGHDMK_01588;HGHDMK_01589;HGHDMK_01590;HGHDMK_01591;HGHDMK_01592;HGHDMK_01593	11	QueE;Fer4_12;PTPS;PT_FPPS_like;GTP_cyclohydroI	NA	NA
GCA_024407655.1	contig_2	deepBGC		0.71967	NA	37522	42617	5095	gnl|Bakta|BCFJPC_00283;gnl|Bakta|BCFJPC_00284;gnl|Bakta|BCFJPC_00285;gnl|Bakta|BCFJPC_00286	4	PF02353;PF08003;PF13489;PF13847;PF01209;PF08241;PF08242;PF13649;PF05175;PF12847;PF06325;PF01135;PF13679;PF08123;PF01555;PF00133;PF09334;PF01406;PF01588;PF08003;PF13489;PF13649;PF08241;PF08242;PF13847	NA	NA
GCA_024407655.1	contig_9	deepBGC		0.53919	NA	8679	9309	630	gnl|Bakta|BCFJPC_00591	1	PF01135;PF00398;PF13489;PF13847;PF13649	NA	NA
GCA_024409265.1	contig_72	antiSMASH	Terpene-precursor	NA	No	1	4596	4596	NA;OKGBHI_01455;OKGBHI_01456;OKGBHI_01457;OKGBHI_01458;OKGBHI_01459;OKGBHI_01460	6	GTP_cyclohydroI;PT_FPPS_like	NA	NA
GCF_030062685.1	contig_1	deepBGC	Other	0.65718	NA	1305780	1309065	3285	gnl|Bakta|GHBNBB_01273;gnl|Bakta|GHBNBB_01274	2	PF02353;PF08003;PF13489;PF01596;PF13847;PF01209;PF08241;PF08242;PF13649;PF05175;PF12847;PF06325;PF01135;PF13679;PF08123;PF01555;PF00133;PF09334;PF01406;PF01588	NA	NA
GCA_024412335.1	contig_15	deepBGC	Polyketide	0.61776	NA	64	2056	1992	gnl|Bakta|LJIDFK_00829;gnl|Bakta|LJIDFK_00830	2	PF02661;PF07690;PF12832;PF05977	NA	NA
GCA_024412335.1	contig_17	deepBGC		0.53601	NA	43348	44545	1197	gnl|Bakta|LJIDFK_00883;gnl|Bakta|LJIDFK_00884	2	PF01209;PF13489;PF13847;PF08241;PF08242;PF13649;PF03653;PF05425	NA	NA
GCA_024412335.1	contig_6	deepBGC		0.53459	NA	219	2067	1848	gnl|Bakta|LJIDFK_00457	1	PF02784	NA	NA
GCA_024412335.1	contig_6	deepBGC	Other	0.64442	NA	3700	8803	5103	gnl|Bakta|LJIDFK_00460;gnl|Bakta|LJIDFK_00461;gnl|Bakta|LJIDFK_00462;gnl|Bakta|LJIDFK_00463	4	PF08003;PF13489;PF13847;PF08241;PF08242;PF13649;PF01588;PF09334;PF01406;PF00133;PF02353;PF08003;PF13489;PF08123;PF06325;PF01209;PF01135;PF05175;PF01596;PF13679;PF12847;PF13847;PF08241;PF08242;PF13649	NA	NA
GCF_014496915.1	contig_8	antiSMASH	Terpene-precursor	NA	No	1	32497	32497	NA;JNPDCF_00459;JNPDCF_00460;JNPDCF_00461;JNPDCF_00462;JNPDCF_00463;JNPDCF_00464;JNPDCF_00465;JNPDCF_00466;JNPDCF_00467;JNPDCF_00468;JNPDCF_00469;JNPDCF_00470;JNPDCF_00471;JNPDCF_00472;JNPDCF_00473;JNPDCF_00474;JNPDCF_00475;JNPDCF_00476;JNPDCF_00477;JNPDCF_00478;JNPDCF_00479;JNPDCF_00480;JNPDCF_00485;JNPDCF_00486;JNPDCF_00487;JNPDCF_00488;JNPDCF_00489;JNPDCF_00490;JNPDCF_00491;JNPDCF_00492;JNPDCF_00493;JNPDCF_00494;JNPDCF_00495;JNPDCF_00496;JNPDCF_00497;JNPDCF_00498;JNPDCF_00499;JNPDCF_00500	38	GTP_cyclohydroI;PT_FPPS_like;PTPS;QueE;Fer4_12	NA	NA
GCA_024412535.1	contig_14	antiSMASH	Terpene-precursor	NA	No	1	58596	58596	NA;MGBBJK_01508;MGBBJK_01509;MGBBJK_01510;MGBBJK_01511;MGBBJK_01512;MGBBJK_01513;MGBBJK_01514;MGBBJK_01515;MGBBJK_01516;MGBBJK_01517;MGBBJK_01518;MGBBJK_01519;MGBBJK_01520;MGBBJK_01521;MGBBJK_01522;MGBBJK_01523;MGBBJK_01524;MGBBJK_01525;MGBBJK_01526;MGBBJK_01527;MGBBJK_01528;MGBBJK_01529;MGBBJK_01530;MGBBJK_01531;MGBBJK_01532;MGBBJK_01533;MGBBJK_01534;MGBBJK_01535;MGBBJK_01536;MGBBJK_01537;MGBBJK_01538;MGBBJK_01539;MGBBJK_01540;MGBBJK_01541;MGBBJK_01542;MGBBJK_01543;MGBBJK_01544;MGBBJK_01545;MGBBJK_01546;MGBBJK_01551;MGBBJK_01552;MGBBJK_01553;MGBBJK_01554;MGBBJK_01555;MGBBJK_01556;MGBBJK_01557;MGBBJK_01558;MGBBJK_01559;MGBBJK_01560;MGBBJK_01561;MGBBJK_01562;MGBBJK_01563;MGBBJK_01564;MGBBJK_01565;MGBBJK_01566;MGBBJK_01567;MGBBJK_01568;MGBBJK_01569;MGBBJK_01570;MGBBJK_01571;MGBBJK_01572	61	QueE;Fer4_12;PTPS;PT_FPPS_like;GTP_cyclohydroI	NA	NA
GCF_014497585.1	contig_21	deepBGC		0.57855	NA	43871	48321	4450	KIFPNJ_01459;gnl|Bakta|KIFPNJ_01460;gnl|Bakta|KIFPNJ_01461	3	PF05378;PF05378;PF01968;PF02538	NA	NA
GCF_014497585.1	contig_3	deepBGC	Saccharide	0.71922	NA	30171	38733	8562	gnl|Bakta|KIFPNJ_00321;gnl|Bakta|KIFPNJ_00322;gnl|Bakta|KIFPNJ_00323;gnl|Bakta|KIFPNJ_00324;gnl|Bakta|KIFPNJ_00325;gnl|Bakta|KIFPNJ_00326;gnl|Bakta|KIFPNJ_00327	7	PF02353;PF08003;PF13489;PF01596;PF13847;PF01209;PF08241;PF08242;PF13649;PF05175;PF12847;PF06325;PF01135;PF13679;PF08123;PF01555;PF00133;PF09334;PF01406;PF01588;PF08003;PF13489;PF13649;PF08241;PF08242;PF13847;PF03061;PF13439;PF13579;PF00534;PF13692;PF02784	NA	NA
GCA_024412135.1	contig_12	antiSMASH	Terpene-precursor	NA	Yes	30852	51763	20912	NA;GCDKME_00637;GCDKME_00638;GCDKME_00639;GCDKME_00640;GCDKME_00641;GCDKME_00642;GCDKME_00643;GCDKME_00644;GCDKME_00645;GCDKME_00646;GCDKME_00647;GCDKME_00648;GCDKME_00649;GCDKME_00650;GCDKME_00651;GCDKME_00652;GCDKME_00653;GCDKME_00654;GCDKME_00655;GCDKME_00656	20	GTP_cyclohydroI;PT_FPPS_like;PTPS;QueE;Fer4_12	NA	NA
GCF_014498845.1	contig_12	antiSMASH	Terpene-precursor	NA	No	1	60608	60608	NA;PJKECB_01308;PJKECB_01309;PJKECB_01310;PJKECB_01311;PJKECB_01312;PJKECB_01313;PJKECB_01314;PJKECB_01315;PJKECB_01316;PJKECB_01317;PJKECB_01318;PJKECB_01319;PJKECB_01320;PJKECB_01321;PJKECB_01322;PJKECB_01323;PJKECB_01324;PJKECB_01325;PJKECB_01326;PJKECB_01327;PJKECB_01328;PJKECB_01329;PJKECB_01330;PJKECB_01331;PJKECB_01332;PJKECB_01333;PJKECB_01334;PJKECB_01335;PJKECB_01336;PJKECB_01337;PJKECB_01338;PJKECB_01339;PJKECB_01340;PJKECB_01341;PJKECB_01342;PJKECB_01343;PJKECB_01344;PJKECB_01345;PJKECB_01346;PJKECB_01351;PJKECB_01352;PJKECB_01353;PJKECB_01354;PJKECB_01355;PJKECB_01356;PJKECB_01357;PJKECB_01358;PJKECB_01359;PJKECB_01360;PJKECB_01361;PJKECB_01362;PJKECB_01363;PJKECB_01364;PJKECB_01365;PJKECB_01366;PJKECB_01367;PJKECB_01368;PJKECB_01369;PJKECB_01370;PJKECB_01371	60	QueE;Fer4_12;PTPS;PT_FPPS_like;GTP_cyclohydroI	NA	NA
GCA_040861105.1	contig_9	deepBGC	Other	0.66453	NA	37885	42986	5101	gnl|Bakta|GFAHDI_01482;gnl|Bakta|GFAHDI_01483;gnl|Bakta|GFAHDI_01484;gnl|Bakta|GFAHDI_01485	4	PF02353;PF08003;PF13489;PF01596;PF13847;PF01209;PF08241;PF08242;PF13649;PF05175;PF12847;PF06325;PF01135;PF13679;PF08123;PF01555;PF09334;PF00133;PF01406;PF15458;PF01588;PF08003;PF13489;PF13649;PF08241;PF08242;PF13847	NA	NA
GCF_011140845.1	contig_17	deepBGC		0.54401	NA	184	2032	1848	gnl|Bakta|FEKAJO_00537	1	PF02784	NA	NA
GCF_011140845.1	contig_17	deepBGC	Other	0.62086	NA	3665	8733	5068	gnl|Bakta|FEKAJO_00540;gnl|Bakta|FEKAJO_00541;gnl|Bakta|FEKAJO_00542;gnl|Bakta|FEKAJO_00543	4	PF08003;PF13489;PF13847;PF08241;PF08242;PF13649;PF01588;PF09334;PF01406;PF00133;PF02353;PF13489;PF08123;PF06325;PF08003;PF01209;PF01135;PF05175;PF01596;PF12847;PF13679;PF13847;PF08241;PF08242;PF13649	NA	NA
GCF_011140845.1	contig_2	deepBGC		0.54589	NA	26016	27229	1213	gnl|Bakta|FEKAJO_00042;gnl|Bakta|FEKAJO_00043;gnl|Bakta|FEKAJO_00044	3	PF00550;PF14573;PF16320;PF13561;PF00106;PF08659	NA	NA
GCF_011140845.1	contig_8	deepBGC		0.58624	NA	15588	23308	7720	gnl|Bakta|FEKAJO_00253;gnl|Bakta|FEKAJO_00254;gnl|Bakta|FEKAJO_00255;gnl|Bakta|FEKAJO_00256;gnl|Bakta|FEKAJO_00259;gnl|Bakta|FEKAJO_00260;gnl|Bakta|FEKAJO_00261	7	PF01135;PF00398;PF13489;PF13847;PF13649;PF03739;PF01416;PF16363;PF01370;PF07993;PF04321;PF02719;PF01073;PF13460;PF08659;PF00106;PF01370;PF08659;PF13561;PF08238;PF07719	NA	NA
GCF_011140845.1	contig_8	deepBGC		0.51359	NA	24022	25849	1827	gnl|Bakta|FEKAJO_00263	1	PF00920	NA	NA
GCF_011140845.1	contig_8	deepBGC	NRP	0.53763	NA	29052	30872	1820	gnl|Bakta|FEKAJO_00267;gnl|Bakta|FEKAJO_00268	2	PF08240;PF02826;PF01262;PF03446;PF00107;PF01501	NA	NA
GCF_014496155.1	contig_9	antiSMASH	Terpene-precursor	NA	No	1	25832	25832	NA;MJDIFO_00701;MJDIFO_00702;MJDIFO_00703;MJDIFO_00704;MJDIFO_00705;MJDIFO_00706;MJDIFO_00707;MJDIFO_00708;MJDIFO_00709;MJDIFO_00710;MJDIFO_00711;MJDIFO_00712;MJDIFO_00713;MJDIFO_00714;MJDIFO_00715;MJDIFO_00716;MJDIFO_00717;MJDIFO_00718;MJDIFO_00719;MJDIFO_00720;MJDIFO_00721;MJDIFO_00722;MJDIFO_00727;MJDIFO_00728;MJDIFO_00729;MJDIFO_00730;MJDIFO_00731;MJDIFO_00732;MJDIFO_00733;MJDIFO_00734;MJDIFO_00735;MJDIFO_00736	32	GTP_cyclohydroI;PT_FPPS_like;PTPS;QueE;Fer4_12;PF00881	NA	NA
GCF_003639665.1	contig_4	antiSMASH	Terpene-precursor	NA	No	1	48962	48962	NA;IADELN_00629;IADELN_00632;IADELN_00633;IADELN_00634;IADELN_00635;IADELN_00636;IADELN_00637;IADELN_00638;IADELN_00639;IADELN_00640;IADELN_00641;IADELN_00642;IADELN_00643;IADELN_00644;IADELN_00645;IADELN_00646;IADELN_00647;IADELN_00648;IADELN_00649;IADELN_00650;IADELN_00651;IADELN_00652;IADELN_00653;IADELN_00654;IADELN_00655;IADELN_00656;IADELN_00657;IADELN_00658;IADELN_00659;IADELN_00660;IADELN_00661;IADELN_00662;IADELN_00663;IADELN_00664;IADELN_00665;IADELN_00666	36	GTP_cyclohydroI;PT_FPPS_like;PTPS;QueE;Fer4_12	NA	NA
GCF_015904775.1	contig_10	deepBGC		0.67967	NA	37783	46832	9049	gnl|Bakta|HGHDMK_01193;gnl|Bakta|HGHDMK_01194;gnl|Bakta|HGHDMK_01195;gnl|Bakta|HGHDMK_01196;gnl|Bakta|HGHDMK_01197;gnl|Bakta|HGHDMK_01198;gnl|Bakta|HGHDMK_01199;gnl|Bakta|HGHDMK_01200;gnl|Bakta|HGHDMK_01201	9	PF02353;PF08003;PF13489;PF01596;PF13847;PF01209;PF08241;PF08242;PF13649;PF05175;PF12847;PF06325;PF01135;PF13679;PF08123;PF01555;PF09334;PF00133;PF01406;PF01588;PF08003;PF13489;PF13649;PF08241;PF08242;PF13847;PF03061;PF13439;PF00534;PF13692;PF02784;PF07927;PF15919	NA	NA
GCF_015904775.1	contig_17	deepBGC		0.50263	NA	31291	32092	801	gnl|Bakta|HGHDMK_01488	1	PF01501	NA	NA
GCF_015904775.1	contig_21	deepBGC	RiPP	0.80475	NA	1191	11231	10040	gnl|Bakta|HGHDMK_01560;gnl|Bakta|HGHDMK_01561;gnl|Bakta|HGHDMK_01562;gnl|Bakta|HGHDMK_01563;gnl|Bakta|HGHDMK_01564;gnl|Bakta|HGHDMK_01565;gnl|Bakta|HGHDMK_01566;gnl|Bakta|HGHDMK_01567;gnl|Bakta|HGHDMK_01568;gnl|Bakta|HGHDMK_01569;gnl|Bakta|HGHDMK_01570;gnl|Bakta|HGHDMK_01571	12	PF00881;PF02624;PF02624;PF15738;PF05016;PF05713;PF00899;PF07690;PF05977;PF02661	NA	NA
GCA_024406505.1	contig_11	antiSMASH	Azole-containing-RiPP	NA	No	1	13825	13825	NA;EFOAJM_00631;EFOAJM_00632;EFOAJM_00633;EFOAJM_00634;EFOAJM_00635;EFOAJM_00636;EFOAJM_00637;EFOAJM_00638;EFOAJM_00639;EFOAJM_00640;EFOAJM_00641;EFOAJM_00642;EFOAJM_00643;EFOAJM_00644;EFOAJM_00645	15	PF00881;YcaO;ThiF	NA	NA
GCA_024406505.1	contig_23	antiSMASH	Terpene-precursor	NA	No	1	78009	78009	NA;EFOAJM_01440;EFOAJM_01441;EFOAJM_01442;EFOAJM_01443;EFOAJM_01444;EFOAJM_01445;EFOAJM_01446;EFOAJM_01447;EFOAJM_01448;EFOAJM_01449;EFOAJM_01450;EFOAJM_01451;EFOAJM_01452;EFOAJM_01453;EFOAJM_01454;EFOAJM_01455;EFOAJM_01456;EFOAJM_01457;EFOAJM_01458;EFOAJM_01459;EFOAJM_01460;EFOAJM_01465;EFOAJM_01466;EFOAJM_01467;EFOAJM_01468;EFOAJM_01469;EFOAJM_01470;EFOAJM_01471;EFOAJM_01472;EFOAJM_01473;EFOAJM_01474;EFOAJM_01475;EFOAJM_01476;EFOAJM_01477;EFOAJM_01478;EFOAJM_01479;EFOAJM_01480;EFOAJM_01481;EFOAJM_01482;EFOAJM_01483;EFOAJM_01484;EFOAJM_01485;EFOAJM_01486;EFOAJM_01487;EFOAJM_01488;EFOAJM_01489;EFOAJM_01490;EFOAJM_01491;EFOAJM_01492;EFOAJM_01493;EFOAJM_01494;EFOAJM_01495;EFOAJM_01496;EFOAJM_01497;EFOAJM_01498;EFOAJM_01499;EFOAJM_01500;EFOAJM_01501;EFOAJM_01502;EFOAJM_01503;EFOAJM_01504;EFOAJM_01505;EFOAJM_01506;EFOAJM_01507;EFOAJM_01508;EFOAJM_01509;EFOAJM_01510;EFOAJM_01511;EFOAJM_01512;EFOAJM_01513;EFOAJM_01514;EFOAJM_01515;EFOAJM_01516;EFOAJM_01517	74	GTP_cyclohydroI;PT_FPPS_like;PTPS;QueE;Fer4_12	NA	NA
GCF_003639905.1	contig_20	antiSMASH	Terpene-precursor	NA	No	1	8559	8559	NA;PNEEKC_00978;PNEEKC_00979;PNEEKC_00980;PNEEKC_00981;PNEEKC_00982;PNEEKC_00983;PNEEKC_00984;PNEEKC_00985;PNEEKC_00986;PNEEKC_00987;PNEEKC_00988;PNEEKC_00989;PNEEKC_00990	13	GTP_cyclohydroI;PT_FPPS_like;PTPS;QueE;Fer4_12	NA	NA
GCF_014496905.1	contig_20	deepBGC		0.62292	NA	91461	94962	3501	gnl|Bakta|KBBAJJ_01347;gnl|Bakta|KBBAJJ_01348;gnl|Bakta|KBBAJJ_01349	3	PF11697;PF08541;PF08545;PF00195;PF00108;PF07451	NA	NA
GCF_014496905.1	contig_4	deepBGC		0.70527	NA	31032	39598	8566	gnl|Bakta|KBBAJJ_00438;gnl|Bakta|KBBAJJ_00439;gnl|Bakta|KBBAJJ_00440;gnl|Bakta|KBBAJJ_00441;gnl|Bakta|KBBAJJ_00442;gnl|Bakta|KBBAJJ_00443;gnl|Bakta|KBBAJJ_00444	7	PF02353;PF08003;PF13489;PF01596;PF13847;PF01209;PF08241;PF08242;PF13649;PF05175;PF12847;PF06325;PF01135;PF13679;PF08123;PF01555;PF00133;PF09334;PF01406;PF01588;PF08003;PF13489;PF13649;PF08241;PF08242;PF13847;PF03061;PF13439;PF00534;PF13692;PF02784	NA	NA
GCF_002983705	contig_1	GECCO	Unknown	0.9947023387223896	NA	926018	929732	3714	contig_1_853;contig_1_854;contig_1_855;contig_1_856;contig_1_857	5	PF01041;PF06306;PF06306	NA	IPR010446;IPR010446;IPR000653
GCF_003639165.1	contig_15	deepBGC	Saccharide	0.81475	NA	37696	46248	8552	gnl|Bakta|EDBLCD_00895;gnl|Bakta|EDBLCD_00896;EDBLCD_00897;gnl|Bakta|EDBLCD_00898;gnl|Bakta|EDBLCD_00899;gnl|Bakta|EDBLCD_00900;gnl|Bakta|EDBLCD_00901;gnl|Bakta|EDBLCD_00902	8	PF02353;PF08003;PF13489;PF01596;PF13847;PF01209;PF08241;PF08242;PF13649;PF05175;PF12847;PF06325;PF01135;PF13679;PF08123;PF00133;PF09334;PF01406;PF01588;PF08003;PF13489;PF13649;PF08241;PF08242;PF13847;PF03061;PF13439;PF13579;PF00534;PF13692;PF02784	NA	NA
GCF_003639165.1	contig_20	deepBGC	Polyketide	0.66747	NA	66	12924	12858	gnl|Bakta|EDBLCD_00983;gnl|Bakta|EDBLCD_00984;gnl|Bakta|EDBLCD_00985;gnl|Bakta|EDBLCD_00986;gnl|Bakta|EDBLCD_00987;gnl|Bakta|EDBLCD_00988;gnl|Bakta|EDBLCD_00989;gnl|Bakta|EDBLCD_00990;gnl|Bakta|EDBLCD_00991;gnl|Bakta|EDBLCD_00992;gnl|Bakta|EDBLCD_00993	11	PF09564;PF08882;PF02538;PF01968;PF05378;PF09982;PF02667;PF03606;PF03806;PF03600;PF01144;PF13336;PF01144;PF02803;PF00108;PF00109;PF01219	NA	NA
GCF_003639165.1	contig_40	deepBGC		0.52763	NA	529	1135	606	gnl|Bakta|EDBLCD_01363	1	PF11697	NA	NA
GCF_014498545.1	contig_20	deepBGC		0.61728	NA	868	2907	2039	gnl|Bakta|FIPHBK_00796;gnl|Bakta|FIPHBK_00797	2	PF08541;PF08545;PF00195;PF00108;PF07451;PF02504	NA	NA
GCF_014498545.1	contig_4	deepBGC		0.6292	NA	30447	39014	8567	gnl|Bakta|FIPHBK_00340;gnl|Bakta|FIPHBK_00341;gnl|Bakta|FIPHBK_00342;gnl|Bakta|FIPHBK_00343;gnl|Bakta|FIPHBK_00344;gnl|Bakta|FIPHBK_00345;gnl|Bakta|FIPHBK_00346	7	PF02353;PF08003;PF13489;PF01596;PF13847;PF01209;PF08241;PF08242;PF13649;PF05175;PF12847;PF06325;PF01135;PF13679;PF08123;PF01555;PF00133;PF09334;PF01406;PF01588;PF08003;PF13489;PF13649;PF08241;PF08242;PF05219;PF13847;PF03061;PF13439;PF00534;PF13692;PF02784	NA	NA
GCA_024412405.1	contig_20	antiSMASH	Terpene-precursor	NA	No	1	8129	8129	NA;PIOKIL_00845;PIOKIL_00846;PIOKIL_00847;PIOKIL_00848;PIOKIL_00849;PIOKIL_00850;PIOKIL_00851;PIOKIL_00852;PIOKIL_00853;PIOKIL_00854;PIOKIL_00855;PIOKIL_00856	12	GTP_cyclohydroI;PT_FPPS_like;PTPS;QueE;Fer4_12	NA	NA
GCF_011175375.1	contig_14	antiSMASH	Terpene-precursor	NA	No	1	57889	57889	NA;EKPGAP_01497;EKPGAP_01498;EKPGAP_01499;EKPGAP_01500;EKPGAP_01501;EKPGAP_01502;EKPGAP_01503;EKPGAP_01504;EKPGAP_01505;EKPGAP_01506;EKPGAP_01507;EKPGAP_01508;EKPGAP_01509;EKPGAP_01510;EKPGAP_01511;EKPGAP_01512;EKPGAP_01513;EKPGAP_01514;EKPGAP_01515;EKPGAP_01516;EKPGAP_01517;EKPGAP_01518;EKPGAP_01519;EKPGAP_01524;EKPGAP_01525;EKPGAP_01526;EKPGAP_01527;EKPGAP_01528;EKPGAP_01529;EKPGAP_01530;EKPGAP_01531;EKPGAP_01532;EKPGAP_01533;EKPGAP_01534;EKPGAP_01535;EKPGAP_01536;EKPGAP_01537;EKPGAP_01538;EKPGAP_01539;EKPGAP_01540;EKPGAP_01541;EKPGAP_01542;EKPGAP_01543;EKPGAP_01544;EKPGAP_01545;EKPGAP_01546;EKPGAP_01547;EKPGAP_01548;EKPGAP_01549;EKPGAP_01550;EKPGAP_01551;EKPGAP_01552;EKPGAP_01553;EKPGAP_01554;EKPGAP_01555;EKPGAP_01556;EKPGAP_01557	57	GTP_cyclohydroI;PT_FPPS_like;PTPS;QueE;Fer4_12	NA	NA
GCF_026222655.1	contig_1	deepBGC	Other	0.61937	NA	1369804	1374895	5091	gnl|Bakta|PGNCEP_01345;gnl|Bakta|PGNCEP_01346;gnl|Bakta|PGNCEP_01347;gnl|Bakta|PGNCEP_01348	4	PF02353;PF08003;PF13489;PF01596;PF13847;PF01209;PF08241;PF08242;PF13649;PF05175;PF12847;PF06325;PF01135;PF13679;PF08123;PF01555;PF00133;PF09334;PF01406;PF01588;PF08003;PF13489;PF13649;PF08241;PF08242;PF13847	NA	NA
GCF_015904825.1	contig_15	deepBGC		0.53161	NA	197	2045	1848	gnl|Bakta|OOHBFH_01384	1	PF02784	NA	NA
GCF_015904825.1	contig_15	deepBGC		0.62272	NA	3677	8786	5109	gnl|Bakta|OOHBFH_01387;gnl|Bakta|OOHBFH_01388;gnl|Bakta|OOHBFH_01389;gnl|Bakta|OOHBFH_01390	4	PF08003;PF13489;PF13847;PF08241;PF08242;PF13649;PF01588;PF09334;PF01406;PF00133;PF02353;PF08003;PF13489;PF08123;PF01209;PF06325;PF01135;PF05175;PF13679;PF12847;PF13847;PF08241;PF08242;PF13649	NA	NA
GCF_011140825.1	contig_41	deepBGC	Polyketide	0.76445	NA	113	13734	13621	gnl|Bakta|OIKBDC_01391;gnl|Bakta|OIKBDC_01392;gnl|Bakta|OIKBDC_01393;gnl|Bakta|OIKBDC_01394;gnl|Bakta|OIKBDC_01395;gnl|Bakta|OIKBDC_01396;gnl|Bakta|OIKBDC_01397;gnl|Bakta|OIKBDC_01398;gnl|Bakta|OIKBDC_01399;gnl|Bakta|OIKBDC_01400;gnl|Bakta|OIKBDC_01403;gnl|Bakta|OIKBDC_01404	12	PF01501;PF00107;PF03446;PF02826;PF01262;PF08240;PF02685;PF01182;PF02781;PF00479;PF00920;PF01081;PF07719;PF00515;PF08238;PF13561;PF00106;PF01370;PF08659;PF04321;PF00106;PF16363;PF01370;PF02719;PF01073;PF08659;PF07993;PF13460;PF01416	NA	NA
GCF_011140825.1	contig_41	deepBGC		0.75426	NA	14782	17889	3107	gnl|Bakta|OIKBDC_01406;gnl|Bakta|OIKBDC_01407;gnl|Bakta|OIKBDC_01409	3	PF01135;PF13847;PF13649;PF00398;PF00268;PF01041;PF00266;PF01053;PF00155	NA	NA
GCF_011140825.1	contig_5	deepBGC	Other	0.57758	NA	6799	11863	5064	gnl|Bakta|OIKBDC_00101;gnl|Bakta|OIKBDC_00102;gnl|Bakta|OIKBDC_00103;gnl|Bakta|OIKBDC_00104	4	PF08003;PF13489;PF13847;PF08241;PF08242;PF13649;PF01588;PF09334;PF01406;PF00133;PF02353;PF13489;PF08123;PF06325;PF08003;PF01209;PF01135;PF05175;PF01596;PF12847;PF13679;PF13847;PF08241;PF08242;PF13649	NA	NA
GCA_024407315.1	contig_6	deepBGC		0.50896	NA	7435	8233	798	gnl|Bakta|NEAPKL_00538	1	PF08003;PF13489;PF13847;PF08241;PF08242;PF13649	NA	NA
GCF_006337345.1	contig_1	antiSMASH	Terpene-precursor	NA	Yes	1119325	1140236	20912	LHMONH_01086;LHMONH_01087;LHMONH_01088;LHMONH_01089;LHMONH_01090;LHMONH_01091;LHMONH_01092;LHMONH_01093;LHMONH_01094;LHMONH_01095;LHMONH_01096;LHMONH_01097;LHMONH_01098;LHMONH_01099;LHMONH_01100;LHMONH_01101;LHMONH_01102;LHMONH_01103	18	GTP_cyclohydroI;PT_FPPS_like;PTPS;QueE;Fer4_12	NA	NA
GCF_035621315.1	contig_1	deepBGC		0.50033	NA	874302	875055	753	gnl|Bakta|IGIOED_00849	1	PF00106;PF08659;PF13561	NA	NA
GCF_035621315.1	contig_1	deepBGC		0.51931	NA	1225175	1226406	1231	gnl|Bakta|IGIOED_01203;gnl|Bakta|IGIOED_01204	2	PF01209;PF13489;PF13847;PF08241;PF08242;PF13649;PF03653;PF05425	NA	NA
GCA_040861245.1	contig_10	deepBGC	Saccharide	0.65106	NA	37906	46949	9043	gnl|Bakta|MLNEJA_01271;gnl|Bakta|MLNEJA_01272;gnl|Bakta|MLNEJA_01273;gnl|Bakta|MLNEJA_01274;gnl|Bakta|MLNEJA_01275;gnl|Bakta|MLNEJA_01276;gnl|Bakta|MLNEJA_01277;gnl|Bakta|MLNEJA_01278;gnl|Bakta|MLNEJA_01279	9	PF02353;PF08003;PF13489;PF01596;PF13847;PF01209;PF08241;PF08242;PF13649;PF05175;PF12847;PF06325;PF01135;PF13679;PF08123;PF01555;PF00133;PF09334;PF01406;PF01588;PF08003;PF13489;PF13649;PF08241;PF08242;PF13847;PF03061;PF13439;PF13579;PF00534;PF13692;PF02784;PF07927;PF15919	NA	NA
GCA_040861245.1	contig_11	deepBGC		0.59182	NA	16731	23016	6285	gnl|Bakta|MLNEJA_01306;gnl|Bakta|MLNEJA_01307;gnl|Bakta|MLNEJA_01308;gnl|Bakta|MLNEJA_01309;gnl|Bakta|MLNEJA_01312;gnl|Bakta|MLNEJA_01313	6	PF01135;PF00398;PF13489;PF13847;PF13649;PF03739;PF01416;PF16363;PF01370;PF07993;PF04321;PF02719;PF01073;PF13460;PF08659;PF00106;PF08659;PF01370;PF13561	NA	NA
GCA_040862115.1	contig_8	deepBGC		0.53709	NA	7061	7847	786	gnl|Bakta|BNKIKK_01365	1	PF08003;PF13489;PF13847;PF08241;PF08242;PF13649	NA	NA
GCF_037862055.1	contig_18	deepBGC		0.55454	NA	15007	15307	300	gnl|Bakta|GMGAID_01463	1	PF07883	NA	NA
GCF_037862055.1	contig_3	deepBGC	Polyketide	0.54505	NA	49707	50460	753	gnl|Bakta|GMGAID_00517	1	PF13561;PF00106;PF08659;PF01370	NA	NA
GCF_037862055.1	contig_3	deepBGC		0.63626	NA	55357	57022	1665	gnl|Bakta|GMGAID_00524;gnl|Bakta|GMGAID_00525	2	PF01135;PF13847;PF13649;PF00398;PF13489;PF00268	NA	NA
GCF_037862055.1	contig_3	deepBGC		0.55484	NA	60839	61643	804	gnl|Bakta|GMGAID_00531	1	PF05050	NA	NA
GCF_037862055.1	contig_3	deepBGC	Saccharide	0.67488	NA	109948	116650	6702	gnl|Bakta|GMGAID_00581;gnl|Bakta|GMGAID_00582;gnl|Bakta|GMGAID_00583;gnl|Bakta|GMGAID_00584;gnl|Bakta|GMGAID_00585;gnl|Bakta|GMGAID_00586	6	PF02353;PF08003;PF13489;PF01596;PF13847;PF01209;PF08241;PF08242;PF13649;PF05175;PF12847;PF06325;PF01135;PF13679;PF08123;PF01555;PF09334;PF00133;PF01406;PF01588;PF08003;PF13489;PF13649;PF08241;PF08242;PF13847;PF03061;PF13439;PF13579;PF00534;PF13692	NA	NA
GCF_014498895.1	contig_16	deepBGC		0.66144	NA	37625	44335	6710	gnl|Bakta|MCBJJK_01368;gnl|Bakta|MCBJJK_01369;gnl|Bakta|MCBJJK_01370;gnl|Bakta|MCBJJK_01371;gnl|Bakta|MCBJJK_01372;gnl|Bakta|MCBJJK_01373	6	PF02353;PF08003;PF13489;PF01596;PF13847;PF01209;PF08241;PF08242;PF13649;PF05175;PF12847;PF06325;PF01135;PF13679;PF08123;PF01555;PF00133;PF09334;PF01406;PF01588;PF08003;PF13489;PF13649;PF08241;PF08242;PF13847;PF03061;PF13439;PF00534;PF13692	NA	NA
GCA_040861085.1	contig_12	deepBGC	Saccharide	0.73214	NA	37776	46842	9066	gnl|Bakta|KFLGFO_01070;gnl|Bakta|KFLGFO_01071;gnl|Bakta|KFLGFO_01072;gnl|Bakta|KFLGFO_01073;gnl|Bakta|KFLGFO_01074;gnl|Bakta|KFLGFO_01075;gnl|Bakta|KFLGFO_01076;gnl|Bakta|KFLGFO_01077	8	PF02353;PF08003;PF13489;PF01596;PF13847;PF01209;PF08241;PF08242;PF13649;PF05175;PF12847;PF06325;PF01135;PF13679;PF08123;PF01555;PF00133;PF09334;PF01406;PF01588;PF08003;PF13489;PF13649;PF08241;PF08242;PF13847;PF03061;PF13439;PF13579;PF00534;PF13692;PF02784;PF15919	NA	NA
GCA_040861085.1	contig_15	deepBGC		0.50379	NA	33358	33658	300	gnl|Bakta|KFLGFO_01202	1	PF07883	NA	NA
GCA_040862225.1	contig_1	antiSMASH	Terpene-precursor	NA	No	1	354528	354528	HBMJOK_00354;HBMJOK_00001;HBMJOK_00002;HBMJOK_00003;HBMJOK_00004;HBMJOK_00005;HBMJOK_00006;HBMJOK_00007;HBMJOK_00008;HBMJOK_00009;HBMJOK_00010;HBMJOK_00011;HBMJOK_00012;HBMJOK_00013;HBMJOK_00014;HBMJOK_00015;HBMJOK_00016;HBMJOK_00017;HBMJOK_00018;HBMJOK_00019;HBMJOK_00021;HBMJOK_00025;HBMJOK_00026;HBMJOK_00027;HBMJOK_00028;HBMJOK_00029;HBMJOK_00030;HBMJOK_00031;HBMJOK_00032;HBMJOK_00033;HBMJOK_00034;HBMJOK_00035;HBMJOK_00036;HBMJOK_00037;HBMJOK_00038;HBMJOK_00039;HBMJOK_00040;HBMJOK_00041;HBMJOK_00042;HBMJOK_00043;HBMJOK_00044;HBMJOK_00045;HBMJOK_00046;HBMJOK_00047;HBMJOK_00048;HBMJOK_00049;HBMJOK_00050;HBMJOK_00051;HBMJOK_00052;HBMJOK_00053;HBMJOK_00054;HBMJOK_00055;HBMJOK_00056;HBMJOK_00057;HBMJOK_00058;HBMJOK_00059;HBMJOK_00060;HBMJOK_00061;HBMJOK_00062;HBMJOK_00063;HBMJOK_00064;HBMJOK_00065;HBMJOK_00066;HBMJOK_00067;HBMJOK_00068;HBMJOK_00069;HBMJOK_00070;HBMJOK_00072;HBMJOK_00073;HBMJOK_00074;HBMJOK_00075;HBMJOK_00076;HBMJOK_00077;HBMJOK_00078;HBMJOK_00079;HBMJOK_00080;HBMJOK_00081;HBMJOK_00082;HBMJOK_00083;HBMJOK_00084;HBMJOK_00085;HBMJOK_00086;HBMJOK_00087;HBMJOK_00088;HBMJOK_00089;HBMJOK_00090;HBMJOK_00091;HBMJOK_00092;HBMJOK_00093;HBMJOK_00094;HBMJOK_00095;HBMJOK_00096;HBMJOK_00097;HBMJOK_00098;HBMJOK_00099;HBMJOK_00100;HBMJOK_00101;HBMJOK_00102;HBMJOK_00103;HBMJOK_00104;HBMJOK_00105;HBMJOK_00106;HBMJOK_00107;HBMJOK_00108;HBMJOK_00109;HBMJOK_00110;HBMJOK_00111;HBMJOK_00112;HBMJOK_00113;HBMJOK_00114;HBMJOK_00115;HBMJOK_00116;HBMJOK_00117;HBMJOK_00118;HBMJOK_00119;HBMJOK_00120;HBMJOK_00121;HBMJOK_00122;HBMJOK_00123;HBMJOK_00124;HBMJOK_00125;HBMJOK_00126;HBMJOK_00127;HBMJOK_00128;HBMJOK_00129;HBMJOK_00130;HBMJOK_00131;HBMJOK_00132;HBMJOK_00133;HBMJOK_00134;HBMJOK_00135;HBMJOK_00136;HBMJOK_00137;HBMJOK_00138;HBMJOK_00139;HBMJOK_00140;HBMJOK_00141;HBMJOK_00142;HBMJOK_00143;HBMJOK_00144;HBMJOK_00145;HBMJOK_00146;HBMJOK_00148;HBMJOK_00149;HBMJOK_00150;HBMJOK_00151;HBMJOK_00152;HBMJOK_00153;HBMJOK_00154;HBMJOK_00155;HBMJOK_00156;HBMJOK_00157;HBMJOK_00158;HBMJOK_00159;HBMJOK_00160;HBMJOK_00161;HBMJOK_00162;HBMJOK_00163;HBMJOK_00164;HBMJOK_00165;HBMJOK_00166;HBMJOK_00167;HBMJOK_00168;HBMJOK_00169;HBMJOK_00170;HBMJOK_00172;HBMJOK_00173;HBMJOK_00174;HBMJOK_00175;HBMJOK_00176;HBMJOK_00177;HBMJOK_00178;HBMJOK_00179;HBMJOK_00180;HBMJOK_00181;HBMJOK_00182;HBMJOK_00183;HBMJOK_00184;HBMJOK_00185;HBMJOK_00186;HBMJOK_00187;HBMJOK_00188;HBMJOK_00189;HBMJOK_00190;HBMJOK_00191;HBMJOK_00192;HBMJOK_00193;HBMJOK_00194;HBMJOK_00195;HBMJOK_00196;HBMJOK_00197;HBMJOK_00198;HBMJOK_00199;HBMJOK_00200;HBMJOK_00201;HBMJOK_00202;HBMJOK_00203;HBMJOK_00204;HBMJOK_00205;HBMJOK_00206;HBMJOK_00207;HBMJOK_00208;HBMJOK_00209;HBMJOK_00210;HBMJOK_00211;HBMJOK_00212;HBMJOK_00213;HBMJOK_00214;HBMJOK_00215;HBMJOK_00216;HBMJOK_00217;HBMJOK_00218;HBMJOK_00219;HBMJOK_00220;HBMJOK_00221;HBMJOK_00222;HBMJOK_00223;HBMJOK_00224;HBMJOK_00225;HBMJOK_00226;HBMJOK_00227;HBMJOK_00228;HBMJOK_00229;HBMJOK_00230;HBMJOK_00231;HBMJOK_00232;HBMJOK_00233;HBMJOK_00234;HBMJOK_00235;HBMJOK_00236;HBMJOK_00237;HBMJOK_00238;HBMJOK_00239;HBMJOK_00240;HBMJOK_00241;HBMJOK_00242;HBMJOK_00243;HBMJOK_00244;HBMJOK_00245;HBMJOK_00246;HBMJOK_00247;HBMJOK_00248;HBMJOK_00249;HBMJOK_00250;HBMJOK_00251;HBMJOK_00252;HBMJOK_00253;HBMJOK_00254;HBMJOK_00255;HBMJOK_00256;HBMJOK_00257;HBMJOK_00258;HBMJOK_00259;HBMJOK_00260;HBMJOK_00261;HBMJOK_00262;HBMJOK_00263;HBMJOK_00264;HBMJOK_00265;HBMJOK_00266;HBMJOK_00267;HBMJOK_00268;HBMJOK_00269;HBMJOK_00270;HBMJOK_00271;HBMJOK_00272;HBMJOK_00273;HBMJOK_00274;HBMJOK_00275;HBMJOK_00276;HBMJOK_00277;HBMJOK_00278;HBMJOK_00279;HBMJOK_00280;HBMJOK_00281;HBMJOK_00282;HBMJOK_00283;HBMJOK_00284;HBMJOK_00285;HBMJOK_00286;HBMJOK_00287;HBMJOK_00288;HBMJOK_00289;HBMJOK_00290;HBMJOK_00291;HBMJOK_00292;HBMJOK_00293;HBMJOK_00294;HBMJOK_00295;HBMJOK_00296;HBMJOK_00297;HBMJOK_00298;HBMJOK_00299;HBMJOK_00300;HBMJOK_00301;HBMJOK_00302;HBMJOK_00303;HBMJOK_00304;HBMJOK_00305;HBMJOK_00306;HBMJOK_00307;HBMJOK_00308;HBMJOK_00309;HBMJOK_00310;HBMJOK_00312;HBMJOK_00313;HBMJOK_00314;HBMJOK_00315;HBMJOK_00316;HBMJOK_00317;HBMJOK_00318;HBMJOK_00319;HBMJOK_00320;HBMJOK_00321;HBMJOK_00322;HBMJOK_00323;HBMJOK_00324;HBMJOK_00325;HBMJOK_00326;HBMJOK_00329;HBMJOK_00330;HBMJOK_00332;HBMJOK_00333;HBMJOK_00334;HBMJOK_00335;HBMJOK_00336;HBMJOK_00337;HBMJOK_00338;HBMJOK_00339;HBMJOK_00340;HBMJOK_00341;HBMJOK_00342;HBMJOK_00343;HBMJOK_00344;HBMJOK_00345;HBMJOK_00346;HBMJOK_00347;HBMJOK_00348;HBMJOK_00349;HBMJOK_00350;HBMJOK_00351;HBMJOK_00352;HBMJOK_00353	343	GTP_cyclohydroI;PT_FPPS_like;PTPS;QueE;Fer4_12	NA	NA
GCF_040821695.1	contig_20	deepBGC		0.64422	NA	4478	9404	4926	gnl|Bakta|JOHIOI_00731;gnl|Bakta|JOHIOI_00732;gnl|Bakta|JOHIOI_00733;gnl|Bakta|JOHIOI_00734;gnl|Bakta|JOHIOI_00735;gnl|Bakta|JOHIOI_00736;gnl|Bakta|JOHIOI_00737;gnl|Bakta|JOHIOI_00738	8	PF13671;PF08433;PF13672;PF13672;PF13519	NA	NA
GCF_011140415.1	contig_20	deepBGC	Saccharide	0.69636	NA	37552	46083	8531	gnl|Bakta|AOANDE_00827;gnl|Bakta|AOANDE_00828;gnl|Bakta|AOANDE_00829;gnl|Bakta|AOANDE_00830;gnl|Bakta|AOANDE_00831;gnl|Bakta|AOANDE_00832;gnl|Bakta|AOANDE_00833	7	PF02353;PF08003;PF13489;PF13847;PF01209;PF08241;PF08242;PF13649;PF05175;PF12847;PF06325;PF01135;PF13679;PF08123;PF01555;PF09334;PF00133;PF01406;PF01588;PF08003;PF13489;PF13649;PF08241;PF08242;PF13847;PF03061;PF13439;PF13579;PF00534;PF13692;PF02784	NA	NA
GCF_011140415.1	contig_21	deepBGC	Polyketide	0.69929	NA	83	22249	22166	gnl|Bakta|AOANDE_00837;gnl|Bakta|AOANDE_00838;gnl|Bakta|AOANDE_00839;gnl|Bakta|AOANDE_00840;gnl|Bakta|AOANDE_00841;gnl|Bakta|AOANDE_00843;gnl|Bakta|AOANDE_00844;gnl|Bakta|AOANDE_00845;gnl|Bakta|AOANDE_00846;gnl|Bakta|AOANDE_00847;gnl|Bakta|AOANDE_00850;gnl|Bakta|AOANDE_00851;gnl|Bakta|AOANDE_00852;gnl|Bakta|AOANDE_00853;gnl|Bakta|AOANDE_00854;gnl|Bakta|AOANDE_00855;gnl|Bakta|AOANDE_00856;gnl|Bakta|AOANDE_00857;gnl|Bakta|AOANDE_00858;gnl|Bakta|AOANDE_00859;gnl|Bakta|AOANDE_00860	21	PF13411;PF00376;PF00239;PF07282;PF01041;PF00266;PF00268;PF01135;PF00398;PF13489;PF13847;PF13649;PF03739;PF01416;PF16363;PF01370;PF07993;PF04321;PF02719;PF01073;PF08659;PF00106;PF00106;PF01370;PF08659;PF13561;PF08238;PF07719;PF01081;PF00920;PF00479;PF02781;PF01182;PF02685;PF08240;PF02826;PF01262;PF03446;PF00107;PF01501;PF01501	NA	NA
GCF_014498465.1	contig_16	deepBGC		0.62292	NA	104346	107847	3501	gnl|Bakta|LAMBAN_01230;gnl|Bakta|LAMBAN_01231;gnl|Bakta|LAMBAN_01232	3	PF11697;PF08541;PF08545;PF00195;PF00108;PF07451	NA	NA
GCF_014498465.1	contig_3	deepBGC		0.54297	NA	300	8196	7896	gnl|Bakta|LAMBAN_00335;gnl|Bakta|LAMBAN_00336;LAMBAN_00337;gnl|Bakta|LAMBAN_00338;gnl|Bakta|LAMBAN_00339;gnl|Bakta|LAMBAN_00340	6	PF03235;PF07510;PF02784	NA	NA
GCF_014498465.1	contig_3	deepBGC	Other	0.68234	NA	9827	14914	5087	gnl|Bakta|LAMBAN_00343;gnl|Bakta|LAMBAN_00344;gnl|Bakta|LAMBAN_00345;gnl|Bakta|LAMBAN_00346	4	PF08003;PF13489;PF13847;PF08241;PF08242;PF13649;PF01588;PF09334;PF01406;PF00133;PF01555;PF02353;PF13489;PF08123;PF06325;PF08003;PF01209;PF01135;PF05175;PF01596;PF12847;PF13679;PF13847;PF08241;PF08242;PF13649	NA	NA
GCF_040821875.1	contig_3	antiSMASH	Terpene-precursor	NA	No	1	46186	46186	NA;BJPEML_00090;BJPEML_00091;BJPEML_00092;BJPEML_00093;BJPEML_00094;BJPEML_00095;BJPEML_00096;BJPEML_00097;BJPEML_00098;BJPEML_00099;BJPEML_00100;BJPEML_00101;BJPEML_00102;BJPEML_00103;BJPEML_00104;BJPEML_00105;BJPEML_00106;BJPEML_00107;BJPEML_00108;BJPEML_00109;BJPEML_00110;BJPEML_00112;BJPEML_00113;BJPEML_00114;BJPEML_00115;BJPEML_00116;BJPEML_00117;BJPEML_00118;BJPEML_00119;BJPEML_00120;BJPEML_00121;BJPEML_00122;BJPEML_00123;BJPEML_00124;BJPEML_00125;BJPEML_00126;BJPEML_00127;BJPEML_00128;BJPEML_00129;BJPEML_00130	40	QueE;Fer4_12;PTPS;PT_FPPS_like;GTP_cyclohydroI	NA	NA
GCF_014497735	contig_1	GECCO	Unknown	0.9947564059437896	NA	102876	106066	3190	contig_1_95;contig_1_96;contig_1_97;contig_1_98;contig_1_99	5	PF01041;PF06306;PF06306	NA	IPR000653;IPR010446;IPR010446
GCF_015904865.1	contig_34	antiSMASH	Terpene-precursor	NA	No	1	8111	8111	NA;EECMON_01534;EECMON_01535;EECMON_01536;EECMON_01537;EECMON_01538;EECMON_01539;EECMON_01540;EECMON_01541;EECMON_01542;EECMON_01543;EECMON_01544	11	GTP_cyclohydroI;PT_FPPS_like;PTPS;QueE;Fer4_12	NA	NA
GCF_015904815.1	contig_29	antiSMASH	Terpene-precursor	NA	No	1	8976	8976	NA;GMMBMI_01589;GMMBMI_01590;GMMBMI_01591;GMMBMI_01592;GMMBMI_01593;GMMBMI_01594;GMMBMI_01595;GMMBMI_01596;GMMBMI_01597;GMMBMI_01598;GMMBMI_01599;GMMBMI_01600	12	QueE;Fer4_12;PTPS;PT_FPPS_like;GTP_cyclohydroI	NA	NA
GCF_011174975.1	contig_36	deepBGC		0.61979	NA	37589	40876	3287	gnl|Bakta|PJJKKD_01258;gnl|Bakta|PJJKKD_01259	2	PF02353;PF08003;PF13489;PF13847;PF01209;PF08241;PF08242;PF13649;PF05175;PF12847;PF06325;PF01135;PF13679;PF08123;PF01555;PF09334;PF00133;PF01406;PF01588	NA	NA
GCF_011174975.1	contig_36	deepBGC		0.55165	NA	90506	90947	441	gnl|Bakta|PJJKKD_01312	1	PF01531	NA	NA
GCF_003639915.1	contig_20	antiSMASH	Terpene-precursor	NA	No	1	8274	8274	NA;BHGEAJ_01049;BHGEAJ_01050;BHGEAJ_01051;BHGEAJ_01052;BHGEAJ_01053;BHGEAJ_01054;BHGEAJ_01055;BHGEAJ_01056;BHGEAJ_01057;BHGEAJ_01058;BHGEAJ_01059;BHGEAJ_01060;BHGEAJ_01061	13	GTP_cyclohydroI;PT_FPPS_like;PTPS;QueE;Fer4_12	NA	NA
GCF_011175035.1	contig_15	deepBGC	RiPP	0.59294	NA	5227	9203	3976	gnl|Bakta|EAPDOO_00912;gnl|Bakta|EAPDOO_00913;gnl|Bakta|EAPDOO_00914;gnl|Bakta|EAPDOO_00915	4	PF13401;PF00005;PF13191;PF13304;PF02463;PF03193;PF01926;PF13555;PF00881;PF02624	NA	NA
GCF_011175035.1	contig_24	deepBGC		0.58353	NA	0	2288	2288	gnl|Bakta|EAPDOO_01451;gnl|Bakta|EAPDOO_01452	2	PF03061;PF08003;PF13489;PF13847;PF08241;PF08242;PF13649	NA	NA
GCF_011175035.1	contig_24	deepBGC		0.8484	NA	56711	76896	20185	gnl|Bakta|EAPDOO_01503;gnl|Bakta|EAPDOO_01504;gnl|Bakta|EAPDOO_01505;gnl|Bakta|EAPDOO_01506;gnl|Bakta|EAPDOO_01507;gnl|Bakta|EAPDOO_01508;gnl|Bakta|EAPDOO_01510;gnl|Bakta|EAPDOO_01511;gnl|Bakta|EAPDOO_01512;gnl|Bakta|EAPDOO_01513;gnl|Bakta|EAPDOO_01514;gnl|Bakta|EAPDOO_01517;gnl|Bakta|EAPDOO_01518;gnl|Bakta|EAPDOO_01519;gnl|Bakta|EAPDOO_01520;gnl|Bakta|EAPDOO_01521;gnl|Bakta|EAPDOO_01522;gnl|Bakta|EAPDOO_01523;gnl|Bakta|EAPDOO_01524;gnl|Bakta|EAPDOO_01525	20	PF05050;PF01041;PF00155;PF01053;PF00266;PF00268;PF01135;PF00398;PF13489;PF13847;PF13649;PF03739;PF01416;PF16363;PF01370;PF07993;PF04321;PF02719;PF01073;PF13460;PF08659;PF00106;PF00106;PF08659;PF01370;PF13561;PF08238;PF07719;PF01081;PF00920;PF00479;PF02781;PF01182;PF02685;PF08240;PF02826;PF01262;PF03446;PF00107	NA	NA
GCA_040862455.1	contig_23	antiSMASH	Terpene-precursor	NA	No	1	8585	8585	NA;JPMKDL_01572;JPMKDL_01573;JPMKDL_01574;JPMKDL_01575;JPMKDL_01576;JPMKDL_01577;JPMKDL_01578;JPMKDL_01579;JPMKDL_01580;JPMKDL_01581;JPMKDL_01582	11	GTP_cyclohydroI;PT_FPPS_like;PTPS;QueE;Fer4_12	NA	NA
GCF_015904465.1	contig_20	deepBGC		0.57108	NA	15835	16465	630	gnl|Bakta|JHFLNL_01433	1	PF01135;PF00398;PF13489;PF13847;PF13649	NA	NA
GCF_015904465.1	contig_20	deepBGC	Polyketide	0.52216	NA	21747	22500	753	gnl|Bakta|JHFLNL_01441	1	PF00106;PF08659;PF01370;PF13561	NA	NA
GCF_015904465.1	contig_20	deepBGC	NRP	0.53015	NA	30100	33359	3259	gnl|Bakta|JHFLNL_01450;gnl|Bakta|JHFLNL_01451;gnl|Bakta|JHFLNL_01452	3	PF08240;PF02826;PF01262;PF03446;PF00107;PF01501;PF01501	NA	NA
GCA_040862585.1	contig_3	deepBGC		0.61563	NA	489	2176	1687	gnl|Bakta|PEFPLH_00529;gnl|Bakta|PEFPLH_00530;gnl|Bakta|PEFPLH_00531;gnl|Bakta|PEFPLH_00532;gnl|Bakta|PEFPLH_00533	5	PF00092;PF13519;PF13672;PF13672	NA	NA
GCA_040862585.1	contig_5	deepBGC		0.68174	NA	79855	85381	5526	gnl|Bakta|PEFPLH_00858;gnl|Bakta|PEFPLH_00859;gnl|Bakta|PEFPLH_00860;gnl|Bakta|PEFPLH_00861;gnl|Bakta|PEFPLH_00862	5	PF02353;PF08003;PF13489;PF01596;PF13847;PF01209;PF08241;PF08242;PF13649;PF05175;PF12847;PF06325;PF01135;PF13679;PF08123;PF01555;PF09334;PF00133;PF01406;PF01588;PF08003;PF13489;PF13649;PF08241;PF08242;PF13847;PF03061	NA	NA
GCA_024407095.1	contig_3	antiSMASH	Terpene-precursor	NA	No	1	59776	59776	NA;DDANCG_00303;DDANCG_00304;DDANCG_00305;DDANCG_00306;DDANCG_00307;DDANCG_00308;DDANCG_00309;DDANCG_00310;DDANCG_00311;DDANCG_00312;DDANCG_00313;DDANCG_00314;DDANCG_00315;DDANCG_00316;DDANCG_00317;DDANCG_00318;DDANCG_00319;DDANCG_00320;DDANCG_00321;DDANCG_00322;DDANCG_00327;DDANCG_00328;DDANCG_00329;DDANCG_00330;DDANCG_00331;DDANCG_00332;DDANCG_00333;DDANCG_00334;DDANCG_00335;DDANCG_00336;DDANCG_00337;DDANCG_00338;DDANCG_00339;DDANCG_00340;DDANCG_00341;DDANCG_00342;DDANCG_00343;DDANCG_00344;DDANCG_00345;DDANCG_00346;DDANCG_00347;DDANCG_00348;DDANCG_00349;DDANCG_00350;DDANCG_00351;DDANCG_00352;DDANCG_00353;DDANCG_00354;DDANCG_00355;DDANCG_00356;DDANCG_00357;DDANCG_00358;DDANCG_00359;DDANCG_00360;DDANCG_00361;DDANCG_00362;DDANCG_00363;DDANCG_00364;DDANCG_00365	59	GTP_cyclohydroI;PT_FPPS_like;PTPS;QueE;Fer4_12	NA	NA
GCF_011175115.1	contig_9	antiSMASH	Terpene-precursor	NA	Yes	43193	64104	20912	NA;PMDAHB_01380;PMDAHB_01381;PMDAHB_01382;PMDAHB_01383;PMDAHB_01384;PMDAHB_01385;PMDAHB_01386;PMDAHB_01387;PMDAHB_01388;PMDAHB_01389;PMDAHB_01390;PMDAHB_01391;PMDAHB_01392;PMDAHB_01393;PMDAHB_01394;PMDAHB_01395;PMDAHB_01396;PMDAHB_01397	18	QueE;Fer4_12;PTPS;PT_FPPS_like;GTP_cyclohydroI	NA	NA
GCA_040861325.1	contig_7	antiSMASH	Terpene-precursor	NA	No	1	74286	74286	NA;HGJJCM_01168;HGJJCM_01169;HGJJCM_01170;HGJJCM_01171;HGJJCM_01172;HGJJCM_01173;HGJJCM_01174;HGJJCM_01175;HGJJCM_01176;HGJJCM_01177;HGJJCM_01178;HGJJCM_01179;HGJJCM_01180;HGJJCM_01181;HGJJCM_01182;HGJJCM_01183;HGJJCM_01184;HGJJCM_01185;HGJJCM_01186;HGJJCM_01187;HGJJCM_01188;HGJJCM_01189;HGJJCM_01190;HGJJCM_01191;HGJJCM_01192;HGJJCM_01193;HGJJCM_01194;HGJJCM_01195;HGJJCM_01196;HGJJCM_01197;HGJJCM_01198;HGJJCM_01199;HGJJCM_01200;HGJJCM_01201;HGJJCM_01202;HGJJCM_01203;HGJJCM_01204;HGJJCM_01205;HGJJCM_01206;HGJJCM_01207;HGJJCM_01208;HGJJCM_01209;HGJJCM_01210;HGJJCM_01211;HGJJCM_01212;HGJJCM_01213;HGJJCM_01214;HGJJCM_01215;HGJJCM_01216;HGJJCM_01217;HGJJCM_01218;HGJJCM_01219;HGJJCM_01220;HGJJCM_01221;HGJJCM_01222;HGJJCM_01223;HGJJCM_01224;HGJJCM_01229;HGJJCM_01230;HGJJCM_01231;HGJJCM_01232;HGJJCM_01233;HGJJCM_01234;HGJJCM_01235;HGJJCM_01236;HGJJCM_01237;HGJJCM_01238;HGJJCM_01239;HGJJCM_01240;HGJJCM_01241;HGJJCM_01242;HGJJCM_01243;HGJJCM_01244;HGJJCM_01245;HGJJCM_01246;HGJJCM_01247;HGJJCM_01248;HGJJCM_01249;HGJJCM_01250;HGJJCM_01251	80	Pkinase;QueE;Fer4_12;PTPS;PT_FPPS_like;GTP_cyclohydroI	NA	NA
GCF_011175115.1	contig_10	deepBGC		0.62891	NA	4344	5142	798	gnl|Bakta|PMDAHB_01428	1	PF08003;PF13489;PF13847;PF08241;PF08242;PF13649	NA	NA
GCF_011175115.1	contig_10	deepBGC		0.56003	NA	63429	64059	630	gnl|Bakta|PMDAHB_01486	1	PF01135;PF00398;PF13489;PF13847;PF13649	NA	NA
GCF_011175115.1	contig_10	deepBGC	Polyketide	0.58702	NA	69338	70091	753	gnl|Bakta|PMDAHB_01494	1	PF00106;PF08659;PF01370;PF13561	NA	NA
GCF_011175115.1	contig_10	deepBGC		0.51171	NA	77965	78760	795	gnl|Bakta|PMDAHB_01502	1	PF01501	NA	NA
GCF_011175115.1	contig_9	deepBGC		0.51428	NA	92241	92541	300	gnl|Bakta|PMDAHB_01417	1	PF07883	NA	NA
GCA_024405915.1	contig_2	antiSMASH	Terpene-precursor	NA	No	1	35270	35270	NA;DHFFKB_00044;DHFFKB_00045;DHFFKB_00046;DHFFKB_00047;DHFFKB_00048;DHFFKB_00049;DHFFKB_00050;DHFFKB_00051;DHFFKB_00052;DHFFKB_00053;DHFFKB_00054;DHFFKB_00055;DHFFKB_00056;DHFFKB_00057;DHFFKB_00058;DHFFKB_00059;DHFFKB_00060;DHFFKB_00061;DHFFKB_00062;DHFFKB_00063;DHFFKB_00064;DHFFKB_00065;DHFFKB_00066;DHFFKB_00071;DHFFKB_00072;DHFFKB_00073;DHFFKB_00074;DHFFKB_00075;DHFFKB_00076;DHFFKB_00077;DHFFKB_00078;DHFFKB_00079;DHFFKB_00080;DHFFKB_00081;DHFFKB_00082;DHFFKB_00083;DHFFKB_00084;DHFFKB_00085;DHFFKB_00086;DHFFKB_00087;DHFFKB_00088;DHFFKB_00089;DHFFKB_00090	43	GTP_cyclohydroI;PT_FPPS_like;PTPS;QueE;Fer4_12	NA	NA
GCF_015904575.1	contig_11	deepBGC		0.53288	NA	454	2302	1848	gnl|Bakta|IIENEC_01178	1	PF02784	NA	NA
GCF_015904575.1	contig_11	deepBGC	Other	0.64119	NA	3935	9021	5086	gnl|Bakta|IIENEC_01181;gnl|Bakta|IIENEC_01182;gnl|Bakta|IIENEC_01183;gnl|Bakta|IIENEC_01184	4	PF08003;PF13489;PF13847;PF08241;PF08242;PF13649;PF01588;PF09334;PF01406;PF00133;PF02353;PF08003;PF13489;PF08123;PF06325;PF01209;PF01135;PF05175;PF01596;PF13679;PF12847;PF13847;PF08241;PF08242;PF13649	NA	NA
GCF_015904575.1	contig_25	deepBGC		0.55475	NA	705	1809	1104	gnl|Bakta|IIENEC_01584	1	PF01501	NA	NA
GCA_040861565.1	contig_21	antiSMASH	Terpene-precursor	NA	No	1	8937	8937	NA;AMJAHN_01539;AMJAHN_01540;AMJAHN_01542;AMJAHN_01543;AMJAHN_01544;AMJAHN_01545;AMJAHN_01546;AMJAHN_01547;AMJAHN_01548;AMJAHN_01549;AMJAHN_01550;AMJAHN_01551;AMJAHN_01552	13	GTP_cyclohydroI;PT_FPPS_like;PTPS;QueE;Fer4_12	NA	NA
GCF_014497195.1	contig_8	deepBGC		0.66142	NA	8790	15499	6709	gnl|Bakta|HHHPFD_00531;gnl|Bakta|HHHPFD_00532;gnl|Bakta|HHHPFD_00533;gnl|Bakta|HHHPFD_00534;gnl|Bakta|HHHPFD_00535;gnl|Bakta|HHHPFD_00536	6	PF02353;PF08003;PF13489;PF01596;PF13847;PF01209;PF08241;PF08242;PF13649;PF05175;PF12847;PF06325;PF01135;PF13679;PF08123;PF01555;PF09334;PF00133;PF01406;PF01588;PF08003;PF13489;PF13649;PF08241;PF08242;PF13847;PF03061;PF13439;PF00534;PF13692	NA	NA
GCF_015904905	contig_17	GECCO	Unknown	0.9945292220535912	NA	23719	27413	3694	contig_17_22;contig_17_23;contig_17_24;contig_17_25;contig_17_26	5	PF01041;PF06306;PF06306	NA	IPR010446;IPR010446;IPR000653
GCF_003639685.1	contig_1	deepBGC		0.54236	NA	273664	274165	501	gnl|Bakta|JDGFFC_00269	1	PF01531	NA	NA
GCF_003639685.1	contig_11	deepBGC		0.61423	NA	39667	40878	1211	gnl|Bakta|JDGFFC_00922;gnl|Bakta|JDGFFC_00923;gnl|Bakta|JDGFFC_00924	3	PF10501;PF00550;PF16320;PF13561;PF00106;PF08659	NA	NA
GCF_003639685.1	contig_17	deepBGC	Saccharide	0.62369	NA	37783	46620	8837	gnl|Bakta|JDGFFC_01523;gnl|Bakta|JDGFFC_01524;gnl|Bakta|JDGFFC_01525;gnl|Bakta|JDGFFC_01526;gnl|Bakta|JDGFFC_01527;gnl|Bakta|JDGFFC_01528;gnl|Bakta|JDGFFC_01529;gnl|Bakta|JDGFFC_01530	8	PF02353;PF08003;PF13489;PF01596;PF13847;PF01209;PF08241;PF08242;PF13649;PF05175;PF12847;PF06325;PF01135;PF13679;PF08123;PF01555;PF00133;PF09334;PF01406;PF01588;PF08003;PF13489;PF13649;PF08241;PF08242;PF13847;PF03061;PF13439;PF13579;PF00534;PF13692;PF02784;PF07927	NA	NA
GCF_003639605.1	contig_23	antiSMASH	Terpene-precursor	NA	No	1	8202	8202	NA;KCBHED_01092;KCBHED_01093;KCBHED_01094;KCBHED_01095;KCBHED_01096;KCBHED_01097;KCBHED_01098;KCBHED_01099;KCBHED_01100;KCBHED_01101;KCBHED_01102;KCBHED_01103	12	GTP_cyclohydroI;PT_FPPS_like;PTPS;QueE;Fer4_12	NA	NA
GCA_024412275.1	contig_13	deepBGC	Polyketide	0.62602	NA	807	6397	5590	gnl|Bakta|EMCJHN_00840;gnl|Bakta|EMCJHN_00841;gnl|Bakta|EMCJHN_00842;gnl|Bakta|EMCJHN_00843;gnl|Bakta|EMCJHN_00844	5	PF01051;PF02661;PF02661;PF07690;PF12832;PF05977;PF00899	NA	NA
GCA_024412275.1	contig_6	deepBGC		0.52995	NA	7316	8102	786	gnl|Bakta|EMCJHN_00453	1	PF08003;PF13489;PF13847;PF08241;PF08242;PF13649	NA	NA
GCA_024407395.1	contig_6	deepBGC		0.59518	NA	4256	8006	3750	gnl|Bakta|GALEDN_00408;gnl|Bakta|GALEDN_00409;gnl|Bakta|GALEDN_00410	3	PF08003;PF13489;PF13847;PF08241;PF08242;PF13649;PF01588;PF09334;PF01406;PF00133	NA	NA
GCA_024411835.1	contig_11	deepBGC		0.69635	NA	37742	46308	8566	gnl|Bakta|COFGOA_01610;gnl|Bakta|COFGOA_01611;gnl|Bakta|COFGOA_01612;gnl|Bakta|COFGOA_01613;gnl|Bakta|COFGOA_01614;gnl|Bakta|COFGOA_01615;gnl|Bakta|COFGOA_01616	7	PF02353;PF08003;PF13489;PF13847;PF01209;PF08241;PF08242;PF13649;PF12847;PF06325;PF01135;PF05175;PF13679;PF08123;PF01555;PF09334;PF00133;PF01406;PF01588;PF08003;PF13489;PF13649;PF08241;PF08242;PF13847;PF03061;PF13439;PF00534;PF13692;PF02784	NA	NA
GCF_040821085.1	contig_20	deepBGC	Polyketide	0.7473	NA	225	20291	20066	gnl|Bakta|KDMAMF_00613;gnl|Bakta|KDMAMF_00614;gnl|Bakta|KDMAMF_00615;gnl|Bakta|KDMAMF_00616;gnl|Bakta|KDMAMF_00617;gnl|Bakta|KDMAMF_00618;gnl|Bakta|KDMAMF_00619;gnl|Bakta|KDMAMF_00620;gnl|Bakta|KDMAMF_00621;gnl|Bakta|KDMAMF_00622;gnl|Bakta|KDMAMF_00623;gnl|Bakta|KDMAMF_00624;gnl|Bakta|KDMAMF_00627;gnl|Bakta|KDMAMF_00628;gnl|Bakta|KDMAMF_00629;gnl|Bakta|KDMAMF_00630;gnl|Bakta|KDMAMF_00631;gnl|Bakta|KDMAMF_00633	18	PF01856;PF01501;PF00107;PF03446;PF02826;PF01262;PF08240;PF02685;PF01182;PF02781;PF00479;PF00920;PF01081;PF07719;PF08238;PF13561;PF00106;PF08659;PF04321;PF16363;PF01370;PF02719;PF08659;PF01073;PF07993;PF01416;PF03739;PF01135;PF13847;PF13649;PF13489;PF00398;PF00268;PF01041;PF00266	NA	NA
GCF_040821085.1	contig_60	deepBGC		0.53496	NA	266	1724	1458	gnl|Bakta|KDMAMF_01363	1	PF01075;PF02350	NA	NA
GCF_040821085.1	contig_66	deepBGC	Other	0.62551	NA	34070	39170	5100	gnl|Bakta|KDMAMF_01429;gnl|Bakta|KDMAMF_01430;gnl|Bakta|KDMAMF_01431;gnl|Bakta|KDMAMF_01432	4	PF02353;PF08003;PF13489;PF01596;PF13847;PF01209;PF08241;PF08242;PF13649;PF05175;PF12847;PF06325;PF01135;PF13679;PF08123;PF01555;PF09334;PF00133;PF01406;PF01588;PF08003;PF13489;PF13649;PF08241;PF08242;PF13847	NA	NA
GCF_040821085.1	contig_66	deepBGC		0.54008	NA	40802	42650	1848	gnl|Bakta|KDMAMF_01435	1	PF02784	NA	NA
GCF_040821085.1	contig_66	deepBGC		0.52999	NA	53778	55357	1579	gnl|Bakta|KDMAMF_01445;gnl|Bakta|KDMAMF_01446;gnl|Bakta|KDMAMF_01447;gnl|Bakta|KDMAMF_01448;gnl|Bakta|KDMAMF_01449	5	PF13519;PF13672;PF13672	NA	NA
GCF_014496915	contig_12	GECCO	Unknown	0.994516952988648	NA	5521	9217	3696	contig_12_10;contig_12_11;contig_12_7;contig_12_8;contig_12_9	5	PF01041;PF06306;PF06306	NA	IPR000653;IPR010446;IPR010446
GCF_001998295.1	contig_15	antiSMASH	Terpene-precursor	NA	No	1	7995	7995	NA;LDNJAJ_00855;LDNJAJ_00856;LDNJAJ_00857;LDNJAJ_00858;LDNJAJ_00859;LDNJAJ_00860;LDNJAJ_00861;LDNJAJ_00862;LDNJAJ_00863;LDNJAJ_00864;LDNJAJ_00865	11	GTP_cyclohydroI;PT_FPPS_like;PTPS;QueE;Fer4_12	NA	NA
GCF_015905075.1	contig_11	deepBGC		0.54786	NA	10215	11001	786	gnl|Bakta|DLBLPH_01139	1	PF08003;PF13489;PF13847;PF08241;PF08242;PF13649	NA	NA
GCF_015905075.1	contig_14	deepBGC	NRP	0.56497	NA	1	4349	4348	gnl|Bakta|DLBLPH_01246;gnl|Bakta|DLBLPH_01247;gnl|Bakta|DLBLPH_01248;gnl|Bakta|DLBLPH_01249	4	PF01501;PF01501;PF00107;PF03446;PF02826;PF01262;PF08240;PF02685	NA	NA
GCF_015905075.1	contig_14	deepBGC		0.51985	NA	5028	8843	3815	gnl|Bakta|DLBLPH_01251;gnl|Bakta|DLBLPH_01252;gnl|Bakta|DLBLPH_01253	3	PF02781;PF00479;PF00920;PF01081	NA	NA
GCF_015905075.1	contig_14	deepBGC	Polyketide	0.51915	NA	9997	10750	753	gnl|Bakta|DLBLPH_01255	1	PF13561;PF00106;PF08659;PF01370	NA	NA
GCF_015905075.1	contig_14	deepBGC		0.63053	NA	15666	16296	630	gnl|Bakta|DLBLPH_01262	1	PF01135;PF13847;PF13649;PF00398;PF13489	NA	NA
GCF_040821065.1	contig_18	deepBGC		0.57123	NA	10891	15342	4451	gnl|Bakta|IDCKIE_00488;gnl|Bakta|IDCKIE_00489	2	PF02538;PF01968;PF05378	NA	NA
GCF_040821065.1	contig_18	deepBGC	Polyketide	0.54195	NA	18094	20599	2505	gnl|Bakta|IDCKIE_00492;gnl|Bakta|IDCKIE_00493;gnl|Bakta|IDCKIE_00494	3	PF01144;PF13336;PF01144;PF02803;PF00108;PF00109	NA	NA
GCF_040821065.1	contig_19	deepBGC		0.74071	NA	10983	19535	8552	gnl|Bakta|IDCKIE_00508;gnl|Bakta|IDCKIE_00509;gnl|Bakta|IDCKIE_00510;gnl|Bakta|IDCKIE_00511;gnl|Bakta|IDCKIE_00512;gnl|Bakta|IDCKIE_00513;gnl|Bakta|IDCKIE_00514	7	PF02353;PF08003;PF13489;PF13847;PF01209;PF08241;PF08242;PF13649;PF05175;PF12847;PF06325;PF01135;PF13679;PF08123;PF01555;PF09334;PF00133;PF01406;PF01588;PF08003;PF13489;PF13649;PF08241;PF08242;PF13847;PF03061;PF13439;PF00534;PF13692;PF02784	NA	NA
GCF_040821065.1	contig_30	deepBGC		0.54884	NA	1685	2429	744	gnl|Bakta|IDCKIE_00738	1	PF00106;PF08659;PF13561	NA	NA
GCF_040821065.1	contig_38	deepBGC	NRP	0.61738	NA	50	2930	2880	gnl|Bakta|IDCKIE_00926;gnl|Bakta|IDCKIE_00927;gnl|Bakta|IDCKIE_00928	3	PF01063;PF00425;PF09924;PF01817	NA	NA
GCF_040821065.1	contig_51	deepBGC		0.57851	NA	1	484	483	gnl|Bakta|IDCKIE_01120	1	PF01531	NA	NA
GCF_040821065.1	contig_67	deepBGC		0.50799	NA	3915	4329	414	gnl|Bakta|IDCKIE_01327	1	PF00334	NA	NA
GCF_040821065.1	contig_67	deepBGC		0.66486	NA	5983	6979	996	gnl|Bakta|IDCKIE_01331	1	PF00108;PF00195;PF07451;PF08545;PF08541	NA	NA
GCF_040821065.1	contig_82	deepBGC		0.54003	NA	2012	3116	1104	gnl|Bakta|IDCKIE_01464	1	PF01501	NA	NA
GCF_040821065.1	contig_89	deepBGC		0.59079	NA	245	3656	3411	gnl|Bakta|IDCKIE_01526;gnl|Bakta|IDCKIE_01527;gnl|Bakta|IDCKIE_01529	3	PF00490;PF01709;PF08238	NA	NA
GCF_037861895.1	contig_17	antiSMASH	Terpene-precursor	NA	No	1	7890	7890	NA;OEPLAE_01529;OEPLAE_01530;OEPLAE_01531;OEPLAE_01532;OEPLAE_01533;OEPLAE_01534;OEPLAE_01535;OEPLAE_01536;OEPLAE_01537;OEPLAE_01538;OEPLAE_01539	11	GTP_cyclohydroI;PT_FPPS_like;PTPS;QueE;Fer4_12	NA	NA
GCF_003939085.1	contig_1	antiSMASH	Terpene-precursor	NA	Yes	989307	1010218	20912	ACDGMB_00943;ACDGMB_00944;ACDGMB_00945;ACDGMB_00946;ACDGMB_00947;ACDGMB_00948;ACDGMB_00949;ACDGMB_00950;ACDGMB_00951;ACDGMB_00952;ACDGMB_00953;ACDGMB_00954;ACDGMB_00955;ACDGMB_00956;ACDGMB_00957;ACDGMB_00958;ACDGMB_00959	17	GTP_cyclohydroI;PT_FPPS_like;PTPS;QueE;Fer4_12	NA	NA
GCF_040821405.1	contig_31	antiSMASH	Terpene-precursor	NA	No	1	8296	8296	NA;GOPMJP_00959;GOPMJP_00960;GOPMJP_00961;GOPMJP_00962;GOPMJP_00963;GOPMJP_00964;GOPMJP_00965;GOPMJP_00966;GOPMJP_00967;GOPMJP_00968;GOPMJP_00969;GOPMJP_00970	12	QueE;Fer4_12;PTPS;PT_FPPS_like;GTP_cyclohydroI	NA	NA
GCA_040857565.1	contig_4	deepBGC		0.57088	NA	4208	4994	786	gnl|Bakta|IILDJE_00167	1	PF08003;PF13489;PF13847;PF08241;PF08242;PF13649	NA	NA
GCA_024406855.1	contig_36	antiSMASH	Terpene-precursor	NA	No	1	62835	62835	NA;FPLDHC_01738;FPLDHC_01739;FPLDHC_01740;FPLDHC_01741;FPLDHC_01742;FPLDHC_01743;FPLDHC_01744;FPLDHC_01745;FPLDHC_01746;FPLDHC_01747;FPLDHC_01748;FPLDHC_01749;FPLDHC_01750;FPLDHC_01751;FPLDHC_01752;FPLDHC_01753;FPLDHC_01754;FPLDHC_01755;FPLDHC_01756;FPLDHC_01757;FPLDHC_01758;FPLDHC_01759;FPLDHC_01760;FPLDHC_01761;FPLDHC_01766;FPLDHC_01767;FPLDHC_01768;FPLDHC_01769;FPLDHC_01770;FPLDHC_01771;FPLDHC_01772;FPLDHC_01773;FPLDHC_01774;FPLDHC_01775;FPLDHC_01776;FPLDHC_01777;FPLDHC_01778;FPLDHC_01779;FPLDHC_01780;FPLDHC_01781;FPLDHC_01782;FPLDHC_01783;FPLDHC_01784;FPLDHC_01785;FPLDHC_01786;FPLDHC_01787;FPLDHC_01788;FPLDHC_01789;FPLDHC_01790;FPLDHC_01791;FPLDHC_01792;FPLDHC_01793;FPLDHC_01794;FPLDHC_01795;FPLDHC_01796;FPLDHC_01797;FPLDHC_01798;FPLDHC_01799;FPLDHC_01800;FPLDHC_01801;FPLDHC_01802;FPLDHC_01803;FPLDHC_01804;FPLDHC_01805;FPLDHC_01806;FPLDHC_01807;FPLDHC_01808	67	GTP_cyclohydroI;PT_FPPS_like;PTPS;QueE;Fer4_12	NA	NA
GCF_003639195.1	contig_17	deepBGC	Polyketide	0.60387	NA	0	5437	5437	JLKOAC_00985;gnl|Bakta|JLKOAC_00986;gnl|Bakta|JLKOAC_00987;gnl|Bakta|JLKOAC_00988;gnl|Bakta|JLKOAC_00989;gnl|Bakta|JLKOAC_00990	6	PF07690;PF12832;PF05977;PF00899;PF09559;PF05713	NA	NA
GCF_003639195.1	contig_2	deepBGC		0.5397	NA	43642	44839	1197	gnl|Bakta|JLKOAC_00268;gnl|Bakta|JLKOAC_00269	2	PF01209;PF13489;PF13847;PF08241;PF08242;PF13649;PF03653;PF05425	NA	NA
GCF_003639195.1	contig_23	deepBGC		0.50887	NA	57534	58278	744	gnl|Bakta|JLKOAC_01095	1	PF13561;PF00106;PF08659	NA	NA
GCF_003639195.1	contig_4	deepBGC		0.74949	NA	37667	46248	8581	gnl|Bakta|JLKOAC_00509;gnl|Bakta|JLKOAC_00510;gnl|Bakta|JLKOAC_00511;gnl|Bakta|JLKOAC_00512;gnl|Bakta|JLKOAC_00513;gnl|Bakta|JLKOAC_00514;gnl|Bakta|JLKOAC_00515	7	PF02353;PF08003;PF13489;PF01596;PF13847;PF01209;PF08241;PF08242;PF13649;PF05175;PF12847;PF06325;PF01135;PF13679;PF08123;PF01555;PF09334;PF00133;PF01406;PF01588;PF08003;PF13489;PF13649;PF08241;PF08242;PF13847;PF03061;PF13439;PF00534;PF13692;PF02784	NA	NA
GCF_015904875.1	contig_25	antiSMASH	Terpene-precursor	NA	No	1	8137	8137	NA;GMPHNC_01579;GMPHNC_01580;GMPHNC_01581;GMPHNC_01582;GMPHNC_01583;GMPHNC_01584;GMPHNC_01585;GMPHNC_01586;GMPHNC_01587;GMPHNC_01588;GMPHNC_01589;GMPHNC_01590	12	QueE;Fer4_12;PTPS;PT_FPPS_like;GTP_cyclohydroI	NA	NA
GCF_015904385.1	contig_18	deepBGC		0.53832	NA	4141	4927	786	gnl|Bakta|GGEGLA_01498	1	PF08003;PF13489;PF13847;PF08241;PF08242;PF13649	NA	NA
GCA_024409255.1	contig_21	antiSMASH	Terpene-precursor	NA	No	1	57286	57286	NA;HKJAGJ_00858;HKJAGJ_00859;HKJAGJ_00860;HKJAGJ_00861;HKJAGJ_00862;HKJAGJ_00863;HKJAGJ_00864;HKJAGJ_00865;HKJAGJ_00866;HKJAGJ_00867;HKJAGJ_00868;HKJAGJ_00869;HKJAGJ_00870;HKJAGJ_00871;HKJAGJ_00872;HKJAGJ_00873;HKJAGJ_00874;HKJAGJ_00875;HKJAGJ_00876;HKJAGJ_00877;HKJAGJ_00878;HKJAGJ_00879;HKJAGJ_00880;HKJAGJ_00881;HKJAGJ_00882;HKJAGJ_00883;HKJAGJ_00884;HKJAGJ_00885;HKJAGJ_00886;HKJAGJ_00887;HKJAGJ_00888;HKJAGJ_00889;HKJAGJ_00890;HKJAGJ_00891;HKJAGJ_00892;HKJAGJ_00897;HKJAGJ_00898;HKJAGJ_00899;HKJAGJ_00900;HKJAGJ_00901;HKJAGJ_00902;HKJAGJ_00903;HKJAGJ_00904;HKJAGJ_00905;HKJAGJ_00906;HKJAGJ_00907;HKJAGJ_00908;HKJAGJ_00909;HKJAGJ_00910;HKJAGJ_00911;HKJAGJ_00912;HKJAGJ_00913;HKJAGJ_00914;HKJAGJ_00915;HKJAGJ_00916	55	Peptidase_M50;QueE;Fer4_12;PTPS;PT_FPPS_like;GTP_cyclohydroI	NA	NA
GCA_024407165.1	contig_24	antiSMASH	Terpene-precursor	NA	No	1	7932	7932	NA;HBMOOD_01070;HBMOOD_01071;HBMOOD_01072;HBMOOD_01073;HBMOOD_01074;HBMOOD_01075;HBMOOD_01076;HBMOOD_01077;HBMOOD_01078;HBMOOD_01079;HBMOOD_01080	11	QueE;Fer4_12;PTPS;PT_FPPS_like;GTP_cyclohydroI	NA	NA
GCF_011140845.1	contig_30	antiSMASH	Terpene-precursor	NA	No	1	61573	61573	NA;FEKAJO_01187;FEKAJO_01188;FEKAJO_01189;FEKAJO_01190;FEKAJO_01191;FEKAJO_01192;FEKAJO_01193;FEKAJO_01194;FEKAJO_01195;FEKAJO_01196;FEKAJO_01197;FEKAJO_01198;FEKAJO_01199;FEKAJO_01200;FEKAJO_01201;FEKAJO_01202;FEKAJO_01203;FEKAJO_01204;FEKAJO_01205;FEKAJO_01206;FEKAJO_01207;FEKAJO_01208;FEKAJO_01209;FEKAJO_01210;FEKAJO_01211;FEKAJO_01212;FEKAJO_01213;FEKAJO_01214;FEKAJO_01215;FEKAJO_01216;FEKAJO_01217;FEKAJO_01218;FEKAJO_01219;FEKAJO_01220;FEKAJO_01225;FEKAJO_01226;FEKAJO_01227;FEKAJO_01228;FEKAJO_01229;FEKAJO_01230;FEKAJO_01231;FEKAJO_01232;FEKAJO_01233;FEKAJO_01234;FEKAJO_01235;FEKAJO_01236;FEKAJO_01237;FEKAJO_01238;FEKAJO_01239;FEKAJO_01240;FEKAJO_01241;FEKAJO_01242;FEKAJO_01243;FEKAJO_01244;FEKAJO_01245;FEKAJO_01246	56	QueE;Fer4_12;PTPS;PT_FPPS_like;GTP_cyclohydroI	NA	NA
GCF_011175075.1	contig_14	deepBGC		0.5075	NA	8246	9044	798	gnl|Bakta|DDCOPE_01520	1	PF08003;PF13489;PF13847;PF08241;PF08242;PF13649	NA	NA
GCF_011175075.1	contig_2	deepBGC		0.65138	NA	11998	12967	969	gnl|Bakta|DDCOPE_00354	1	PF05050	NA	NA
GCF_011175075.1	contig_2	deepBGC		0.58625	NA	17763	28032	10269	gnl|Bakta|DDCOPE_00361;gnl|Bakta|DDCOPE_00362;gnl|Bakta|DDCOPE_00363;gnl|Bakta|DDCOPE_00364;gnl|Bakta|DDCOPE_00367;gnl|Bakta|DDCOPE_00368;gnl|Bakta|DDCOPE_00369;gnl|Bakta|DDCOPE_00370;gnl|Bakta|DDCOPE_00371	9	PF01135;PF00398;PF13847;PF13649;PF03739;PF01416;PF16363;PF01370;PF07993;PF04321;PF02719;PF01073;PF13460;PF08659;PF00106;PF00106;PF08659;PF01370;PF13561;PF08238;PF07719;PF01081;PF00920	NA	NA
GCF_011175075.1	contig_2	deepBGC	NRP	0.55139	NA	31224	33080	1856	gnl|Bakta|DDCOPE_00375;gnl|Bakta|DDCOPE_00376	2	PF08240;PF02826;PF01262;PF03446;PF00107;PF01501	NA	NA
GCA_024406935.1	contig_27	deepBGC		0.63257	NA	49952	52127	2175	gnl|Bakta|MAGIAH_01520;gnl|Bakta|MAGIAH_01521;gnl|Bakta|MAGIAH_01522;gnl|Bakta|MAGIAH_01523	4	PF00109;PF10501;PF00550;PF14573;PF16320;PF13561;PF00106;PF08659	NA	NA
GCA_024407335.1	contig_32	antiSMASH	Terpene-precursor	NA	No	1	56540	56540	NA;FAALNF_01487;FAALNF_01488;FAALNF_01489;FAALNF_01490;FAALNF_01491;FAALNF_01492;FAALNF_01493;FAALNF_01494;FAALNF_01495;FAALNF_01496;FAALNF_01497;FAALNF_01498;FAALNF_01499;FAALNF_01500;FAALNF_01501;FAALNF_01502;FAALNF_01503;FAALNF_01504;FAALNF_01505;FAALNF_01506;FAALNF_01507;FAALNF_01508;FAALNF_01513;FAALNF_01514;FAALNF_01515;FAALNF_01516;FAALNF_01517;FAALNF_01518;FAALNF_01519;FAALNF_01520;FAALNF_01521;FAALNF_01522;FAALNF_01523;FAALNF_01524;FAALNF_01525;FAALNF_01526;FAALNF_01527;FAALNF_01528;FAALNF_01529;FAALNF_01530;FAALNF_01531;FAALNF_01532;FAALNF_01533;FAALNF_01534;FAALNF_01535;FAALNF_01536;FAALNF_01537;FAALNF_01538;FAALNF_01539;FAALNF_01540;FAALNF_01541;FAALNF_01542;FAALNF_01543;FAALNF_01544;FAALNF_01545;FAALNF_01546;FAALNF_01547	57	GTP_cyclohydroI;PT_FPPS_like;PTPS;QueE;Fer4_12	NA	NA
GCF_011175295.1	contig_19	antiSMASH	Terpene-precursor	NA	No	1	9322	9322	NA;KBIFMO_00895;KBIFMO_00896;KBIFMO_00897;KBIFMO_00898;KBIFMO_00899;KBIFMO_00900;KBIFMO_00901;KBIFMO_00902;KBIFMO_00903;KBIFMO_00904;KBIFMO_00905;KBIFMO_00906;KBIFMO_00907	13	GTP_cyclohydroI;PT_FPPS_like;PTPS;QueE;Fer4_12	NA	NA
GCF_011175295.1	contig_30	antiSMASH	Azole-containing-RiPP	NA	Yes	41431	63586	22156	NA;KBIFMO_01462;KBIFMO_01463;KBIFMO_01464;KBIFMO_01465;KBIFMO_01466;KBIFMO_01467;KBIFMO_01468;KBIFMO_01469;KBIFMO_01470;KBIFMO_01471;KBIFMO_01472;KBIFMO_01473;KBIFMO_01474	13	PF00881;YcaO	NA	NA
GCF_014496155.1	contig_16	deepBGC		0.53083	NA	2150	3254	1104	gnl|Bakta|MJDIFO_00925	1	PF01501	NA	NA
GCF_014496155.1	contig_5	deepBGC	Saccharide	0.81473	NA	37899	46466	8567	gnl|Bakta|MJDIFO_00593;gnl|Bakta|MJDIFO_00594;gnl|Bakta|MJDIFO_00595;gnl|Bakta|MJDIFO_00596;gnl|Bakta|MJDIFO_00597;gnl|Bakta|MJDIFO_00598;gnl|Bakta|MJDIFO_00599	7	PF02353;PF08003;PF13489;PF01596;PF13847;PF01209;PF08241;PF08242;PF13649;PF05175;PF12847;PF06325;PF01135;PF13679;PF08123;PF00133;PF09334;PF01406;PF01588;PF08003;PF13489;PF13649;PF08241;PF08242;PF13847;PF03061;PF13439;PF13579;PF00534;PF13692;PF02784	NA	NA
GCF_014498605.1	contig_18	antiSMASH	Azole-containing-RiPP	NA	No	1	13587	13587	NA;GCAJKO_00906;GCAJKO_00907;GCAJKO_00908;GCAJKO_00909;GCAJKO_00910;GCAJKO_00911;GCAJKO_00912;GCAJKO_00913;GCAJKO_00914;GCAJKO_00915;GCAJKO_00916;GCAJKO_00917	12	YcaO;PF00881	NA	NA
GCF_014498605.1	contig_4	antiSMASH	Terpene-precursor	NA	No	1	59195	59195	NA;GCAJKO_00277;GCAJKO_00278;GCAJKO_00279;GCAJKO_00280;GCAJKO_00281;GCAJKO_00282;GCAJKO_00283;GCAJKO_00284;GCAJKO_00285;GCAJKO_00286;GCAJKO_00287;GCAJKO_00288;GCAJKO_00289;GCAJKO_00290;GCAJKO_00291;GCAJKO_00292;GCAJKO_00293;GCAJKO_00294;GCAJKO_00295;GCAJKO_00296;GCAJKO_00297;GCAJKO_00298;GCAJKO_00300;GCAJKO_00304;GCAJKO_00305;GCAJKO_00306;GCAJKO_00307;GCAJKO_00308;GCAJKO_00309;GCAJKO_00310;GCAJKO_00311;GCAJKO_00312;GCAJKO_00313;GCAJKO_00314;GCAJKO_00315;GCAJKO_00316;GCAJKO_00317;GCAJKO_00318;GCAJKO_00319;GCAJKO_00320;GCAJKO_00321;GCAJKO_00322;GCAJKO_00323;GCAJKO_00324;GCAJKO_00325;GCAJKO_00326;GCAJKO_00327;GCAJKO_00328;GCAJKO_00329;GCAJKO_00330;GCAJKO_00331;GCAJKO_00332;GCAJKO_00333;GCAJKO_00334;GCAJKO_00335;GCAJKO_00336	56	GTP_cyclohydroI;PT_FPPS_like;PTPS;QueE;Fer4_12	NA	NA
GCA_040862485.1	contig_12	deepBGC		0.5718	NA	4218	5016	798	gnl|Bakta|FFIKBE_01334	1	PF08003;PF13489;PF13847;PF08241;PF08242;PF13649	NA	NA
GCA_040862485.1	contig_21	deepBGC		0.51003	NA	543	1941	1398	gnl|Bakta|FFIKBE_01598	1	PF02521	NA	NA
GCF_011140795.1	contig_24	deepBGC		0.50028	NA	10415	11201	786	gnl|Bakta|HPEKPM_01367	1	PF08003;PF13489;PF13847;PF08241;PF08242;PF13649	NA	NA
GCF_011140795.1	contig_24	deepBGC	RiPP	0.56881	NA	69622	70252	630	gnl|Bakta|HPEKPM_01424	1	PF01135;PF00398;PF13847;PF13649	NA	NA
GCF_011140795.1	contig_24	deepBGC	Polyketide	0.55606	NA	75335	76088	753	gnl|Bakta|HPEKPM_01431	1	PF00106;PF01370;PF08659;PF13561	NA	NA
GCF_011140435.1	contig_28	antiSMASH	Terpene-precursor	NA	No	1	9133	9133	NA;NPBAFM_01106;NPBAFM_01107;NPBAFM_01108;NPBAFM_01109;NPBAFM_01110;NPBAFM_01111;NPBAFM_01112;NPBAFM_01113;NPBAFM_01114;NPBAFM_01115;NPBAFM_01116;NPBAFM_01117	12	QueE;Fer4_12;PTPS;PT_FPPS_like;GTP_cyclohydroI	NA	NA
GCF_014497265.1	contig_20	deepBGC		0.51419	NA	2135	3239	1104	gnl|Bakta|DIMFKE_00840	1	PF01501	NA	NA
GCF_014497265.1	contig_6	deepBGC		0.59832	NA	394	2242	1848	gnl|Bakta|DIMFKE_00377	1	PF02784	NA	NA
GCF_014497265.1	contig_6	deepBGC		0.68169	NA	3872	8974	5102	gnl|Bakta|DIMFKE_00380;gnl|Bakta|DIMFKE_00381;gnl|Bakta|DIMFKE_00382;gnl|Bakta|DIMFKE_00383	4	PF08003;PF13489;PF13847;PF08241;PF08242;PF13649;PF01588;PF09334;PF01406;PF00133;PF02353;PF08003;PF13489;PF08123;PF06325;PF01209;PF01135;PF05175;PF01596;PF13679;PF12847;PF13847;PF02390;PF08241;PF08242;PF13649	NA	NA
GCF_014497265.1	contig_8	deepBGC		0.63689	NA	1	1441	1440	gnl|Bakta|DIMFKE_00466	1	PF08885	NA	NA
GCF_014497265.1	contig_8	deepBGC		0.51201	NA	5063	5363	300	gnl|Bakta|DIMFKE_00474	1	PF07883	NA	NA
GCA_040861725	contig_2	GECCO	Unknown	0.9133841434251376	NA	74261	81442	7181	contig_2_80;contig_2_81;contig_2_82;contig_2_83;contig_2_84;contig_2_85;contig_2_86;contig_2_87;contig_2_88	9	PF00108;PF01041;PF06306;PF08541;PF08545	NA	IPR020616;IPR013751;IPR013747;IPR010446;IPR000653
GCF_001998205.1	contig_22	antiSMASH	Terpene-precursor	NA	No	1	8006	8006	NA;GCFCEO_00835;GCFCEO_00836;GCFCEO_00837;GCFCEO_00838;GCFCEO_00839;GCFCEO_00840;GCFCEO_00841;GCFCEO_00842;GCFCEO_00843;GCFCEO_00844;GCFCEO_00845	11	GTP_cyclohydroI;PT_FPPS_like;PTPS;QueE;Fer4_12	NA	NA
GCF_040821615.1	contig_60	antiSMASH	Terpene-precursor	NA	No	1	7991	7991	NA;IMPLIL_01252;IMPLIL_01253;IMPLIL_01254;IMPLIL_01255;IMPLIL_01256;IMPLIL_01257;IMPLIL_01258;IMPLIL_01259;IMPLIL_01260;IMPLIL_01261;IMPLIL_01262	11	GTP_cyclohydroI;PT_FPPS_like;PTPS;QueE;Fer4_12	NA	NA
GCA_040857585.1	contig_10	deepBGC		0.53998	NA	43301	44489	1188	gnl|Bakta|CDDJPL_00350;gnl|Bakta|CDDJPL_00351	2	PF01209;PF13489;PF13847;PF08241;PF08242;PF13649;PF03653;PF05425	NA	NA
GCA_040857585.1	contig_13	deepBGC		0.54075	NA	57525	58736	1211	gnl|Bakta|CDDJPL_00946;gnl|Bakta|CDDJPL_00947;gnl|Bakta|CDDJPL_00948	3	PF10501;PF00550;PF14573;PF16320;PF13561;PF00106;PF08659	NA	NA
GCA_040857585.1	contig_15	deepBGC		0.6241	NA	120931	123186	2255	gnl|Bakta|CDDJPL_01313;gnl|Bakta|CDDJPL_01314;gnl|Bakta|CDDJPL_01315;gnl|Bakta|CDDJPL_01316;gnl|Bakta|CDDJPL_01317	5	PF01636;PF07714;PF13672;PF13519	NA	NA
GCA_040857585.1	contig_5	deepBGC		0.51048	NA	33619	33919	300	gnl|Bakta|CDDJPL_00252	1	PF07883	NA	NA
GCF_015904425.1	contig_13	deepBGC	Saccharide	0.8069	NA	37853	46907	9054	gnl|Bakta|IJFGHE_01137;gnl|Bakta|IJFGHE_01138;gnl|Bakta|IJFGHE_01139;gnl|Bakta|IJFGHE_01140;gnl|Bakta|IJFGHE_01141;gnl|Bakta|IJFGHE_01142;gnl|Bakta|IJFGHE_01143;gnl|Bakta|IJFGHE_01144	8	PF02353;PF08003;PF13489;PF13847;PF01209;PF08241;PF08242;PF13649;PF05175;PF12847;PF06325;PF01135;PF13679;PF08123;PF00133;PF09334;PF01406;PF01588;PF08003;PF13489;PF13649;PF08241;PF08242;PF13847;PF03061;PF13439;PF13579;PF00534;PF13692;PF02784;PF15919	NA	NA
GCF_015904425.1	contig_30	deepBGC		0.55013	NA	2	407	405	gnl|Bakta|IJFGHE_01568	1	PF12284	NA	NA
GCF_015904425.1	contig_30	deepBGC		0.5131	NA	2435	2783	348	gnl|Bakta|IJFGHE_01572	1	PF07510	NA	NA
GCF_006339065.1	contig_1	antiSMASH	Terpene-precursor	NA	Yes	1139750	1160661	20912	DMOIBK_01105;DMOIBK_01106;DMOIBK_01107;DMOIBK_01108;DMOIBK_01109;DMOIBK_01110;DMOIBK_01111;DMOIBK_01112;DMOIBK_01113;DMOIBK_01114;DMOIBK_01115;DMOIBK_01116;DMOIBK_01117;DMOIBK_01118;DMOIBK_01119;DMOIBK_01120;DMOIBK_01121	17	GTP_cyclohydroI;PT_FPPS_like;PTPS;QueE;Fer4_12	NA	NA
GCF_003639405.1	contig_19	antiSMASH	Terpene-precursor	NA	No	1	74324	74324	NA;OHNPHC_01302;OHNPHC_01303;OHNPHC_01304;OHNPHC_01305;OHNPHC_01306;OHNPHC_01307;OHNPHC_01308;OHNPHC_01309;OHNPHC_01310;OHNPHC_01311;OHNPHC_01312;OHNPHC_01313;OHNPHC_01314;OHNPHC_01315;OHNPHC_01316;OHNPHC_01317;OHNPHC_01318;OHNPHC_01319;OHNPHC_01320;OHNPHC_01321;OHNPHC_01322;OHNPHC_01327;OHNPHC_01328;OHNPHC_01329;OHNPHC_01330;OHNPHC_01331;OHNPHC_01332;OHNPHC_01333;OHNPHC_01334;OHNPHC_01335;OHNPHC_01336;OHNPHC_01337;OHNPHC_01338;OHNPHC_01339;OHNPHC_01340;OHNPHC_01341;OHNPHC_01342;OHNPHC_01343;OHNPHC_01344;OHNPHC_01345;OHNPHC_01346;OHNPHC_01347;OHNPHC_01348;OHNPHC_01349;OHNPHC_01350;OHNPHC_01351;OHNPHC_01352;OHNPHC_01353;OHNPHC_01354;OHNPHC_01355;OHNPHC_01356;OHNPHC_01357;OHNPHC_01358;OHNPHC_01359;OHNPHC_01360;OHNPHC_01361;OHNPHC_01363;OHNPHC_01364;OHNPHC_01365;OHNPHC_01366;OHNPHC_01367;OHNPHC_01368;OHNPHC_01369;OHNPHC_01370;OHNPHC_01371;OHNPHC_01372;OHNPHC_01373;OHNPHC_01374;OHNPHC_01375;OHNPHC_01376;OHNPHC_01377;OHNPHC_01378;OHNPHC_01379;OHNPHC_01380;OHNPHC_01381;OHNPHC_01382;OHNPHC_01383	77	GTP_cyclohydroI;PT_FPPS_like;PTPS;QueE;Fer4_12;Pkinase	NA	NA
GCF_037862375.1	contig_21	deepBGC		0.60181	NA	651	3666	3015	gnl|Bakta|GODNLD_01521;gnl|Bakta|GODNLD_01522;gnl|Bakta|GODNLD_01523;gnl|Bakta|GODNLD_01524;gnl|Bakta|GODNLD_01525	5	PF13519;PF13672;PF07714;PF00069	NA	NA
GCF_037862375.1	contig_6	deepBGC	Saccharide	0.67812	NA	79120	85832	6712	gnl|Bakta|GODNLD_00911;gnl|Bakta|GODNLD_00912;gnl|Bakta|GODNLD_00913;gnl|Bakta|GODNLD_00914;gnl|Bakta|GODNLD_00915;gnl|Bakta|GODNLD_00916	6	PF02353;PF08003;PF13489;PF01596;PF13847;PF01209;PF08241;PF08242;PF13649;PF05175;PF12847;PF06325;PF01135;PF13679;PF08123;PF01555;PF09334;PF00133;PF01406;PF01588;PF08003;PF13489;PF13649;PF08241;PF08242;PF13847;PF03061;PF13439;PF13579;PF00534;PF13692	NA	NA
GCF_014498475.1	contig_7	antiSMASH	Terpene-precursor	NA	No	1	9427	9427	NA;LFABFJ_00344;LFABFJ_00345;LFABFJ_00346;LFABFJ_00347;LFABFJ_00348;LFABFJ_00349;LFABFJ_00350;LFABFJ_00351;LFABFJ_00352;LFABFJ_00353;LFABFJ_00354;LFABFJ_00355;LFABFJ_00356	13	GTP_cyclohydroI;PT_FPPS_like;PTPS;QueE;Fer4_12	NA	NA
GCF_015904225.1	contig_6	antiSMASH	Terpene-precursor	NA	Yes	24986	45897	20912	NA;IONENJ_01176;IONENJ_01177;IONENJ_01178;IONENJ_01179;IONENJ_01180;IONENJ_01181;IONENJ_01182;IONENJ_01183;IONENJ_01184;IONENJ_01185;IONENJ_01186;IONENJ_01187;IONENJ_01188;IONENJ_01189;IONENJ_01190;IONENJ_01191;IONENJ_01193;IONENJ_01194	18	QueE;Fer4_12;PTPS;PT_FPPS_like;GTP_cyclohydroI	NA	NA
GCA_024406445.1	contig_4	deepBGC		0.69396	NA	37922	46483	8561	gnl|Bakta|KBJMNH_00451;gnl|Bakta|KBJMNH_00452;gnl|Bakta|KBJMNH_00453;gnl|Bakta|KBJMNH_00454;gnl|Bakta|KBJMNH_00455;gnl|Bakta|KBJMNH_00456;gnl|Bakta|KBJMNH_00457	7	PF02353;PF08003;PF13489;PF01596;PF13847;PF01209;PF08241;PF08242;PF13649;PF05175;PF12847;PF06325;PF01135;PF13679;PF08123;PF01555;PF00133;PF09334;PF01406;PF01588;PF08003;PF13489;PF13649;PF08241;PF08242;PF13847;PF03061;PF13439;PF00534;PF13692;PF02784	NA	NA
GCA_040862225.1	contig_11	deepBGC	Saccharide	0.68685	NA	37758	46348	8590	gnl|Bakta|HBMJOK_01537;gnl|Bakta|HBMJOK_01538;gnl|Bakta|HBMJOK_01539;gnl|Bakta|HBMJOK_01540;gnl|Bakta|HBMJOK_01541;gnl|Bakta|HBMJOK_01542;gnl|Bakta|HBMJOK_01543	7	PF02353;PF08003;PF13489;PF01596;PF13847;PF01209;PF08241;PF08242;PF13649;PF05175;PF12847;PF06325;PF01135;PF13679;PF08123;PF01555;PF00133;PF09334;PF01406;PF01588;PF08003;PF13489;PF13649;PF08241;PF08242;PF13847;PF03061;PF13439;PF13579;PF00534;PF13692;PF02784	NA	NA
GCA_040862225.1	contig_7	deepBGC		0.71383	NA	131145	133471	2326	gnl|Bakta|HBMJOK_01223;gnl|Bakta|HBMJOK_01224;gnl|Bakta|HBMJOK_01225;gnl|Bakta|HBMJOK_01226;gnl|Bakta|HBMJOK_01227	5	PF01636;PF07714;PF13672;PF13672;PF00092;PF13519	NA	NA
GCF_011175275.1	contig_18	deepBGC		0.50495	NA	16908	17673	765	gnl|Bakta|EHPHJF_01337	1	PF02668	NA	NA
GCF_011175275.1	contig_18	deepBGC		0.54029	NA	18718	19213	495	gnl|Bakta|EHPHJF_01340	1	PF00258;PF12641;PF12724	NA	NA
GCF_011175275.1	contig_3	deepBGC	Saccharide	0.8191	NA	38012	46581	8569	gnl|Bakta|EHPHJF_00312;gnl|Bakta|EHPHJF_00313;gnl|Bakta|EHPHJF_00314;gnl|Bakta|EHPHJF_00315;gnl|Bakta|EHPHJF_00316;gnl|Bakta|EHPHJF_00317;gnl|Bakta|EHPHJF_00318	7	PF02353;PF08003;PF13489;PF01596;PF13847;PF01209;PF08241;PF08242;PF13649;PF05175;PF12847;PF06325;PF01135;PF13679;PF08123;PF00133;PF09334;PF01406;PF01588;PF08003;PF13489;PF13649;PF08241;PF08242;PF13847;PF03061;PF13439;PF13579;PF00534;PF13692;PF02784	NA	NA
GCF_011175275.1	contig_5	deepBGC		0.55966	NA	14750	15380	630	gnl|Bakta|EHPHJF_00368	1	PF01135;PF13847;PF13489;PF13649;PF00398	NA	NA
GCF_037862115.1	contig_24	antiSMASH	Terpene-precursor	NA	No	1	7890	7890	NA;BIGPPN_01523;BIGPPN_01524;BIGPPN_01525;BIGPPN_01526;BIGPPN_01527;BIGPPN_01528;BIGPPN_01529;BIGPPN_01530;BIGPPN_01531;BIGPPN_01532;BIGPPN_01533	11	QueE;Fer4_12;PTPS;PT_FPPS_like;GTP_cyclohydroI	NA	NA
GCA_024411935.1	contig_16	deepBGC		0.55221	NA	4139	4925	786	gnl|Bakta|DLHHPN_01115	1	PF08003;PF13489;PF13847;PF08241;PF08242;PF13649	NA	NA
GCA_024411935.1	contig_2	deepBGC		0.58044	NA	2467	5111	2644	gnl|Bakta|DLHHPN_00517;gnl|Bakta|DLHHPN_00518;gnl|Bakta|DLHHPN_00519;gnl|Bakta|DLHHPN_00520;gnl|Bakta|DLHHPN_00521	5	PF01924;PF01455;PF02492;PF07883	NA	NA
GCF_003639425.1	contig_11	deepBGC		0.72069	NA	1783	10609	8826	gnl|Bakta|MPPADD_00784;gnl|Bakta|MPPADD_00785;gnl|Bakta|MPPADD_00786;gnl|Bakta|MPPADD_00787;gnl|Bakta|MPPADD_00788;gnl|Bakta|MPPADD_00790;gnl|Bakta|MPPADD_00791;gnl|Bakta|MPPADD_00792;gnl|Bakta|MPPADD_00793;gnl|Bakta|MPPADD_00794;gnl|Bakta|MPPADD_00795	11	PF04321;PF00106;PF16363;PF01370;PF02719;PF01073;PF08659;PF07993;PF13460;PF01416;PF03739;PF01135;PF13847;PF13649;PF00398;PF00268;PF01041;PF00266;PF05050	NA	NA
GCF_003639425.1	contig_13	deepBGC		0.55485	NA	174715	175219	504	gnl|Bakta|MPPADD_00992	1	PF01531	NA	NA
GCF_003639425.1	contig_15	deepBGC		0.60523	NA	600	4379	3779	gnl|Bakta|MPPADD_01003;gnl|Bakta|MPPADD_01004;gnl|Bakta|MPPADD_01005	3	PF01075;PF01075;PF09233	NA	NA
GCF_003639425.1	contig_17	deepBGC		0.56712	NA	4300	5098	798	gnl|Bakta|MPPADD_01137	1	PF08003;PF13489;PF13847;PF08241;PF08242;PF13649	NA	NA
GCF_015904485.1	contig_6	antiSMASH	Terpene-precursor	NA	No	1	8235	8235	NA;JIJGOG_00139;JIJGOG_00140;JIJGOG_00141;JIJGOG_00142;JIJGOG_00143;JIJGOG_00144;JIJGOG_00145;JIJGOG_00146;JIJGOG_00147;JIJGOG_00148;JIJGOG_00149;JIJGOG_00150	12	QueE;Fer4_12;PTPS;PT_FPPS_like;GTP_cyclohydroI	NA	NA
GCF_034498235.1	contig_1	antiSMASH	Terpene-precursor	NA	Yes	935210	956121	20912	NEDNAL_00910;NEDNAL_00911;NEDNAL_00912;NEDNAL_00913;NEDNAL_00914;NEDNAL_00915;NEDNAL_00916;NEDNAL_00917;NEDNAL_00918;NEDNAL_00919;NEDNAL_00920;NEDNAL_00921;NEDNAL_00922;NEDNAL_00923;NEDNAL_00924;NEDNAL_00925;NEDNAL_00926	17	GTP_cyclohydroI;PT_FPPS_like;PTPS;QueE;Fer4_12	NA	NA
GCF_011175335.1	contig_21	antiSMASH	Terpene-precursor	NA	No	1	8405	8405	NA;BJABMA_00989;BJABMA_00990;BJABMA_00991;BJABMA_00992;BJABMA_00993;BJABMA_00994;BJABMA_00995;BJABMA_00996;BJABMA_00997;BJABMA_00998;BJABMA_00999;BJABMA_01000	12	GTP_cyclohydroI;PT_FPPS_like;PTPS;QueE;Fer4_12	NA	NA
GCA_024407355.1	contig_44	deepBGC		0.68234	NA	37695	43233	5538	gnl|Bakta|MFOIJI_01772;gnl|Bakta|MFOIJI_01773;gnl|Bakta|MFOIJI_01774;gnl|Bakta|MFOIJI_01775;gnl|Bakta|MFOIJI_01776	5	PF02353;PF08003;PF13489;PF01596;PF13847;PF01209;PF08241;PF08242;PF13649;PF05175;PF12847;PF06325;PF01135;PF13679;PF08123;PF01555;PF09334;PF00133;PF01406;PF01588;PF08003;PF13489;PF13649;PF08241;PF08242;PF13847;PF03061	NA	NA
GCA_024407355.1	contig_8	deepBGC		0.75778	NA	16725	28796	12071	gnl|Bakta|MFOIJI_00557;MFOIJI_00558;gnl|Bakta|MFOIJI_00559;gnl|Bakta|MFOIJI_00560;MFOIJI_00561;MFOIJI_00562;gnl|Bakta|MFOIJI_00563;gnl|Bakta|MFOIJI_00564;gnl|Bakta|MFOIJI_00565;MFOIJI_00566;gnl|Bakta|MFOIJI_00567;gnl|Bakta|MFOIJI_00568;gnl|Bakta|MFOIJI_00569;gnl|Bakta|MFOIJI_00570;MFOIJI_00571;gnl|Bakta|MFOIJI_00572;gnl|Bakta|MFOIJI_00573;MFOIJI_00574;gnl|Bakta|MFOIJI_00575;gnl|Bakta|MFOIJI_00576	20	PF02668;PF02130;PF00258;PF12641;PF12724;PF09335;PF03597;PF03486;PF07992;PF12831;PF00890;PF01494;PF01266;PF13738;PF13450;PF07992;PF13738;PF00070;PF07690;PF13347;PF17561;PF07690;PF05977;PF00342;PF02521;PF02521;PF13722;PF02554;PF02554;PF02554;PF00528	NA	NA
GCA_024407355.1	contig_8	deepBGC	RiPP	0.56081	NA	29470	33216	3746	gnl|Bakta|MFOIJI_00578;gnl|Bakta|MFOIJI_00579;gnl|Bakta|MFOIJI_00580;gnl|Bakta|MFOIJI_00581	4	PF03193;PF00005;PF13555;PF03215;PF02463;PF13304;PF00497;PF10613;PF07690	NA	NA
GCF_040821425.1	contig_58	antiSMASH	Terpene-precursor	NA	No	1	8141	8141	NA;JKAFMD_01273;JKAFMD_01274;JKAFMD_01275;JKAFMD_01276;JKAFMD_01277;JKAFMD_01278;JKAFMD_01279;JKAFMD_01280;JKAFMD_01281;JKAFMD_01282;JKAFMD_01283;JKAFMD_01284	12	QueE;Fer4_12;PTPS;PT_FPPS_like;GTP_cyclohydroI	NA	NA
GCF_040821265.1	contig_43	antiSMASH	Terpene-precursor	NA	No	1	17698	17698	NA;KLFEFL_00588;KLFEFL_00589;KLFEFL_00590;KLFEFL_00591;KLFEFL_00592;KLFEFL_00593;KLFEFL_00594;KLFEFL_00595;KLFEFL_00596;KLFEFL_00597;KLFEFL_00598;KLFEFL_00599;KLFEFL_00600;KLFEFL_00601;KLFEFL_00602;KLFEFL_00603;KLFEFL_00604;KLFEFL_00605;KLFEFL_00606;KLFEFL_00607;KLFEFL_00608;KLFEFL_00609	22	GTP_cyclohydroI;PT_FPPS_like;PTPS;QueE;Fer4_12;DAO	NA	NA
GCA_024411835.1	contig_4	antiSMASH	Terpene-precursor	NA	Yes	47719	68630	20912	NA;COFGOA_00427;COFGOA_00428;COFGOA_00429;COFGOA_00430;COFGOA_00431;COFGOA_00432;COFGOA_00433;COFGOA_00434;COFGOA_00435;COFGOA_00436;COFGOA_00437;COFGOA_00438;COFGOA_00439;COFGOA_00440;COFGOA_00441;COFGOA_00442	16	QueE;Fer4_12;PTPS;PT_FPPS_like;GTP_cyclohydroI	NA	NA
GCF_014498275.1	contig_14	antiSMASH	Terpene-precursor	NA	No	1	92440	92440	NA;GMIJKD_01315;GMIJKD_01316;GMIJKD_01317;GMIJKD_01318;GMIJKD_01319;GMIJKD_01320;GMIJKD_01321;GMIJKD_01322;GMIJKD_01323;GMIJKD_01324;GMIJKD_01325;GMIJKD_01326;GMIJKD_01327;GMIJKD_01328;GMIJKD_01329;GMIJKD_01330;GMIJKD_01331;GMIJKD_01332;GMIJKD_01333;GMIJKD_01334;GMIJKD_01335;GMIJKD_01336;GMIJKD_01341;GMIJKD_01342;GMIJKD_01343;GMIJKD_01344;GMIJKD_01345;GMIJKD_01346;GMIJKD_01347;GMIJKD_01348;GMIJKD_01349;GMIJKD_01350;GMIJKD_01351;GMIJKD_01352;GMIJKD_01353;GMIJKD_01354;GMIJKD_01355;GMIJKD_01356;GMIJKD_01357;GMIJKD_01358;GMIJKD_01359;GMIJKD_01360;GMIJKD_01361;GMIJKD_01362;GMIJKD_01363;GMIJKD_01364;GMIJKD_01365;GMIJKD_01366;GMIJKD_01367;GMIJKD_01368;GMIJKD_01369;GMIJKD_01370;GMIJKD_01371;GMIJKD_01372;GMIJKD_01373;GMIJKD_01374;GMIJKD_01375;GMIJKD_01376;GMIJKD_01377;GMIJKD_01378;GMIJKD_01379;GMIJKD_01380;GMIJKD_01381;GMIJKD_01382;GMIJKD_01383;GMIJKD_01384;GMIJKD_01385;GMIJKD_01386;GMIJKD_01387;GMIJKD_01388;GMIJKD_01389;GMIJKD_01390;GMIJKD_01391;GMIJKD_01392;GMIJKD_01393;GMIJKD_01394;GMIJKD_01395;GMIJKD_01396;GMIJKD_01397;GMIJKD_01398;GMIJKD_01399;GMIJKD_01400;GMIJKD_01401;GMIJKD_01402;GMIJKD_01403;GMIJKD_01404;GMIJKD_01405;GMIJKD_01406;GMIJKD_01407;GMIJKD_01408;GMIJKD_01409;GMIJKD_01410;GMIJKD_01411	93	GTP_cyclohydroI;PT_FPPS_like;PTPS;QueE;Fer4_12	NA	NA
GCA_024407035.1	contig_17	antiSMASH	Terpene-precursor	NA	No	1	20028	20028	NA;MPACAB_00888;MPACAB_00889;MPACAB_00890;MPACAB_00891;MPACAB_00892;MPACAB_00893;MPACAB_00894;MPACAB_00895;MPACAB_00896;MPACAB_00897;MPACAB_00898;MPACAB_00899;MPACAB_00900;MPACAB_00901;MPACAB_00902;MPACAB_00903;MPACAB_00904;MPACAB_00905;MPACAB_00906;MPACAB_00907;MPACAB_00908;MPACAB_00913	22	GTP_cyclohydroI;PT_FPPS_like;PTPS;QueE;Fer4_12;DAO	NA	NA
GCF_037861965.1	contig_6	deepBGC		0.5347	NA	43086	44300	1214	gnl|Bakta|NNNNCN_00891;gnl|Bakta|NNNNCN_00892	2	PF01209;PF13489;PF13847;PF08241;PF08242;PF13649;PF03653;PF05425	NA	NA
GCF_037861965.1	contig_7	deepBGC	RiPP	0.56781	NA	63239	63869	630	gnl|Bakta|NNNNCN_01029	1	PF01135;PF00398;PF13847;PF13649	NA	NA
GCF_003639265.1	contig_14	antiSMASH	Terpene-precursor	NA	Yes	33795	54706	20912	NA;MNMMKJ_01153;MNMMKJ_01154;MNMMKJ_01155;MNMMKJ_01156;MNMMKJ_01157;MNMMKJ_01158;MNMMKJ_01159;MNMMKJ_01160;MNMMKJ_01161;MNMMKJ_01162;MNMMKJ_01163;MNMMKJ_01164;MNMMKJ_01165;MNMMKJ_01166;MNMMKJ_01167;MNMMKJ_01168;MNMMKJ_01169;MNMMKJ_01170;MNMMKJ_01171;MNMMKJ_01172	20	GTP_cyclohydroI;PT_FPPS_like;PTPS;QueE;Fer4_12	NA	NA
GCF_040821835.1	contig_39	antiSMASH	Terpene-precursor	NA	No	1	59566	59566	NA;CAKABM_01277;CAKABM_01278;CAKABM_01279;CAKABM_01280;CAKABM_01281;CAKABM_01282;CAKABM_01283;CAKABM_01284;CAKABM_01285;CAKABM_01286;CAKABM_01287;CAKABM_01288;CAKABM_01289;CAKABM_01290;CAKABM_01291;CAKABM_01292;CAKABM_01293;CAKABM_01294;CAKABM_01295;CAKABM_01296;CAKABM_01297;CAKABM_01298;CAKABM_01300;CAKABM_01304;CAKABM_01305;CAKABM_01306;CAKABM_01307;CAKABM_01308;CAKABM_01309;CAKABM_01310;CAKABM_01311;CAKABM_01312;CAKABM_01313;CAKABM_01314;CAKABM_01315;CAKABM_01316;CAKABM_01317;CAKABM_01318;CAKABM_01319;CAKABM_01320;CAKABM_01321;CAKABM_01322;CAKABM_01323;CAKABM_01324;CAKABM_01325;CAKABM_01326;CAKABM_01327;CAKABM_01328;CAKABM_01329;CAKABM_01330;CAKABM_01331;CAKABM_01332;CAKABM_01333;CAKABM_01334;CAKABM_01335;CAKABM_01336;CAKABM_01337;CAKABM_01338;CAKABM_01339;CAKABM_01340;CAKABM_01341	61	GTP_cyclohydroI;PT_FPPS_like;PTPS;QueE;Fer4_12	NA	NA
GCF_040821605.1	contig_13	antiSMASH	Terpene-precursor	NA	No	1	24414	24414	NA;GCKODN_00501;GCKODN_00502;GCKODN_00503;GCKODN_00504;GCKODN_00505;GCKODN_00506;GCKODN_00507;GCKODN_00508;GCKODN_00509;GCKODN_00510;GCKODN_00511;GCKODN_00512;GCKODN_00513;GCKODN_00514;GCKODN_00515;GCKODN_00516;GCKODN_00517;GCKODN_00518;GCKODN_00519	19	ATP-grasp_3;ATP-grasp;GTP_cyclohydroI;PT_FPPS_like;PTPS;QueE;Fer4_12	NA	NA
GCF_040821695.1	contig_10	antiSMASH	Terpene-precursor	NA	No	1	28178	28178	NA;JOHIOI_00340;JOHIOI_00341;JOHIOI_00342;JOHIOI_00343;JOHIOI_00344;JOHIOI_00345;JOHIOI_00346;JOHIOI_00347;JOHIOI_00348;JOHIOI_00349;JOHIOI_00350;JOHIOI_00351;JOHIOI_00352;JOHIOI_00353;JOHIOI_00354;JOHIOI_00355;JOHIOI_00356;JOHIOI_00357;JOHIOI_00358;JOHIOI_00359;JOHIOI_00360;JOHIOI_00365;JOHIOI_00366;JOHIOI_00367;JOHIOI_00368;JOHIOI_00369;JOHIOI_00370;JOHIOI_00371	28	GTP_cyclohydroI;PT_FPPS_like;PTPS;QueE;Fer4_12	NA	NA
GCA_040860965.1	contig_11	antiSMASH	Terpene-precursor	NA	No	1	56603	56603	NA;BNEGOB_01290;BNEGOB_01291;BNEGOB_01292;BNEGOB_01293;BNEGOB_01294;BNEGOB_01295;BNEGOB_01296;BNEGOB_01297;BNEGOB_01298;BNEGOB_01299;BNEGOB_01300;BNEGOB_01301;BNEGOB_01302;BNEGOB_01303;BNEGOB_01304;BNEGOB_01305;BNEGOB_01306;BNEGOB_01307;BNEGOB_01308;BNEGOB_01309;BNEGOB_01310;BNEGOB_01311;BNEGOB_01313;BNEGOB_01317;BNEGOB_01318;BNEGOB_01319;BNEGOB_01320;BNEGOB_01321;BNEGOB_01322;BNEGOB_01323;BNEGOB_01324;BNEGOB_01325;BNEGOB_01326;BNEGOB_01327;BNEGOB_01328;BNEGOB_01329;BNEGOB_01330;BNEGOB_01331;BNEGOB_01332;BNEGOB_01333;BNEGOB_01334;BNEGOB_01335;BNEGOB_01336;BNEGOB_01337;BNEGOB_01338;BNEGOB_01339;BNEGOB_01340;BNEGOB_01341;BNEGOB_01342;BNEGOB_01343;BNEGOB_01344;BNEGOB_01345;BNEGOB_01346;BNEGOB_01347;BNEGOB_01348;BNEGOB_01349	56	GTP_cyclohydroI;PT_FPPS_like;PTPS;QueE;Fer4_12;Peptidase_M50	NA	NA
GCF_015904325.1	contig_16	deepBGC		0.50329	NA	1036	2146	1110	gnl|Bakta|GMENJI_00746	1	PF01501	NA	NA
GCF_015904325.1	contig_21	deepBGC		0.51309	NA	197	2045	1848	gnl|Bakta|GMENJI_01212	1	PF02784	NA	NA
GCF_015904325.1	contig_21	deepBGC		0.6297	NA	3678	7419	3741	gnl|Bakta|GMENJI_01215;gnl|Bakta|GMENJI_01216;gnl|Bakta|GMENJI_01217	3	PF08003;PF13489;PF13847;PF08241;PF08242;PF13649;PF01588;PF09334;PF01406;PF00133	NA	NA
GCF_037861965.1	contig_10	antiSMASH	Terpene-precursor	NA	No	1	57373	57373	NA;NNNNCN_01302;NNNNCN_01303;NNNNCN_01304;NNNNCN_01305;NNNNCN_01306;NNNNCN_01307;NNNNCN_01308;NNNNCN_01309;NNNNCN_01310;NNNNCN_01311;NNNNCN_01312;NNNNCN_01313;NNNNCN_01314;NNNNCN_01315;NNNNCN_01316;NNNNCN_01317;NNNNCN_01318;NNNNCN_01319;NNNNCN_01320;NNNNCN_01321;NNNNCN_01322;NNNNCN_01323;NNNNCN_01328;NNNNCN_01329;NNNNCN_01330;NNNNCN_01331;NNNNCN_01332;NNNNCN_01333;NNNNCN_01334;NNNNCN_01335;NNNNCN_01336;NNNNCN_01337;NNNNCN_01338;NNNNCN_01339;NNNNCN_01340;NNNNCN_01341;NNNNCN_01342;NNNNCN_01343;NNNNCN_01344;NNNNCN_01345;NNNNCN_01346;NNNNCN_01347;NNNNCN_01348;NNNNCN_01349;NNNNCN_01350;NNNNCN_01351;NNNNCN_01352;NNNNCN_01353;NNNNCN_01354;NNNNCN_01355;NNNNCN_01356;NNNNCN_01357;NNNNCN_01358;NNNNCN_01359;NNNNCN_01360;NNNNCN_01361;NNNNCN_01362;NNNNCN_01363	58	GTP_cyclohydroI;PT_FPPS_like;PTPS;QueE;Fer4_12;Peptidase_M50	NA	NA
GCA_024411815.1	contig_11	antiSMASH	Terpene-precursor	NA	Yes	57015	77926	20912	NA;HHCDAA_00890;HHCDAA_00891;HHCDAA_00892;HHCDAA_00893;HHCDAA_00894;HHCDAA_00895;HHCDAA_00896;HHCDAA_00897;HHCDAA_00898;HHCDAA_00899;HHCDAA_00900;HHCDAA_00901;HHCDAA_00902;HHCDAA_00903;HHCDAA_00904;HHCDAA_00905;HHCDAA_00906;HHCDAA_00907;HHCDAA_00908	19	QueE;Fer4_12;PTPS;PT_FPPS_like;GTP_cyclohydroI	NA	NA
GCF_040820835.1	contig_48	antiSMASH	Terpene-precursor	NA	No	1	10191	10191	NA;HMAOEG_01110;HMAOEG_01111;HMAOEG_01112;HMAOEG_01113;HMAOEG_01114;HMAOEG_01115;HMAOEG_01116;HMAOEG_01117;HMAOEG_01118;HMAOEG_01119;HMAOEG_01120;HMAOEG_01121;HMAOEG_01122;HMAOEG_01123	14	GTP_cyclohydroI;PT_FPPS_like;PTPS;QueE;Fer4_12	NA	NA
GCF_015904965.1	contig_17	deepBGC		0.75329	NA	37606	46180	8574	gnl|Bakta|MMDDIN_01289;gnl|Bakta|MMDDIN_01290;gnl|Bakta|MMDDIN_01291;gnl|Bakta|MMDDIN_01292;gnl|Bakta|MMDDIN_01293;gnl|Bakta|MMDDIN_01294;gnl|Bakta|MMDDIN_01295	7	PF02353;PF08003;PF13489;PF13847;PF01209;PF08241;PF08242;PF13649;PF05175;PF12847;PF06325;PF01135;PF13679;PF08123;PF01555;PF00133;PF09334;PF01406;PF01588;PF08003;PF13489;PF13649;PF08241;PF08242;PF13847;PF03061;PF13439;PF00534;PF13692;PF02784	NA	NA
GCA_024406995.1	contig_24	antiSMASH	Terpene-precursor	NA	No	1	7947	7947	NA;JCJHCG_01348;JCJHCG_01349;JCJHCG_01350;JCJHCG_01351;JCJHCG_01352;JCJHCG_01353;JCJHCG_01354;JCJHCG_01355;JCJHCG_01356;JCJHCG_01357;JCJHCG_01358	11	QueE;Fer4_12;PTPS;PT_FPPS_like;GTP_cyclohydroI	NA	NA
GCF_040821545.1	contig_29	antiSMASH	Terpene-precursor	NA	No	1	8165	8165	NA;CJFMCM_00996;CJFMCM_00997;CJFMCM_00998;CJFMCM_00999;CJFMCM_01000;CJFMCM_01001;CJFMCM_01002;CJFMCM_01003;CJFMCM_01004;CJFMCM_01005;CJFMCM_01006;CJFMCM_01007	12	QueE;Fer4_12;PTPS;PT_FPPS_like;GTP_cyclohydroI	NA	NA
GCF_003639675.1	contig_13	deepBGC		0.5438	NA	38824	40032	1208	gnl|Bakta|JJNEOM_00778;gnl|Bakta|JJNEOM_00779;gnl|Bakta|JJNEOM_00780	3	PF10501;PF00550;PF14573;PF16320;PF13561;PF00106;PF08659	NA	NA
GCF_003639675.1	contig_18	deepBGC		0.56952	NA	424	3689	3265	gnl|Bakta|JJNEOM_00890;gnl|Bakta|JJNEOM_00891;gnl|Bakta|JJNEOM_00892	3	PF01075;PF01075	NA	NA
GCF_003639675.1	contig_2	deepBGC		0.54566	NA	115809	116316	507	gnl|Bakta|JJNEOM_00351	1	PF01531	NA	NA
GCF_003639675.1	contig_3	deepBGC		0.51093	NA	10180	10966	786	gnl|Bakta|JJNEOM_00361	1	PF08003;PF13489;PF13847;PF08241;PF08242;PF13649	NA	NA
GCF_003639675.1	contig_3	deepBGC		0.5301	NA	14047	15217	1170	gnl|Bakta|JJNEOM_00364	1	PF02353;PF08003;PF13489;PF08123;PF06325;PF01209;PF01135;PF05175;PF13679;PF12847;PF13847;PF08241;PF08242;PF13649	NA	NA
GCF_003639675.1	contig_5	deepBGC		0.59676	NA	25278	26943	1665	gnl|Bakta|JJNEOM_00504;gnl|Bakta|JJNEOM_00505	2	PF01135;PF13847;PF13649;PF13489;PF00398;PF00268	NA	NA
GCF_003639675.1	contig_5	deepBGC		0.50994	NA	30844	31378	534	gnl|Bakta|JJNEOM_00512	1	PF05050	NA	NA
GCF_003639675.1	contig_6	deepBGC		0.62282	NA	0	1377	1377	gnl|Bakta|JJNEOM_00523	1	PF08885	NA	NA
GCF_001998285.1	contig_11	antiSMASH	Terpene-precursor	NA	No	1	52071	52071	NA;GOIHFK_00929;GOIHFK_00930;GOIHFK_00931;GOIHFK_00932;GOIHFK_00933;GOIHFK_00934;GOIHFK_00935;GOIHFK_00936;GOIHFK_00937;GOIHFK_00938;GOIHFK_00939;GOIHFK_00940;GOIHFK_00941;GOIHFK_00942;GOIHFK_00943;GOIHFK_00944;GOIHFK_00945;GOIHFK_00946;GOIHFK_00947;GOIHFK_00948;GOIHFK_00949;GOIHFK_00950;GOIHFK_00951;GOIHFK_00952;GOIHFK_00953;GOIHFK_00954;GOIHFK_00955;GOIHFK_00956;GOIHFK_00957;GOIHFK_00958;GOIHFK_00959;GOIHFK_00960;GOIHFK_00961;GOIHFK_00962;GOIHFK_00965;GOIHFK_00966;GOIHFK_00967;GOIHFK_00968;GOIHFK_00969	39	QueE;Fer4_12;PTPS;PT_FPPS_like;GTP_cyclohydroI	NA	NA
GCF_036455175.1	contig_6	deepBGC		0.52328	NA	47055	47808	753	gnl|Bakta|COBPKB_01298	1	PF13561;PF00106;PF08659	NA	NA
GCF_036455175.1	contig_6	deepBGC		0.60238	NA	52709	54374	1665	gnl|Bakta|COBPKB_01305;gnl|Bakta|COBPKB_01306	2	PF01135;PF13847;PF13649;PF00398;PF13489;PF00268	NA	NA
GCF_036455175.1	contig_6	deepBGC		0.5027	NA	58181	58685	504	gnl|Bakta|COBPKB_01312	1	PF05050	NA	NA
GCF_036455175.1	contig_9	deepBGC		0.72665	NA	37370	48882	11512	gnl|Bakta|COBPKB_01460;gnl|Bakta|COBPKB_01461;gnl|Bakta|COBPKB_01462;gnl|Bakta|COBPKB_01463;gnl|Bakta|COBPKB_01464;gnl|Bakta|COBPKB_01465;gnl|Bakta|COBPKB_01466;gnl|Bakta|COBPKB_01467;gnl|Bakta|COBPKB_01468;gnl|Bakta|COBPKB_01469	10	PF02353;PF08003;PF13489;PF01596;PF13847;PF01209;PF08241;PF08242;PF13649;PF05175;PF12847;PF06325;PF01135;PF13679;PF08123;PF01555;PF09334;PF00133;PF01406;PF01588;PF08003;PF13489;PF13649;PF08241;PF08242;PF13847;PF03061;PF13439;PF00534;PF13692;PF02784;PF07510;PF03235	NA	NA
GCF_014497825.1	contig_4	deepBGC		0.55835	NA	0	4122	4122	gnl|Bakta|ABLCFB_00429;gnl|Bakta|ABLCFB_00430;gnl|Bakta|ABLCFB_00431;gnl|Bakta|ABLCFB_00432	4	PF07510;PF02784	NA	NA
GCF_014497825.1	contig_4	deepBGC		0.65594	NA	5752	10854	5102	gnl|Bakta|ABLCFB_00435;gnl|Bakta|ABLCFB_00436;gnl|Bakta|ABLCFB_00437;gnl|Bakta|ABLCFB_00438	4	PF08003;PF13489;PF13847;PF08241;PF08242;PF13649;PF01588;PF09334;PF01406;PF00133;PF02353;PF08003;PF13489;PF08123;PF06325;PF01209;PF01135;PF05175;PF01596;PF13679;PF12847;PF13847;PF02390;PF08241;PF08242;PF13649	NA	NA
GCA_040862365.1	contig_13	deepBGC		0.74741	NA	37527	46094	8567	gnl|Bakta|ACCCJE_01332;gnl|Bakta|ACCCJE_01333;gnl|Bakta|ACCCJE_01334;gnl|Bakta|ACCCJE_01335;gnl|Bakta|ACCCJE_01336;gnl|Bakta|ACCCJE_01337;gnl|Bakta|ACCCJE_01338	7	PF02353;PF08003;PF13489;PF01596;PF13847;PF01209;PF08241;PF08242;PF13649;PF05175;PF12847;PF06325;PF01135;PF13679;PF08123;PF01555;PF09334;PF00133;PF01406;PF01588;PF08003;PF13489;PF13649;PF08241;PF08242;PF13847;PF03061;PF13439;PF00534;PF13692;PF02784	NA	NA
GCA_040862285.1	contig_10	deepBGC	Saccharide	0.75345	NA	37531	46099	8568	gnl|Bakta|LLHLLE_01274;gnl|Bakta|LLHLLE_01275;gnl|Bakta|LLHLLE_01276;gnl|Bakta|LLHLLE_01277;gnl|Bakta|LLHLLE_01278;gnl|Bakta|LLHLLE_01279;gnl|Bakta|LLHLLE_01280	7	PF02353;PF08003;PF13489;PF01596;PF13847;PF01209;PF08241;PF08242;PF13649;PF05175;PF12847;PF06325;PF01135;PF13679;PF08123;PF01555;PF09334;PF00133;PF01406;PF01588;PF08003;PF13489;PF13649;PF08241;PF08242;PF13847;PF03061;PF13439;PF13579;PF00534;PF13692;PF02784	NA	NA
GCA_040862285.1	contig_26	deepBGC		0.61182	NA	1093	4790	3697	gnl|Bakta|LLHLLE_01619;gnl|Bakta|LLHLLE_01620;gnl|Bakta|LLHLLE_01621;gnl|Bakta|LLHLLE_01622;gnl|Bakta|LLHLLE_01623;gnl|Bakta|LLHLLE_01624;gnl|Bakta|LLHLLE_01625	7	PF01924;PF01455;PF02492;PF07883;PF00871;PF00871	NA	NA
GCA_040862285.1	contig_5	deepBGC		0.71886	NA	121421	123677	2256	gnl|Bakta|LLHLLE_00825;LLHLLE_00826;gnl|Bakta|LLHLLE_00827;gnl|Bakta|LLHLLE_00828;gnl|Bakta|LLHLLE_00829	5	PF01636;PF07714;PF13672;PF13672;PF13519	NA	NA
GCA_040861685.1	contig_12	deepBGC		0.7211	NA	37672	46736	9064	gnl|Bakta|IJEJNF_01438;gnl|Bakta|IJEJNF_01439;gnl|Bakta|IJEJNF_01440;gnl|Bakta|IJEJNF_01441;gnl|Bakta|IJEJNF_01442;gnl|Bakta|IJEJNF_01443;gnl|Bakta|IJEJNF_01444;gnl|Bakta|IJEJNF_01445;gnl|Bakta|IJEJNF_01446	9	PF02353;PF08003;PF13489;PF01596;PF13847;PF01209;PF08241;PF08242;PF13649;PF05175;PF12847;PF06325;PF01135;PF13679;PF08123;PF01555;PF09334;PF00133;PF01406;PF01588;PF08003;PF13489;PF13649;PF08241;PF08242;PF13847;PF03061;PF13439;PF00534;PF13692;PF02784;PF07927;PF15919	NA	NA
GCA_040861865.1	contig_21	antiSMASH	Terpene-precursor	NA	No	1	8330	8330	NA;LKEBMA_01598;LKEBMA_01599;LKEBMA_01600;LKEBMA_01601;LKEBMA_01602;LKEBMA_01603;LKEBMA_01604;LKEBMA_01605;LKEBMA_01606;LKEBMA_01607;LKEBMA_01608	11	GTP_cyclohydroI;PT_FPPS_like;PTPS;QueE;Fer4_12	NA	NA
GCF_037861735.1	contig_12	antiSMASH	Terpene-precursor	NA	No	1	38031	38031	NA;LCPKCH_01194;LCPKCH_01195;LCPKCH_01196;LCPKCH_01197;LCPKCH_01198;LCPKCH_01199;LCPKCH_01200;LCPKCH_01201;LCPKCH_01202;LCPKCH_01203;LCPKCH_01204;LCPKCH_01205;LCPKCH_01206;LCPKCH_01207;LCPKCH_01208;LCPKCH_01209;LCPKCH_01210;LCPKCH_01211;LCPKCH_01212;LCPKCH_01213;LCPKCH_01214;LCPKCH_01219;LCPKCH_01220;LCPKCH_01221;LCPKCH_01222;LCPKCH_01223;LCPKCH_01224;LCPKCH_01225;LCPKCH_01226;LCPKCH_01227;LCPKCH_01228;LCPKCH_01229;LCPKCH_01230;LCPKCH_01231;LCPKCH_01232;LCPKCH_01233;LCPKCH_01234;LCPKCH_01235;LCPKCH_01236;LCPKCH_01237;LCPKCH_01238	41	GTP_cyclohydroI;PT_FPPS_like;PTPS;QueE;Fer4_12	NA	NA
GCF_040821325.1	contig_14	deepBGC		0.53889	NA	76	1084	1008	gnl|Bakta|IMDADP_00584	1	PF00762	NA	NA
GCF_040821325.1	contig_14	deepBGC	Polyketide	0.7184	NA	11864	21927	10063	gnl|Bakta|IMDADP_00599;gnl|Bakta|IMDADP_00600;gnl|Bakta|IMDADP_00601;gnl|Bakta|IMDADP_00602;gnl|Bakta|IMDADP_00605;gnl|Bakta|IMDADP_00606;gnl|Bakta|IMDADP_00607;gnl|Bakta|IMDADP_00608;gnl|Bakta|IMDADP_00609	9	PF01135;PF00398;PF13489;PF13847;PF13649;PF03739;PF01416;PF16363;PF01370;PF07993;PF04321;PF02719;PF01073;PF00106;PF08659;PF13561;PF08238;PF07719;PF01081;PF00920	NA	NA
GCF_040821325.1	contig_14	deepBGC	NRP	0.55755	NA	25130	27355	2225	gnl|Bakta|IMDADP_00613;gnl|Bakta|IMDADP_00614	2	PF08240;PF02826;PF01262;PF03446;PF00107;PF01501	NA	NA
GCF_040821325.1	contig_43	deepBGC	Polyketide	0.511	NA	1784	2948	1164	gnl|Bakta|IMDADP_01201	1	PF07690;PF12832;PF05977	NA	NA
GCF_003639995.1	contig_22	antiSMASH	Terpene-precursor	NA	No	1	8276	8276	NA;EOHAFC_00991;EOHAFC_00992;EOHAFC_00993;EOHAFC_00994;EOHAFC_00995;EOHAFC_00996;EOHAFC_00997;EOHAFC_00998;EOHAFC_00999;EOHAFC_01000;EOHAFC_01001;EOHAFC_01002	12	GTP_cyclohydroI;PT_FPPS_like;PTPS;QueE;Fer4_12	NA	NA
GCF_037861895.1	contig_6	deepBGC		0.74264	NA	78819	83908	5089	gnl|Bakta|OEPLAE_01152;gnl|Bakta|OEPLAE_01153;gnl|Bakta|OEPLAE_01154;gnl|Bakta|OEPLAE_01155	4	PF02353;PF08003;PF13489;PF13847;PF01209;PF08241;PF08242;PF13649;PF05175;PF12847;PF06325;PF01135;PF13679;PF08123;PF01555;PF09334;PF00133;PF01406;PF01588;PF08003;PF13489;PF13649;PF08241;PF08242;PF13847	NA	NA
GCF_040821535.1	contig_51	deepBGC		0.84953	NA	250	9012	8762	gnl|Bakta|BKOOKJ_01182;gnl|Bakta|BKOOKJ_01183;gnl|Bakta|BKOOKJ_01186;gnl|Bakta|BKOOKJ_01187;gnl|Bakta|BKOOKJ_01188;gnl|Bakta|BKOOKJ_01189;gnl|Bakta|BKOOKJ_01190;gnl|Bakta|BKOOKJ_01192	8	PF13561;PF00106;PF08659;PF01370;PF04321;PF16363;PF01370;PF02719;PF08659;PF00106;PF01073;PF07993;PF01416;PF03739;PF01135;PF13847;PF13649;PF13489;PF00398;PF00268;PF01041;PF00266;PF00155;PF01053	NA	NA
GCF_040821535.1	contig_67	deepBGC	Polyketide	0.76811	NA	192	3705	3513	gnl|Bakta|BKOOKJ_01379;gnl|Bakta|BKOOKJ_01380;gnl|Bakta|BKOOKJ_01381;gnl|Bakta|BKOOKJ_01382;gnl|Bakta|BKOOKJ_01383	5	PF01039;PF03255;PF02801;PF00109;PF10501;PF00550;PF14573;PF16320;PF13561;PF00106;PF08659	NA	NA
GCF_040821535.1	contig_80	deepBGC		0.58044	NA	811	3449	2638	gnl|Bakta|BKOOKJ_01483;gnl|Bakta|BKOOKJ_01484;gnl|Bakta|BKOOKJ_01485;gnl|Bakta|BKOOKJ_01486;gnl|Bakta|BKOOKJ_01487	5	PF01924;PF01455;PF02492;PF07883	NA	NA
GCA_040861185.1	contig_8	antiSMASH	Terpene-precursor	NA	No	1	57566	57566	NA;CJMEHG_01277;CJMEHG_01278;CJMEHG_01279;CJMEHG_01280;CJMEHG_01281;CJMEHG_01282;CJMEHG_01283;CJMEHG_01284;CJMEHG_01285;CJMEHG_01286;CJMEHG_01287;CJMEHG_01288;CJMEHG_01289;CJMEHG_01290;CJMEHG_01291;CJMEHG_01292;CJMEHG_01293;CJMEHG_01294;CJMEHG_01295;CJMEHG_01296;CJMEHG_01297;CJMEHG_01302;CJMEHG_01303;CJMEHG_01304;CJMEHG_01305;CJMEHG_01306;CJMEHG_01307;CJMEHG_01308;CJMEHG_01309;CJMEHG_01310;CJMEHG_01311;CJMEHG_01312;CJMEHG_01313;CJMEHG_01314;CJMEHG_01315;CJMEHG_01316;CJMEHG_01317;CJMEHG_01318;CJMEHG_01319;CJMEHG_01320;CJMEHG_01321;CJMEHG_01322;CJMEHG_01323;CJMEHG_01324;CJMEHG_01325;CJMEHG_01326;CJMEHG_01327;CJMEHG_01328;CJMEHG_01329;CJMEHG_01330;CJMEHG_01331;CJMEHG_01332;CJMEHG_01333;CJMEHG_01334;CJMEHG_01335;CJMEHG_01336	56	GTP_cyclohydroI;PT_FPPS_like;PTPS;QueE;Fer4_12	NA	NA
GCF_030062585.1	contig_1	antiSMASH	Terpene-precursor	NA	Yes	1188326	1209237	20912	CEIPHG_01145;CEIPHG_01146;CEIPHG_01147;CEIPHG_01148;CEIPHG_01149;CEIPHG_01150;CEIPHG_01151;CEIPHG_01152;CEIPHG_01153;CEIPHG_01154;CEIPHG_01155;CEIPHG_01156;CEIPHG_01157;CEIPHG_01158;CEIPHG_01159;CEIPHG_01160;CEIPHG_01161;CEIPHG_01162;CEIPHG_01163;CEIPHG_01164;CEIPHG_01165	21	Glyco_transf_9;GTP_cyclohydroI;PT_FPPS_like;PTPS;QueE;Fer4_12	NA	NA
GCF_040821795.1	contig_58	antiSMASH	Terpene-precursor	NA	No	1	8129	8129	NA;JNFDEB_01211;JNFDEB_01212;JNFDEB_01213;JNFDEB_01214;JNFDEB_01215;JNFDEB_01216;JNFDEB_01217;JNFDEB_01218;JNFDEB_01219;JNFDEB_01220;JNFDEB_01221;JNFDEB_01222	12	QueE;Fer4_12;PTPS;PT_FPPS_like;GTP_cyclohydroI	NA	NA
GCF_003639285.1	contig_21	antiSMASH	Terpene-precursor	NA	No	1	8187	8187	NA;NDCABP_00970;NDCABP_00971;NDCABP_00972;NDCABP_00973;NDCABP_00974;NDCABP_00975;NDCABP_00976;NDCABP_00977;NDCABP_00978;NDCABP_00979;NDCABP_00980;NDCABP_00981	12	GTP_cyclohydroI;PT_FPPS_like;PTPS;QueE;Fer4_12	NA	NA
GCF_015904475	contig_16	GECCO	Unknown	0.9946194702980732	NA	5763	9175	3412	contig_16_10;contig_16_11;contig_16_7;contig_16_8;contig_16_9	5	PF01041;PF06306;PF06306	NA	IPR000653;IPR010446;IPR010446
GCA_040862325.1	contig_13	deepBGC		0.52579	NA	9014	9800	786	gnl|Bakta|ANHLGI_01368	1	PF08003;PF13489;PF13847;PF08241;PF08242;PF13649	NA	NA
GCA_040862325.1	contig_15	deepBGC		0.53069	NA	1108	2699	1591	ANHLGI_01455;gnl|Bakta|ANHLGI_01456;gnl|Bakta|ANHLGI_01457;gnl|Bakta|ANHLGI_01458;gnl|Bakta|ANHLGI_01459	5	PF13519;PF13672	NA	NA
GCA_040862325.1	contig_16	deepBGC		0.60834	NA	1	619	618	gnl|Bakta|ANHLGI_01498	1	PF08885	NA	NA
GCF_015904965.1	contig_11	antiSMASH	Terpene-precursor	NA	No	1	57834	57834	NA;MMDDIN_00935;MMDDIN_00936;MMDDIN_00937;MMDDIN_00938;MMDDIN_00939;MMDDIN_00940;MMDDIN_00941;MMDDIN_00942;MMDDIN_00943;MMDDIN_00944;MMDDIN_00945;MMDDIN_00946;MMDDIN_00947;MMDDIN_00948;MMDDIN_00949;MMDDIN_00950;MMDDIN_00951;MMDDIN_00952;MMDDIN_00953;MMDDIN_00954;MMDDIN_00955;MMDDIN_00956;MMDDIN_00957;MMDDIN_00962;MMDDIN_00963;MMDDIN_00964;MMDDIN_00965;MMDDIN_00966;MMDDIN_00967;MMDDIN_00968;MMDDIN_00969;MMDDIN_00970;MMDDIN_00971;MMDDIN_00972;MMDDIN_00973;MMDDIN_00974;MMDDIN_00975;MMDDIN_00976;MMDDIN_00977;MMDDIN_00978;MMDDIN_00979;MMDDIN_00980;MMDDIN_00981;MMDDIN_00982;MMDDIN_00983;MMDDIN_00984;MMDDIN_00985;MMDDIN_00986;MMDDIN_00987;MMDDIN_00988;MMDDIN_00989;MMDDIN_00990;MMDDIN_00991;MMDDIN_00992;MMDDIN_00993;MMDDIN_00994;MMDDIN_00995;MMDDIN_00996;MMDDIN_00997	59	GTP_cyclohydroI;PT_FPPS_like;PTPS;QueE;Fer4_12	NA	NA
GCF_014497505.1	contig_14	antiSMASH	Terpene-precursor	NA	No	1	9353	9353	NA;AFMMNC_00857;AFMMNC_00858;AFMMNC_00859;AFMMNC_00860;AFMMNC_00861;AFMMNC_00862;AFMMNC_00863;AFMMNC_00864;AFMMNC_00865;AFMMNC_00866;AFMMNC_00867;AFMMNC_00868;AFMMNC_00869	13	QueE;Fer4_12;PTPS;PT_FPPS_like;GTP_cyclohydroI	NA	NA
GCF_014497285.1	contig_16	deepBGC	Other	0.61171	NA	37575	40866	3291	gnl|Bakta|OIBFFH_01436;gnl|Bakta|OIBFFH_01437	2	PF02353;PF08003;PF13489;PF01596;PF13847;PF01209;PF08241;PF08242;PF13649;PF05175;PF12847;PF06325;PF01135;PF13679;PF08123;PF01555;PF00133;PF09334;PF01406;PF01588	NA	NA
GCF_014497285.1	contig_2	deepBGC		0.51442	NA	28698	29328	630	gnl|Bakta|OIBFFH_00271	1	PF01135;PF13847;PF13649;PF13489;PF00398	NA	NA
GCF_003639195.1	contig_31	antiSMASH	Terpene-precursor	NA	No	1	60275	60275	NA;JLKOAC_01497;JLKOAC_01498;JLKOAC_01499;JLKOAC_01500;JLKOAC_01501;JLKOAC_01502;JLKOAC_01503;JLKOAC_01504;JLKOAC_01505;JLKOAC_01506;JLKOAC_01507;JLKOAC_01508;JLKOAC_01509;JLKOAC_01510;JLKOAC_01511;JLKOAC_01512;JLKOAC_01513;JLKOAC_01514;JLKOAC_01515;JLKOAC_01516;JLKOAC_01517;JLKOAC_01522;JLKOAC_01523;JLKOAC_01524;JLKOAC_01525;JLKOAC_01526;JLKOAC_01527;JLKOAC_01528;JLKOAC_01529;JLKOAC_01530;JLKOAC_01531;JLKOAC_01532;JLKOAC_01533;JLKOAC_01534;JLKOAC_01535;JLKOAC_01536;JLKOAC_01537;JLKOAC_01538;JLKOAC_01539;JLKOAC_01540;JLKOAC_01541;JLKOAC_01542;JLKOAC_01543;JLKOAC_01544;JLKOAC_01545;JLKOAC_01546;JLKOAC_01547;JLKOAC_01548;JLKOAC_01549;JLKOAC_01550;JLKOAC_01551;JLKOAC_01552;JLKOAC_01553;JLKOAC_01554;JLKOAC_01555;JLKOAC_01556;JLKOAC_01557;JLKOAC_01558;JLKOAC_01559;JLKOAC_01560;JLKOAC_01561;JLKOAC_01562;JLKOAC_01563	63	GTP_cyclohydroI;PT_FPPS_like;PTPS;QueE;Fer4_12;Peptidase_M50	NA	NA
GCF_011141145.1	contig_18	antiSMASH	Terpene-precursor	NA	No	1	10243	10243	NA;EEODBD_00496;EEODBD_00497;EEODBD_00498;EEODBD_00499;EEODBD_00500;EEODBD_00501;EEODBD_00502;EEODBD_00503;EEODBD_00504;EEODBD_00505;EEODBD_00506;EEODBD_00507;EEODBD_00508	13	QueE;Fer4_12;PTPS;PT_FPPS_like;GTP_cyclohydroI	NA	NA
GCF_003639615.1	contig_26	deepBGC		0.59351	NA	175	289	114	gnl|Bakta|PIBKFJ_01143	1	PF05048	NA	NA
GCF_003639615.1	contig_4	deepBGC		0.73914	NA	37610	46655	9045	gnl|Bakta|PIBKFJ_00490;gnl|Bakta|PIBKFJ_00491;gnl|Bakta|PIBKFJ_00492;gnl|Bakta|PIBKFJ_00493;gnl|Bakta|PIBKFJ_00494;gnl|Bakta|PIBKFJ_00495;gnl|Bakta|PIBKFJ_00496;gnl|Bakta|PIBKFJ_00497	8	PF02353;PF08003;PF13489;PF01596;PF13847;PF01209;PF08241;PF08242;PF13649;PF05175;PF12847;PF06325;PF01135;PF13679;PF08123;PF01555;PF00133;PF09334;PF01406;PF01588;PF08003;PF13489;PF13649;PF08241;PF08242;PF13847;PF03061;PF13439;PF00534;PF13692;PF02784;PF15919	NA	NA
GCF_003639615.1	contig_8	deepBGC		0.53609	NA	2778	4056	1278	gnl|Bakta|PIBKFJ_00628;gnl|Bakta|PIBKFJ_00629;gnl|Bakta|PIBKFJ_00630	3	PF02492;PF07883	NA	NA
GCF_011141055.1	contig_5	antiSMASH	Terpene-precursor	NA	No	1	8227	8227	NA;CEGMHJ_00144;CEGMHJ_00145;CEGMHJ_00146;CEGMHJ_00147;CEGMHJ_00148;CEGMHJ_00149;CEGMHJ_00150;CEGMHJ_00151;CEGMHJ_00152;CEGMHJ_00153;CEGMHJ_00154;CEGMHJ_00155;CEGMHJ_00156	13	QueE;Fer4_12;PTPS;PT_FPPS_like;GTP_cyclohydroI	NA	NA
GCA_040861505.1	contig_9	deepBGC	Saccharide	0.75286	NA	62166	69408	7242	gnl|Bakta|HCFBPG_01300;gnl|Bakta|HCFBPG_01301;gnl|Bakta|HCFBPG_01302;gnl|Bakta|HCFBPG_01303;gnl|Bakta|HCFBPG_01304;gnl|Bakta|HCFBPG_01305	6	PF00133;PF09334;PF01406;PF01588;PF08003;PF13489;PF13649;PF08241;PF08242;PF05219;PF13847;PF03061;PF13439;PF00534;PF13692;PF02784	NA	NA
GCF_003639785.1	contig_20	antiSMASH	Terpene-precursor	NA	No	1	8265	8265	NA;NIBGIH_01080;NIBGIH_01081;NIBGIH_01082;NIBGIH_01083;NIBGIH_01084;NIBGIH_01085;NIBGIH_01086;NIBGIH_01087;NIBGIH_01088;NIBGIH_01089;NIBGIH_01090	11	GTP_cyclohydroI;PT_FPPS_like;PTPS;QueE;Fer4_12	NA	NA
GCF_014497405.1	contig_2	deepBGC		0.79065	NA	37089	46149	9060	gnl|Bakta|LCGACG_00414;gnl|Bakta|LCGACG_00415;gnl|Bakta|LCGACG_00416;gnl|Bakta|LCGACG_00417;gnl|Bakta|LCGACG_00418;gnl|Bakta|LCGACG_00419;gnl|Bakta|LCGACG_00420;gnl|Bakta|LCGACG_00421;gnl|Bakta|LCGACG_00422	9	PF02353;PF08003;PF13489;PF01596;PF13847;PF01209;PF08241;PF08242;PF13649;PF05175;PF12847;PF06325;PF01135;PF13679;PF08123;PF09334;PF00133;PF01406;PF01588;PF08003;PF13489;PF13649;PF08241;PF08242;PF13847;PF03061;PF13439;PF00534;PF13692;PF02784;PF07927;PF15919	NA	NA
GCF_003639725.1	contig_17	antiSMASH	Terpene-precursor	NA	No	1	9857	9857	NA;GLIJMD_01060;GLIJMD_01061;GLIJMD_01062;GLIJMD_01063;GLIJMD_01064;GLIJMD_01065;GLIJMD_01066;GLIJMD_01067;GLIJMD_01068;GLIJMD_01069;GLIJMD_01070;GLIJMD_01071;GLIJMD_01072	13	GTP_cyclohydroI;PT_FPPS_like;PTPS;QueE;Fer4_12	NA	NA
GCF_014498585.1	contig_5	antiSMASH	Terpene-precursor	NA	No	1	15214	15214	NA;FPFBFI_00493;FPFBFI_00494;FPFBFI_00495;FPFBFI_00496;FPFBFI_00497;FPFBFI_00498;FPFBFI_00499;FPFBFI_00500;FPFBFI_00501;FPFBFI_00502;FPFBFI_00503;FPFBFI_00504;FPFBFI_00505;FPFBFI_00506;FPFBFI_00507;FPFBFI_00508;FPFBFI_00509;FPFBFI_00510	18	GTP_cyclohydroI;PT_FPPS_like;PTPS;QueE;Fer4_12;Glyco_transf_9	NA	NA
GCF_040821475.1	contig_13	deepBGC		0.66743	NA	19038	26198	7160	gnl|Bakta|LHHDOJ_00477;gnl|Bakta|LHHDOJ_00478;gnl|Bakta|LHHDOJ_00479;gnl|Bakta|LHHDOJ_00480;gnl|Bakta|LHHDOJ_00481;gnl|Bakta|LHHDOJ_00482;gnl|Bakta|LHHDOJ_00483;gnl|Bakta|LHHDOJ_00484;gnl|Bakta|LHHDOJ_00485	9	PF02668;PF07173;PF02130;PF00258;PF12641;PF12724;PF09335;PF03597;PF07992;PF12831;PF03486;PF00890;PF01494;PF13738;PF13450;PF13434;PF00070;PF07690;PF13347;PF00342	NA	NA
GCF_040821475.1	contig_32	deepBGC		0.6011	NA	9805	10591	786	gnl|Bakta|LHHDOJ_00900	1	PF08003;PF13489;PF13847;PF08241;PF08242;PF13649	NA	NA
GCF_040821475.1	contig_39	deepBGC		0.54452	NA	2	4669	4667	gnl|Bakta|LHHDOJ_01036;gnl|Bakta|LHHDOJ_01037;gnl|Bakta|LHHDOJ_01038;gnl|Bakta|LHHDOJ_01039	4	PF13175;PF13304;PF09320;PF08541;PF08545;PF00195;PF00108;PF07451	NA	NA
GCF_040821475.1	contig_54	deepBGC		0.80938	NA	108	4921	4813	gnl|Bakta|LHHDOJ_01215;gnl|Bakta|LHHDOJ_01216;gnl|Bakta|LHHDOJ_01217;gnl|Bakta|LHHDOJ_01218;gnl|Bakta|LHHDOJ_01219;gnl|Bakta|LHHDOJ_01220;gnl|Bakta|LHHDOJ_01221;gnl|Bakta|LHHDOJ_01222;gnl|Bakta|LHHDOJ_01223	9	PF08433;PF01636;PF07714;PF13672;PF13672;PF00092;PF13519	NA	NA
GCF_040821475.1	contig_55	deepBGC	Other	0.64036	NA	94	1264	1170	gnl|Bakta|LHHDOJ_01224	1	PF01555;PF02353;PF13489;PF08123;PF08003;PF01209;PF06325;PF01135;PF05175;PF01596;PF12847;PF13679;PF13847;PF08241;PF08242;PF13649	NA	NA
GCF_040821475.1	contig_55	deepBGC	Polyketide	0.6818	NA	55561	65439	9878	gnl|Bakta|LHHDOJ_01279;gnl|Bakta|LHHDOJ_01280;gnl|Bakta|LHHDOJ_01281;gnl|Bakta|LHHDOJ_01282;gnl|Bakta|LHHDOJ_01285;gnl|Bakta|LHHDOJ_01286;gnl|Bakta|LHHDOJ_01287;gnl|Bakta|LHHDOJ_01288;gnl|Bakta|LHHDOJ_01289	9	PF01135;PF00398;PF13489;PF13847;PF13649;PF03739;PF01416;PF16363;PF01370;PF07993;PF04321;PF02719;PF01073;PF08659;PF00106;PF08659;PF13561;PF08238;PF07719;PF01081;PF00920	NA	NA
GCF_040821475.1	contig_60	deepBGC		0.59617	NA	92	2291	2199	gnl|Bakta|LHHDOJ_01312;gnl|Bakta|LHHDOJ_01313	2	PF01497;PF01497	NA	NA
GCF_015904975.1	contig_9	antiSMASH	Terpene-precursor	NA	No	1	56810	56810	NA;CJHIEN_00901;CJHIEN_00902;CJHIEN_00903;CJHIEN_00904;CJHIEN_00905;CJHIEN_00906;CJHIEN_00907;CJHIEN_00908;CJHIEN_00909;CJHIEN_00910;CJHIEN_00911;CJHIEN_00912;CJHIEN_00913;CJHIEN_00914;CJHIEN_00915;CJHIEN_00916;CJHIEN_00917;CJHIEN_00918;CJHIEN_00919;CJHIEN_00920;CJHIEN_00921;CJHIEN_00922;CJHIEN_00923;CJHIEN_00924;CJHIEN_00925;CJHIEN_00926;CJHIEN_00927;CJHIEN_00928;CJHIEN_00929;CJHIEN_00930;CJHIEN_00931;CJHIEN_00932;CJHIEN_00933;CJHIEN_00934;CJHIEN_00935;CJHIEN_00940;CJHIEN_00941;CJHIEN_00942;CJHIEN_00943;CJHIEN_00944;CJHIEN_00945;CJHIEN_00946;CJHIEN_00947;CJHIEN_00948;CJHIEN_00949;CJHIEN_00950;CJHIEN_00951;CJHIEN_00952;CJHIEN_00953;CJHIEN_00954;CJHIEN_00955;CJHIEN_00956;CJHIEN_00957;CJHIEN_00958;CJHIEN_00959;CJHIEN_00960;CJHIEN_00961;CJHIEN_00962	58	Peptidase_M50;QueE;Fer4_12;PTPS;PT_FPPS_like;GTP_cyclohydroI	NA	NA
GCF_014496815.1	contig_13	antiSMASH	Terpene-precursor	NA	No	1	59881	59881	NA;BKENPF_01282;BKENPF_01283;BKENPF_01284;BKENPF_01285;BKENPF_01286;BKENPF_01287;BKENPF_01288;BKENPF_01289;BKENPF_01290;BKENPF_01291;BKENPF_01292;BKENPF_01293;BKENPF_01294;BKENPF_01295;BKENPF_01296;BKENPF_01297;BKENPF_01298;BKENPF_01299;BKENPF_01300;BKENPF_01301;BKENPF_01302;BKENPF_01303;BKENPF_01304;BKENPF_01305;BKENPF_01306;BKENPF_01307;BKENPF_01308;BKENPF_01309;BKENPF_01310;BKENPF_01311;BKENPF_01312;BKENPF_01313;BKENPF_01314;BKENPF_01315;BKENPF_01316;BKENPF_01317;BKENPF_01318;BKENPF_01319;BKENPF_01320;BKENPF_01321;BKENPF_01322;BKENPF_01323;BKENPF_01324;BKENPF_01329;BKENPF_01330;BKENPF_01331;BKENPF_01332;BKENPF_01333;BKENPF_01334;BKENPF_01335;BKENPF_01336;BKENPF_01337;BKENPF_01338;BKENPF_01339;BKENPF_01340;BKENPF_01341;BKENPF_01342;BKENPF_01343;BKENPF_01344;BKENPF_01345;BKENPF_01346;BKENPF_01347;BKENPF_01348;BKENPF_01349;BKENPF_01350	65	QueE;Fer4_12;PTPS;PT_FPPS_like;GTP_cyclohydroI	NA	NA
GCF_003639805.1	contig_36	antiSMASH	Terpene-precursor	NA	No	1	48049	48049	NA;ENLLPF_01595;ENLLPF_01596;ENLLPF_01599;ENLLPF_01600;ENLLPF_01601;ENLLPF_01602;ENLLPF_01603;ENLLPF_01604;ENLLPF_01605;ENLLPF_01606;ENLLPF_01607;ENLLPF_01608;ENLLPF_01609;ENLLPF_01610;ENLLPF_01611;ENLLPF_01612;ENLLPF_01613;ENLLPF_01614;ENLLPF_01615;ENLLPF_01616;ENLLPF_01617;ENLLPF_01618;ENLLPF_01619;ENLLPF_01620;ENLLPF_01621;ENLLPF_01622;ENLLPF_01623;ENLLPF_01624;ENLLPF_01625;ENLLPF_01626;ENLLPF_01627;ENLLPF_01628;ENLLPF_01629;ENLLPF_01630;ENLLPF_01631;ENLLPF_01632;ENLLPF_01633;ENLLPF_01634;ENLLPF_01635;ENLLPF_01636;ENLLPF_01637;ENLLPF_01638	42	GTP_cyclohydroI;PT_FPPS_like;PTPS;QueE;Fer4_12	NA	NA
GCF_014498205.1	contig_16	deepBGC	Other	0.60369	NA	37689	42783	5094	gnl|Bakta|AJEFLN_01427;gnl|Bakta|AJEFLN_01428;gnl|Bakta|AJEFLN_01429;gnl|Bakta|AJEFLN_01430	4	PF02353;PF08003;PF13489;PF01596;PF13847;PF01209;PF08241;PF08242;PF13649;PF05175;PF12847;PF06325;PF01135;PF13679;PF08123;PF01555;PF09334;PF00133;PF01406;PF01588;PF08003;PF13489;PF13649;PF08241;PF08242;PF13847	NA	NA
GCF_014496865.1	contig_2	deepBGC	Saccharide	0.71916	NA	30183	38745	8562	gnl|Bakta|GFEKAB_00320;gnl|Bakta|GFEKAB_00321;gnl|Bakta|GFEKAB_00322;gnl|Bakta|GFEKAB_00323;gnl|Bakta|GFEKAB_00324;gnl|Bakta|GFEKAB_00325;gnl|Bakta|GFEKAB_00326	7	PF02353;PF08003;PF13489;PF01596;PF13847;PF01209;PF08241;PF08242;PF13649;PF05175;PF12847;PF06325;PF01135;PF13679;PF08123;PF01555;PF00133;PF09334;PF01406;PF01588;PF08003;PF13489;PF13649;PF08241;PF08242;PF13847;PF03061;PF13439;PF13579;PF00534;PF13692;PF02784	NA	NA
GCF_014496865.1	contig_9	deepBGC		0.61797	NA	203	1214	1011	gnl|Bakta|GFEKAB_00403	1	PF01501	NA	NA
GCF_040820855.1	contig_108	deepBGC		0.5219	NA	3109	3940	831	gnl|Bakta|BFKGPN_01266	1	PF02569	NA	NA
GCF_040820855.1	contig_108	deepBGC		0.56438	NA	4745	6229	1484	gnl|Bakta|BFKGPN_01268;gnl|Bakta|BFKGPN_01269;gnl|Bakta|BFKGPN_01270	3	PF00484;PF00484;PF00793	NA	NA
GCF_040820855.1	contig_108	deepBGC		0.51105	NA	6710	7127	417	gnl|Bakta|BFKGPN_01272	1	PF01029	NA	NA
GCF_040820855.1	contig_128	deepBGC	Terpene	0.61009	NA	69	5467	5398	gnl|Bakta|BFKGPN_01433;gnl|Bakta|BFKGPN_01434;gnl|Bakta|BFKGPN_01435;gnl|Bakta|BFKGPN_01436;gnl|Bakta|BFKGPN_01437	5	PF00884;PF13088;PF04909;PF03544	NA	NA
GCF_040820855.1	contig_130	deepBGC		0.74714	NA	221	5187	4966	gnl|Bakta|BFKGPN_01442;gnl|Bakta|BFKGPN_01443;gnl|Bakta|BFKGPN_01444;gnl|Bakta|BFKGPN_01445	4	PF05378;PF01869;PF05378;PF01968;PF02538;PF08882	NA	NA
GCF_040820855.1	contig_26	deepBGC		0.55475	NA	1	1039	1038	gnl|Bakta|BFKGPN_00161	1	PF01501	NA	NA
GCF_040820855.1	contig_32	deepBGC		0.51183	NA	48	603	555	gnl|Bakta|BFKGPN_00180	1	PF03548	NA	NA
GCF_040820855.1	contig_36	deepBGC	Polyketide	0.7954	NA	351	2892	2541	gnl|Bakta|BFKGPN_00212;gnl|Bakta|BFKGPN_00213;gnl|Bakta|BFKGPN_00214	3	PF01039;PF03255;PF02801;PF00109;PF10501;PF00550;PF14573;PF16320	NA	NA
GCF_040820855.1	contig_41	deepBGC		0.61018	NA	4293	8043	3750	gnl|Bakta|BFKGPN_00311;gnl|Bakta|BFKGPN_00312;gnl|Bakta|BFKGPN_00313	3	PF08003;PF13489;PF13847;PF08241;PF08242;PF13649;PF01588;PF09334;PF01406;PF00133	NA	NA
GCF_040820855.1	contig_56	deepBGC	Polyketide	0.52541	NA	1984	2737	753	gnl|Bakta|BFKGPN_00667	1	PF00106;PF01370;PF08659;PF13561	NA	NA
GCF_040820855.1	contig_80	deepBGC		0.69253	NA	40	10109	10069	gnl|Bakta|BFKGPN_00994;gnl|Bakta|BFKGPN_00995;gnl|Bakta|BFKGPN_00996;gnl|Bakta|BFKGPN_00997;gnl|Bakta|BFKGPN_00998;gnl|Bakta|BFKGPN_01000;gnl|Bakta|BFKGPN_01001;gnl|Bakta|BFKGPN_01002;gnl|Bakta|BFKGPN_01003;gnl|Bakta|BFKGPN_01004;gnl|Bakta|BFKGPN_01005	11	PF04321;PF16363;PF01370;PF02719;PF08659;PF01073;PF07993;PF13460;PF01416;PF03739;PF01135;PF13847;PF13649;PF00398;PF13489;PF00268;PF01041;PF00266;PF02785;PF15632;PF02786;PF08443;PF02655;PF02222;PF07478;PF14397;PF13549;PF00289;PF00364;PF06062	NA	NA
GCA_040861805.1	contig_12	deepBGC	Saccharide	0.71645	NA	37712	46788	9076	gnl|Bakta|CLGAPO_01290;gnl|Bakta|CLGAPO_01291;gnl|Bakta|CLGAPO_01292;gnl|Bakta|CLGAPO_01293;gnl|Bakta|CLGAPO_01294;gnl|Bakta|CLGAPO_01295;gnl|Bakta|CLGAPO_01296;gnl|Bakta|CLGAPO_01297;gnl|Bakta|CLGAPO_01298	9	PF02353;PF08003;PF13489;PF13847;PF01209;PF08241;PF08242;PF13649;PF05175;PF12847;PF06325;PF01135;PF13679;PF08123;PF01555;PF00133;PF09334;PF01406;PF01588;PF08003;PF13489;PF13649;PF08241;PF08242;PF13847;PF03061;PF13439;PF13579;PF00534;PF13692;PF02784;PF07927;PF15919	NA	NA
GCF_011175135.1	contig_11	antiSMASH	Terpene-precursor	NA	No	1	98203	98203	NA;NKHOJP_01390;NKHOJP_01391;NKHOJP_01392;NKHOJP_01393;NKHOJP_01394;NKHOJP_01395;NKHOJP_01396;NKHOJP_01397;NKHOJP_01398;NKHOJP_01399;NKHOJP_01400;NKHOJP_01401;NKHOJP_01402;NKHOJP_01403;NKHOJP_01404;NKHOJP_01405;NKHOJP_01406;NKHOJP_01407;NKHOJP_01408;NKHOJP_01409;NKHOJP_01410;NKHOJP_01411;NKHOJP_01412;NKHOJP_01413;NKHOJP_01418;NKHOJP_01419;NKHOJP_01420;NKHOJP_01421;NKHOJP_01422;NKHOJP_01423;NKHOJP_01424;NKHOJP_01425;NKHOJP_01426;NKHOJP_01427;NKHOJP_01428;NKHOJP_01429;NKHOJP_01430;NKHOJP_01431;NKHOJP_01432;NKHOJP_01433;NKHOJP_01434;NKHOJP_01435;NKHOJP_01436;NKHOJP_01437;NKHOJP_01438;NKHOJP_01439;NKHOJP_01440;NKHOJP_01441;NKHOJP_01442;NKHOJP_01443;NKHOJP_01444;NKHOJP_01445;NKHOJP_01446;NKHOJP_01447;NKHOJP_01448;NKHOJP_01449;NKHOJP_01450;NKHOJP_01451;NKHOJP_01452;NKHOJP_01453;NKHOJP_01454;NKHOJP_01455;NKHOJP_01456;NKHOJP_01457;NKHOJP_01458;NKHOJP_01459;NKHOJP_01460;NKHOJP_01461;NKHOJP_01462;NKHOJP_01463;NKHOJP_01464;NKHOJP_01465;NKHOJP_01466;NKHOJP_01467;NKHOJP_01468;NKHOJP_01469;NKHOJP_01470;NKHOJP_01471;NKHOJP_01472;NKHOJP_01473;NKHOJP_01474;NKHOJP_01475;NKHOJP_01476;NKHOJP_01477;NKHOJP_01478;NKHOJP_01479;NKHOJP_01480;NKHOJP_01481;NKHOJP_01482;NKHOJP_01483;NKHOJP_01484;NKHOJP_01485;NKHOJP_01486;NKHOJP_01487;NKHOJP_01488;NKHOJP_01489;NKHOJP_01490;NKHOJP_01491;NKHOJP_01492;NKHOJP_01493	100	GTP_cyclohydroI;PT_FPPS_like;PTPS;QueE;Fer4_12	NA	NA
GCF_001999845.1	contig_29	antiSMASH	Terpene-precursor	NA	No	1	54967	54967	NA;OGONHA_01146;OGONHA_01147;OGONHA_01148;OGONHA_01149;OGONHA_01150;OGONHA_01151;OGONHA_01152;OGONHA_01153;OGONHA_01154;OGONHA_01155;OGONHA_01156;OGONHA_01157;OGONHA_01158;OGONHA_01159;OGONHA_01160;OGONHA_01161;OGONHA_01162;OGONHA_01163;OGONHA_01164;OGONHA_01165;OGONHA_01166;OGONHA_01167;OGONHA_01168;OGONHA_01169;OGONHA_01170;OGONHA_01171;OGONHA_01172;OGONHA_01173;OGONHA_01174;OGONHA_01175;OGONHA_01176;OGONHA_01177;OGONHA_01178;OGONHA_01179;OGONHA_01180;OGONHA_01181;OGONHA_01182;OGONHA_01187;OGONHA_01188;OGONHA_01189;OGONHA_01190;OGONHA_01191;OGONHA_01192;OGONHA_01193;OGONHA_01194;OGONHA_01195;OGONHA_01196;OGONHA_01197;OGONHA_01198;OGONHA_01199;OGONHA_01200;OGONHA_01201;OGONHA_01202;OGONHA_01203;OGONHA_01204	55	QueE;Fer4_12;PTPS;PT_FPPS_like;GTP_cyclohydroI	NA	NA
GCF_003639635.1	contig_20	antiSMASH	Terpene-precursor	NA	No	1	9558	9558	NA;EIPJDH_00985;EIPJDH_00986;EIPJDH_00987;EIPJDH_00988;EIPJDH_00989;EIPJDH_00990;EIPJDH_00991;EIPJDH_00992;EIPJDH_00993;EIPJDH_00994;EIPJDH_00995;EIPJDH_00996;EIPJDH_00997;EIPJDH_00998	14	GTP_cyclohydroI;PT_FPPS_like;PTPS;QueE;Fer4_12	NA	NA
GCA_024409305.1	contig_1	deepBGC		0.54384	NA	1065	7336	6271	gnl|Bakta|OHMJKN_00003;gnl|Bakta|OHMJKN_00004;gnl|Bakta|OHMJKN_00005;gnl|Bakta|OHMJKN_00006	4	PF01208;PF02321;PF16576;PF13533;PF13437;PF00873;PF03176	NA	NA
GCA_024409305.1	contig_1	deepBGC		0.51449	NA	17637	18138	501	gnl|Bakta|OHMJKN_00009	1	PF01061	NA	NA
GCA_024409305.1	contig_107	deepBGC		0.59079	NA	93	3483	3390	gnl|Bakta|OHMJKN_00699;gnl|Bakta|OHMJKN_00700;gnl|Bakta|OHMJKN_00702	3	PF00490;PF01709;PF08238	NA	NA
GCA_024409305.1	contig_12	deepBGC		0.56798	NA	284	3384	3100	gnl|Bakta|OHMJKN_00088;gnl|Bakta|OHMJKN_00089;gnl|Bakta|OHMJKN_00090;gnl|Bakta|OHMJKN_00091	4	PF02569;PF00215;PF00484;PF00793	NA	NA
GCA_024409305.1	contig_12	deepBGC		0.51815	NA	3865	4282	417	gnl|Bakta|OHMJKN_00093	1	PF01029	NA	NA
GCA_024409305.1	contig_123	deepBGC	RiPP	0.59718	NA	51	240	189	gnl|Bakta|OHMJKN_00781	1	PF00005	NA	NA
GCA_024409305.1	contig_142	deepBGC	Polyketide	0.68113	NA	218	11250	11032	gnl|Bakta|OHMJKN_00927;gnl|Bakta|OHMJKN_00928;gnl|Bakta|OHMJKN_00929;gnl|Bakta|OHMJKN_00930;gnl|Bakta|OHMJKN_00931;gnl|Bakta|OHMJKN_00932;gnl|Bakta|OHMJKN_00933;gnl|Bakta|OHMJKN_00934;gnl|Bakta|OHMJKN_00935;gnl|Bakta|OHMJKN_00936	10	PF03235;PF08882;PF02538;PF01968;PF05378;PF09982;PF02667;PF03606;PF03806;PF03600;PF01144;PF13336;PF01144;PF02803;PF00108;PF00109;PF10108	NA	NA
GCA_024409305.1	contig_151	deepBGC		0.54425	NA	841	4481	3640	gnl|Bakta|OHMJKN_00992;gnl|Bakta|OHMJKN_00993;gnl|Bakta|OHMJKN_00994	3	PF02321;PF16576;PF13533;PF00364;PF13437;PF12698;PF01061	NA	NA
GCA_024409305.1	contig_22	deepBGC		0.5428	NA	176	1763	1587	gnl|Bakta|OHMJKN_00152	1	PF02521	NA	NA
GCA_024409305.1	contig_26	deepBGC		0.55613	NA	258	732	474	gnl|Bakta|OHMJKN_00172	1	PF13664	NA	NA
GCA_024409305.1	contig_6	deepBGC		0.67755	NA	1260	3443	2183	gnl|Bakta|OHMJKN_00047;gnl|Bakta|OHMJKN_00048;gnl|Bakta|OHMJKN_00049	3	PF05050;PF02785;PF15632;PF02786;PF08443;PF02655;PF02222;PF07478;PF14397;PF13549;PF00289	NA	NA
GCA_024409305.1	contig_64	deepBGC		0.70754	NA	2	4653	4651	gnl|Bakta|OHMJKN_00399;gnl|Bakta|OHMJKN_00400;gnl|Bakta|OHMJKN_00401;gnl|Bakta|OHMJKN_00402;gnl|Bakta|OHMJKN_00403;gnl|Bakta|OHMJKN_00404;gnl|Bakta|OHMJKN_00405;gnl|Bakta|OHMJKN_00406	8	PF01678;PF04224;PF10034;PF16777;PF01165;PF00106;PF08659;PF13561;PF00550;PF14573;PF16320;PF10501	NA	NA
GCA_024409305.1	contig_76	deepBGC	Saccharide	0.81789	NA	2	5029	5027	gnl|Bakta|OHMJKN_00491;gnl|Bakta|OHMJKN_00492;gnl|Bakta|OHMJKN_00493;gnl|Bakta|OHMJKN_00494;gnl|Bakta|OHMJKN_00495;gnl|Bakta|OHMJKN_00496	6	PF02784;PF00534;PF13692;PF13439;PF03061;PF08003;PF13489;PF13847;PF08241;PF08242;PF13649;PF01588	NA	NA
GCA_024409305.1	contig_94	deepBGC		0.53126	NA	2	548	546	gnl|Bakta|OHMJKN_00606	1	PF02492	NA	NA
GCF_003640095.1	contig_20	antiSMASH	Terpene-precursor	NA	Yes	8493	29404	20912	NA;BGBFOE_01342;BGBFOE_01343;BGBFOE_01344;BGBFOE_01345;BGBFOE_01346;BGBFOE_01347;BGBFOE_01348;BGBFOE_01349;BGBFOE_01350;BGBFOE_01351;BGBFOE_01352;BGBFOE_01353;BGBFOE_01354;BGBFOE_01355;BGBFOE_01356;BGBFOE_01357;BGBFOE_01358;BGBFOE_01359;BGBFOE_01360;BGBFOE_01361;BGBFOE_01362;BGBFOE_01363;BGBFOE_01364;BGBFOE_01365	24	GTP_cyclohydroI;PT_FPPS_like;PTPS;QueE;Fer4_12	NA	NA
GCF_003640025.1	contig_15	antiSMASH	Terpene-precursor	NA	No	1	8413	8413	NA;LAMDJA_00989;LAMDJA_00990;LAMDJA_00991;LAMDJA_00992;LAMDJA_00993;LAMDJA_00994;LAMDJA_00995;LAMDJA_00996;LAMDJA_00997;LAMDJA_00998;LAMDJA_00999;LAMDJA_01000	12	GTP_cyclohydroI;PT_FPPS_like;PTPS;QueE;Fer4_12	NA	NA
GCF_014498895.1	contig_4	antiSMASH	Terpene-precursor	NA	No	1	65217	65217	NA;MCBJJK_00152;MCBJJK_00153;MCBJJK_00154;MCBJJK_00155;MCBJJK_00156;MCBJJK_00157;MCBJJK_00158;MCBJJK_00159;MCBJJK_00160;MCBJJK_00161;MCBJJK_00162;MCBJJK_00163;MCBJJK_00164;MCBJJK_00165;MCBJJK_00166;MCBJJK_00167;MCBJJK_00168;MCBJJK_00169;MCBJJK_00170;MCBJJK_00171;MCBJJK_00172;MCBJJK_00173;MCBJJK_00174;MCBJJK_00175;MCBJJK_00176;MCBJJK_00177;MCBJJK_00178;MCBJJK_00179;MCBJJK_00180;MCBJJK_00181;MCBJJK_00182;MCBJJK_00183;MCBJJK_00184;MCBJJK_00185;MCBJJK_00186;MCBJJK_00187;MCBJJK_00188;MCBJJK_00189;MCBJJK_00190;MCBJJK_00191;MCBJJK_00192;MCBJJK_00193;MCBJJK_00198;MCBJJK_00199;MCBJJK_00200;MCBJJK_00201;MCBJJK_00202;MCBJJK_00203;MCBJJK_00204;MCBJJK_00205;MCBJJK_00206;MCBJJK_00207;MCBJJK_00208;MCBJJK_00209;MCBJJK_00210;MCBJJK_00211;MCBJJK_00212;MCBJJK_00213;MCBJJK_00214;MCBJJK_00215;MCBJJK_00216;MCBJJK_00217;MCBJJK_00218	63	QueE;Fer4_12;PTPS;PT_FPPS_like;GTP_cyclohydroI	NA	NA
GCA_024412375.1	contig_1	antiSMASH	Terpene-precursor	NA	Yes	681023	701934	20912	CGCEOB_00644;CGCEOB_00645;CGCEOB_00646;CGCEOB_00647;CGCEOB_00648;CGCEOB_00649;CGCEOB_00650;CGCEOB_00651;CGCEOB_00652;CGCEOB_00653;CGCEOB_00654;CGCEOB_00655;CGCEOB_00656;CGCEOB_00657;CGCEOB_00658;CGCEOB_00659;CGCEOB_00660;CGCEOB_00661	18	GTP_cyclohydroI;PT_FPPS_like;PTPS;QueE;Fer4_12	NA	NA
GCA_024406975.1	contig_23	deepBGC	Polyketide	0.71911	NA	63506	69671	6165	FBNKMJ_01140;FBNKMJ_01141;gnl|Bakta|FBNKMJ_01142;gnl|Bakta|FBNKMJ_01143;gnl|Bakta|FBNKMJ_01144;gnl|Bakta|FBNKMJ_01145;gnl|Bakta|FBNKMJ_01146;gnl|Bakta|FBNKMJ_01147;gnl|Bakta|FBNKMJ_01148;gnl|Bakta|FBNKMJ_01149;gnl|Bakta|FBNKMJ_01150	11	PF01678;PF01678;PF04224;PF10034;PF16777;PF01165;PF00106;PF08659;PF13561;PF00550;PF14573;PF16320;PF10501;PF00109;PF02801	NA	NA
GCA_024406975.1	contig_24	deepBGC		0.56829	NA	100470	104220	3750	gnl|Bakta|FBNKMJ_01349;gnl|Bakta|FBNKMJ_01350;gnl|Bakta|FBNKMJ_01351	3	PF08003;PF13489;PF13847;PF08241;PF08242;PF13649;PF01588;PF09334;PF01406;PF00133	NA	NA
GCA_024406975.1	contig_26	deepBGC		0.65156	NA	74252	75246	994	FBNKMJ_01601;gnl|Bakta|FBNKMJ_01602	2	PF00108;PF00195;PF07451;PF08545;PF08541	NA	NA
GCF_030062665.1	contig_1	antiSMASH	Terpene-precursor	NA	Yes	1279834	1300745	20912	EICPBF_01251;EICPBF_01252;EICPBF_01253;EICPBF_01254;EICPBF_01255;EICPBF_01256;EICPBF_01257;EICPBF_01258;EICPBF_01259;EICPBF_01260;EICPBF_01261;EICPBF_01262;EICPBF_01263;EICPBF_01264;EICPBF_01265;EICPBF_01266;EICPBF_01267;EICPBF_01268;EICPBF_01269;EICPBF_01270;EICPBF_01271;EICPBF_01272;EICPBF_01273;EICPBF_01274;EICPBF_01275	25	GATase_7;GTP_cyclohydroI;PT_FPPS_like;PTPS;QueE;Fer4_12	NA	NA
GCF_040821425.1	contig_2	deepBGC		0.5671	NA	4149	4935	786	gnl|Bakta|JKAFMD_00045	1	PF08003;PF13489;PF13847;PF08241;PF08242;PF13649	NA	NA
GCF_040821425.1	contig_37	deepBGC	Polyketide	0.53886	NA	119	1280	1161	gnl|Bakta|JKAFMD_00939	1	PF07690;PF13347;PF05977	NA	NA
GCF_040821425.1	contig_46	deepBGC	NRP	0.5001	NA	1394	2441	1047	gnl|Bakta|JKAFMD_01106	1	PF00107;PF03446;PF02826;PF01262;PF08240	NA	NA
GCF_040821425.1	contig_46	deepBGC		0.50092	NA	5636	7463	1827	gnl|Bakta|JKAFMD_01110	1	PF00920	NA	NA
GCF_040821425.1	contig_51	deepBGC		0.65413	NA	444	10501	10057	gnl|Bakta|JKAFMD_01161;gnl|Bakta|JKAFMD_01162;gnl|Bakta|JKAFMD_01163;gnl|Bakta|JKAFMD_01164;gnl|Bakta|JKAFMD_01165;gnl|Bakta|JKAFMD_01167;gnl|Bakta|JKAFMD_01168;gnl|Bakta|JKAFMD_01169;gnl|Bakta|JKAFMD_01170;gnl|Bakta|JKAFMD_01171;gnl|Bakta|JKAFMD_01172;gnl|Bakta|JKAFMD_01173	12	PF04321;PF16363;PF01370;PF02719;PF08659;PF01073;PF07993;PF01416;PF03739;PF01135;PF13847;PF13649;PF13489;PF00398;PF00268;PF01041;PF00266;PF00155;PF02785;PF15632;PF02786;PF08443;PF02655;PF02222;PF07478;PF14397;PF13549;PF00289;PF00364;PF06062	NA	NA
GCA_040860925.1	contig_8	antiSMASH	Terpene-precursor	NA	No	1	57838	57838	NA;LPDMDL_01220;LPDMDL_01221;LPDMDL_01222;LPDMDL_01223;LPDMDL_01224;LPDMDL_01225;LPDMDL_01226;LPDMDL_01227;LPDMDL_01228;LPDMDL_01229;LPDMDL_01230;LPDMDL_01231;LPDMDL_01232;LPDMDL_01233;LPDMDL_01234;LPDMDL_01235;LPDMDL_01236;LPDMDL_01237;LPDMDL_01238;LPDMDL_01239;LPDMDL_01240;LPDMDL_01245;LPDMDL_01246;LPDMDL_01247;LPDMDL_01248;LPDMDL_01249;LPDMDL_01250;LPDMDL_01251;LPDMDL_01252;LPDMDL_01253;LPDMDL_01254;LPDMDL_01255;LPDMDL_01256;LPDMDL_01257;LPDMDL_01258;LPDMDL_01259;LPDMDL_01260;LPDMDL_01261;LPDMDL_01262;LPDMDL_01263;LPDMDL_01264;LPDMDL_01265;LPDMDL_01266;LPDMDL_01267;LPDMDL_01268;LPDMDL_01269;LPDMDL_01270;LPDMDL_01271;LPDMDL_01272;LPDMDL_01273;LPDMDL_01274;LPDMDL_01275;LPDMDL_01276;LPDMDL_01277;LPDMDL_01278;LPDMDL_01279;LPDMDL_01280	57	GTP_cyclohydroI;PT_FPPS_like;PTPS;QueE;Fer4_12	NA	NA
GCF_014497415.1	contig_17	antiSMASH	Terpene-precursor	NA	Yes	33571	54482	20912	NA;KLCMPE_01318;KLCMPE_01319;KLCMPE_01320;KLCMPE_01321;KLCMPE_01322;KLCMPE_01323;KLCMPE_01324;KLCMPE_01325;KLCMPE_01326;KLCMPE_01327;KLCMPE_01328;KLCMPE_01329;KLCMPE_01330;KLCMPE_01331;KLCMPE_01332;KLCMPE_01333;KLCMPE_01334;KLCMPE_01335	18	GTP_cyclohydroI;PT_FPPS_like;PTPS;QueE;Fer4_12	NA	NA
GCF_011141095.1	contig_9	antiSMASH	Terpene-precursor	NA	No	1	11297	11297	NA;IFMHCI_00302;IFMHCI_00303;IFMHCI_00304;IFMHCI_00305;IFMHCI_00306;IFMHCI_00307;IFMHCI_00308;IFMHCI_00309;IFMHCI_00310;IFMHCI_00311;IFMHCI_00312;IFMHCI_00313;IFMHCI_00314	13	GTP_cyclohydroI;PT_FPPS_like;PTPS;QueE;Fer4_12	NA	NA
GCF_015905025.1	contig_26	antiSMASH	Terpene-precursor	NA	No	1	8137	8137	NA;MANAPH_01580;MANAPH_01581;MANAPH_01582;MANAPH_01583;MANAPH_01584;MANAPH_01585;MANAPH_01586;MANAPH_01587;MANAPH_01588;MANAPH_01589;MANAPH_01590;MANAPH_01591	12	GTP_cyclohydroI;PT_FPPS_like;PTPS;QueE;Fer4_12	NA	NA
GCF_040821215.1	contig_6	antiSMASH	Terpene-precursor	NA	No	1	35391	35391	NA;HHFEAH_00185;HHFEAH_00186;HHFEAH_00187;HHFEAH_00188;HHFEAH_00189;HHFEAH_00190;HHFEAH_00191;HHFEAH_00192;HHFEAH_00193;HHFEAH_00194;HHFEAH_00195;HHFEAH_00196;HHFEAH_00197;HHFEAH_00198;HHFEAH_00199;HHFEAH_00200;HHFEAH_00201;HHFEAH_00202;HHFEAH_00203;HHFEAH_00204;HHFEAH_00205;HHFEAH_00207;HHFEAH_00211;HHFEAH_00212;HHFEAH_00213;HHFEAH_00214;HHFEAH_00215;HHFEAH_00216;HHFEAH_00217;HHFEAH_00218;HHFEAH_00219;HHFEAH_00220;HHFEAH_00221;HHFEAH_00222;HHFEAH_00223;HHFEAH_00224;HHFEAH_00225;HHFEAH_00226;HHFEAH_00227	39	GTP_cyclohydroI;PT_FPPS_like;PTPS;QueE;Fer4_12;PP-binding	NA	NA
GCF_040821825.1	contig_34	antiSMASH	Terpene-precursor	NA	No	1	9435	9435	NA;JCDOHI_01131;JCDOHI_01132;JCDOHI_01133;JCDOHI_01134;JCDOHI_01135;JCDOHI_01136;JCDOHI_01137;JCDOHI_01138;JCDOHI_01139;JCDOHI_01140;JCDOHI_01142;JCDOHI_01143	12	QueE;Fer4_12;PTPS;PT_FPPS_like;GTP_cyclohydroI	NA	NA
GCF_030062565.1	contig_1	antiSMASH	Terpene-precursor	NA	Yes	1570326	1591237	20912	NEMAIA_01536;NEMAIA_01537;NEMAIA_01538;NEMAIA_01539;NEMAIA_01540;NEMAIA_01541;NEMAIA_01542;NEMAIA_01543;NEMAIA_01544;NEMAIA_01545;NEMAIA_01546;NEMAIA_01547;NEMAIA_01548;NEMAIA_01549;NEMAIA_01550;NEMAIA_01551;NEMAIA_01552;NEMAIA_01553;NEMAIA_01554;NEMAIA_01555;NEMAIA_01556;NEMAIA_01557;NEMAIA_01558	23	QueE;Fer4_12;PTPS;PT_FPPS_like;GTP_cyclohydroI	NA	NA
GCA_024407555.1	contig_26	antiSMASH	Terpene-precursor	NA	No	1	74194	74194	NA;PNGFDE_01454;PNGFDE_01455;PNGFDE_01456;PNGFDE_01457;PNGFDE_01458;PNGFDE_01459;PNGFDE_01460;PNGFDE_01461;PNGFDE_01462;PNGFDE_01463;PNGFDE_01464;PNGFDE_01465;PNGFDE_01466;PNGFDE_01467;PNGFDE_01468;PNGFDE_01469;PNGFDE_01470;PNGFDE_01471;PNGFDE_01472;PNGFDE_01473;PNGFDE_01474;PNGFDE_01479;PNGFDE_01480;PNGFDE_01481;PNGFDE_01482;PNGFDE_01483;PNGFDE_01484;PNGFDE_01485;PNGFDE_01486;PNGFDE_01487;PNGFDE_01488;PNGFDE_01489;PNGFDE_01490;PNGFDE_01491;PNGFDE_01492;PNGFDE_01493;PNGFDE_01494;PNGFDE_01495;PNGFDE_01496;PNGFDE_01497;PNGFDE_01498;PNGFDE_01499;PNGFDE_01500;PNGFDE_01501;PNGFDE_01502;PNGFDE_01503;PNGFDE_01504;PNGFDE_01505;PNGFDE_01506;PNGFDE_01507;PNGFDE_01508;PNGFDE_01509;PNGFDE_01510;PNGFDE_01511;PNGFDE_01512;PNGFDE_01513;PNGFDE_01514;PNGFDE_01515;PNGFDE_01516;PNGFDE_01517;PNGFDE_01518;PNGFDE_01519;PNGFDE_01520;PNGFDE_01521;PNGFDE_01522;PNGFDE_01523;PNGFDE_01524;PNGFDE_01525;PNGFDE_01526;PNGFDE_01527;PNGFDE_01528;PNGFDE_01529;PNGFDE_01530;PNGFDE_01531;PNGFDE_01532;PNGFDE_01533;PNGFDE_01534	77	GTP_cyclohydroI;PT_FPPS_like;PTPS;QueE;Fer4_12	NA	NA
GCA_024412795.1	contig_21	antiSMASH	Terpene-precursor	NA	No	1	85477	85477	NA;JLHHPP_01252;JLHHPP_01253;JLHHPP_01254;JLHHPP_01255;JLHHPP_01256;JLHHPP_01257;JLHHPP_01258;JLHHPP_01259;JLHHPP_01260;JLHHPP_01261;JLHHPP_01262;JLHHPP_01263;JLHHPP_01264;JLHHPP_01265;JLHHPP_01266;JLHHPP_01267;JLHHPP_01268;JLHHPP_01269;JLHHPP_01270;JLHHPP_01271;JLHHPP_01272;JLHHPP_01277;JLHHPP_01278;JLHHPP_01279;JLHHPP_01280;JLHHPP_01281;JLHHPP_01282;JLHHPP_01283;JLHHPP_01284;JLHHPP_01285;JLHHPP_01286;JLHHPP_01287;JLHHPP_01288;JLHHPP_01289;JLHHPP_01290;JLHHPP_01291;JLHHPP_01292;JLHHPP_01293;JLHHPP_01294;JLHHPP_01295;JLHHPP_01296;JLHHPP_01297;JLHHPP_01298;JLHHPP_01299;JLHHPP_01300;JLHHPP_01301;JLHHPP_01302;JLHHPP_01303;JLHHPP_01304;JLHHPP_01305;JLHHPP_01306;JLHHPP_01307;JLHHPP_01308;JLHHPP_01309;JLHHPP_01310;JLHHPP_01311;JLHHPP_01312;JLHHPP_01313;JLHHPP_01314;JLHHPP_01315;JLHHPP_01316;JLHHPP_01317;JLHHPP_01318;JLHHPP_01319;JLHHPP_01320;JLHHPP_01321;JLHHPP_01322;JLHHPP_01323;JLHHPP_01324;JLHHPP_01325;JLHHPP_01326;JLHHPP_01327;JLHHPP_01328;JLHHPP_01329;JLHHPP_01330;JLHHPP_01331;JLHHPP_01332;JLHHPP_01333;JLHHPP_01334;JLHHPP_01335;JLHHPP_01336;JLHHPP_01337;JLHHPP_01338;JLHHPP_01339	84	GTP_cyclohydroI;PT_FPPS_like;PTPS;QueE;Fer4_12	NA	NA
GCF_014498655.1	contig_10	deepBGC		0.50978	NA	204	1311	1107	gnl|Bakta|LACGDI_00491	1	PF01501	NA	NA
GCF_014498655.1	contig_17	deepBGC		0.61313	NA	91465	94954	3489	gnl|Bakta|LACGDI_01278;gnl|Bakta|LACGDI_01279;gnl|Bakta|LACGDI_01280	3	PF11697;PF08541;PF08545;PF00195;PF00108;PF07451	NA	NA
GCF_014498655.1	contig_3	deepBGC		0.65891	NA	31041	39607	8566	gnl|Bakta|LACGDI_00365;gnl|Bakta|LACGDI_00366;gnl|Bakta|LACGDI_00367;gnl|Bakta|LACGDI_00368;gnl|Bakta|LACGDI_00369;gnl|Bakta|LACGDI_00370;gnl|Bakta|LACGDI_00371	7	PF02353;PF08003;PF13489;PF01596;PF13847;PF01209;PF08241;PF08242;PF13649;PF05175;PF12847;PF06325;PF01135;PF13679;PF08123;PF01555;PF00133;PF09334;PF01406;PF01588;PF08003;PF13489;PF13649;PF08241;PF08242;PF13847;PF03061;PF13439;PF00534;PF13692;PF02784	NA	NA
GCF_030062685.1	contig_1	antiSMASH	Terpene-precursor	NA	Yes	1592257	1613168	20912	GHBNBB_01540;GHBNBB_01541;GHBNBB_01542;GHBNBB_01543;GHBNBB_01544;GHBNBB_01545;GHBNBB_01546;GHBNBB_01547;GHBNBB_01548;GHBNBB_01549;GHBNBB_01550;GHBNBB_01551;GHBNBB_01552;GHBNBB_01553;GHBNBB_01554;GHBNBB_01555;GHBNBB_01556;GHBNBB_01557;GHBNBB_01558;GHBNBB_01559;GHBNBB_01560;GHBNBB_01561	22	QueE;Fer4_12;PTPS;PT_FPPS_like;GTP_cyclohydroI	NA	NA
GCA_024412515.1	contig_17	deepBGC	Saccharide	0.64675	NA	37616	46455	8839	gnl|Bakta|CKHLMF_01534;gnl|Bakta|CKHLMF_01535;gnl|Bakta|CKHLMF_01536;gnl|Bakta|CKHLMF_01537;gnl|Bakta|CKHLMF_01538;gnl|Bakta|CKHLMF_01539;gnl|Bakta|CKHLMF_01540;gnl|Bakta|CKHLMF_01541	8	PF02353;PF08003;PF13489;PF13847;PF01209;PF08241;PF08242;PF13649;PF05175;PF12847;PF06325;PF01135;PF13679;PF08123;PF01555;PF09334;PF00133;PF01406;PF01588;PF08003;PF13489;PF13649;PF08241;PF08242;PF13847;PF03061;PF13439;PF13579;PF00534;PF13692;PF02784;PF07927	NA	NA
GCA_040862185.1	contig_9	antiSMASH	Terpene-precursor	NA	No	1	59834	59834	NA;NJNODE_01319;NJNODE_01320;NJNODE_01321;NJNODE_01322;NJNODE_01323;NJNODE_01324;NJNODE_01325;NJNODE_01326;NJNODE_01327;NJNODE_01328;NJNODE_01329;NJNODE_01330;NJNODE_01331;NJNODE_01332;NJNODE_01333;NJNODE_01334;NJNODE_01335;NJNODE_01336;NJNODE_01337;NJNODE_01338;NJNODE_01339;NJNODE_01344;NJNODE_01345;NJNODE_01346;NJNODE_01347;NJNODE_01348;NJNODE_01349;NJNODE_01350;NJNODE_01351;NJNODE_01352;NJNODE_01353;NJNODE_01354;NJNODE_01355;NJNODE_01356;NJNODE_01357;NJNODE_01358;NJNODE_01359;NJNODE_01360;NJNODE_01361;NJNODE_01362;NJNODE_01363;NJNODE_01364;NJNODE_01365;NJNODE_01366;NJNODE_01367;NJNODE_01368;NJNODE_01369;NJNODE_01370;NJNODE_01371;NJNODE_01372;NJNODE_01373;NJNODE_01374;NJNODE_01375;NJNODE_01376;NJNODE_01377;NJNODE_01378;NJNODE_01379;NJNODE_01380	58	GTP_cyclohydroI;PT_FPPS_like;PTPS;QueE;Fer4_12	NA	NA
GCA_040862585.1	contig_8	antiSMASH	Terpene-precursor	NA	No	1	77580	77580	NA;PEFPLH_01046;PEFPLH_01047;PEFPLH_01048;PEFPLH_01049;PEFPLH_01050;PEFPLH_01051;PEFPLH_01052;PEFPLH_01053;PEFPLH_01054;PEFPLH_01055;PEFPLH_01056;PEFPLH_01057;PEFPLH_01058;PEFPLH_01059;PEFPLH_01060;PEFPLH_01061;PEFPLH_01062;PEFPLH_01063;PEFPLH_01064;PEFPLH_01065;PEFPLH_01066;PEFPLH_01067;PEFPLH_01068;PEFPLH_01069;PEFPLH_01071;PEFPLH_01075;PEFPLH_01076;PEFPLH_01077;PEFPLH_01078;PEFPLH_01079;PEFPLH_01080;PEFPLH_01081;PEFPLH_01082;PEFPLH_01083;PEFPLH_01084;PEFPLH_01085;PEFPLH_01086;PEFPLH_01087;PEFPLH_01088;PEFPLH_01089;PEFPLH_01090;PEFPLH_01091;PEFPLH_01092;PEFPLH_01093;PEFPLH_01094;PEFPLH_01095;PEFPLH_01096;PEFPLH_01097;PEFPLH_01098;PEFPLH_01099;PEFPLH_01100;PEFPLH_01101;PEFPLH_01102;PEFPLH_01103;PEFPLH_01104;PEFPLH_01105;PEFPLH_01106;PEFPLH_01107;PEFPLH_01108;PEFPLH_01109;PEFPLH_01110;PEFPLH_01111;PEFPLH_01112;PEFPLH_01113;PEFPLH_01114;PEFPLH_01115;PEFPLH_01116;PEFPLH_01117;PEFPLH_01118;PEFPLH_01119;PEFPLH_01120;PEFPLH_01121;PEFPLH_01122;PEFPLH_01124;PEFPLH_01125;PEFPLH_01126;PEFPLH_01127;PEFPLH_01128;PEFPLH_01129;PEFPLH_01130;PEFPLH_01131;PEFPLH_01132;PEFPLH_01133;PEFPLH_01134;PEFPLH_01135;PEFPLH_01136;PEFPLH_01137	87	GTP_cyclohydroI;PT_FPPS_like;PTPS;QueE;Fer4_12	NA	NA
GCA_040861705.1	contig_19	antiSMASH	Terpene-precursor	NA	No	1	8182	8182	NA;HHGBEC_01502;HHGBEC_01503;HHGBEC_01504;HHGBEC_01505;HHGBEC_01506;HHGBEC_01507;HHGBEC_01508;HHGBEC_01509;HHGBEC_01510;HHGBEC_01511;HHGBEC_01512;HHGBEC_01513	12	GTP_cyclohydroI;PT_FPPS_like;PTPS;QueE;Fer4_12	NA	NA
GCA_040861605.1	contig_9	antiSMASH	Terpene-precursor	NA	No	1	74552	74552	NA;HENCJE_01205;HENCJE_01206;HENCJE_01207;HENCJE_01208;HENCJE_01209;HENCJE_01210;HENCJE_01211;HENCJE_01212;HENCJE_01213;HENCJE_01214;HENCJE_01215;HENCJE_01216;HENCJE_01217;HENCJE_01218;HENCJE_01219;HENCJE_01220;HENCJE_01221;HENCJE_01222;HENCJE_01223;HENCJE_01224;HENCJE_01225;HENCJE_01226;HENCJE_01231;HENCJE_01232;HENCJE_01233;HENCJE_01234;HENCJE_01235;HENCJE_01236;HENCJE_01237;HENCJE_01238;HENCJE_01239;HENCJE_01240;HENCJE_01241;HENCJE_01242;HENCJE_01243;HENCJE_01244;HENCJE_01245;HENCJE_01246;HENCJE_01247;HENCJE_01248;HENCJE_01249;HENCJE_01250;HENCJE_01251;HENCJE_01252;HENCJE_01253;HENCJE_01254;HENCJE_01255;HENCJE_01256;HENCJE_01257;HENCJE_01258;HENCJE_01259;HENCJE_01260;HENCJE_01261;HENCJE_01262;HENCJE_01263;HENCJE_01264;HENCJE_01265;HENCJE_01266;HENCJE_01267;HENCJE_01268;HENCJE_01269;HENCJE_01270;HENCJE_01271;HENCJE_01272;HENCJE_01273;HENCJE_01274;HENCJE_01275;HENCJE_01276;HENCJE_01277;HENCJE_01278;HENCJE_01279;HENCJE_01280;HENCJE_01281;HENCJE_01282;HENCJE_01283;HENCJE_01284;HENCJE_01285;HENCJE_01286;HENCJE_01287;HENCJE_01288;HENCJE_01289;HENCJE_01290;HENCJE_01291;HENCJE_01292	84	GTP_cyclohydroI;PT_FPPS_like;PTPS;QueE;Fer4_12;Pkinase	NA	NA
GCF_040821195.1	contig_103	deepBGC		0.71086	NA	113	4470	4357	gnl|Bakta|DFLJLA_01528;gnl|Bakta|DFLJLA_01529;gnl|Bakta|DFLJLA_01530;gnl|Bakta|DFLJLA_01532;gnl|Bakta|DFLJLA_01533	5	PF01531;PF01555;PF05066;PF00698;PF01048	NA	NA
GCF_040821195.1	contig_26	deepBGC	Polyketide	0.78236	NA	72	3585	3513	gnl|Bakta|DFLJLA_00510;gnl|Bakta|DFLJLA_00511;gnl|Bakta|DFLJLA_00512;gnl|Bakta|DFLJLA_00513;gnl|Bakta|DFLJLA_00514	5	PF01039;PF03255;PF02801;PF00109;PF10501;PF00550;PF14573;PF16320;PF13561;PF00106;PF08659	NA	NA
GCF_040821195.1	contig_47	deepBGC		0.58316	NA	7691	12142	4451	gnl|Bakta|DFLJLA_00935;gnl|Bakta|DFLJLA_00936	2	PF02538;PF01968;PF05378	NA	NA
GCF_040821195.1	contig_48	deepBGC	RiPP	0.70354	NA	126	11863	11737	gnl|Bakta|DFLJLA_00937;gnl|Bakta|DFLJLA_00938;gnl|Bakta|DFLJLA_00939;gnl|Bakta|DFLJLA_00940;gnl|Bakta|DFLJLA_00941	5	PF14782;PF00005;PF13304;PF01061;PF01061;PF03797;PF03077	NA	NA
GCF_040821195.1	contig_5	deepBGC		0.5428	NA	10	1408	1398	gnl|Bakta|DFLJLA_00017	1	PF02521	NA	NA
GCF_040821195.1	contig_50	deepBGC		0.92067	NA	39	11704	11665	gnl|Bakta|DFLJLA_00952;gnl|Bakta|DFLJLA_00953;gnl|Bakta|DFLJLA_00956;gnl|Bakta|DFLJLA_00957;gnl|Bakta|DFLJLA_00958;gnl|Bakta|DFLJLA_00959;gnl|Bakta|DFLJLA_00960;gnl|Bakta|DFLJLA_00962;gnl|Bakta|DFLJLA_00963;gnl|Bakta|DFLJLA_00964;gnl|Bakta|DFLJLA_00965;gnl|Bakta|DFLJLA_00966	12	PF13561;PF00106;PF08659;PF01370;PF04321;PF16363;PF01370;PF02719;PF08659;PF01073;PF07993;PF13460;PF01416;PF03739;PF01135;PF13847;PF13649;PF00398;PF00268;PF01041;PF00266;PF05050	NA	NA
GCF_040821195.1	contig_53	deepBGC		0.582	NA	4175	4961	786	gnl|Bakta|DFLJLA_00997	1	PF08003;PF13489;PF13847;PF08241;PF08242;PF13649	NA	NA
GCF_040821195.1	contig_79	deepBGC		0.50799	NA	3464	3878	414	gnl|Bakta|DFLJLA_01328	1	PF00334	NA	NA
GCF_040821195.1	contig_79	deepBGC		0.66486	NA	5533	6526	993	gnl|Bakta|DFLJLA_01332	1	PF00108;PF00195;PF07451;PF08545;PF08541	NA	NA
GCF_040821195.1	contig_89	deepBGC	Polyketide	0.50748	NA	4899	6231	1332	gnl|Bakta|DFLJLA_01422	1	PF05977;PF07690;PF00083;PF13347	NA	NA
GCA_024406335.1	contig_15	deepBGC		0.80315	NA	242	6224	5982	gnl|Bakta|MLAOEP_00838;gnl|Bakta|MLAOEP_00839;gnl|Bakta|MLAOEP_00840;gnl|Bakta|MLAOEP_00841	4	PF05378;PF01968;PF02538;PF08882;PF09516	NA	NA
GCA_040862525.1	contig_19	antiSMASH	Terpene-precursor	NA	No	1	8398	8398	NA;KGKDBD_01565;KGKDBD_01566;KGKDBD_01567;KGKDBD_01568;KGKDBD_01569;KGKDBD_01570;KGKDBD_01571;KGKDBD_01572;KGKDBD_01573;KGKDBD_01574;KGKDBD_01575;KGKDBD_01576	12	GTP_cyclohydroI;PT_FPPS_like;PTPS;QueE;Fer4_12	NA	NA
GCF_040820915.1	contig_58	antiSMASH	Terpene-precursor	NA	No	1	10525	10525	NA;OOPEPD_00941;OOPEPD_00942;OOPEPD_00943;OOPEPD_00944;OOPEPD_00945;OOPEPD_00946;OOPEPD_00947;OOPEPD_00948;OOPEPD_00949;OOPEPD_00950;OOPEPD_00951;OOPEPD_00952;OOPEPD_00953;OOPEPD_00954	14	GTP_cyclohydroI;PT_FPPS_like;PTPS;QueE;Fer4_12	NA	NA
GCF_003382505.1	contig_18	antiSMASH	Terpene-precursor	NA	No	1	63665	63665	NA;HLGHJK_01406;HLGHJK_01407;HLGHJK_01408;HLGHJK_01409;HLGHJK_01410;HLGHJK_01411;HLGHJK_01412;HLGHJK_01413;HLGHJK_01414;HLGHJK_01415;HLGHJK_01416;HLGHJK_01417;HLGHJK_01418;HLGHJK_01419;HLGHJK_01420;HLGHJK_01421;HLGHJK_01422;HLGHJK_01423;HLGHJK_01424;HLGHJK_01425;HLGHJK_01426;HLGHJK_01427;HLGHJK_01428;HLGHJK_01433;HLGHJK_01434;HLGHJK_01435;HLGHJK_01436;HLGHJK_01437;HLGHJK_01438;HLGHJK_01439;HLGHJK_01440;HLGHJK_01441;HLGHJK_01442;HLGHJK_01443;HLGHJK_01444;HLGHJK_01445;HLGHJK_01446;HLGHJK_01447;HLGHJK_01448;HLGHJK_01449;HLGHJK_01450;HLGHJK_01451;HLGHJK_01452;HLGHJK_01453;HLGHJK_01454;HLGHJK_01455;HLGHJK_01456;HLGHJK_01457;HLGHJK_01458;HLGHJK_01459;HLGHJK_01460;HLGHJK_01461;HLGHJK_01462;HLGHJK_01463;HLGHJK_01464;HLGHJK_01465;HLGHJK_01466;HLGHJK_01467;HLGHJK_01468;HLGHJK_01469;HLGHJK_01470;HLGHJK_01471;HLGHJK_01472;HLGHJK_01473	64	GTP_cyclohydroI;PT_FPPS_like;PTPS;QueE;Fer4_12	NA	NA
GCF_014498905.1	contig_14	antiSMASH	Terpene-precursor	NA	No	1	8192	8192	NA;KPMLNH_00797;KPMLNH_00798;KPMLNH_00799;KPMLNH_00800;KPMLNH_00801;KPMLNH_00802;KPMLNH_00803;KPMLNH_00804;KPMLNH_00805;KPMLNH_00806;KPMLNH_00807;KPMLNH_00808	12	GTP_cyclohydroI;PT_FPPS_like;PTPS;QueE;Fer4_12	NA	NA
GCF_011140955.1	contig_18	deepBGC		0.62824	NA	7573	8359	786	gnl|Bakta|KBBEHG_00715	1	PF08003;PF13489;PF13847;PF08241;PF08242;PF13649	NA	NA
GCF_011140955.1	contig_21	deepBGC		0.8052	NA	2	17591	17589	gnl|Bakta|KBBEHG_00775;gnl|Bakta|KBBEHG_00776;gnl|Bakta|KBBEHG_00777;gnl|Bakta|KBBEHG_00778;gnl|Bakta|KBBEHG_00779;gnl|Bakta|KBBEHG_00780;gnl|Bakta|KBBEHG_00781;gnl|Bakta|KBBEHG_00782;gnl|Bakta|KBBEHG_00783;gnl|Bakta|KBBEHG_00784;gnl|Bakta|KBBEHG_00787;gnl|Bakta|KBBEHG_00788;gnl|Bakta|KBBEHG_00789;gnl|Bakta|KBBEHG_00790;gnl|Bakta|KBBEHG_00791;gnl|Bakta|KBBEHG_00793	16	PF01501;PF00107;PF03446;PF02826;PF01262;PF08240;PF02685;PF01182;PF02781;PF00479;PF00920;PF01081;PF07719;PF08238;PF13561;PF00106;PF08659;PF01370;PF04321;PF16363;PF01370;PF02719;PF08659;PF00106;PF01073;PF07993;PF13460;PF01416;PF03739;PF01135;PF13847;PF13649;PF13489;PF00398;PF00268;PF01041;PF00266;PF00155	NA	NA
GCF_011140955.1	contig_23	deepBGC		0.5034	NA	8865	10131	1266	gnl|Bakta|KBBEHG_00834;gnl|Bakta|KBBEHG_00835	2	PF04264;PF03070	NA	NA
GCF_011140955.1	contig_40	deepBGC	NRP	0.57833	NA	2	2279	2277	gnl|Bakta|KBBEHG_01103;gnl|Bakta|KBBEHG_01104	2	PF09924;PF00425;PF01063	NA	NA
GCF_011140955.1	contig_5	deepBGC		0.58826	NA	0	1164	1164	gnl|Bakta|KBBEHG_00074	1	PF01555;PF02353;PF13489;PF08123;PF08003;PF01209;PF06325;PF01135;PF05175;PF12847;PF13679;PF13847;PF08241;PF08242;PF13649	NA	NA
GCA_040862265.1	contig_8	antiSMASH	Terpene-precursor	NA	No	1	103755	103755	NA;JLBJLK_01277;JLBJLK_01163;JLBJLK_01164;JLBJLK_01165;JLBJLK_01166;JLBJLK_01167;JLBJLK_01168;JLBJLK_01169;JLBJLK_01170;JLBJLK_01171;JLBJLK_01172;JLBJLK_01173;JLBJLK_01174;JLBJLK_01175;JLBJLK_01176;JLBJLK_01178;JLBJLK_01179;JLBJLK_01180;JLBJLK_01181;JLBJLK_01182;JLBJLK_01183;JLBJLK_01184;JLBJLK_01185;JLBJLK_01186;JLBJLK_01187;JLBJLK_01188;JLBJLK_01189;JLBJLK_01190;JLBJLK_01191;JLBJLK_01192;JLBJLK_01193;JLBJLK_01194;JLBJLK_01195;JLBJLK_01196;JLBJLK_01197;JLBJLK_01198;JLBJLK_01199;JLBJLK_01200;JLBJLK_01201;JLBJLK_01202;JLBJLK_01203;JLBJLK_01204;JLBJLK_01205;JLBJLK_01206;JLBJLK_01207;JLBJLK_01208;JLBJLK_01209;JLBJLK_01210;JLBJLK_01211;JLBJLK_01212;JLBJLK_01213;JLBJLK_01214;JLBJLK_01215;JLBJLK_01216;JLBJLK_01217;JLBJLK_01218;JLBJLK_01219;JLBJLK_01220;JLBJLK_01221;JLBJLK_01222;JLBJLK_01223;JLBJLK_01224;JLBJLK_01225;JLBJLK_01226;JLBJLK_01227;JLBJLK_01228;JLBJLK_01229;JLBJLK_01230;JLBJLK_01231;JLBJLK_01232;JLBJLK_01233;JLBJLK_01234;JLBJLK_01235;JLBJLK_01236;JLBJLK_01237;JLBJLK_01238;JLBJLK_01239;JLBJLK_01240;JLBJLK_01241;JLBJLK_01242;JLBJLK_01243;JLBJLK_01244;JLBJLK_01245;JLBJLK_01246;JLBJLK_01247;JLBJLK_01248;JLBJLK_01249;JLBJLK_01253;JLBJLK_01255;JLBJLK_01256;JLBJLK_01257;JLBJLK_01258;JLBJLK_01259;JLBJLK_01260;JLBJLK_01261;JLBJLK_01262;JLBJLK_01263;JLBJLK_01264;JLBJLK_01265;JLBJLK_01266;JLBJLK_01267;JLBJLK_01268;JLBJLK_01269;JLBJLK_01270;JLBJLK_01271;JLBJLK_01272;JLBJLK_01273;JLBJLK_01274;JLBJLK_01275;JLBJLK_01276	110	QueE;Fer4_12;PTPS;PT_FPPS_like;GTP_cyclohydroI	NA	NA
GCF_015904485.1	contig_18	deepBGC		0.78028	NA	81946	93527	11581	gnl|Bakta|JIJGOG_01522;gnl|Bakta|JIJGOG_01523;gnl|Bakta|JIJGOG_01524;gnl|Bakta|JIJGOG_01525;gnl|Bakta|JIJGOG_01526;gnl|Bakta|JIJGOG_01527;gnl|Bakta|JIJGOG_01528;gnl|Bakta|JIJGOG_01529;gnl|Bakta|JIJGOG_01530;gnl|Bakta|JIJGOG_01531;gnl|Bakta|JIJGOG_01532	11	PF02353;PF08003;PF13489;PF01596;PF13847;PF01209;PF08241;PF08242;PF13649;PF05175;PF12847;PF06325;PF01135;PF13679;PF08123;PF00133;PF09334;PF01406;PF01588;PF08003;PF13489;PF13649;PF08241;PF08242;PF13847;PF03061;PF13439;PF00534;PF13692;PF02784;PF07510;PF03235;PF03235	NA	NA
GCA_024409335.1	contig_35	antiSMASH	Terpene-precursor	NA	No	1	8068	8068	NA;NLDAON_01080;NLDAON_01081;NLDAON_01082;NLDAON_01083;NLDAON_01084;NLDAON_01085;NLDAON_01086;NLDAON_01087;NLDAON_01088;NLDAON_01089;NLDAON_01090	11	QueE;Fer4_12;PTPS;PT_FPPS_like;GTP_cyclohydroI	NA	NA
GCF_003639365.1	contig_32	deepBGC		0.74733	NA	37636	46216	8580	gnl|Bakta|NDPEDH_01378;gnl|Bakta|NDPEDH_01379;gnl|Bakta|NDPEDH_01380;gnl|Bakta|NDPEDH_01381;gnl|Bakta|NDPEDH_01382;gnl|Bakta|NDPEDH_01383;gnl|Bakta|NDPEDH_01384	7	PF02353;PF08003;PF13489;PF13847;PF01209;PF08241;PF08242;PF13649;PF05175;PF12847;PF06325;PF01135;PF13679;PF08123;PF09334;PF00133;PF01406;PF01588;PF08003;PF13489;PF13649;PF08241;PF08242;PF13847;PF03061;PF13439;PF00534;PF13692;PF02784	NA	NA
GCF_003639365.1	contig_5	deepBGC		0.57237	NA	15733	21190	5457	gnl|Bakta|NDPEDH_00455;gnl|Bakta|NDPEDH_00456;gnl|Bakta|NDPEDH_00457;gnl|Bakta|NDPEDH_00458;gnl|Bakta|NDPEDH_00459;gnl|Bakta|NDPEDH_00460;gnl|Bakta|NDPEDH_00461;gnl|Bakta|NDPEDH_00462	8	PF02668;PF07173;PF02130;PF00258;PF12641;PF12724;PF09335;PF03597;PF07992;PF12831;PF03486;PF00890;PF01494;PF13738;PF13450;PF13434;PF00070;PF07690;PF13347	NA	NA
GCF_015905105.1	contig_13	deepBGC		0.5297	NA	9942	10728	786	gnl|Bakta|GAIEBM_01183	1	PF08003;PF13489;PF13847;PF08241;PF08242;PF13649	NA	NA
GCF_015905105.1	contig_25	deepBGC	RiPP	0.70051	NA	1	1215	1214	gnl|Bakta|GAIEBM_01566;gnl|Bakta|GAIEBM_01567	2	PF00005;PF13304;PF01061	NA	NA
GCF_015905105.1	contig_25	deepBGC	RiPP	0.70259	NA	7862	9185	1323	gnl|Bakta|GAIEBM_01573	1	PF02624	NA	NA
GCF_015905105.1	contig_25	deepBGC	RiPP	0.75667	NA	11133	11454	321	gnl|Bakta|GAIEBM_01576	1	PF02463;PF00005;PF13555;PF01580;PF13476;PF03193;PF13175;PF13191;PF13401;PF13304;PF02492;PF01926	NA	NA
GCF_011140335.1	contig_20	deepBGC		0.5425	NA	22847	23345	498	gnl|Bakta|CEICIO_00551	1	PF01531	NA	NA
GCF_011140335.1	contig_3	deepBGC	Saccharide	0.71419	NA	37657	49253	11596	gnl|Bakta|CEICIO_00077;gnl|Bakta|CEICIO_00078;gnl|Bakta|CEICIO_00079;gnl|Bakta|CEICIO_00080;gnl|Bakta|CEICIO_00081;gnl|Bakta|CEICIO_00082;gnl|Bakta|CEICIO_00083;gnl|Bakta|CEICIO_00084;gnl|Bakta|CEICIO_00085;gnl|Bakta|CEICIO_00086	10	PF02353;PF08003;PF13489;PF01596;PF13847;PF01209;PF08241;PF08242;PF13649;PF05175;PF12847;PF06325;PF01135;PF13679;PF08123;PF01555;PF09334;PF00133;PF01406;PF01588;PF08003;PF13489;PF13649;PF08241;PF08242;PF13847;PF03061;PF13439;PF13579;PF00534;PF13692;PF02784;PF07510;PF03235	NA	NA
GCF_011140335.1	contig_33	deepBGC		0.57342	NA	15756	25956	10200	gnl|Bakta|CEICIO_00871;gnl|Bakta|CEICIO_00872;gnl|Bakta|CEICIO_00873;gnl|Bakta|CEICIO_00874;gnl|Bakta|CEICIO_00877;gnl|Bakta|CEICIO_00878;gnl|Bakta|CEICIO_00879;gnl|Bakta|CEICIO_00880;gnl|Bakta|CEICIO_00881	9	PF01135;PF00398;PF13489;PF13847;PF13649;PF03739;PF01416;PF16363;PF01370;PF07993;PF04321;PF02719;PF13460;PF01073;PF08659;PF00106;PF00106;PF01370;PF08659;PF13561;PF08238;PF07719;PF01081;PF00920	NA	NA
GCF_011140335.1	contig_33	deepBGC	NRP	0.5401	NA	29151	30977	1826	gnl|Bakta|CEICIO_00885;gnl|Bakta|CEICIO_00886	2	PF08240;PF02826;PF01262;PF03446;PF00107;PF01501	NA	NA
GCF_011140335.1	contig_7	deepBGC		0.51154	NA	1158	4203	3045	gnl|Bakta|CEICIO_00151;gnl|Bakta|CEICIO_00152;gnl|Bakta|CEICIO_00153;gnl|Bakta|CEICIO_00154	4	PF04973;PF04647;PF03070	NA	NA
GCF_034498235.1	contig_1	deepBGC	Other	0.57725	NA	1043829	1044999	1170	gnl|Bakta|NEDNAL_01015	1	PF02353;PF13489;PF06325;PF08003;PF01209;PF01135;PF05175;PF12847;PF01596;PF13847;PF13679;PF08241;PF08242;PF13649	NA	NA
GCF_034498235.1	contig_1	deepBGC		0.50001	NA	1170966	1171563	597	gnl|Bakta|NEDNAL_01140	1	PF02668	NA	NA
GCF_034498235.1	contig_1	deepBGC		0.54767	NA	1172619	1173114	495	gnl|Bakta|NEDNAL_01143	1	PF00258;PF12641;PF12724	NA	NA
GCA_040861505.1	contig_16	antiSMASH	Terpene-precursor	NA	No	1	12919	12919	NA;HCFBPG_01558;HCFBPG_01559;HCFBPG_01560;HCFBPG_01561;HCFBPG_01562;HCFBPG_01563;HCFBPG_01564;HCFBPG_01565;HCFBPG_01566;HCFBPG_01567;HCFBPG_01568;HCFBPG_01569;HCFBPG_01570;HCFBPG_01571;HCFBPG_01572;HCFBPG_01573;HCFBPG_01574;HCFBPG_01575	18	QueE;Fer4_12;PTPS;PT_FPPS_like;GTP_cyclohydroI	NA	NA
GCA_024406665.1	contig_17	deepBGC		0.57584	NA	10181	10967	786	gnl|Bakta|LKHPLJ_01468	1	PF08003;PF13489;PF13847;PF08241;PF08242;PF13649	NA	NA
GCF_003639525.1	contig_7	deepBGC		0.74653	NA	38352	46912	8560	gnl|Bakta|JMNPMA_00544;gnl|Bakta|JMNPMA_00545;gnl|Bakta|JMNPMA_00546;gnl|Bakta|JMNPMA_00547;gnl|Bakta|JMNPMA_00548;gnl|Bakta|JMNPMA_00549;gnl|Bakta|JMNPMA_00550	7	PF02353;PF08003;PF13489;PF01596;PF13847;PF01209;PF08241;PF08242;PF13649;PF05175;PF12847;PF06325;PF01135;PF13679;PF08123;PF01555;PF09334;PF00133;PF01406;PF01588;PF08003;PF13489;PF13649;PF08241;PF08242;PF13847;PF03061;PF13439;PF00534;PF13692;PF02784	NA	NA
GCA_024412915.1	contig_15	deepBGC		0.61243	NA	11397	11931	534	gnl|Bakta|GHLOMI_01491	1	PF05050	NA	NA
GCA_024412915.1	contig_15	deepBGC		0.61473	NA	16789	26709	9920	gnl|Bakta|GHLOMI_01499;gnl|Bakta|GHLOMI_01500;gnl|Bakta|GHLOMI_01501;gnl|Bakta|GHLOMI_01502;gnl|Bakta|GHLOMI_01505;gnl|Bakta|GHLOMI_01506;gnl|Bakta|GHLOMI_01507;gnl|Bakta|GHLOMI_01508;gnl|Bakta|GHLOMI_01509	9	PF01135;PF00398;PF13489;PF13847;PF13649;PF03739;PF01416;PF16363;PF01370;PF07993;PF04321;PF02719;PF01073;PF13460;PF08659;PF00106;PF00106;PF01370;PF08659;PF13561;PF08238;PF07719;PF01081;PF00920	NA	NA
GCA_024412915.1	contig_15	deepBGC	NRP	0.51707	NA	29912	30959	1047	gnl|Bakta|GHLOMI_01513	1	PF08240;PF02826;PF01262;PF03446;PF00107	NA	NA
GCA_024412915.1	contig_16	deepBGC		0.72184	NA	37698	42790	5092	gnl|Bakta|GHLOMI_01575;gnl|Bakta|GHLOMI_01576;gnl|Bakta|GHLOMI_01577;gnl|Bakta|GHLOMI_01578	4	PF02353;PF08003;PF13489;PF13847;PF01209;PF08241;PF08242;PF13649;PF05175;PF12847;PF06325;PF01135;PF13679;PF08123;PF01555;PF09334;PF00133;PF01406;PF01588;PF08003;PF13489;PF13649;PF08241;PF08242;PF13847	NA	NA
GCA_024412915.1	contig_16	deepBGC	Saccharide	0.50812	NA	43244	44414	1170	gnl|Bakta|GHLOMI_01580	1	PF13439;PF13579;PF00534;PF13692	NA	NA
GCF_035621295.1	contig_1	deepBGC		0.79457	NA	417986	423720	5734	gnl|Bakta|MKHBOK_00380;gnl|Bakta|MKHBOK_00381;gnl|Bakta|MKHBOK_00382;gnl|Bakta|MKHBOK_00383;gnl|Bakta|MKHBOK_00384;gnl|Bakta|MKHBOK_00385;gnl|Bakta|MKHBOK_00386;gnl|Bakta|MKHBOK_00387;gnl|Bakta|MKHBOK_00388	9	PF02668;PF02668;PF07173;PF02130;PF00258;PF12641;PF12724;PF09335;PF03597;PF07992;PF12831;PF00890;PF01494;PF13738;PF13450;PF03486;PF13434;PF00070;PF07690;PF13347;PF17561;PF05977	NA	NA
GCF_035621295.1	contig_1	deepBGC	Other	0.7624	NA	1512020	1517099	5079	gnl|Bakta|MKHBOK_01496;gnl|Bakta|MKHBOK_01497;gnl|Bakta|MKHBOK_01498;gnl|Bakta|MKHBOK_01499	4	PF02353;PF08003;PF13489;PF01596;PF13847;PF01209;PF08241;PF08242;PF13649;PF05175;PF12847;PF06325;PF01135;PF13679;PF08123;PF00133;PF09334;PF01406;PF01588;PF08003;PF13489;PF13649;PF08241;PF08242;PF13847	NA	NA
GCF_037862095.1	contig_4	antiSMASH	Terpene-precursor	NA	No	1	157883	157883	NA;FMFLPK_00637;FMFLPK_00638;FMFLPK_00639;FMFLPK_00640;FMFLPK_00641;FMFLPK_00642;FMFLPK_00643;FMFLPK_00644;FMFLPK_00645;FMFLPK_00646;FMFLPK_00647;FMFLPK_00648;FMFLPK_00649;FMFLPK_00650;FMFLPK_00651;FMFLPK_00652;FMFLPK_00653;FMFLPK_00654;FMFLPK_00655;FMFLPK_00656;FMFLPK_00657;FMFLPK_00662;FMFLPK_00663;FMFLPK_00664;FMFLPK_00665;FMFLPK_00666;FMFLPK_00667;FMFLPK_00668;FMFLPK_00669;FMFLPK_00670;FMFLPK_00671;FMFLPK_00672;FMFLPK_00673;FMFLPK_00674;FMFLPK_00675;FMFLPK_00676;FMFLPK_00677;FMFLPK_00678;FMFLPK_00679;FMFLPK_00680;FMFLPK_00681;FMFLPK_00682;FMFLPK_00683;FMFLPK_00684;FMFLPK_00685;FMFLPK_00686;FMFLPK_00687;FMFLPK_00688;FMFLPK_00689;FMFLPK_00690;FMFLPK_00691;FMFLPK_00692;FMFLPK_00693;FMFLPK_00694;FMFLPK_00695;FMFLPK_00696;FMFLPK_00697;FMFLPK_00700;FMFLPK_00701;FMFLPK_00702;FMFLPK_00703;FMFLPK_00704;FMFLPK_00705;FMFLPK_00706;FMFLPK_00707;FMFLPK_00708;FMFLPK_00709;FMFLPK_00710;FMFLPK_00711;FMFLPK_00712;FMFLPK_00717;FMFLPK_00718;FMFLPK_00719;FMFLPK_00720;FMFLPK_00721;FMFLPK_00722;FMFLPK_00723;FMFLPK_00724;FMFLPK_00725;FMFLPK_00726;FMFLPK_00727;FMFLPK_00728;FMFLPK_00729;FMFLPK_00730;FMFLPK_00731;FMFLPK_00732;FMFLPK_00733;FMFLPK_00734;FMFLPK_00735;FMFLPK_00736;FMFLPK_00737;FMFLPK_00738;FMFLPK_00739;FMFLPK_00740;FMFLPK_00741;FMFLPK_00742;FMFLPK_00743;FMFLPK_00744;FMFLPK_00745;FMFLPK_00746;FMFLPK_00747;FMFLPK_00748;FMFLPK_00749;FMFLPK_00750;FMFLPK_00751;FMFLPK_00752;FMFLPK_00753;FMFLPK_00754;FMFLPK_00755;FMFLPK_00756;FMFLPK_00757;FMFLPK_00758;FMFLPK_00759;FMFLPK_00760;FMFLPK_00761;FMFLPK_00763;FMFLPK_00764;FMFLPK_00765;FMFLPK_00766;FMFLPK_00767;FMFLPK_00770;FMFLPK_00771;FMFLPK_00772;FMFLPK_00773;FMFLPK_00774;FMFLPK_00775;FMFLPK_00776;FMFLPK_00777;FMFLPK_00778;FMFLPK_00779;FMFLPK_00780;FMFLPK_00781;FMFLPK_00782;FMFLPK_00783;FMFLPK_00784;FMFLPK_00785;FMFLPK_00786;FMFLPK_00787;FMFLPK_00788;FMFLPK_00789;FMFLPK_00790	141	GTP_cyclohydroI;PT_FPPS_like;PTPS;QueE;Fer4_12	NA	NA
GCF_014497745.1	contig_11	deepBGC		0.6877	NA	0	10998	10998	gnl|Bakta|HMDBCN_00644;gnl|Bakta|HMDBCN_00645;gnl|Bakta|HMDBCN_00646;gnl|Bakta|HMDBCN_00647;gnl|Bakta|HMDBCN_00648;gnl|Bakta|HMDBCN_00649;gnl|Bakta|HMDBCN_00650;gnl|Bakta|HMDBCN_00651;gnl|Bakta|HMDBCN_00652;gnl|Bakta|HMDBCN_00654;gnl|Bakta|HMDBCN_00655;gnl|Bakta|HMDBCN_00656;gnl|Bakta|HMDBCN_00657;gnl|Bakta|HMDBCN_00658	14	PF00364;PF00289;PF15632;PF14397;PF08443;PF02655;PF02786;PF13549;PF02222;PF07478;PF02785;PF05050;PF01041;PF01053;PF00266;PF00268;PF01135;PF00398;PF13847;PF13649;PF03739;PF01416;PF16363;PF01370;PF07993;PF04321;PF02719;PF01073;PF13460;PF08659;PF00106	NA	NA
GCF_014497745.1	contig_11	deepBGC	Polyketide	0.61181	NA	13463	15286	1823	gnl|Bakta|HMDBCN_00663;gnl|Bakta|HMDBCN_00664	2	PF00106;PF08659;PF01370;PF13561;PF08238;PF07719	NA	NA
GCF_014497745.1	contig_29	deepBGC		0.54231	NA	0	285	285	gnl|Bakta|HMDBCN_01124	1	PF01817	NA	NA
GCF_014497745.1	contig_6	deepBGC		0.65958	NA	33389	35497	2108	gnl|Bakta|HMDBCN_00469;HMDBCN_00470;gnl|Bakta|HMDBCN_00471;gnl|Bakta|HMDBCN_00472;gnl|Bakta|HMDBCN_00473	5	PF02668;PF02668;PF14748;PF03807	NA	NA
GCF_014497745.1	contig_7	deepBGC	Saccharide	0.62797	NA	37951	46501	8550	gnl|Bakta|HMDBCN_00523;gnl|Bakta|HMDBCN_00524;gnl|Bakta|HMDBCN_00525;gnl|Bakta|HMDBCN_00526;gnl|Bakta|HMDBCN_00527;gnl|Bakta|HMDBCN_00528;gnl|Bakta|HMDBCN_00529	7	PF02353;PF08003;PF13489;PF01596;PF13847;PF01209;PF08241;PF08242;PF13649;PF05175;PF12847;PF06325;PF01135;PF13679;PF02390;PF08123;PF01555;PF00133;PF09334;PF01406;PF01588;PF08003;PF13489;PF13649;PF08241;PF08242;PF13847;PF03061;PF13439;PF13579;PF00534;PF13692;PF02784	NA	NA
GCF_014497735.1	contig_22	deepBGC	Other	0.72677	NA	37949	43046	5097	gnl|Bakta|BOBHPD_01500;gnl|Bakta|BOBHPD_01501;gnl|Bakta|BOBHPD_01502;gnl|Bakta|BOBHPD_01503	4	PF02353;PF08003;PF13489;PF01596;PF13847;PF01209;PF08241;PF08242;PF13649;PF05175;PF12847;PF06325;PF01135;PF13679;PF08123;PF09334;PF00133;PF01406;PF01588;PF08003;PF13489;PF13649;PF08241;PF08242;PF13847	NA	NA
GCF_014497735.1	contig_6	deepBGC		0.52131	NA	33014	33314	300	gnl|Bakta|BOBHPD_00473	1	PF07883	NA	NA
GCA_040861445.1	contig_10	deepBGC		0.51062	NA	7055	7853	798	gnl|Bakta|JFKJAH_01270	1	PF08003;PF13489;PF13847;PF08241;PF08242;PF13649	NA	NA
GCA_040861445.1	contig_18	deepBGC		0.51627	NA	20107	20714	607	gnl|Bakta|JFKJAH_01559;gnl|Bakta|JFKJAH_01560	2	PF06463;PF17023;PF00262	NA	NA
GCA_040861445.1	contig_24	deepBGC		0.54846	NA	343	3400	3057	gnl|Bakta|JFKJAH_01619;gnl|Bakta|JFKJAH_01620	2	PF02521;PF02521	NA	NA
GCA_024407355.1	contig_43	antiSMASH	Terpene-precursor	NA	No	1	59676	59676	NA;MFOIJI_01653;MFOIJI_01654;MFOIJI_01655;MFOIJI_01656;MFOIJI_01657;MFOIJI_01658;MFOIJI_01659;MFOIJI_01660;MFOIJI_01661;MFOIJI_01662;MFOIJI_01663;MFOIJI_01664;MFOIJI_01665;MFOIJI_01666;MFOIJI_01667;MFOIJI_01668;MFOIJI_01669;MFOIJI_01670;MFOIJI_01671;MFOIJI_01672;MFOIJI_01673;MFOIJI_01674;MFOIJI_01675;MFOIJI_01676;MFOIJI_01677;MFOIJI_01678;MFOIJI_01679;MFOIJI_01680;MFOIJI_01681;MFOIJI_01682;MFOIJI_01683;MFOIJI_01684;MFOIJI_01685;MFOIJI_01686;MFOIJI_01687;MFOIJI_01688;MFOIJI_01689;MFOIJI_01690;MFOIJI_01691;MFOIJI_01692;MFOIJI_01693;MFOIJI_01694;MFOIJI_01695;MFOIJI_01696;MFOIJI_01697;MFOIJI_01698;MFOIJI_01699;MFOIJI_01700;MFOIJI_01705;MFOIJI_01706;MFOIJI_01707;MFOIJI_01708;MFOIJI_01709;MFOIJI_01710;MFOIJI_01711;MFOIJI_01712;MFOIJI_01713;MFOIJI_01714;MFOIJI_01715;MFOIJI_01716;MFOIJI_01717;MFOIJI_01718;MFOIJI_01719;MFOIJI_01720;MFOIJI_01721;MFOIJI_01722;MFOIJI_01723;MFOIJI_01724;MFOIJI_01725;MFOIJI_01726;MFOIJI_01727	71	QueE;Fer4_12;PTPS;PT_FPPS_like;GTP_cyclohydroI	NA	NA
GCF_014497385.1	contig_4	deepBGC		0.70195	NA	38170	49784	11614	gnl|Bakta|ICDAFD_00439;gnl|Bakta|ICDAFD_00440;gnl|Bakta|ICDAFD_00441;gnl|Bakta|ICDAFD_00442;gnl|Bakta|ICDAFD_00443;gnl|Bakta|ICDAFD_00444;gnl|Bakta|ICDAFD_00445;gnl|Bakta|ICDAFD_00446;gnl|Bakta|ICDAFD_00447	9	PF02353;PF08003;PF13489;PF01596;PF13847;PF01209;PF08241;PF08242;PF13649;PF05175;PF12847;PF06325;PF01135;PF13679;PF08123;PF01555;PF00133;PF09334;PF01406;PF01588;PF08003;PF13489;PF13847;PF13649;PF08241;PF08242;PF03061;PF13439;PF00534;PF13692;PF02784;PF07510;PF03235	NA	NA
GCA_040861665.1	contig_8	antiSMASH	Terpene-precursor	NA	No	1	57719	57719	NA;BGJOKH_01233;BGJOKH_01234;BGJOKH_01235;BGJOKH_01236;BGJOKH_01237;BGJOKH_01238;BGJOKH_01239;BGJOKH_01240;BGJOKH_01241;BGJOKH_01242;BGJOKH_01243;BGJOKH_01244;BGJOKH_01245;BGJOKH_01246;BGJOKH_01247;BGJOKH_01248;BGJOKH_01249;BGJOKH_01250;BGJOKH_01251;BGJOKH_01252;BGJOKH_01253;BGJOKH_01254;BGJOKH_01255;BGJOKH_01256;BGJOKH_01257;BGJOKH_01258;BGJOKH_01259;BGJOKH_01260;BGJOKH_01261;BGJOKH_01262;BGJOKH_01263;BGJOKH_01264;BGJOKH_01265;BGJOKH_01266;BGJOKH_01267;BGJOKH_01268;BGJOKH_01269;BGJOKH_01270;BGJOKH_01275;BGJOKH_01276;BGJOKH_01277;BGJOKH_01278;BGJOKH_01279;BGJOKH_01280;BGJOKH_01281;BGJOKH_01282;BGJOKH_01283;BGJOKH_01284;BGJOKH_01285;BGJOKH_01286;BGJOKH_01287;BGJOKH_01288;BGJOKH_01289;BGJOKH_01290;BGJOKH_01291;BGJOKH_01292;BGJOKH_01293;BGJOKH_01294;BGJOKH_01295	59	QueE;Fer4_12;PTPS;PT_FPPS_like;GTP_cyclohydroI	NA	NA
GCF_003640045.1	contig_19	antiSMASH	Terpene-precursor	NA	No	1	8661	8661	NA;MMMEHF_00912;MMMEHF_00913;MMMEHF_00914;MMMEHF_00915;MMMEHF_00916;MMMEHF_00917;MMMEHF_00918;MMMEHF_00919;MMMEHF_00920;MMMEHF_00921;MMMEHF_00922;MMMEHF_00923;MMMEHF_00924	13	GTP_cyclohydroI;PT_FPPS_like;PTPS;QueE;Fer4_12	NA	NA
GCF_014496985.1	contig_11	deepBGC	NRP	0.52826	NA	2173	4405	2232	gnl|Bakta|BLKLDP_00567;gnl|Bakta|BLKLDP_00568	2	PF00107;PF03446;PF02826;PF01262;PF08240;PF02685	NA	NA
GCF_014496985.1	contig_11	deepBGC	RiPP	0.50287	NA	16063	16693	630	gnl|Bakta|BLKLDP_00581	1	PF01135;PF13847;PF13649;PF00398	NA	NA
GCF_014496985.1	contig_20	deepBGC		0.53083	NA	2150	3254	1104	gnl|Bakta|BLKLDP_00908	1	PF01501	NA	NA
GCF_014496985.1	contig_5	deepBGC	Saccharide	0.81473	NA	37899	46466	8567	gnl|Bakta|BLKLDP_00371;gnl|Bakta|BLKLDP_00372;gnl|Bakta|BLKLDP_00373;gnl|Bakta|BLKLDP_00374;gnl|Bakta|BLKLDP_00375;gnl|Bakta|BLKLDP_00376;gnl|Bakta|BLKLDP_00377	7	PF02353;PF08003;PF13489;PF01596;PF13847;PF01209;PF08241;PF08242;PF13649;PF05175;PF12847;PF06325;PF01135;PF13679;PF08123;PF00133;PF09334;PF01406;PF01588;PF08003;PF13489;PF13649;PF08241;PF08242;PF13847;PF03061;PF13439;PF13579;PF00534;PF13692;PF02784	NA	NA
GCA_040857585.1	contig_2	antiSMASH	Terpene-precursor	NA	No	1	56889	56889	NA;CDDJPL_00072;CDDJPL_00073;CDDJPL_00074;CDDJPL_00075;CDDJPL_00076;CDDJPL_00077;CDDJPL_00078;CDDJPL_00079;CDDJPL_00080;CDDJPL_00081;CDDJPL_00082;CDDJPL_00083;CDDJPL_00084;CDDJPL_00085;CDDJPL_00086;CDDJPL_00087;CDDJPL_00088;CDDJPL_00089;CDDJPL_00090;CDDJPL_00091;CDDJPL_00092;CDDJPL_00093;CDDJPL_00094;CDDJPL_00095;CDDJPL_00096;CDDJPL_00097;CDDJPL_00098;CDDJPL_00099;CDDJPL_00100;CDDJPL_00101;CDDJPL_00102;CDDJPL_00103;CDDJPL_00104;CDDJPL_00105;CDDJPL_00109;CDDJPL_00111;CDDJPL_00112;CDDJPL_00113;CDDJPL_00114;CDDJPL_00115;CDDJPL_00116;CDDJPL_00117;CDDJPL_00118;CDDJPL_00119;CDDJPL_00120;CDDJPL_00121;CDDJPL_00122;CDDJPL_00123;CDDJPL_00124;CDDJPL_00125;CDDJPL_00126;CDDJPL_00127;CDDJPL_00128;CDDJPL_00129;CDDJPL_00130;CDDJPL_00131;CDDJPL_00132;CDDJPL_00133	58	Peptidase_M50;QueE;Fer4_12;PTPS;PT_FPPS_like;GTP_cyclohydroI	NA	NA
GCF_014497635.1	contig_11	antiSMASH	Terpene-precursor	NA	No	1	8278	8278	NA;GDFOJH_00705;GDFOJH_00706;GDFOJH_00707;GDFOJH_00708;GDFOJH_00709;GDFOJH_00710;GDFOJH_00711;GDFOJH_00712;GDFOJH_00713;GDFOJH_00714;GDFOJH_00715;GDFOJH_00716	12	GTP_cyclohydroI;PT_FPPS_like;PTPS;QueE;Fer4_12	NA	NA
GCA_024413815.1	contig_19	deepBGC	Saccharide	0.68631	NA	83144	91709	8565	gnl|Bakta|PIMGKD_01310;gnl|Bakta|PIMGKD_01311;gnl|Bakta|PIMGKD_01312;gnl|Bakta|PIMGKD_01313;gnl|Bakta|PIMGKD_01314;gnl|Bakta|PIMGKD_01315;gnl|Bakta|PIMGKD_01316	7	PF02353;PF08003;PF13489;PF01596;PF13847;PF01209;PF08241;PF08242;PF13649;PF05175;PF12847;PF06325;PF01135;PF13679;PF08123;PF01555;PF00133;PF09334;PF01406;PF01588;PF08003;PF13489;PF13649;PF08241;PF08242;PF13847;PF03061;PF13439;PF13579;PF00534;PF13692;PF02784	NA	NA
GCA_024413815.1	contig_27	deepBGC		0.55079	NA	295	3103	2808	gnl|Bakta|PIMGKD_01391;gnl|Bakta|PIMGKD_01392	2	PF00199;PF02521	NA	NA
GCA_024413815.1	contig_6	deepBGC		0.51533	NA	3511	3811	300	gnl|Bakta|PIMGKD_00554	1	PF07883	NA	NA
GCF_011175295.1	contig_4	deepBGC		0.81267	NA	37700	46269	8569	gnl|Bakta|KBIFMO_00349;gnl|Bakta|KBIFMO_00350;gnl|Bakta|KBIFMO_00351;gnl|Bakta|KBIFMO_00352;gnl|Bakta|KBIFMO_00353;gnl|Bakta|KBIFMO_00354;gnl|Bakta|KBIFMO_00355	7	PF02353;PF08003;PF13489;PF01596;PF13847;PF01209;PF08241;PF08242;PF13649;PF05175;PF12847;PF06325;PF01135;PF13679;PF08123;PF00133;PF09334;PF01406;PF01588;PF08003;PF13489;PF13649;PF08241;PF08242;PF13847;PF03061;PF13439;PF00534;PF13692;PF02784	NA	NA
GCF_011175295.1	contig_8	deepBGC		0.61279	NA	15990	26105	10115	gnl|Bakta|KBIFMO_00483;gnl|Bakta|KBIFMO_00484;gnl|Bakta|KBIFMO_00485;gnl|Bakta|KBIFMO_00486;gnl|Bakta|KBIFMO_00489;gnl|Bakta|KBIFMO_00490;gnl|Bakta|KBIFMO_00491;gnl|Bakta|KBIFMO_00492;gnl|Bakta|KBIFMO_00493	9	PF01135;PF00398;PF13489;PF13847;PF13649;PF03739;PF01416;PF16363;PF01370;PF07993;PF04321;PF02719;PF01073;PF13460;PF08659;PF00106;PF00106;PF08659;PF01370;PF13561;PF08238;PF07719;PF01081;PF00920	NA	NA
GCF_011175295.1	contig_8	deepBGC	NRP	0.57328	NA	29324	31180	1856	gnl|Bakta|KBIFMO_00497;gnl|Bakta|KBIFMO_00498	2	PF08240;PF02826;PF01262;PF03446;PF00107;PF01501	NA	NA
GCF_014497165.1	contig_20	deepBGC		0.51419	NA	1956	3060	1104	gnl|Bakta|MEDHHC_00817	1	PF01501	NA	NA
GCF_014497165.1	contig_28	deepBGC		0.54818	NA	100275	100716	441	gnl|Bakta|MEDHHC_01314	1	PF01531	NA	NA
GCF_014497165.1	contig_5	deepBGC		0.53641	NA	217	2065	1848	gnl|Bakta|MEDHHC_00312	1	PF02784	NA	NA
GCF_014497165.1	contig_5	deepBGC		0.62227	NA	3696	8796	5100	gnl|Bakta|MEDHHC_00315;gnl|Bakta|MEDHHC_00316;gnl|Bakta|MEDHHC_00317;gnl|Bakta|MEDHHC_00318	4	PF08003;PF13489;PF13847;PF08241;PF08242;PF13649;PF01588;PF09334;PF01406;PF00133;PF02353;PF08003;PF13489;PF08123;PF06325;PF01209;PF01135;PF05175;PF13679;PF12847;PF13847;PF08241;PF08242;PF13649	NA	NA
GCF_014497165.1	contig_7	deepBGC		0.51323	NA	33858	34158	300	gnl|Bakta|MEDHHC_00424	1	PF07883	NA	NA
GCA_024407115.1	contig_24	antiSMASH	Terpene-precursor	NA	No	1	7960	7960	NA;MEOLOH_01070;MEOLOH_01071;MEOLOH_01072;MEOLOH_01073;MEOLOH_01074;MEOLOH_01075;MEOLOH_01076;MEOLOH_01077;MEOLOH_01078;MEOLOH_01079;MEOLOH_01080;MEOLOH_01081	12	QueE;Fer4_12;PTPS;PT_FPPS_like;GTP_cyclohydroI	NA	NA
GCF_014497495.1	contig_3	antiSMASH	Terpene-precursor	NA	No	1	15214	15214	NA;BGALIL_00318;BGALIL_00319;BGALIL_00320;BGALIL_00321;BGALIL_00322;BGALIL_00323;BGALIL_00324;BGALIL_00325;BGALIL_00326;BGALIL_00327;BGALIL_00328;BGALIL_00329;BGALIL_00330;BGALIL_00331;BGALIL_00332;BGALIL_00333;BGALIL_00334;BGALIL_00335	18	GTP_cyclohydroI;PT_FPPS_like;PTPS;QueE;Fer4_12;Glyco_transf_9	NA	NA
GCF_014498755.1	contig_2	deepBGC		0.51287	NA	1135	5898	4763	gnl|Bakta|KFGEOB_00309;gnl|Bakta|KFGEOB_00310;gnl|Bakta|KFGEOB_00311;gnl|Bakta|KFGEOB_00312	4	PF03235;PF07510;PF02784	NA	NA
GCF_014498755.1	contig_2	deepBGC	Other	0.61425	NA	7530	12619	5089	gnl|Bakta|KFGEOB_00315;gnl|Bakta|KFGEOB_00316;gnl|Bakta|KFGEOB_00317;gnl|Bakta|KFGEOB_00318	4	PF08003;PF13489;PF13847;PF08241;PF08242;PF13649;PF01588;PF09334;PF01406;PF00133;PF02353;PF08003;PF13489;PF08123;PF06325;PF01209;PF01135;PF05175;PF01596;PF13679;PF12847;PF13847;PF08241;PF08242;PF13649	NA	NA
GCF_015905165.1	contig_17	antiSMASH	Terpene-precursor	NA	No	1	43329	43329	NA;FLBJJK_01041;FLBJJK_01042;FLBJJK_01043;FLBJJK_01044;FLBJJK_01045;FLBJJK_01046;FLBJJK_01047;FLBJJK_01048;FLBJJK_01049;FLBJJK_01050;FLBJJK_01051;FLBJJK_01052;FLBJJK_01053;FLBJJK_01054;FLBJJK_01055;FLBJJK_01056;FLBJJK_01057;FLBJJK_01058;FLBJJK_01059;FLBJJK_01060;FLBJJK_01061;FLBJJK_01066;FLBJJK_01067;FLBJJK_01068;FLBJJK_01069;FLBJJK_01070;FLBJJK_01071;FLBJJK_01072;FLBJJK_01073;FLBJJK_01074;FLBJJK_01075;FLBJJK_01076;FLBJJK_01077;FLBJJK_01078;FLBJJK_01079;FLBJJK_01080;FLBJJK_01081;FLBJJK_01082;FLBJJK_01083;FLBJJK_01084;FLBJJK_01085;FLBJJK_01086;FLBJJK_01087;FLBJJK_01088;FLBJJK_01089;FLBJJK_01090;FLBJJK_01091	47	GTP_cyclohydroI;PT_FPPS_like;PTPS;QueE;Fer4_12	NA	NA
GCF_014497825.1	contig_23	antiSMASH	Terpene-precursor	NA	No	1	59311	59311	NA;ABLCFB_01429;ABLCFB_01430;ABLCFB_01431;ABLCFB_01432;ABLCFB_01433;ABLCFB_01434;ABLCFB_01435;ABLCFB_01436;ABLCFB_01437;ABLCFB_01438;ABLCFB_01439;ABLCFB_01440;ABLCFB_01441;ABLCFB_01442;ABLCFB_01443;ABLCFB_01444;ABLCFB_01445;ABLCFB_01446;ABLCFB_01447;ABLCFB_01448;ABLCFB_01449;ABLCFB_01454;ABLCFB_01455;ABLCFB_01456;ABLCFB_01457;ABLCFB_01458;ABLCFB_01459;ABLCFB_01460;ABLCFB_01461;ABLCFB_01462;ABLCFB_01463;ABLCFB_01464;ABLCFB_01465;ABLCFB_01466;ABLCFB_01467;ABLCFB_01468;ABLCFB_01469;ABLCFB_01470;ABLCFB_01471;ABLCFB_01472;ABLCFB_01473;ABLCFB_01474;ABLCFB_01475;ABLCFB_01476;ABLCFB_01477;ABLCFB_01478;ABLCFB_01479;ABLCFB_01480;ABLCFB_01481;ABLCFB_01482;ABLCFB_01483;ABLCFB_01484;ABLCFB_01485;ABLCFB_01486;ABLCFB_01487;ABLCFB_01488;ABLCFB_01489;ABLCFB_01490;ABLCFB_01491	59	GTP_cyclohydroI;PT_FPPS_like;PTPS;QueE;Fer4_12	NA	NA
GCF_040821705.1	contig_33	deepBGC		0.5178	NA	10701	11487	786	gnl|Bakta|KFMHCO_00852	1	PF08003;PF13489;PF13847;PF08241;PF08242;PF13649	NA	NA
GCF_040821705.1	contig_73	deepBGC		0.66163	NA	0	186	186	gnl|Bakta|KFMHCO_01433	1	PF01061	NA	NA
GCF_030062625.1	contig_1	deepBGC		0.53974	NA	709611	710397	786	gnl|Bakta|FOENAJ_00707	1	PF08003;PF13489;PF13847;PF08241;PF08242;PF13649	NA	NA
GCF_030062625.1	contig_1	deepBGC	Other	0.57844	NA	713518	714688	1170	gnl|Bakta|FOENAJ_00710	1	PF02353;PF08003;PF13489;PF08123;PF06325;PF01209;PF01135;PF05175;PF01596;PF13679;PF12847;PF13847;PF08241;PF08242;PF13649	NA	NA
GCA_040861665.1	contig_10	deepBGC		0.7481	NA	37634	46203	8569	gnl|Bakta|BGJOKH_01384;gnl|Bakta|BGJOKH_01385;gnl|Bakta|BGJOKH_01386;gnl|Bakta|BGJOKH_01387;gnl|Bakta|BGJOKH_01388;gnl|Bakta|BGJOKH_01389;gnl|Bakta|BGJOKH_01390	7	PF02353;PF08003;PF13489;PF01596;PF13847;PF01209;PF08241;PF08242;PF13649;PF05175;PF12847;PF06325;PF01135;PF13679;PF08123;PF01555;PF09334;PF00133;PF01406;PF01588;PF08003;PF13489;PF13649;PF08241;PF08242;PF13847;PF03061;PF13439;PF00534;PF13692;PF02784	NA	NA
GCA_040861665.1	contig_12	deepBGC		0.50208	NA	33421	33721	300	gnl|Bakta|BGJOKH_01457	1	PF07883	NA	NA
GCF_014497515.1	contig_25	antiSMASH	Terpene-precursor	NA	No	1	8211	8211	NA;GDJCDB_01053;GDJCDB_01054;GDJCDB_01055;GDJCDB_01056;GDJCDB_01057;GDJCDB_01058;GDJCDB_01059;GDJCDB_01060;GDJCDB_01061;GDJCDB_01062;GDJCDB_01063;GDJCDB_01064	12	QueE;Fer4_12;PTPS;PT_FPPS_like;GTP_cyclohydroI	NA	NA
GCA_024409295.1	contig_7	deepBGC	RiPP	0.54462	NA	25736	26366	630	gnl|Bakta|JHDCIK_00266	1	PF01135;PF13847;PF13649;PF00398	NA	NA
GCA_024409295.1	contig_7	deepBGC	Saccharide	0.65865	NA	80298	87006	6708	gnl|Bakta|JHDCIK_00322;gnl|Bakta|JHDCIK_00323;gnl|Bakta|JHDCIK_00324;gnl|Bakta|JHDCIK_00325;gnl|Bakta|JHDCIK_00326;gnl|Bakta|JHDCIK_00327	6	PF02353;PF08003;PF13489;PF01596;PF13847;PF01209;PF08241;PF08242;PF13649;PF05175;PF12847;PF06325;PF01135;PF13679;PF08123;PF01555;PF00133;PF09334;PF01406;PF15458;PF01588;PF08003;PF13489;PF13649;PF08241;PF08242;PF13847;PF03061;PF13439;PF13579;PF00534;PF13692	NA	NA
GCA_024406555.1	contig_8	deepBGC		0.55508	NA	439	1710	1271	gnl|Bakta|OEKKOG_00740;gnl|Bakta|OEKKOG_00741	2	PF17023;PF00437	NA	NA
GCA_024412405.1	contig_3	deepBGC	Saccharide	0.68441	NA	33490	42058	8568	gnl|Bakta|PIOKIL_00370;gnl|Bakta|PIOKIL_00371;gnl|Bakta|PIOKIL_00372;gnl|Bakta|PIOKIL_00373;gnl|Bakta|PIOKIL_00374;gnl|Bakta|PIOKIL_00375;gnl|Bakta|PIOKIL_00376	7	PF02353;PF08003;PF13489;PF01596;PF13847;PF01209;PF08241;PF08242;PF13649;PF05175;PF12847;PF06325;PF01135;PF13679;PF08123;PF01555;PF00133;PF09334;PF01406;PF01588;PF08003;PF13489;PF13649;PF08241;PF08242;PF13847;PF03061;PF13439;PF13579;PF00534;PF13692;PF02784	NA	NA
GCA_024406345.1	contig_18	deepBGC		0.72671	NA	37756	49370	11614	gnl|Bakta|PMKCEF_01523;gnl|Bakta|PMKCEF_01524;gnl|Bakta|PMKCEF_01525;gnl|Bakta|PMKCEF_01526;gnl|Bakta|PMKCEF_01527;gnl|Bakta|PMKCEF_01528;gnl|Bakta|PMKCEF_01529;gnl|Bakta|PMKCEF_01530;gnl|Bakta|PMKCEF_01531;gnl|Bakta|PMKCEF_01532;gnl|Bakta|PMKCEF_01533	11	PF02353;PF08003;PF13489;PF01596;PF13847;PF01209;PF08241;PF08242;PF13649;PF05175;PF12847;PF06325;PF01135;PF13679;PF08123;PF01555;PF09334;PF00133;PF01406;PF01588;PF08003;PF13489;PF13649;PF08241;PF08242;PF13847;PF03061;PF13439;PF00534;PF13692;PF02784;PF07510;PF03235	NA	NA
GCF_002983705.1	contig_1	antiSMASH	Terpene-precursor	NA	Yes	6658	27569	20912	NFAKMA_00005;NFAKMA_00006;NFAKMA_00007;NFAKMA_00008;NFAKMA_00009;NFAKMA_00010;NFAKMA_00011;NFAKMA_00012;NFAKMA_00013;NFAKMA_00014;NFAKMA_00015;NFAKMA_00016;NFAKMA_00017;NFAKMA_00018;NFAKMA_00019;NFAKMA_00020;NFAKMA_00021;NFAKMA_00022	18	GTP_cyclohydroI;GTP_cyclohydroI;PT_FPPS_like;PTPS;QueE;Fer4_12	NA	NA
GCF_001998045.1	contig_22	antiSMASH	Terpene-precursor	NA	No	1	7997	7997	NA;MKIPJL_01274;MKIPJL_01275;MKIPJL_01276;MKIPJL_01277;MKIPJL_01278;MKIPJL_01279;MKIPJL_01280;MKIPJL_01281;MKIPJL_01282;MKIPJL_01283;MKIPJL_01284	11	QueE;Fer4_12;PTPS;PT_FPPS_like;GTP_cyclohydroI	NA	NA
GCA_024412375.1	contig_3	deepBGC		0.72323	NA	156699	165752	9053	gnl|Bakta|CGCEOB_01270;gnl|Bakta|CGCEOB_01271;gnl|Bakta|CGCEOB_01272;gnl|Bakta|CGCEOB_01273;gnl|Bakta|CGCEOB_01274;gnl|Bakta|CGCEOB_01275;gnl|Bakta|CGCEOB_01276;gnl|Bakta|CGCEOB_01277;gnl|Bakta|CGCEOB_01278	9	PF02353;PF08003;PF13489;PF01596;PF13847;PF01209;PF08241;PF08242;PF13649;PF05175;PF12847;PF06325;PF01135;PF13679;PF08123;PF01555;PF09334;PF00133;PF01406;PF01588;PF08003;PF13489;PF13649;PF08241;PF08242;PF13847;PF03061;PF13439;PF00534;PF13692;PF02784;PF07927;PF15919	NA	NA
GCF_035621155.1	contig_1	antiSMASH	Terpene-precursor	NA	Yes	550323	571234	20912	LPKIGF_00559;LPKIGF_00560;LPKIGF_00561;LPKIGF_00562;LPKIGF_00563;LPKIGF_00564;LPKIGF_00565;LPKIGF_00566;LPKIGF_00567;LPKIGF_00568;LPKIGF_00569;LPKIGF_00570;LPKIGF_00571;LPKIGF_00572;LPKIGF_00573;LPKIGF_00574;LPKIGF_00575;LPKIGF_00576	18	QueE;Fer4_12;PTPS;PT_FPPS_like;GTP_cyclohydroI	NA	NA
GCF_040820835.1	contig_26	deepBGC		0.7655	NA	0	17745	17745	gnl|Bakta|HMAOEG_00725;gnl|Bakta|HMAOEG_00726;gnl|Bakta|HMAOEG_00727;gnl|Bakta|HMAOEG_00728;gnl|Bakta|HMAOEG_00729;gnl|Bakta|HMAOEG_00730;gnl|Bakta|HMAOEG_00731;gnl|Bakta|HMAOEG_00732;gnl|Bakta|HMAOEG_00733;gnl|Bakta|HMAOEG_00734;gnl|Bakta|HMAOEG_00737;gnl|Bakta|HMAOEG_00738;gnl|Bakta|HMAOEG_00739;gnl|Bakta|HMAOEG_00740;gnl|Bakta|HMAOEG_00741;gnl|Bakta|HMAOEG_00743	16	PF01501;PF00107;PF03446;PF02826;PF01262;PF08240;PF02685;PF01182;PF02781;PF00479;PF00920;PF01081;PF07719;PF00515;PF08238;PF13561;PF00106;PF08659;PF01370;PF04321;PF16363;PF01370;PF02719;PF08659;PF01073;PF07993;PF13460;PF01416;PF03739;PF01135;PF13847;PF13489;PF13649;PF00398;PF00268;PF01041;PF00266;PF00155	NA	NA
GCF_040820835.1	contig_4	deepBGC		0.53021	NA	2	1593	1591	gnl|Bakta|HMAOEG_00099;gnl|Bakta|HMAOEG_00100	2	PF01678;PF04224;PF10034	NA	NA
GCF_040820835.1	contig_66	deepBGC	Saccharide	0.75161	NA	32924	41494	8570	gnl|Bakta|HMAOEG_01354;gnl|Bakta|HMAOEG_01355;gnl|Bakta|HMAOEG_01356;gnl|Bakta|HMAOEG_01357;gnl|Bakta|HMAOEG_01358;gnl|Bakta|HMAOEG_01359;gnl|Bakta|HMAOEG_01360	7	PF02353;PF08003;PF13489;PF01596;PF13847;PF01209;PF08241;PF08242;PF13649;PF05175;PF12847;PF06325;PF01135;PF13679;PF08123;PF01555;PF00133;PF09334;PF01406;PF01588;PF08003;PF13489;PF13649;PF08241;PF08242;PF13847;PF03061;PF13439;PF13579;PF00534;PF13692;PF02784	NA	NA
GCF_040820835.1	contig_79	deepBGC		0.56286	NA	16	1330	1314	gnl|Bakta|HMAOEG_01458;gnl|Bakta|HMAOEG_01459;gnl|Bakta|HMAOEG_01460	3	PF00925;PF02597;PF02391	NA	NA
GCF_015904475.1	contig_52	antiSMASH	Terpene-precursor	NA	No	1	25289	25289	NA;MFACDB_00769;MFACDB_00770;MFACDB_00771;MFACDB_00772;MFACDB_00773;MFACDB_00774;MFACDB_00775;MFACDB_00776;MFACDB_00777;MFACDB_00778;MFACDB_00779;MFACDB_00780;MFACDB_00781;MFACDB_00782;MFACDB_00783;MFACDB_00784;MFACDB_00785;MFACDB_00786	18	QueE;Fer4_12;PTPS;PT_FPPS_like;GTP_cyclohydroI	NA	NA
GCF_011140535.1	contig_16	deepBGC		0.59601	NA	7563	8349	786	gnl|Bakta|FDMLKI_00662	1	PF08003;PF13489;PF13847;PF08241;PF08242;PF13649	NA	NA
GCF_011140535.1	contig_5	deepBGC		0.53169	NA	14233	14863	630	gnl|Bakta|FDMLKI_00152	1	PF01135;PF13847;PF13489;PF13649;PF00398	NA	NA
GCA_024409335.1	contig_1	deepBGC	Saccharide	0.67587	NA	43734	50441	6707	gnl|Bakta|NLDAON_00045;gnl|Bakta|NLDAON_00046;gnl|Bakta|NLDAON_00047;gnl|Bakta|NLDAON_00048;gnl|Bakta|NLDAON_00049;gnl|Bakta|NLDAON_00050	6	PF02353;PF08003;PF13489;PF01596;PF13847;PF01209;PF08241;PF08242;PF13649;PF05175;PF12847;PF06325;PF01135;PF13679;PF08123;PF01555;PF09334;PF00133;PF01406;PF01588;PF08003;PF13489;PF13649;PF08241;PF08242;PF13847;PF03061;PF13439;PF13579;PF00534;PF13692	NA	NA
GCA_024409335.1	contig_36	deepBGC		0.71077	NA	1674	17358	15684	gnl|Bakta|NLDAON_01092;gnl|Bakta|NLDAON_01093;gnl|Bakta|NLDAON_01094;gnl|Bakta|NLDAON_01095;gnl|Bakta|NLDAON_01096;gnl|Bakta|NLDAON_01097;gnl|Bakta|NLDAON_01098;gnl|Bakta|NLDAON_01099;gnl|Bakta|NLDAON_01100;gnl|Bakta|NLDAON_01101;gnl|Bakta|NLDAON_01103;gnl|Bakta|NLDAON_01104;gnl|Bakta|NLDAON_01105;gnl|Bakta|NLDAON_01106;gnl|Bakta|NLDAON_01107;gnl|Bakta|NLDAON_01110;gnl|Bakta|NLDAON_01111;gnl|Bakta|NLDAON_01112	18	PF00692;PF00364;PF00289;PF15632;PF14397;PF08443;PF02655;PF02786;PF13549;PF02222;PF07478;PF02785;PF05050;PF01041;PF00155;PF00266;PF00268;PF01135;PF00398;PF13489;PF13847;PF13649;PF03739;PF01416;PF16363;PF01370;PF07993;PF04321;PF02719;PF01073;PF13460;PF08659;PF00106;PF00106;PF08659;PF01370;PF13561;PF08238;PF07719	NA	NA
GCA_024409335.1	contig_43	deepBGC	Polyketide	0.65652	NA	289	2517	2228	gnl|Bakta|NLDAON_01305;gnl|Bakta|NLDAON_01306	2	PF00899;PF07690;PF12832;PF05977	NA	NA
GCA_024412795.1	contig_3	deepBGC		0.61865	NA	4380	5166	786	gnl|Bakta|JLHHPP_00440	1	PF08003;PF13489;PF13847;PF08241;PF08242;PF13649	NA	NA
GCA_024412795.1	contig_5	deepBGC		0.64707	NA	16798	23875	7077	gnl|Bakta|JLHHPP_00538;gnl|Bakta|JLHHPP_00539;gnl|Bakta|JLHHPP_00540;gnl|Bakta|JLHHPP_00541;gnl|Bakta|JLHHPP_00544;gnl|Bakta|JLHHPP_00545;gnl|Bakta|JLHHPP_00546	7	PF01135;PF00398;PF13489;PF13847;PF13649;PF03739;PF01416;PF16363;PF01370;PF07993;PF04321;PF02719;PF01073;PF13460;PF08659;PF00106;PF00106;PF08659;PF01370;PF13561;PF08238;PF07719;PF13181;PF00515	NA	NA
GCA_024412795.1	contig_5	deepBGC		0.5329	NA	31746	32574	828	gnl|Bakta|JLHHPP_00555	1	PF01501	NA	NA
GCF_011140735.1	contig_28	deepBGC		0.51392	NA	5170	5836	666	gnl|Bakta|GILDEL_00670	1	PF00484	NA	NA
GCF_011140735.1	contig_3	deepBGC		0.6057	NA	3962	4748	786	gnl|Bakta|GILDEL_00033	1	PF08003;PF13489;PF13847;PF08241;PF08242;PF13649	NA	NA
GCF_011140735.1	contig_45	deepBGC		0.51786	NA	24976	25606	630	gnl|Bakta|GILDEL_01248	1	PF01135;PF13847;PF13649;PF00398;PF13489	NA	NA
GCF_003639965.1	contig_38	deepBGC	Saccharide	0.79854	NA	37608	46667	9059	gnl|Bakta|CGLNML_01572;gnl|Bakta|CGLNML_01573;gnl|Bakta|CGLNML_01574;gnl|Bakta|CGLNML_01575;gnl|Bakta|CGLNML_01576;gnl|Bakta|CGLNML_01577;gnl|Bakta|CGLNML_01578;gnl|Bakta|CGLNML_01579;gnl|Bakta|CGLNML_01580	9	PF02353;PF08003;PF13489;PF13847;PF01209;PF08241;PF08242;PF13649;PF05175;PF12847;PF06325;PF01135;PF13679;PF00133;PF09334;PF01406;PF01588;PF08003;PF13489;PF13649;PF08241;PF08242;PF13847;PF03061;PF13439;PF13579;PF00534;PF13692;PF02784;PF07927;PF15919	NA	NA
GCA_040860985.1	contig_11	deepBGC	Saccharide	0.65318	NA	37755	46359	8604	gnl|Bakta|DJKOPC_01402;gnl|Bakta|DJKOPC_01403;gnl|Bakta|DJKOPC_01404;gnl|Bakta|DJKOPC_01405;gnl|Bakta|DJKOPC_01406;gnl|Bakta|DJKOPC_01407;gnl|Bakta|DJKOPC_01408	7	PF02353;PF08003;PF13489;PF01596;PF13847;PF01209;PF08241;PF08242;PF13649;PF05175;PF12847;PF06325;PF01135;PF13679;PF08123;PF01555;PF00133;PF09334;PF01406;PF01588;PF08003;PF13489;PF13649;PF08241;PF08242;PF03061;PF13439;PF13579;PF00534;PF13692;PF02784	NA	NA
GCA_024412575.1	contig_4	deepBGC		0.69307	NA	37666	46246	8580	gnl|Bakta|LHNJGM_00393;gnl|Bakta|LHNJGM_00394;gnl|Bakta|LHNJGM_00395;gnl|Bakta|LHNJGM_00396;gnl|Bakta|LHNJGM_00397;gnl|Bakta|LHNJGM_00398;gnl|Bakta|LHNJGM_00399	7	PF02353;PF08003;PF13489;PF01596;PF13847;PF01209;PF08241;PF08242;PF13649;PF05175;PF12847;PF06325;PF01135;PF13679;PF08123;PF01555;PF09334;PF00133;PF01406;PF01588;PF08003;PF13489;PF13649;PF08241;PF08242;PF13847;PF03061;PF13439;PF00534;PF13692;PF02784	NA	NA
GCF_015904865.1	contig_14	deepBGC		0.50699	NA	146	1994	1848	gnl|Bakta|EECMON_01008	1	PF02784	NA	NA
GCF_015904865.1	contig_14	deepBGC	Other	0.62354	NA	3627	8707	5080	gnl|Bakta|EECMON_01011;gnl|Bakta|EECMON_01012;gnl|Bakta|EECMON_01013;gnl|Bakta|EECMON_01014	4	PF08003;PF13489;PF13847;PF08241;PF08242;PF13649;PF01588;PF09334;PF01406;PF00133;PF02353;PF08003;PF13489;PF08123;PF06325;PF01209;PF01135;PF05175;PF01596;PF13679;PF12847;PF13847;PF08241;PF08242;PF13649	NA	NA
GCF_014496765.1	contig_19	antiSMASH	Terpene-precursor	NA	No	1	103613	103613	NA;FCLANF_01112;FCLANF_01113;FCLANF_01114;FCLANF_01115;FCLANF_01116;FCLANF_01117;FCLANF_01118;FCLANF_01119;FCLANF_01120;FCLANF_01121;FCLANF_01122;FCLANF_01123;FCLANF_01124;FCLANF_01125;FCLANF_01126;FCLANF_01127;FCLANF_01128;FCLANF_01129;FCLANF_01130;FCLANF_01131;FCLANF_01132;FCLANF_01133;FCLANF_01134;FCLANF_01135;FCLANF_01136;FCLANF_01137;FCLANF_01138;FCLANF_01139;FCLANF_01140;FCLANF_01141;FCLANF_01142;FCLANF_01143;FCLANF_01144;FCLANF_01145;FCLANF_01146;FCLANF_01147;FCLANF_01148;FCLANF_01149;FCLANF_01150;FCLANF_01151;FCLANF_01152;FCLANF_01153;FCLANF_01154;FCLANF_01155;FCLANF_01156;FCLANF_01157;FCLANF_01158;FCLANF_01159;FCLANF_01160;FCLANF_01161;FCLANF_01162;FCLANF_01163;FCLANF_01164;FCLANF_01165;FCLANF_01166;FCLANF_01167;FCLANF_01168;FCLANF_01169;FCLANF_01170;FCLANF_01171;FCLANF_01172;FCLANF_01173;FCLANF_01174;FCLANF_01175;FCLANF_01176;FCLANF_01177;FCLANF_01178;FCLANF_01179;FCLANF_01180;FCLANF_01181;FCLANF_01186;FCLANF_01187;FCLANF_01188;FCLANF_01189;FCLANF_01190;FCLANF_01191;FCLANF_01192;FCLANF_01193;FCLANF_01194;FCLANF_01195;FCLANF_01196;FCLANF_01197;FCLANF_01198;FCLANF_01199;FCLANF_01200;FCLANF_01201;FCLANF_01202;FCLANF_01203;FCLANF_01204;FCLANF_01205;FCLANF_01206	91	QueE;Fer4_12;PTPS;PT_FPPS_like;GTP_cyclohydroI	NA	NA
GCF_015904335.1	contig_10	deepBGC	Saccharide	0.69072	NA	37830	46398	8568	gnl|Bakta|BEFALM_01328;gnl|Bakta|BEFALM_01329;gnl|Bakta|BEFALM_01330;gnl|Bakta|BEFALM_01331;gnl|Bakta|BEFALM_01332;gnl|Bakta|BEFALM_01333;gnl|Bakta|BEFALM_01334	7	PF02353;PF08003;PF13489;PF13847;PF01209;PF08241;PF08242;PF13649;PF05175;PF12847;PF06325;PF01135;PF13679;PF08123;PF01555;PF09334;PF00133;PF01406;PF01588;PF08003;PF13489;PF13649;PF08241;PF08242;PF13847;PF03061;PF13439;PF13579;PF00534;PF13692;PF02784	NA	NA
GCA_024411855.1	contig_3	antiSMASH	Terpene-precursor	NA	No	1	59215	59215	NA;JDJLLN_00186;JDJLLN_00187;JDJLLN_00188;JDJLLN_00189;JDJLLN_00190;JDJLLN_00191;JDJLLN_00192;JDJLLN_00193;JDJLLN_00194;JDJLLN_00195;JDJLLN_00196;JDJLLN_00197;JDJLLN_00198;JDJLLN_00199;JDJLLN_00200;JDJLLN_00201;JDJLLN_00202;JDJLLN_00203;JDJLLN_00204;JDJLLN_00205;JDJLLN_00206;JDJLLN_00207;JDJLLN_00212;JDJLLN_00213;JDJLLN_00214;JDJLLN_00215;JDJLLN_00216;JDJLLN_00217;JDJLLN_00218;JDJLLN_00219;JDJLLN_00220;JDJLLN_00221;JDJLLN_00222;JDJLLN_00223;JDJLLN_00224;JDJLLN_00225;JDJLLN_00226;JDJLLN_00227;JDJLLN_00228;JDJLLN_00229;JDJLLN_00230;JDJLLN_00231;JDJLLN_00232;JDJLLN_00233;JDJLLN_00234;JDJLLN_00235;JDJLLN_00236;JDJLLN_00237;JDJLLN_00238;JDJLLN_00239;JDJLLN_00240;JDJLLN_00241;JDJLLN_00242;JDJLLN_00243;JDJLLN_00244;JDJLLN_00245;JDJLLN_00246;JDJLLN_00247;JDJLLN_00248;JDJLLN_00249	60	GTP_cyclohydroI;PT_FPPS_like;PTPS;QueE;Fer4_12	NA	NA
GCF_037861915.1	contig_12	antiSMASH	Terpene-precursor	NA	No	1	60113	60113	NA;GJPMBP_01043;GJPMBP_01044;GJPMBP_01045;GJPMBP_01046;GJPMBP_01047;GJPMBP_01048;GJPMBP_01049;GJPMBP_01050;GJPMBP_01051;GJPMBP_01052;GJPMBP_01053;GJPMBP_01054;GJPMBP_01055;GJPMBP_01056;GJPMBP_01057;GJPMBP_01058;GJPMBP_01059;GJPMBP_01060;GJPMBP_01061;GJPMBP_01062;GJPMBP_01063;GJPMBP_01064;GJPMBP_01065;GJPMBP_01066;GJPMBP_01067;GJPMBP_01068;GJPMBP_01069;GJPMBP_01070;GJPMBP_01071;GJPMBP_01072;GJPMBP_01073;GJPMBP_01074;GJPMBP_01075;GJPMBP_01076;GJPMBP_01077;GJPMBP_01078;GJPMBP_01079;GJPMBP_01080;GJPMBP_01081;GJPMBP_01082;GJPMBP_01083;GJPMBP_01084;GJPMBP_01085;GJPMBP_01090;GJPMBP_01091;GJPMBP_01092;GJPMBP_01093;GJPMBP_01094;GJPMBP_01095;GJPMBP_01096;GJPMBP_01097;GJPMBP_01098;GJPMBP_01099;GJPMBP_01100;GJPMBP_01101;GJPMBP_01102;GJPMBP_01103;GJPMBP_01104;GJPMBP_01105;GJPMBP_01106;GJPMBP_01107;GJPMBP_01108;GJPMBP_01109;GJPMBP_01110;GJPMBP_01111	65	QueE;Fer4_12;PTPS;PT_FPPS_like;GTP_cyclohydroI	NA	NA
GCF_006337345.1	contig_1	deepBGC		0.5542	NA	1214817	1215615	798	gnl|Bakta|LHMONH_01179	1	PF08003;PF13489;PF13847;PF08241;PF08242;PF13649	NA	NA
GCF_014498205.1	contig_13	antiSMASH	Azole-containing-RiPP	NA	Yes	45782	67937	22156	NA;AJEFLN_01075;AJEFLN_01076;AJEFLN_01077;AJEFLN_01078;AJEFLN_01079;AJEFLN_01080;AJEFLN_01081;AJEFLN_01082;AJEFLN_01083;AJEFLN_01084;AJEFLN_01085;AJEFLN_01086;AJEFLN_01087;AJEFLN_01088;AJEFLN_01089	15	ThiF;YcaO;PF00881	NA	NA
GCF_014498205.1	contig_17	antiSMASH	Terpene-precursor	NA	No	1	73296	73296	NA;AJEFLN_01462;AJEFLN_01463;AJEFLN_01464;AJEFLN_01465;AJEFLN_01466;AJEFLN_01467;AJEFLN_01468;AJEFLN_01469;AJEFLN_01470;AJEFLN_01471;AJEFLN_01472;AJEFLN_01473;AJEFLN_01474;AJEFLN_01475;AJEFLN_01476;AJEFLN_01477;AJEFLN_01478;AJEFLN_01479;AJEFLN_01480;AJEFLN_01481;AJEFLN_01482;AJEFLN_01483;AJEFLN_01484;AJEFLN_01485;AJEFLN_01486;AJEFLN_01487;AJEFLN_01488;AJEFLN_01489;AJEFLN_01490;AJEFLN_01491;AJEFLN_01492;AJEFLN_01493;AJEFLN_01494;AJEFLN_01495;AJEFLN_01496;AJEFLN_01497;AJEFLN_01498;AJEFLN_01499;AJEFLN_01500;AJEFLN_01501;AJEFLN_01502;AJEFLN_01503;AJEFLN_01504;AJEFLN_01505;AJEFLN_01506;AJEFLN_01507;AJEFLN_01508;AJEFLN_01509;AJEFLN_01510;AJEFLN_01511;AJEFLN_01512;AJEFLN_01513;AJEFLN_01514;AJEFLN_01515;AJEFLN_01516;AJEFLN_01517;AJEFLN_01518;AJEFLN_01523;AJEFLN_01524;AJEFLN_01525;AJEFLN_01526;AJEFLN_01527;AJEFLN_01528;AJEFLN_01529;AJEFLN_01530;AJEFLN_01531;AJEFLN_01532;AJEFLN_01533;AJEFLN_01534;AJEFLN_01535;AJEFLN_01536;AJEFLN_01537;AJEFLN_01538;AJEFLN_01539;AJEFLN_01540;AJEFLN_01541;AJEFLN_01542;AJEFLN_01543;AJEFLN_01544	79	Pkinase;QueE;Fer4_12;PTPS;PT_FPPS_like;GTP_cyclohydroI	NA	NA
GCA_040861165.1	contig_6	antiSMASH	Terpene-precursor	NA	No	1	58214	58214	NA;HJJIEC_01293;HJJIEC_01294;HJJIEC_01295;HJJIEC_01296;HJJIEC_01297;HJJIEC_01298;HJJIEC_01299;HJJIEC_01300;HJJIEC_01301;HJJIEC_01302;HJJIEC_01303;HJJIEC_01304;HJJIEC_01305;HJJIEC_01306;HJJIEC_01307;HJJIEC_01308;HJJIEC_01309;HJJIEC_01310;HJJIEC_01311;HJJIEC_01312;HJJIEC_01313;HJJIEC_01314;HJJIEC_01316;HJJIEC_01320;HJJIEC_01321;HJJIEC_01322;HJJIEC_01323;HJJIEC_01324;HJJIEC_01325;HJJIEC_01326;HJJIEC_01327;HJJIEC_01328;HJJIEC_01329;HJJIEC_01330;HJJIEC_01331;HJJIEC_01332;HJJIEC_01333;HJJIEC_01334;HJJIEC_01335;HJJIEC_01336;HJJIEC_01337;HJJIEC_01338;HJJIEC_01339;HJJIEC_01340;HJJIEC_01341;HJJIEC_01342;HJJIEC_01343;HJJIEC_01344;HJJIEC_01345;HJJIEC_01346;HJJIEC_01347;HJJIEC_01348;HJJIEC_01349;HJJIEC_01350;HJJIEC_01351;HJJIEC_01352;HJJIEC_01353;HJJIEC_01354;HJJIEC_01355;HJJIEC_01356	60	GTP_cyclohydroI;PT_FPPS_like;PTPS;QueE;Fer4_12	NA	NA
GCF_003639735.1	contig_23	antiSMASH	Terpene-precursor	NA	No	1	57667	57667	NA;EHHILF_01402;EHHILF_01403;EHHILF_01404;EHHILF_01405;EHHILF_01406;EHHILF_01407;EHHILF_01408;EHHILF_01409;EHHILF_01410;EHHILF_01411;EHHILF_01412;EHHILF_01413;EHHILF_01414;EHHILF_01415;EHHILF_01416;EHHILF_01417;EHHILF_01418;EHHILF_01419;EHHILF_01420;EHHILF_01421;EHHILF_01422;EHHILF_01427;EHHILF_01428;EHHILF_01429;EHHILF_01430;EHHILF_01431;EHHILF_01432;EHHILF_01433;EHHILF_01434;EHHILF_01435;EHHILF_01436;EHHILF_01437;EHHILF_01438;EHHILF_01439;EHHILF_01440;EHHILF_01441;EHHILF_01442;EHHILF_01443;EHHILF_01444;EHHILF_01445;EHHILF_01446;EHHILF_01447;EHHILF_01448;EHHILF_01449;EHHILF_01450;EHHILF_01451;EHHILF_01452;EHHILF_01453;EHHILF_01454;EHHILF_01455;EHHILF_01456;EHHILF_01457;EHHILF_01458;EHHILF_01459	54	GTP_cyclohydroI;PT_FPPS_like;PTPS;QueE;Fer4_12	NA	NA
GCF_011140545.1	contig_17	deepBGC		0.51869	NA	4721	5021	300	gnl|Bakta|NABMFJ_00340	1	PF07883	NA	NA
GCF_011140545.1	contig_54	deepBGC		0.62926	NA	4265	5063	798	gnl|Bakta|NABMFJ_01580	1	PF08003;PF13489;PF13847;PF08241;PF08242;PF13649	NA	NA
GCF_037861975.1	contig_22	deepBGC	RiPP	0.73912	NA	1115	4200	3085	gnl|Bakta|CJKEGM_01480;gnl|Bakta|CJKEGM_01481;gnl|Bakta|CJKEGM_01482	3	PF00881;PF02624;PF08307	NA	NA
GCF_037861975.1	contig_8	deepBGC	Saccharide	0.67227	NA	37625	46652	9027	gnl|Bakta|CJKEGM_01047;gnl|Bakta|CJKEGM_01048;gnl|Bakta|CJKEGM_01049;gnl|Bakta|CJKEGM_01050;gnl|Bakta|CJKEGM_01051;gnl|Bakta|CJKEGM_01052;gnl|Bakta|CJKEGM_01053;gnl|Bakta|CJKEGM_01054;gnl|Bakta|CJKEGM_01055	9	PF02353;PF08003;PF13489;PF01596;PF13847;PF01209;PF08241;PF08242;PF13649;PF05175;PF06325;PF12847;PF01135;PF13679;PF02390;PF08123;PF01555;PF09334;PF00133;PF01406;PF01588;PF08003;PF13489;PF13649;PF08241;PF08242;PF13847;PF03061;PF13439;PF13579;PF00534;PF13692;PF02784;PF07927;PF15919	NA	NA
GCA_040861385.1	contig_8	antiSMASH	Terpene-precursor	NA	No	1	76261	76261	NA;PPGDJJ_01192;PPGDJJ_01193;PPGDJJ_01194;PPGDJJ_01195;PPGDJJ_01196;PPGDJJ_01197;PPGDJJ_01198;PPGDJJ_01199;PPGDJJ_01200;PPGDJJ_01201;PPGDJJ_01202;PPGDJJ_01203;PPGDJJ_01204;PPGDJJ_01206;PPGDJJ_01207;PPGDJJ_01208;PPGDJJ_01209;PPGDJJ_01210;PPGDJJ_01211;PPGDJJ_01212;PPGDJJ_01213;PPGDJJ_01214;PPGDJJ_01215;PPGDJJ_01216;PPGDJJ_01217;PPGDJJ_01218;PPGDJJ_01219;PPGDJJ_01220;PPGDJJ_01221;PPGDJJ_01222;PPGDJJ_01223;PPGDJJ_01224;PPGDJJ_01225;PPGDJJ_01226;PPGDJJ_01227;PPGDJJ_01228;PPGDJJ_01229;PPGDJJ_01230;PPGDJJ_01231;PPGDJJ_01232;PPGDJJ_01233;PPGDJJ_01234;PPGDJJ_01235;PPGDJJ_01236;PPGDJJ_01237;PPGDJJ_01238;PPGDJJ_01239;PPGDJJ_01240;PPGDJJ_01241;PPGDJJ_01242;PPGDJJ_01243;PPGDJJ_01244;PPGDJJ_01245;PPGDJJ_01246;PPGDJJ_01247;PPGDJJ_01248;PPGDJJ_01249;PPGDJJ_01250;PPGDJJ_01251;PPGDJJ_01252;PPGDJJ_01256;PPGDJJ_01258;PPGDJJ_01259;PPGDJJ_01260;PPGDJJ_01261;PPGDJJ_01262;PPGDJJ_01263;PPGDJJ_01264;PPGDJJ_01265;PPGDJJ_01266;PPGDJJ_01267;PPGDJJ_01268;PPGDJJ_01269;PPGDJJ_01270;PPGDJJ_01271;PPGDJJ_01272;PPGDJJ_01273;PPGDJJ_01274;PPGDJJ_01275;PPGDJJ_01276;PPGDJJ_01277;PPGDJJ_01278;PPGDJJ_01279;PPGDJJ_01280	84	QueE;Fer4_12;PTPS;PT_FPPS_like;GTP_cyclohydroI	NA	NA
GCF_014496895.1	contig_2	deepBGC	Saccharide	0.69072	NA	37830	46398	8568	gnl|Bakta|EJJDKC_00319;gnl|Bakta|EJJDKC_00320;gnl|Bakta|EJJDKC_00321;gnl|Bakta|EJJDKC_00322;gnl|Bakta|EJJDKC_00323;gnl|Bakta|EJJDKC_00324;gnl|Bakta|EJJDKC_00325	7	PF02353;PF08003;PF13489;PF13847;PF01209;PF08241;PF08242;PF13649;PF05175;PF12847;PF06325;PF01135;PF13679;PF08123;PF01555;PF09334;PF00133;PF01406;PF01588;PF08003;PF13489;PF13649;PF08241;PF08242;PF13847;PF03061;PF13439;PF13579;PF00534;PF13692;PF02784	NA	NA
GCF_003640095.1	contig_22	deepBGC	Other	0.73645	NA	38025	43113	5088	gnl|Bakta|BGBFOE_01509;gnl|Bakta|BGBFOE_01510;gnl|Bakta|BGBFOE_01511;gnl|Bakta|BGBFOE_01512	4	PF02353;PF08003;PF13489;PF01596;PF13847;PF01209;PF08241;PF08242;PF13649;PF05175;PF12847;PF06325;PF01135;PF13679;PF08123;PF01555;PF00133;PF09334;PF01406;PF01588;PF08003;PF13489;PF13649;PF08241;PF08242;PF13847	NA	NA
GCF_014498855.1	contig_10	antiSMASH	Terpene-precursor	NA	No	1	8234	8234	NA;MCFADH_00473;MCFADH_00474;MCFADH_00475;MCFADH_00476;MCFADH_00477;MCFADH_00478;MCFADH_00479;MCFADH_00480;MCFADH_00481;MCFADH_00482;MCFADH_00483;MCFADH_00484	12	QueE;Fer4_12;PTPS;PT_FPPS_like;GTP_cyclohydroI	NA	NA
GCA_024406535.1	contig_21	deepBGC		0.52015	NA	94169	94469	300	gnl|Bakta|GCAAGH_01546	1	PF07883	NA	NA
GCA_024406535.1	contig_22	deepBGC	Other	0.75041	NA	37858	42949	5091	gnl|Bakta|GCAAGH_01592;gnl|Bakta|GCAAGH_01593;gnl|Bakta|GCAAGH_01594;gnl|Bakta|GCAAGH_01595	4	PF02353;PF08003;PF13489;PF01596;PF13847;PF01209;PF08241;PF08242;PF13649;PF05175;PF12847;PF06325;PF01135;PF13679;PF08123;PF01555;PF09334;PF00133;PF01406;PF01588;PF08003;PF13489;PF13649;PF08241;PF08242;PF13847	NA	NA
GCF_011175375.1	contig_2	deepBGC		0.75477	NA	37439	46005	8566	gnl|Bakta|EKPGAP_00519;gnl|Bakta|EKPGAP_00520;gnl|Bakta|EKPGAP_00521;gnl|Bakta|EKPGAP_00522;gnl|Bakta|EKPGAP_00523;gnl|Bakta|EKPGAP_00524;gnl|Bakta|EKPGAP_00525	7	PF02353;PF08003;PF13489;PF13847;PF01209;PF08241;PF08242;PF13649;PF05175;PF12847;PF06325;PF01135;PF13679;PF08123;PF01555;PF00133;PF09334;PF01406;PF01588;PF08003;PF13489;PF13649;PF08241;PF08242;PF13847;PF03061;PF13439;PF00534;PF13692;PF02784	NA	NA
GCF_040821835.1	contig_19	deepBGC		0.51448	NA	23175	24168	993	gnl|Bakta|CAKABM_00824	1	PF00108;PF00195;PF07451;PF08545;PF08541	NA	NA
GCF_040821835.1	contig_36	deepBGC		0.5428	NA	191	1778	1587	gnl|Bakta|CAKABM_01174	1	PF02521	NA	NA
GCF_040821835.1	contig_4	deepBGC		0.51811	NA	12611	13822	1211	gnl|Bakta|CAKABM_00152;gnl|Bakta|CAKABM_00153;gnl|Bakta|CAKABM_00154	3	PF10501;PF00550;PF14573;PF16320;PF13561;PF00106;PF08659	NA	NA
GCF_040821835.1	contig_41	deepBGC		0.65407	NA	37948	47010	9062	gnl|Bakta|CAKABM_01425;gnl|Bakta|CAKABM_01426;gnl|Bakta|CAKABM_01427;gnl|Bakta|CAKABM_01428;gnl|Bakta|CAKABM_01429;gnl|Bakta|CAKABM_01430;gnl|Bakta|CAKABM_01431;gnl|Bakta|CAKABM_01432;gnl|Bakta|CAKABM_01433	9	PF02353;PF08003;PF13489;PF13847;PF01209;PF08241;PF08242;PF13649;PF05175;PF12847;PF06325;PF01135;PF13679;PF08123;PF01555;PF00133;PF09334;PF01406;PF01588;PF08003;PF13489;PF13649;PF08241;PF08242;PF13847;PF03061;PF13439;PF00534;PF13692;PF02784;PF07927;PF15919	NA	NA
GCA_040862245.1	contig_7	antiSMASH	Terpene-precursor	NA	No	1	57814	57814	NA;HDIBEF_01328;HDIBEF_01329;HDIBEF_01330;HDIBEF_01331;HDIBEF_01332;HDIBEF_01333;HDIBEF_01334;HDIBEF_01335;HDIBEF_01336;HDIBEF_01337;HDIBEF_01338;HDIBEF_01339;HDIBEF_01340;HDIBEF_01341;HDIBEF_01342;HDIBEF_01343;HDIBEF_01344;HDIBEF_01345;HDIBEF_01346;HDIBEF_01347;HDIBEF_01348;HDIBEF_01349;HDIBEF_01350;HDIBEF_01351;HDIBEF_01352;HDIBEF_01353;HDIBEF_01354;HDIBEF_01355;HDIBEF_01356;HDIBEF_01357;HDIBEF_01358;HDIBEF_01359;HDIBEF_01360;HDIBEF_01361;HDIBEF_01362;HDIBEF_01363;HDIBEF_01368;HDIBEF_01369;HDIBEF_01370;HDIBEF_01371;HDIBEF_01372;HDIBEF_01373;HDIBEF_01374;HDIBEF_01375;HDIBEF_01376;HDIBEF_01377;HDIBEF_01378;HDIBEF_01379;HDIBEF_01380;HDIBEF_01381;HDIBEF_01382;HDIBEF_01383;HDIBEF_01384;HDIBEF_01385;HDIBEF_01386;HDIBEF_01387;HDIBEF_01388;HDIBEF_01389	58	QueE;Fer4_12;PTPS;PT_FPPS_like;GTP_cyclohydroI	NA	NA
GCF_011175235.1	contig_12	deepBGC		0.52079	NA	160521	161732	1211	gnl|Bakta|FFPDKJ_00833;gnl|Bakta|FFPDKJ_00834;gnl|Bakta|FFPDKJ_00835	3	PF10501;PF00550;PF14573;PF16320;PF13561;PF00106;PF08659	NA	NA
GCF_011175235.1	contig_15	deepBGC		0.6725	NA	37926	41217	3291	gnl|Bakta|FFPDKJ_01252;gnl|Bakta|FFPDKJ_01253	2	PF02353;PF08003;PF13489;PF01596;PF13847;PF01209;PF08241;PF08242;PF13649;PF05175;PF12847;PF06325;PF01135;PF13679;PF02390;PF08123;PF01555;PF09334;PF00133;PF01406;PF01588	NA	NA
GCA_024407615.1	contig_15	antiSMASH	Terpene-precursor	NA	No	1	7961	7961	NA;FCMKEA_00856;FCMKEA_00857;FCMKEA_00858;FCMKEA_00859;FCMKEA_00860;FCMKEA_00861;FCMKEA_00862;FCMKEA_00863;FCMKEA_00864;FCMKEA_00865;FCMKEA_00866	11	GTP_cyclohydroI;PT_FPPS_like;PTPS;QueE;Fer4_12	NA	NA
GCA_024411895.1	contig_13	antiSMASH	Terpene-precursor	NA	No	1	59291	59291	NA;CFOIFL_01265;CFOIFL_01266;CFOIFL_01267;CFOIFL_01268;CFOIFL_01269;CFOIFL_01270;CFOIFL_01271;CFOIFL_01272;CFOIFL_01273;CFOIFL_01274;CFOIFL_01275;CFOIFL_01276;CFOIFL_01277;CFOIFL_01278;CFOIFL_01279;CFOIFL_01280;CFOIFL_01281;CFOIFL_01282;CFOIFL_01283;CFOIFL_01284;CFOIFL_01285;CFOIFL_01286;CFOIFL_01287;CFOIFL_01288;CFOIFL_01289;CFOIFL_01290;CFOIFL_01291;CFOIFL_01292;CFOIFL_01293;CFOIFL_01294;CFOIFL_01295;CFOIFL_01296;CFOIFL_01297;CFOIFL_01298;CFOIFL_01299;CFOIFL_01300;CFOIFL_01301;CFOIFL_01302;CFOIFL_01307;CFOIFL_01308;CFOIFL_01309;CFOIFL_01310;CFOIFL_01311;CFOIFL_01312;CFOIFL_01313;CFOIFL_01314;CFOIFL_01315;CFOIFL_01316;CFOIFL_01317;CFOIFL_01318;CFOIFL_01319;CFOIFL_01320;CFOIFL_01321;CFOIFL_01322;CFOIFL_01323;CFOIFL_01324;CFOIFL_01325;CFOIFL_01326;CFOIFL_01327;CFOIFL_01328	60	QueE;Fer4_12;PTPS;PT_FPPS_like;GTP_cyclohydroI	NA	NA
GCF_014497335.1	contig_2	deepBGC	Saccharide	0.66317	NA	37780	46349	8569	gnl|Bakta|AGPPHB_00363;gnl|Bakta|AGPPHB_00364;gnl|Bakta|AGPPHB_00365;gnl|Bakta|AGPPHB_00366;gnl|Bakta|AGPPHB_00367;gnl|Bakta|AGPPHB_00368;gnl|Bakta|AGPPHB_00369	7	PF02353;PF08003;PF13489;PF01596;PF13847;PF01209;PF08241;PF08242;PF13649;PF05175;PF12847;PF06325;PF01135;PF13679;PF08123;PF01555;PF00133;PF09334;PF01406;PF01588;PF08003;PF13489;PF13649;PF08241;PF08242;PF13847;PF03061;PF13439;PF13579;PF00534;PF13692;PF02784	NA	NA
GCF_014498275.1	contig_16	deepBGC		0.54805	NA	7755	8541	786	gnl|Bakta|GMIJKD_01480	1	PF08003;PF13489;PF13847;PF08241;PF08242;PF13649	NA	NA
GCA_024413715.1	contig_111	deepBGC		0.50048	NA	760	2038	1278	gnl|Bakta|AKKCMB_01226	1	PF04127;PF02441	NA	NA
GCA_024413715.1	contig_125	deepBGC	Polyketide	0.51163	NA	258	1434	1176	gnl|Bakta|AKKCMB_01398	1	PF07690;PF06779;PF00083	NA	NA
GCA_024413715.1	contig_130	deepBGC		0.53797	NA	107	1060	953	gnl|Bakta|AKKCMB_01444;gnl|Bakta|AKKCMB_01445	2	PF00215;PF00484	NA	NA
GCA_024413715.1	contig_14	deepBGC		0.50746	NA	12984	13230	246	gnl|Bakta|AKKCMB_00142	1	PF16777	NA	NA
GCA_024413715.1	contig_14	deepBGC	Polyketide	0.6049	NA	15006	17557	2551	gnl|Bakta|AKKCMB_00145;gnl|Bakta|AKKCMB_00146;gnl|Bakta|AKKCMB_00147;gnl|Bakta|AKKCMB_00148	4	PF00106;PF08659;PF13561;PF00550;PF14573;PF16320;PF10501;PF00109;PF02801	NA	NA
GCA_024413715.1	contig_37	deepBGC	NRP	0.78403	NA	176	7623	7447	gnl|Bakta|AKKCMB_00336;gnl|Bakta|AKKCMB_00337;gnl|Bakta|AKKCMB_00338;gnl|Bakta|AKKCMB_00339;gnl|Bakta|AKKCMB_00340;gnl|Bakta|AKKCMB_00341;gnl|Bakta|AKKCMB_00342	7	PF01016;PF00829;PF00669;PF00795;PF01063;PF00425;PF09924;PF01817	NA	NA
GCA_024413715.1	contig_52	deepBGC		0.76267	NA	610	6317	5707	gnl|Bakta|AKKCMB_00446;gnl|Bakta|AKKCMB_00447;gnl|Bakta|AKKCMB_00448;gnl|Bakta|AKKCMB_00449;gnl|Bakta|AKKCMB_00450	5	PF00586;PF02769;PF16363;PF01370;PF04321;PF16363;PF01370;PF04321;PF02719;PF01050;PF07883;PF00483;PF03743	NA	NA
GCA_024413715.1	contig_75	deepBGC	Polyketide	0.75025	NA	264	8437	8173	gnl|Bakta|AKKCMB_00691;gnl|Bakta|AKKCMB_00692;gnl|Bakta|AKKCMB_00693;gnl|Bakta|AKKCMB_00694;gnl|Bakta|AKKCMB_00695;gnl|Bakta|AKKCMB_00698;gnl|Bakta|AKKCMB_00699	7	PF00920;PF01081;PF07719;PF08238;PF13561;PF00106;PF08659;PF01370;PF04321;PF16363;PF01370;PF02719;PF08659;PF00106;PF01073;PF07993;PF01416	NA	NA
GCA_024413715.1	contig_75	deepBGC		0.77473	NA	9485	12600	3115	gnl|Bakta|AKKCMB_00701;gnl|Bakta|AKKCMB_00702;gnl|Bakta|AKKCMB_00704	3	PF01135;PF13847;PF13649;PF00398;PF00268;PF01041;PF00266	NA	NA
GCA_024413715.1	contig_77	deepBGC	Saccharide	0.74584	NA	33369	41936	8567	gnl|Bakta|AKKCMB_00746;gnl|Bakta|AKKCMB_00747;gnl|Bakta|AKKCMB_00748;gnl|Bakta|AKKCMB_00749;gnl|Bakta|AKKCMB_00750;gnl|Bakta|AKKCMB_00751;gnl|Bakta|AKKCMB_00752	7	PF02353;PF08003;PF13489;PF01596;PF13847;PF01209;PF08241;PF08242;PF13649;PF05175;PF12847;PF06325;PF01135;PF13679;PF08123;PF01555;PF00133;PF09334;PF01406;PF01588;PF08003;PF13489;PF13649;PF08241;PF08242;PF13847;PF03061;PF13439;PF13579;PF00534;PF13692;PF02784	NA	NA
GCA_024413715.1	contig_88	deepBGC		0.51936	NA	1318	1513	195	gnl|Bakta|AKKCMB_00896	1	PF13519	NA	NA
GCF_014496145.1	contig_14	antiSMASH	Terpene-precursor	NA	No	1	8211	8211	NA;DNIPOK_00777;DNIPOK_00778;DNIPOK_00779;DNIPOK_00780;DNIPOK_00781;DNIPOK_00782;DNIPOK_00783;DNIPOK_00784;DNIPOK_00785;DNIPOK_00786;DNIPOK_00787;DNIPOK_00788	12	GTP_cyclohydroI;PT_FPPS_like;PTPS;QueE;Fer4_12	NA	NA
GCF_008032975.1	contig_1	antiSMASH	Terpene-precursor	NA	Yes	1534891	1555802	20912	BNGCED_01499;BNGCED_01500;BNGCED_01501;BNGCED_01502;BNGCED_01503;BNGCED_01504;BNGCED_01505;BNGCED_01506;BNGCED_01507;BNGCED_01508;BNGCED_01509;BNGCED_01510;BNGCED_01511;BNGCED_01512;BNGCED_01513;BNGCED_01514;BNGCED_01515;BNGCED_01517;BNGCED_01518	19	QueE;Fer4_12;PTPS;PT_FPPS_like;GTP_cyclohydroI	NA	NA
GCF_015904205.1	contig_10	deepBGC		0.53339	NA	32665	32965	300	gnl|Bakta|DOICPJ_01413	1	PF07883	NA	NA
GCF_015904205.1	contig_6	deepBGC	Saccharide	0.71608	NA	79717	88763	9046	gnl|Bakta|DOICPJ_01182;gnl|Bakta|DOICPJ_01183;gnl|Bakta|DOICPJ_01184;gnl|Bakta|DOICPJ_01185;gnl|Bakta|DOICPJ_01186;gnl|Bakta|DOICPJ_01187;gnl|Bakta|DOICPJ_01188;gnl|Bakta|DOICPJ_01189;gnl|Bakta|DOICPJ_01190	9	PF02353;PF08003;PF13489;PF13847;PF01209;PF08241;PF08242;PF13649;PF05175;PF12847;PF06325;PF01135;PF13679;PF08123;PF01555;PF09334;PF00133;PF01406;PF01588;PF08003;PF13489;PF13649;PF08241;PF08242;PF13847;PF03061;PF13439;PF13579;PF00534;PF13692;PF02784;PF07927;PF15919	NA	NA
GCF_001998045.1	contig_10	deepBGC		0.64083	NA	11138	11672	534	gnl|Bakta|MKIPJL_00676	1	PF05050	NA	NA
GCF_001998045.1	contig_10	deepBGC		0.67121	NA	16534	26656	10122	gnl|Bakta|MKIPJL_00683;gnl|Bakta|MKIPJL_00684;gnl|Bakta|MKIPJL_00685;gnl|Bakta|MKIPJL_00686;gnl|Bakta|MKIPJL_00689;gnl|Bakta|MKIPJL_00690;gnl|Bakta|MKIPJL_00691;gnl|Bakta|MKIPJL_00692;gnl|Bakta|MKIPJL_00693	9	PF01135;PF00398;PF13847;PF13649;PF03739;PF01416;PF16363;PF01370;PF07993;PF04321;PF02719;PF01073;PF13460;PF08659;PF00106;PF00106;PF08659;PF01370;PF13561;PF08238;PF07719;PF01081;PF00920	NA	NA
GCF_001998045.1	contig_10	deepBGC	NRP	0.60947	NA	29858	31636	1778	gnl|Bakta|MKIPJL_00697;gnl|Bakta|MKIPJL_00698	2	PF08240;PF02826;PF01262;PF03446;PF00107;PF01501	NA	NA
GCF_001998045.1	contig_27	deepBGC		0.75851	NA	38046	46631	8585	gnl|Bakta|MKIPJL_01606;gnl|Bakta|MKIPJL_01607;gnl|Bakta|MKIPJL_01608;gnl|Bakta|MKIPJL_01609;gnl|Bakta|MKIPJL_01610;gnl|Bakta|MKIPJL_01611;gnl|Bakta|MKIPJL_01612	7	PF02353;PF08003;PF13489;PF13847;PF01209;PF08241;PF08242;PF13649;PF05175;PF12847;PF06325;PF01135;PF13679;PF08123;PF01555;PF09334;PF00133;PF01406;PF01588;PF08003;PF13489;PF13649;PF08241;PF08242;PF13847;PF03061;PF13439;PF00534;PF13692;PF02784	NA	NA
GCF_001998045.1	contig_6	deepBGC		0.78411	NA	16770	22251	5481	gnl|Bakta|MKIPJL_00333;gnl|Bakta|MKIPJL_00334;gnl|Bakta|MKIPJL_00335;gnl|Bakta|MKIPJL_00336;gnl|Bakta|MKIPJL_00337;gnl|Bakta|MKIPJL_00338;gnl|Bakta|MKIPJL_00339;gnl|Bakta|MKIPJL_00340;gnl|Bakta|MKIPJL_00341	9	PF02668;PF02668;PF07173;PF02130;PF00258;PF12641;PF12724;PF09335;PF03597;PF07992;PF12831;PF03486;PF00890;PF01494;PF13738;PF13450;PF13434;PF00070;PF07690;PF13347	NA	NA
GCA_024406555.1	contig_18	antiSMASH	Terpene-precursor	NA	No	1	73249	73249	NA;OEKKOG_01424;OEKKOG_01425;OEKKOG_01426;OEKKOG_01427;OEKKOG_01428;OEKKOG_01429;OEKKOG_01430;OEKKOG_01431;OEKKOG_01432;OEKKOG_01433;OEKKOG_01434;OEKKOG_01435;OEKKOG_01436;OEKKOG_01437;OEKKOG_01438;OEKKOG_01439;OEKKOG_01440;OEKKOG_01441;OEKKOG_01442;OEKKOG_01443;OEKKOG_01444;OEKKOG_01445;OEKKOG_01446;OEKKOG_01447;OEKKOG_01448;OEKKOG_01449;OEKKOG_01450;OEKKOG_01451;OEKKOG_01452;OEKKOG_01453;OEKKOG_01454;OEKKOG_01455;OEKKOG_01456;OEKKOG_01457;OEKKOG_01458;OEKKOG_01459;OEKKOG_01460;OEKKOG_01461;OEKKOG_01462;OEKKOG_01463;OEKKOG_01464;OEKKOG_01465;OEKKOG_01466;OEKKOG_01467;OEKKOG_01468;OEKKOG_01469;OEKKOG_01470;OEKKOG_01471;OEKKOG_01472;OEKKOG_01473;OEKKOG_01474;OEKKOG_01475;OEKKOG_01476;OEKKOG_01477;OEKKOG_01478;OEKKOG_01483;OEKKOG_01484;OEKKOG_01485;OEKKOG_01486;OEKKOG_01487;OEKKOG_01488;OEKKOG_01489;OEKKOG_01490;OEKKOG_01491;OEKKOG_01492;OEKKOG_01493;OEKKOG_01494;OEKKOG_01495;OEKKOG_01496;OEKKOG_01497;OEKKOG_01498;OEKKOG_01499;OEKKOG_01500;OEKKOG_01501	74	Pkinase;QueE;Fer4_12;PTPS;PT_FPPS_like;GTP_cyclohydroI	NA	NA
GCF_015904575.1	contig_20	antiSMASH	Terpene-precursor	NA	No	1	25830	25830	NA;IIENEC_01498;IIENEC_01499;IIENEC_01500;IIENEC_01501;IIENEC_01502;IIENEC_01503;IIENEC_01504;IIENEC_01505;IIENEC_01506;IIENEC_01507;IIENEC_01512;IIENEC_01513;IIENEC_01514;IIENEC_01515;IIENEC_01516;IIENEC_01517;IIENEC_01518;IIENEC_01519;IIENEC_01520;IIENEC_01521;IIENEC_01522;IIENEC_01523;IIENEC_01524;IIENEC_01525;IIENEC_01526;IIENEC_01527;IIENEC_01528;IIENEC_01529;IIENEC_01530;IIENEC_01531;IIENEC_01532;IIENEC_01533	32	PF00881;QueE;Fer4_12;PTPS;PT_FPPS_like;GTP_cyclohydroI	NA	NA
GCF_014497305.1	contig_14	deepBGC		0.56064	NA	9722	10508	786	gnl|Bakta|KLHBON_01443	1	PF08003;PF13489;PF13847;PF08241;PF08242;PF13649	NA	NA
GCF_003639285.1	contig_32	deepBGC	Other	0.65552	NA	37668	42759	5091	gnl|Bakta|NDCABP_01535;gnl|Bakta|NDCABP_01536;gnl|Bakta|NDCABP_01537;gnl|Bakta|NDCABP_01538	4	PF02353;PF08003;PF13489;PF01596;PF13847;PF01209;PF08241;PF08242;PF13649;PF05175;PF12847;PF06325;PF01135;PF13679;PF08123;PF01555;PF00133;PF09334;PF01406;PF01588;PF08003;PF13489;PF13649;PF08241;PF08242;PF13847	NA	NA
GCA_040861045.1	contig_10	deepBGC		0.53143	NA	11214	11748	534	gnl|Bakta|LBGDOG_01152	1	PF05050	NA	NA
GCA_040861045.1	contig_10	deepBGC	Polyketide	0.60262	NA	16617	22886	6269	gnl|Bakta|LBGDOG_01159;gnl|Bakta|LBGDOG_01160;gnl|Bakta|LBGDOG_01161;gnl|Bakta|LBGDOG_01162;gnl|Bakta|LBGDOG_01165;gnl|Bakta|LBGDOG_01166	6	PF01135;PF00398;PF13489;PF13847;PF13649;PF03739;PF01416;PF16363;PF01370;PF07993;PF04321;PF02719;PF01073;PF08659;PF00106;PF08659;PF01370;PF13561	NA	NA
GCA_040861045.1	contig_21	deepBGC		0.52137	NA	241	1699	1458	gnl|Bakta|LBGDOG_01573	1	PF01075	NA	NA
GCA_040861125.1	contig_11	deepBGC		0.53943	NA	16828	17458	630	gnl|Bakta|DDNIPK_01375	1	PF01135;PF00398;PF13489;PF13847;PF13649	NA	NA
GCA_040861125.1	contig_11	deepBGC	Polyketide	0.54339	NA	22347	23100	753	gnl|Bakta|DDNIPK_01382	1	PF00106;PF01370;PF08659;PF13561	NA	NA
GCA_040861125.1	contig_12	deepBGC		0.50379	NA	33069	33369	300	gnl|Bakta|DDNIPK_01425	1	PF07883	NA	NA
GCA_040861125.1	contig_8	deepBGC		0.50085	NA	9567	10353	786	gnl|Bakta|DDNIPK_01203	1	PF08003;PF13489;PF13847;PF08241;PF08242;PF13649	NA	NA
GCF_011141115.1	contig_17	antiSMASH	Terpene-precursor	NA	No	1	11247	11247	NA;NGMANL_01194;NGMANL_01195;NGMANL_01196;NGMANL_01197;NGMANL_01198;NGMANL_01199;NGMANL_01200;NGMANL_01201;NGMANL_01202;NGMANL_01203;NGMANL_01204;NGMANL_01205;NGMANL_01206	13	QueE;Fer4_12;PTPS;PT_FPPS_like;GTP_cyclohydroI	NA	NA
GCF_015904375.1	contig_8	antiSMASH	Terpene-precursor	NA	No	1	70273	70273	NA;FAKKCG_01216;FAKKCG_01217;FAKKCG_01218;FAKKCG_01219;FAKKCG_01220;FAKKCG_01221;FAKKCG_01222;FAKKCG_01223;FAKKCG_01224;FAKKCG_01225;FAKKCG_01226;FAKKCG_01227;FAKKCG_01228;FAKKCG_01229;FAKKCG_01230;FAKKCG_01231;FAKKCG_01232;FAKKCG_01233;FAKKCG_01234;FAKKCG_01235;FAKKCG_01236;FAKKCG_01237;FAKKCG_01242;FAKKCG_01243;FAKKCG_01244;FAKKCG_01245;FAKKCG_01246;FAKKCG_01247;FAKKCG_01248;FAKKCG_01249;FAKKCG_01250;FAKKCG_01251;FAKKCG_01252;FAKKCG_01253;FAKKCG_01254;FAKKCG_01255;FAKKCG_01256;FAKKCG_01257;FAKKCG_01258;FAKKCG_01259;FAKKCG_01260;FAKKCG_01261;FAKKCG_01262;FAKKCG_01263;FAKKCG_01264;FAKKCG_01265;FAKKCG_01266;FAKKCG_01267;FAKKCG_01268;FAKKCG_01269;FAKKCG_01270;FAKKCG_01271;FAKKCG_01272;FAKKCG_01273;FAKKCG_01274;FAKKCG_01275;FAKKCG_01276;FAKKCG_01277;FAKKCG_01278;FAKKCG_01279;FAKKCG_01280;FAKKCG_01281;FAKKCG_01282;FAKKCG_01283;FAKKCG_01284;FAKKCG_01285;FAKKCG_01286;FAKKCG_01287;FAKKCG_01288;FAKKCG_01289;FAKKCG_01290;FAKKCG_01291	72	GTP_cyclohydroI;PT_FPPS_like;PTPS;QueE;Fer4_12	NA	NA
GCF_037862155.1	contig_11	antiSMASH	Terpene-precursor	NA	No	1	26580	26580	NA;DPOKNB_00474;DPOKNB_00475;DPOKNB_00476;DPOKNB_00477;DPOKNB_00478;DPOKNB_00479;DPOKNB_00480;DPOKNB_00481;DPOKNB_00482;DPOKNB_00483;DPOKNB_00484;DPOKNB_00485;DPOKNB_00486;DPOKNB_00487;DPOKNB_00488;DPOKNB_00489;DPOKNB_00490;DPOKNB_00491;DPOKNB_00492;DPOKNB_00493;DPOKNB_00494;DPOKNB_00495;DPOKNB_00496;DPOKNB_00497;DPOKNB_00498;DPOKNB_00499;DPOKNB_00500;DPOKNB_00501;DPOKNB_00502	29	QueE;Fer4_12;PTPS;PT_FPPS_like;GTP_cyclohydroI	NA	NA
GCF_014498785.1	contig_4	antiSMASH	Terpene-precursor	NA	No	1	8227	8227	NA;DOKFFG_00609;DOKFFG_00610;DOKFFG_00611;DOKFFG_00612;DOKFFG_00613;DOKFFG_00614;DOKFFG_00615;DOKFFG_00616;DOKFFG_00617;DOKFFG_00618;DOKFFG_00619;DOKFFG_00620	12	GTP_cyclohydroI;PT_FPPS_like;PTPS;QueE;Fer4_12	NA	NA
GCA_024407375.1	contig_28	antiSMASH	Terpene-precursor	NA	No	1	62285	62285	NA;NOKJOP_01380;NOKJOP_01381;NOKJOP_01382;NOKJOP_01383;NOKJOP_01384;NOKJOP_01385;NOKJOP_01386;NOKJOP_01387;NOKJOP_01388;NOKJOP_01389;NOKJOP_01390;NOKJOP_01391;NOKJOP_01392;NOKJOP_01393;NOKJOP_01394;NOKJOP_01395;NOKJOP_01396;NOKJOP_01397;NOKJOP_01398;NOKJOP_01399;NOKJOP_01404;NOKJOP_01405;NOKJOP_01406;NOKJOP_01407;NOKJOP_01408;NOKJOP_01409;NOKJOP_01410;NOKJOP_01411;NOKJOP_01412;NOKJOP_01413;NOKJOP_01414;NOKJOP_01415;NOKJOP_01416;NOKJOP_01417;NOKJOP_01418;NOKJOP_01419;NOKJOP_01420;NOKJOP_01421;NOKJOP_01422;NOKJOP_01423;NOKJOP_01424;NOKJOP_01425;NOKJOP_01426;NOKJOP_01427;NOKJOP_01428;NOKJOP_01429;NOKJOP_01430;NOKJOP_01431;NOKJOP_01432;NOKJOP_01433;NOKJOP_01434;NOKJOP_01435;NOKJOP_01436;NOKJOP_01437;NOKJOP_01438;NOKJOP_01439;NOKJOP_01440;NOKJOP_01441;NOKJOP_01442;NOKJOP_01443;NOKJOP_01444;NOKJOP_01445	62	GTP_cyclohydroI;PT_FPPS_like;PTPS;QueE;Fer4_12	NA	NA
GCF_011174935.1	contig_20	deepBGC	Polyketide	0.53764	NA	64	673	609	gnl|Bakta|LLCFHG_00822	1	PF00108;PF00109	NA	NA
GCF_011174935.1	contig_53	deepBGC		0.67232	NA	0	3888	3888	gnl|Bakta|LLCFHG_01410;gnl|Bakta|LLCFHG_01411;gnl|Bakta|LLCFHG_01412;gnl|Bakta|LLCFHG_01413;gnl|Bakta|LLCFHG_01414	5	PF06463;PF04306;PF03692;PF00448	NA	NA
GCF_011174935.1	contig_9	deepBGC		0.50357	NA	855	2703	1848	gnl|Bakta|LLCFHG_00463	1	PF02784	NA	NA
GCF_011174935.1	contig_9	deepBGC	Other	0.6132	NA	4333	9451	5118	gnl|Bakta|LLCFHG_00466;gnl|Bakta|LLCFHG_00467;gnl|Bakta|LLCFHG_00468;gnl|Bakta|LLCFHG_00469	4	PF08003;PF13489;PF13847;PF08241;PF08242;PF13649;PF01588;PF09334;PF01406;PF00133;PF02353;PF08003;PF13489;PF08123;PF01209;PF06325;PF01135;PF05175;PF01596;PF13679;PF12847;PF13847;PF08241;PF08242;PF13649	NA	NA
GCF_006338045.1	contig_1	deepBGC		0.51837	NA	1316985	1317519	534	gnl|Bakta|IBJJBG_01245	1	PF05050	NA	NA
GCF_006338045.1	contig_1	deepBGC		0.60906	NA	1322377	1329766	7389	gnl|Bakta|IBJJBG_01253;gnl|Bakta|IBJJBG_01254;gnl|Bakta|IBJJBG_01255;gnl|Bakta|IBJJBG_01256;gnl|Bakta|IBJJBG_01259;gnl|Bakta|IBJJBG_01260;gnl|Bakta|IBJJBG_01261	7	PF01135;PF00398;PF13847;PF13649;PF03739;PF01416;PF16363;PF01370;PF07993;PF04321;PF02719;PF01073;PF13460;PF08659;PF00106;PF01370;PF08659;PF13561;PF08238;PF07719	NA	NA
GCF_006338045.1	contig_1	deepBGC		0.51941	NA	1398832	1400061	1229	gnl|Bakta|IBJJBG_01326;gnl|Bakta|IBJJBG_01327	2	PF02668;PF07173	NA	NA
GCF_006338045.1	contig_1	deepBGC		0.57733	NA	1400637	1401132	495	gnl|Bakta|IBJJBG_01329	1	PF00258;PF12641;PF12724	NA	NA
GCF_003639495.1	contig_20	antiSMASH	Terpene-precursor	NA	No	1	19488	19488	NA;OFIFLI_00579;OFIFLI_00580;OFIFLI_00581;OFIFLI_00582;OFIFLI_00583;OFIFLI_00584;OFIFLI_00585;OFIFLI_00586;OFIFLI_00587;OFIFLI_00588;OFIFLI_00589;OFIFLI_00590;OFIFLI_00591;OFIFLI_00592;OFIFLI_00593;OFIFLI_00594;OFIFLI_00595	17	GTP_cyclohydroI;PT_FPPS_like;PTPS;QueE;Fer4_12	NA	NA
GCF_001997995.1	contig_30	deepBGC	Other	0.61874	NA	4219	9304	5085	gnl|Bakta|JOMCDG_01523;gnl|Bakta|JOMCDG_01524;gnl|Bakta|JOMCDG_01525;gnl|Bakta|JOMCDG_01526	4	PF08003;PF13489;PF13847;PF08241;PF08242;PF13649;PF01588;PF09334;PF01406;PF00133;PF02353;PF08003;PF13489;PF08123;PF06325;PF01209;PF01135;PF05175;PF01596;PF13679;PF12847;PF13847;PF08241;PF08242;PF13649	NA	NA
GCF_001997995.1	contig_6	deepBGC	NRP	0.55346	NA	0	2964	2964	gnl|Bakta|JOMCDG_00500;gnl|Bakta|JOMCDG_00501;gnl|Bakta|JOMCDG_00502	3	PF01501;PF00107;PF03446;PF02826;PF01262;PF08240;PF02685	NA	NA
GCF_001997995.1	contig_6	deepBGC	Polyketide	0.52898	NA	3644	9369	5725	gnl|Bakta|JOMCDG_00504;gnl|Bakta|JOMCDG_00505;gnl|Bakta|JOMCDG_00506;gnl|Bakta|JOMCDG_00507;gnl|Bakta|JOMCDG_00508	5	PF02781;PF00479;PF00920;PF01081;PF07719;PF08238;PF13561;PF00106;PF01370;PF08659	NA	NA
GCF_001997995.1	contig_6	deepBGC		0.58511	NA	14463	17656	3193	gnl|Bakta|JOMCDG_00515;gnl|Bakta|JOMCDG_00516;gnl|Bakta|JOMCDG_00518	3	PF01135;PF13847;PF13649;PF00398;PF00268;PF01041;PF00266	NA	NA
GCF_001997995.1	contig_6	deepBGC		0.59939	NA	20023	20557	534	gnl|Bakta|JOMCDG_00523	1	PF05050	NA	NA
GCA_040861895.1	contig_23	antiSMASH	Terpene-precursor	NA	No	1	8909	8909	NA;NDFHMN_01588;NDFHMN_01589;NDFHMN_01590;NDFHMN_01591;NDFHMN_01592;NDFHMN_01593;NDFHMN_01594;NDFHMN_01595;NDFHMN_01596;NDFHMN_01597;NDFHMN_01598;NDFHMN_01600;NDFHMN_01601	13	QueE;Fer4_12;PTPS;PT_FPPS_like;GTP_cyclohydroI	NA	NA
GCF_037862275.1	contig_15	deepBGC		0.57912	NA	15685	21219	5534	gnl|Bakta|DJPOBH_01216;gnl|Bakta|DJPOBH_01217;gnl|Bakta|DJPOBH_01218;gnl|Bakta|DJPOBH_01219;gnl|Bakta|DJPOBH_01220;gnl|Bakta|DJPOBH_01221;gnl|Bakta|DJPOBH_01222;gnl|Bakta|DJPOBH_01223	8	PF02668;PF07173;PF02130;PF00258;PF12641;PF12724;PF09335;PF03597;PF07992;PF12831;PF03486;PF00890;PF01494;PF13738;PF13450;PF13434;PF00070;PF07690;PF13347;PF17561	NA	NA
GCF_014498905.1	contig_3	deepBGC	Saccharide	0.57456	NA	760	7306	6546	gnl|Bakta|KPMLNH_00281;gnl|Bakta|KPMLNH_00282;gnl|Bakta|KPMLNH_00283;gnl|Bakta|KPMLNH_00284;gnl|Bakta|KPMLNH_00285;gnl|Bakta|KPMLNH_00286;gnl|Bakta|KPMLNH_00287;gnl|Bakta|KPMLNH_00288	8	PF03235;PF03235;PF07510;PF15919;PF07927;PF02784;PF00534;PF13692;PF13439;PF13579	NA	NA
GCF_014498905.1	contig_3	deepBGC	Other	0.57939	NA	7754	12855	5101	gnl|Bakta|KPMLNH_00290;gnl|Bakta|KPMLNH_00291;gnl|Bakta|KPMLNH_00292;gnl|Bakta|KPMLNH_00293	4	PF08003;PF13489;PF13847;PF08241;PF08242;PF13649;PF01588;PF09334;PF01406;PF00133;PF02353;PF08003;PF13489;PF08123;PF06325;PF01209;PF01135;PF05175;PF01596;PF13679;PF12847;PF13847;PF08241;PF08242;PF13649	NA	NA
GCF_040821205.1	contig_26	antiSMASH	Terpene-precursor	NA	No	1	20360	20360	NA;AIPAAI_00771;AIPAAI_00772;AIPAAI_00773;AIPAAI_00774;AIPAAI_00775;AIPAAI_00776;AIPAAI_00777;AIPAAI_00778;AIPAAI_00779;AIPAAI_00780;AIPAAI_00781;AIPAAI_00782;AIPAAI_00783;AIPAAI_00784;AIPAAI_00785;AIPAAI_00786;AIPAAI_00787;AIPAAI_00788;AIPAAI_00789;AIPAAI_00790;AIPAAI_00791;AIPAAI_00792;AIPAAI_00797	23	GTP_cyclohydroI;PT_FPPS_like;PTPS;QueE;Fer4_12;DAO	NA	NA
GCF_014498085.1	contig_5	antiSMASH	Terpene-precursor	NA	No	1	46932	46932	NA;AOBKMM_00446;AOBKMM_00447;AOBKMM_00448;AOBKMM_00449;AOBKMM_00450;AOBKMM_00451;AOBKMM_00452;AOBKMM_00453;AOBKMM_00454;AOBKMM_00455;AOBKMM_00456;AOBKMM_00457;AOBKMM_00458;AOBKMM_00459;AOBKMM_00460;AOBKMM_00461;AOBKMM_00462;AOBKMM_00463;AOBKMM_00464;AOBKMM_00465;AOBKMM_00466;AOBKMM_00467;AOBKMM_00468;AOBKMM_00469;AOBKMM_00470;AOBKMM_00471;AOBKMM_00472;AOBKMM_00473;AOBKMM_00474;AOBKMM_00475;AOBKMM_00476;AOBKMM_00477;AOBKMM_00478;AOBKMM_00479;AOBKMM_00480;AOBKMM_00481;AOBKMM_00482;AOBKMM_00485	38	QueE;Fer4_12;PTPS;PT_FPPS_like;GTP_cyclohydroI	NA	NA
GCF_003640105.1	contig_27	antiSMASH	Terpene-precursor	NA	No	1	56526	56526	NA;BHODAN_01384;BHODAN_01385;BHODAN_01386;BHODAN_01387;BHODAN_01388;BHODAN_01389;BHODAN_01390;BHODAN_01391;BHODAN_01392;BHODAN_01393;BHODAN_01394;BHODAN_01395;BHODAN_01396;BHODAN_01397;BHODAN_01398;BHODAN_01399;BHODAN_01400;BHODAN_01401;BHODAN_01402;BHODAN_01403;BHODAN_01404;BHODAN_01405;BHODAN_01406;BHODAN_01411;BHODAN_01412;BHODAN_01413;BHODAN_01414;BHODAN_01415;BHODAN_01416;BHODAN_01417;BHODAN_01418;BHODAN_01419;BHODAN_01420;BHODAN_01421;BHODAN_01422;BHODAN_01423;BHODAN_01424;BHODAN_01425;BHODAN_01426;BHODAN_01427;BHODAN_01428;BHODAN_01429;BHODAN_01430;BHODAN_01431;BHODAN_01432;BHODAN_01433;BHODAN_01434;BHODAN_01435;BHODAN_01436;BHODAN_01437;BHODAN_01438;BHODAN_01439;BHODAN_01440;BHODAN_01441;BHODAN_01442;BHODAN_01443;BHODAN_01444;BHODAN_01445	58	GTP_cyclohydroI;PT_FPPS_like;PTPS;QueE;Fer4_12;Peptidase_M50	NA	NA
GCF_014498465.1	contig_6	antiSMASH	Terpene-precursor	NA	No	1	9365	9365	NA;LAMBAN_00445;LAMBAN_00446;LAMBAN_00447;LAMBAN_00448;LAMBAN_00449;LAMBAN_00450;LAMBAN_00451;LAMBAN_00452;LAMBAN_00453;LAMBAN_00454;LAMBAN_00455;LAMBAN_00456;LAMBAN_00457	13	GTP_cyclohydroI;PT_FPPS_like;PTPS;QueE;Fer4_12	NA	NA
GCF_037861975.1	contig_22	antiSMASH	Azole-containing-RiPP	NA	No	1	18091	18091	NA;CJKEGM_01479;CJKEGM_01480;CJKEGM_01481;CJKEGM_01482;CJKEGM_01483;CJKEGM_01484;CJKEGM_01485;CJKEGM_01486;CJKEGM_01487;CJKEGM_01488;CJKEGM_01489;CJKEGM_01490;CJKEGM_01491;CJKEGM_01492;CJKEGM_01494;CJKEGM_01495;CJKEGM_01496;CJKEGM_01497;CJKEGM_01498	19	PF00881;YcaO	NA	NA
GCF_037861975.1	contig_7	antiSMASH	Terpene-precursor	NA	No	1	59732	59732	NA;CJKEGM_00947;CJKEGM_00948;CJKEGM_00949;CJKEGM_00950;CJKEGM_00951;CJKEGM_00952;CJKEGM_00953;CJKEGM_00954;CJKEGM_00955;CJKEGM_00956;CJKEGM_00957;CJKEGM_00958;CJKEGM_00959;CJKEGM_00960;CJKEGM_00961;CJKEGM_00962;CJKEGM_00963;CJKEGM_00964;CJKEGM_00965;CJKEGM_00966;CJKEGM_00967;CJKEGM_00968;CJKEGM_00969;CJKEGM_00970;CJKEGM_00971;CJKEGM_00972;CJKEGM_00973;CJKEGM_00974;CJKEGM_00975;CJKEGM_00976;CJKEGM_00977;CJKEGM_00978;CJKEGM_00979;CJKEGM_00980;CJKEGM_00981;CJKEGM_00982;CJKEGM_00983;CJKEGM_00984;CJKEGM_00985;CJKEGM_00990;CJKEGM_00991;CJKEGM_00992;CJKEGM_00993;CJKEGM_00994;CJKEGM_00995;CJKEGM_00996;CJKEGM_00997;CJKEGM_00998;CJKEGM_00999;CJKEGM_01000;CJKEGM_01001;CJKEGM_01002;CJKEGM_01003;CJKEGM_01004;CJKEGM_01005;CJKEGM_01006;CJKEGM_01007;CJKEGM_01008	58	QueE;Fer4_12;PTPS;PT_FPPS_like;GTP_cyclohydroI	NA	NA
GCF_014498305.1	contig_11	antiSMASH	Terpene-precursor	NA	No	1	73195	73195	NA;BGMGMC_01345;BGMGMC_01346;BGMGMC_01347;BGMGMC_01348;BGMGMC_01349;BGMGMC_01350;BGMGMC_01351;BGMGMC_01352;BGMGMC_01353;BGMGMC_01354;BGMGMC_01355;BGMGMC_01356;BGMGMC_01357;BGMGMC_01358;BGMGMC_01359;BGMGMC_01360;BGMGMC_01361;BGMGMC_01362;BGMGMC_01363;BGMGMC_01364;BGMGMC_01365;BGMGMC_01366;BGMGMC_01367;BGMGMC_01368;BGMGMC_01369;BGMGMC_01370;BGMGMC_01371;BGMGMC_01372;BGMGMC_01373;BGMGMC_01374;BGMGMC_01375;BGMGMC_01376;BGMGMC_01377;BGMGMC_01378;BGMGMC_01379;BGMGMC_01380;BGMGMC_01381;BGMGMC_01382;BGMGMC_01383;BGMGMC_01384;BGMGMC_01385;BGMGMC_01386;BGMGMC_01387;BGMGMC_01388;BGMGMC_01389;BGMGMC_01390;BGMGMC_01391;BGMGMC_01392;BGMGMC_01393;BGMGMC_01394;BGMGMC_01395;BGMGMC_01396;BGMGMC_01397;BGMGMC_01398;BGMGMC_01399;BGMGMC_01400;BGMGMC_01405;BGMGMC_01406;BGMGMC_01407;BGMGMC_01408;BGMGMC_01409;BGMGMC_01410;BGMGMC_01411;BGMGMC_01412;BGMGMC_01413;BGMGMC_01414;BGMGMC_01415;BGMGMC_01416;BGMGMC_01417;BGMGMC_01418;BGMGMC_01419;BGMGMC_01420;BGMGMC_01421;BGMGMC_01422;BGMGMC_01423;BGMGMC_01424;BGMGMC_01425	77	Pkinase;QueE;Fer4_12;PTPS;PT_FPPS_like;GTP_cyclohydroI	NA	NA
GCA_040860865.1	contig_11	deepBGC	Other	0.75166	NA	37591	42691	5100	gnl|Bakta|LMONOB_01459;gnl|Bakta|LMONOB_01460;gnl|Bakta|LMONOB_01461;gnl|Bakta|LMONOB_01462	4	PF02353;PF08003;PF13489;PF01596;PF13847;PF01209;PF08241;PF08242;PF13649;PF05175;PF12847;PF06325;PF01135;PF13679;PF08123;PF01555;PF09334;PF00133;PF01406;PF01588;PF08003;PF13489;PF13649;PF08241;PF08242;PF13847	NA	NA
GCA_040860865.1	contig_13	deepBGC		0.50114	NA	33651	33951	300	gnl|Bakta|LMONOB_01538	1	PF07883	NA	NA
GCF_003640055.1	contig_11	deepBGC		0.53402	NA	14485	15115	630	gnl|Bakta|JFHAJC_00629	1	PF01135;PF13847;PF13649;PF00398;PF13489	NA	NA
GCF_003640055.1	contig_3	deepBGC		0.70764	NA	38649	47710	9061	gnl|Bakta|JFHAJC_00275;gnl|Bakta|JFHAJC_00276;gnl|Bakta|JFHAJC_00277;gnl|Bakta|JFHAJC_00278;gnl|Bakta|JFHAJC_00279;gnl|Bakta|JFHAJC_00280;gnl|Bakta|JFHAJC_00281;gnl|Bakta|JFHAJC_00282;gnl|Bakta|JFHAJC_00283	9	PF02353;PF08003;PF13489;PF13847;PF01209;PF08241;PF08242;PF13649;PF05175;PF12847;PF06325;PF01135;PF13679;PF08123;PF01555;PF09334;PF00133;PF01406;PF01588;PF08003;PF13489;PF13649;PF08241;PF08242;PF05219;PF13847;PF03061;PF13439;PF00534;PF13692;PF02784;PF07927;PF15919	NA	NA
GCF_014497785.1	contig_16	antiSMASH	Terpene-precursor	NA	No	1	8165	8165	NA;EODFHA_00824;EODFHA_00825;EODFHA_00826;EODFHA_00827;EODFHA_00828;EODFHA_00829;EODFHA_00830;EODFHA_00831;EODFHA_00832;EODFHA_00833;EODFHA_00834;EODFHA_00835	12	QueE;Fer4_12;PTPS;PT_FPPS_like;GTP_cyclohydroI	NA	NA
GCA_024412595.1	contig_128	deepBGC	Polyketide	0.56154	NA	5960	7199	1239	gnl|Bakta|IGEKIA_01052	1	PF02801;PF00109	NA	NA
GCA_024412595.1	contig_152	deepBGC		0.56686	NA	2	1409	1407	gnl|Bakta|IGEKIA_01287	1	PF02521	NA	NA
GCA_024412595.1	contig_152	deepBGC		0.54904	NA	3416	5558	2142	gnl|Bakta|IGEKIA_01289;gnl|Bakta|IGEKIA_01290	2	PF07690;PF13347;PF07992;PF13738;PF00070;PF13434;PF12831;PF03486;PF13450;PF00890;PF01494	NA	NA
GCA_024412595.1	contig_155	deepBGC		0.51641	NA	468	1212	744	gnl|Bakta|IGEKIA_01310	1	PF00194	NA	NA
GCA_024412595.1	contig_168	deepBGC	Saccharide	0.82625	NA	862	6310	5448	gnl|Bakta|IGEKIA_01426;gnl|Bakta|IGEKIA_01427;gnl|Bakta|IGEKIA_01428;gnl|Bakta|IGEKIA_01429;gnl|Bakta|IGEKIA_01430;gnl|Bakta|IGEKIA_01431	6	PF02784;PF00534;PF13692;PF13439;PF13579;PF03061;PF08003;PF13489;PF13847;PF08241;PF08242;PF13649;PF01588	NA	NA
GCA_024412595.1	contig_20	deepBGC	NRP	0.69678	NA	1	5097	5096	gnl|Bakta|IGEKIA_00163;gnl|Bakta|IGEKIA_00164;gnl|Bakta|IGEKIA_00165;gnl|Bakta|IGEKIA_00166;gnl|Bakta|IGEKIA_00167;gnl|Bakta|IGEKIA_00168	6	PF00795;PF01063;PF00425;PF09924;PF01817;PF00278;PF02784;PF03797	NA	NA
GCA_024412595.1	contig_22	deepBGC		0.65686	NA	1	175	174	gnl|Bakta|IGEKIA_00174	1	PF01558	NA	NA
GCA_024412595.1	contig_22	deepBGC		0.67631	NA	2605	5022	2417	gnl|Bakta|IGEKIA_00177;gnl|Bakta|IGEKIA_00178	2	PF01501;PF01501	NA	NA
GCA_024412595.1	contig_24	deepBGC		0.64657	NA	14911	19393	4482	gnl|Bakta|IGEKIA_00198;gnl|Bakta|IGEKIA_00199;gnl|Bakta|IGEKIA_00200;gnl|Bakta|IGEKIA_00201;gnl|Bakta|IGEKIA_00202;gnl|Bakta|IGEKIA_00203	6	PF01209;PF13489;PF13847;PF08241;PF08242;PF13649;PF03653;PF05425;PF10458;PF01205;PF12698;PF01061;PF12698;PF01061;PF13437;PF16576	NA	NA
GCA_024412595.1	contig_26	deepBGC		0.73859	NA	1381	4425	3044	gnl|Bakta|IGEKIA_00208;gnl|Bakta|IGEKIA_00209	2	PF02353;PF08003;PF13489;PF08123;PF06325;PF01209;PF01135;PF05175;PF13679;PF12847;PF13847;PF08241;PF08242;PF13649;PF00924	NA	NA
GCA_024412595.1	contig_28	deepBGC		0.74926	NA	3924	4681	757	gnl|Bakta|IGEKIA_00215;gnl|Bakta|IGEKIA_00216	2	PF01061;PF01061	NA	NA
GCA_024412595.1	contig_42	deepBGC		0.51432	NA	1645	1891	246	gnl|Bakta|IGEKIA_00299	1	PF16777	NA	NA
GCA_024412595.1	contig_49	deepBGC		0.59697	NA	1	982	981	gnl|Bakta|IGEKIA_00346	1	PF00873	NA	NA
GCA_024412595.1	contig_50	deepBGC		0.56984	NA	3258	4263	1005	gnl|Bakta|IGEKIA_00352	1	PF00795	NA	NA
GCA_024412595.1	contig_55	deepBGC		0.52744	NA	1451	2108	657	gnl|Bakta|IGEKIA_00375	1	PF13500	NA	NA
GCA_024412595.1	contig_64	deepBGC		0.50795	NA	0	633	633	gnl|Bakta|IGEKIA_00436	1	PF02781	NA	NA
GCA_024412595.1	contig_64	deepBGC	NRP	0.51305	NA	2494	3541	1047	gnl|Bakta|IGEKIA_00439	1	PF08240;PF02826;PF01262;PF03446;PF00107	NA	NA
GCA_024412595.1	contig_67	deepBGC		0.55415	NA	1	1099	1098	gnl|Bakta|IGEKIA_00449	1	PF01501	NA	NA
GCF_037862055.1	contig_19	antiSMASH	Terpene-precursor	NA	No	1	19743	19743	NA;GMGAID_01471;GMGAID_01472;GMGAID_01473;GMGAID_01474;GMGAID_01475;GMGAID_01476;GMGAID_01477;GMGAID_01478;GMGAID_01479;GMGAID_01480;GMGAID_01481;GMGAID_01482;GMGAID_01483;GMGAID_01484;GMGAID_01485;GMGAID_01486;GMGAID_01487;GMGAID_01488;GMGAID_01489;GMGAID_01490;GMGAID_01491;GMGAID_01492	22	QueE;Fer4_12;PTPS;PT_FPPS_like;GTP_cyclohydroI	NA	NA
GCA_024406485.1	contig_28	deepBGC		0.53058	NA	16645	17275	630	gnl|Bakta|FAPAAL_01468	1	PF01135;PF00398;PF13489;PF13847;PF13649	NA	NA
GCA_024406485.1	contig_28	deepBGC	Polyketide	0.5419	NA	22343	23093	750	gnl|Bakta|FAPAAL_01475	1	PF00106;PF01370;PF08659;PF13561	NA	NA
GCA_024406485.1	contig_4	deepBGC	Saccharide	0.68369	NA	37817	46384	8567	gnl|Bakta|FAPAAL_00352;gnl|Bakta|FAPAAL_00353;gnl|Bakta|FAPAAL_00354;gnl|Bakta|FAPAAL_00355;gnl|Bakta|FAPAAL_00356;gnl|Bakta|FAPAAL_00357;gnl|Bakta|FAPAAL_00358	7	PF02353;PF08003;PF13489;PF01596;PF13847;PF01209;PF08241;PF08242;PF13649;PF05175;PF12847;PF06325;PF01135;PF13679;PF08123;PF01555;PF00133;PF09334;PF01406;PF01588;PF08003;PF13489;PF13649;PF08241;PF08242;PF13847;PF03061;PF13439;PF13579;PF00534;PF13692;PF02784	NA	NA
GCF_011140995.1	contig_18	antiSMASH	Terpene-precursor	NA	No	1	11245	11245	NA;MEJCBJ_00837;MEJCBJ_00838;MEJCBJ_00839;MEJCBJ_00840;MEJCBJ_00841;MEJCBJ_00842;MEJCBJ_00843;MEJCBJ_00844;MEJCBJ_00845;MEJCBJ_00846;MEJCBJ_00847;MEJCBJ_00848;MEJCBJ_00849	13	GTP_cyclohydroI;PT_FPPS_like;PTPS;QueE;Fer4_12	NA	NA
GCF_015904305.1	contig_8	deepBGC		0.53832	NA	4141	4927	786	gnl|Bakta|IAJAJJ_01313	1	PF08003;PF13489;PF13847;PF08241;PF08242;PF13649	NA	NA
GCA_024407655.1	contig_20	antiSMASH	Terpene-precursor	NA	No	1	9520	9520	NA;BCFJPC_01024;BCFJPC_01025;BCFJPC_01026;BCFJPC_01027;BCFJPC_01028;BCFJPC_01029;BCFJPC_01030;BCFJPC_01031;BCFJPC_01032;BCFJPC_01033;BCFJPC_01034;BCFJPC_01035	12	QueE;Fer4_12;PTPS;PT_FPPS_like;GTP_cyclohydroI	NA	NA
GCF_015904795.1	contig_25	antiSMASH	Azole-containing-RiPP	NA	No	1	13306	13306	NA;GIPEAA_01548;GIPEAA_01549;GIPEAA_01550;GIPEAA_01551;GIPEAA_01552;GIPEAA_01553;GIPEAA_01554;GIPEAA_01555;GIPEAA_01556;GIPEAA_01557;GIPEAA_01558;GIPEAA_01559;GIPEAA_01560;GIPEAA_01561;GIPEAA_01562	15	ThiF;YcaO;YcaO;PF00881	NA	NA
GCF_015904795.1	contig_27	antiSMASH	Terpene-precursor	NA	No	1	8138	8138	NA;GIPEAA_01573;GIPEAA_01574;GIPEAA_01575;GIPEAA_01576;GIPEAA_01577;GIPEAA_01578;GIPEAA_01579;GIPEAA_01580;GIPEAA_01581;GIPEAA_01582;GIPEAA_01583	11	GTP_cyclohydroI;PT_FPPS_like;PTPS;QueE;Fer4_12	NA	NA
GCA_024405965.1	contig_14	antiSMASH	Terpene-precursor	NA	No	1	7998	7998	NA;AFPMAI_00826;AFPMAI_00827;AFPMAI_00828;AFPMAI_00829;AFPMAI_00830;AFPMAI_00831;AFPMAI_00832;AFPMAI_00833;AFPMAI_00834;AFPMAI_00835;AFPMAI_00836	11	QueE;Fer4_12;PTPS;PT_FPPS_like;GTP_cyclohydroI	NA	NA
GCA_040861165.1	contig_8	deepBGC		0.58381	NA	16653	22938	6285	gnl|Bakta|HJJIEC_01429;gnl|Bakta|HJJIEC_01430;gnl|Bakta|HJJIEC_01431;gnl|Bakta|HJJIEC_01432;gnl|Bakta|HJJIEC_01435;gnl|Bakta|HJJIEC_01436	6	PF01135;PF00398;PF13489;PF13847;PF13649;PF03739;PF01416;PF16363;PF01370;PF07993;PF04321;PF02719;PF01073;PF13460;PF08659;PF00106;PF08659;PF01370;PF13561	NA	NA
GCF_014497445.1	contig_4	deepBGC	Saccharide	0.68674	NA	38910	47492	8582	gnl|Bakta|ILOGEE_00518;gnl|Bakta|ILOGEE_00519;gnl|Bakta|ILOGEE_00520;gnl|Bakta|ILOGEE_00521;gnl|Bakta|ILOGEE_00522;gnl|Bakta|ILOGEE_00523;gnl|Bakta|ILOGEE_00524	7	PF02353;PF08003;PF13489;PF01596;PF13847;PF01209;PF08241;PF08242;PF13649;PF05175;PF12847;PF06325;PF01135;PF13679;PF08123;PF01555;PF09334;PF00133;PF01406;PF01588;PF08003;PF13489;PF13649;PF08241;PF08242;PF13847;PF03061;PF13439;PF13579;PF00534;PF13692;PF02784	NA	NA
GCF_014498265.1	contig_13	antiSMASH	Terpene-precursor	NA	No	1	8987	8987	NA;MBLOFE_00732;MBLOFE_00733;MBLOFE_00734;MBLOFE_00735;MBLOFE_00736;MBLOFE_00737;MBLOFE_00738;MBLOFE_00739;MBLOFE_00740;MBLOFE_00741;MBLOFE_00742;MBLOFE_00743;MBLOFE_00744	13	QueE;Fer4_12;PTPS;PT_FPPS_like;GTP_cyclohydroI	NA	NA
GCF_040820945.1	contig_16	deepBGC	Polyketide	0.71891	NA	787	14500	13713	gnl|Bakta|AJPKDB_00660;gnl|Bakta|AJPKDB_00662;gnl|Bakta|AJPKDB_00663;gnl|Bakta|AJPKDB_00664;gnl|Bakta|AJPKDB_00665;gnl|Bakta|AJPKDB_00666;gnl|Bakta|AJPKDB_00669;gnl|Bakta|AJPKDB_00670;gnl|Bakta|AJPKDB_00671;gnl|Bakta|AJPKDB_00672;gnl|Bakta|AJPKDB_00673;gnl|Bakta|AJPKDB_00674	12	PF01041;PF00266;PF00268;PF01135;PF00398;PF13489;PF13847;PF13649;PF03739;PF01416;PF16363;PF01370;PF07993;PF04321;PF02719;PF01073;PF08659;PF00106;PF00106;PF08659;PF13561;PF08238;PF07719;PF01081;PF00920;PF00479;PF02781	NA	NA
GCF_040820945.1	contig_16	deepBGC	NRP	0.60603	NA	16359	18584	2225	gnl|Bakta|AJPKDB_00677;gnl|Bakta|AJPKDB_00678	2	PF08240;PF02826;PF01262;PF03446;PF00107;PF01501	NA	NA
GCF_040820945.1	contig_35	deepBGC		0.50799	NA	3497	3911	414	gnl|Bakta|AJPKDB_01151	1	PF00334	NA	NA
GCF_040820945.1	contig_35	deepBGC		0.66486	NA	5575	6568	993	gnl|Bakta|AJPKDB_01155	1	PF00108;PF00195;PF07451;PF08545;PF08541	NA	NA
GCF_040820945.1	contig_50	deepBGC		0.58792	NA	4326	8076	3750	gnl|Bakta|AJPKDB_01556;gnl|Bakta|AJPKDB_01557;gnl|Bakta|AJPKDB_01558	3	PF08003;PF13489;PF13847;PF08241;PF08242;PF13649;PF01588;PF09334;PF01406;PF00133	NA	NA
GCF_040821045.1	contig_39	antiSMASH	Terpene-precursor	NA	No	1	8268	8268	NA;JEBIEK_01113;JEBIEK_01114;JEBIEK_01115;JEBIEK_01116;JEBIEK_01117;JEBIEK_01118;JEBIEK_01119;JEBIEK_01120;JEBIEK_01121;JEBIEK_01122;JEBIEK_01123;JEBIEK_01124	12	QueE;Fer4_12;PTPS;PT_FPPS_like;GTP_cyclohydroI	NA	NA
GCF_011175135.1	contig_12	deepBGC	NRP	0.52832	NA	2123	3176	1053	gnl|Bakta|NKHOJP_01496	1	PF00107;PF03446;PF02826;PF01262;PF08240	NA	NA
GCF_011175135.1	contig_12	deepBGC	Saccharide	0.7359	NA	71432	83083	11651	gnl|Bakta|NKHOJP_01563;gnl|Bakta|NKHOJP_01564;gnl|Bakta|NKHOJP_01565;gnl|Bakta|NKHOJP_01566;gnl|Bakta|NKHOJP_01567;gnl|Bakta|NKHOJP_01568;gnl|Bakta|NKHOJP_01569;gnl|Bakta|NKHOJP_01570;gnl|Bakta|NKHOJP_01571	9	PF02353;PF08003;PF13489;PF01596;PF13847;PF01209;PF08241;PF08242;PF13649;PF05175;PF12847;PF06325;PF01135;PF13679;PF08123;PF09334;PF00133;PF01406;PF01588;PF08003;PF13489;PF13649;PF08241;PF08242;PF13847;PF03061;PF13439;PF13579;PF00534;PF13692;PF02784;PF07510;PF03235	NA	NA
GCF_040821325.1	contig_33	antiSMASH	Terpene-precursor	NA	Yes	45461	66372	20912	NA;IMDADP_01108;IMDADP_01109;IMDADP_01110;IMDADP_01111;IMDADP_01112;IMDADP_01113;IMDADP_01114;IMDADP_01115;IMDADP_01116;IMDADP_01117;IMDADP_01118;IMDADP_01119;IMDADP_01120;IMDADP_01121;IMDADP_01122;IMDADP_01123;IMDADP_01124;IMDADP_01125	18	QueE;Fer4_12;PTPS;PT_FPPS_like;GTP_cyclohydroI	NA	NA
GCF_040821035.1	contig_11	deepBGC		0.50443	NA	16652	16895	243	gnl|Bakta|JNGOLM_00267	1	PF16777	NA	NA
GCF_040821035.1	contig_11	deepBGC	Polyketide	0.6026	NA	18673	21436	2763	gnl|Bakta|JNGOLM_00270;gnl|Bakta|JNGOLM_00271;gnl|Bakta|JNGOLM_00272;gnl|Bakta|JNGOLM_00273	4	PF00106;PF08659;PF13561;PF00550;PF14573;PF16320;PF10501;PF00109;PF02801	NA	NA
GCF_040821035.1	contig_15	deepBGC	Polyketide	0.76038	NA	2262	15999	13737	gnl|Bakta|JNGOLM_00396;gnl|Bakta|JNGOLM_00398;gnl|Bakta|JNGOLM_00399;gnl|Bakta|JNGOLM_00400;gnl|Bakta|JNGOLM_00401;gnl|Bakta|JNGOLM_00402;gnl|Bakta|JNGOLM_00405;gnl|Bakta|JNGOLM_00406;gnl|Bakta|JNGOLM_00407;gnl|Bakta|JNGOLM_00408;gnl|Bakta|JNGOLM_00409;gnl|Bakta|JNGOLM_00410;gnl|Bakta|JNGOLM_00411	13	PF01041;PF00266;PF00268;PF01135;PF00398;PF13847;PF13649;PF03739;PF01416;PF16363;PF01370;PF07993;PF04321;PF02719;PF01073;PF08659;PF00106;PF13561;PF00106;PF08238;PF07719;PF01081;PF00920;PF00479;PF02781	NA	NA
GCF_040821035.1	contig_15	deepBGC	NRP	0.6355	NA	16679	20228	3549	gnl|Bakta|JNGOLM_00413;gnl|Bakta|JNGOLM_00414;gnl|Bakta|JNGOLM_00415	3	PF02685;PF08240;PF01262;PF02826;PF03446;PF00107;PF01501	NA	NA
GCF_040821035.1	contig_59	deepBGC		0.77799	NA	6562	8591	2029	gnl|Bakta|JNGOLM_01190;gnl|Bakta|JNGOLM_01191;gnl|Bakta|JNGOLM_01192	3	PF13672;PF13672;PF00069;PF07714	NA	NA
GCF_040821035.1	contig_80	deepBGC		0.6463	NA	929	5512	4583	gnl|Bakta|JNGOLM_01421;gnl|Bakta|JNGOLM_01422;gnl|Bakta|JNGOLM_01423;gnl|Bakta|JNGOLM_01424;gnl|Bakta|JNGOLM_01425;gnl|Bakta|JNGOLM_01426;gnl|Bakta|JNGOLM_01427	7	PF02569;PF00215;PF00484;PF00793;PF00885;PF01029;PF12698	NA	NA
GCF_040821035.1	contig_99	deepBGC		0.5428	NA	192	1779	1587	gnl|Bakta|JNGOLM_01536	1	PF02521	NA	NA
GCF_040821975.1	contig_2	antiSMASH	Terpene-precursor	NA	No	1	45802	45802	NA;JMJCMI_00044;JMJCMI_00045;JMJCMI_00046;JMJCMI_00047;JMJCMI_00048;JMJCMI_00049;JMJCMI_00050;JMJCMI_00051;JMJCMI_00052;JMJCMI_00053;JMJCMI_00054;JMJCMI_00055;JMJCMI_00056;JMJCMI_00057;JMJCMI_00058;JMJCMI_00059;JMJCMI_00060;JMJCMI_00061;JMJCMI_00062;JMJCMI_00064;JMJCMI_00065;JMJCMI_00066;JMJCMI_00067;JMJCMI_00068;JMJCMI_00069;JMJCMI_00070;JMJCMI_00071;JMJCMI_00072;JMJCMI_00073;JMJCMI_00074;JMJCMI_00075;JMJCMI_00076;JMJCMI_00077;JMJCMI_00078;JMJCMI_00079;JMJCMI_00080;JMJCMI_00081;JMJCMI_00082;JMJCMI_00083	39	QueE;Fer4_12;PTPS;PT_FPPS_like;GTP_cyclohydroI	NA	NA
GCF_011175325.1	contig_13	antiSMASH	Terpene-precursor	NA	No	1	20099	20099	NA;MPIMAO_01031;MPIMAO_01032;MPIMAO_01033;MPIMAO_01034;MPIMAO_01035;MPIMAO_01036;MPIMAO_01037;MPIMAO_01038;MPIMAO_01039;MPIMAO_01040;MPIMAO_01041;MPIMAO_01042;MPIMAO_01043;MPIMAO_01044;MPIMAO_01045;MPIMAO_01046;MPIMAO_01047;MPIMAO_01048;MPIMAO_01049;MPIMAO_01050;MPIMAO_01051;MPIMAO_01052;MPIMAO_01053	23	QueE;Fer4_12;PTPS;PT_FPPS_like;GTP_cyclohydroI	NA	NA
GCF_011140925.1	contig_4	antiSMASH	Terpene-precursor	NA	No	1	11108	11108	NA;EEFBPL_00150;EEFBPL_00151;EEFBPL_00152;EEFBPL_00153;EEFBPL_00154;EEFBPL_00155;EEFBPL_00156;EEFBPL_00157;EEFBPL_00158;EEFBPL_00159;EEFBPL_00160;EEFBPL_00161;EEFBPL_00162	13	QueE;Fer4_12;PTPS;PT_FPPS_like;GTP_cyclohydroI	NA	NA
GCF_006338045.1	contig_1	antiSMASH	Terpene-precursor	NA	Yes	1183266	1204177	20912	IBJJBG_01124;IBJJBG_01125;IBJJBG_01126;IBJJBG_01127;IBJJBG_01128;IBJJBG_01129;IBJJBG_01130;IBJJBG_01131;IBJJBG_01132;IBJJBG_01133;IBJJBG_01134;IBJJBG_01135;IBJJBG_01136;IBJJBG_01137;IBJJBG_01138	15	GTP_cyclohydroI;PT_FPPS_like;PTPS;QueE;Fer4_12	NA	NA
GCF_037862195.1	contig_28	antiSMASH	Terpene-precursor	NA	No	1	7926	7926	NA;PCGGIO_01570;PCGGIO_01571;PCGGIO_01572;PCGGIO_01573;PCGGIO_01574;PCGGIO_01575;PCGGIO_01576;PCGGIO_01577;PCGGIO_01578;PCGGIO_01579;PCGGIO_01580	11	QueE;Fer4_12;PTPS;PT_FPPS_like;GTP_cyclohydroI	NA	NA
GCF_014496885.1	contig_4	antiSMASH	Terpene-precursor	NA	No	1	15214	15214	NA;FJFCJI_00426;FJFCJI_00427;FJFCJI_00428;FJFCJI_00429;FJFCJI_00430;FJFCJI_00431;FJFCJI_00432;FJFCJI_00433;FJFCJI_00434;FJFCJI_00435;FJFCJI_00436;FJFCJI_00437;FJFCJI_00438;FJFCJI_00439;FJFCJI_00440;FJFCJI_00441;FJFCJI_00442;FJFCJI_00443	18	Glyco_transf_9;QueE;Fer4_12;PTPS;PT_FPPS_like;GTP_cyclohydroI	NA	NA
GCF_037862115.1	contig_6	deepBGC		0.74264	NA	78819	83908	5089	gnl|Bakta|BIGPPN_01016;gnl|Bakta|BIGPPN_01017;gnl|Bakta|BIGPPN_01018;gnl|Bakta|BIGPPN_01019	4	PF02353;PF08003;PF13489;PF13847;PF01209;PF08241;PF08242;PF13649;PF05175;PF12847;PF06325;PF01135;PF13679;PF08123;PF01555;PF09334;PF00133;PF01406;PF01588;PF08003;PF13489;PF13649;PF08241;PF08242;PF13847	NA	NA
GCF_040821915.1	contig_12	deepBGC	Polyketide	0.54422	NA	21453	22206	753	gnl|Bakta|CIBDGB_00582	1	PF00106;PF08659;PF01370;PF13561	NA	NA
GCF_040821915.1	contig_24	deepBGC		0.55395	NA	13598	14512	914	gnl|Bakta|CIBDGB_00936;gnl|Bakta|CIBDGB_00937	2	PF04224;PF10034;PF16777	NA	NA
GCF_040821915.1	contig_24	deepBGC	Polyketide	0.61523	NA	16290	19051	2761	gnl|Bakta|CIBDGB_00940;gnl|Bakta|CIBDGB_00941;gnl|Bakta|CIBDGB_00942;gnl|Bakta|CIBDGB_00943	4	PF00106;PF08659;PF13561;PF00550;PF14573;PF16320;PF10501;PF00109;PF02801	NA	NA
GCF_040821915.1	contig_40	deepBGC		0.5428	NA	218	1805	1587	gnl|Bakta|CIBDGB_01154	1	PF02521	NA	NA
GCF_040821915.1	contig_7	deepBGC		0.56243	NA	3995	4781	786	gnl|Bakta|CIBDGB_00332	1	PF08003;PF13489;PF13847;PF08241;PF08242;PF13649	NA	NA
GCF_003639865.1	contig_6	deepBGC		0.7217	NA	37711	42823	5112	gnl|Bakta|JPDKNK_00621;gnl|Bakta|JPDKNK_00622;gnl|Bakta|JPDKNK_00623;gnl|Bakta|JPDKNK_00624	4	PF02353;PF08003;PF13489;PF13847;PF01209;PF08241;PF08242;PF13649;PF05175;PF12847;PF06325;PF01135;PF13679;PF08123;PF01555;PF09334;PF00133;PF01406;PF01588;PF08003;PF13489;PF13649;PF08241;PF08242;PF13847	NA	NA
GCF_003639865.1	contig_6	deepBGC	Saccharide	0.50898	NA	43271	44441	1170	gnl|Bakta|JPDKNK_00626	1	PF13439;PF13579;PF00534;PF13692	NA	NA
GCF_014497195.1	contig_20	antiSMASH	Terpene-precursor	NA	No	1	66825	66825	NA;HHHPFD_01464;HHHPFD_01465;HHHPFD_01466;HHHPFD_01467;HHHPFD_01468;HHHPFD_01469;HHHPFD_01470;HHHPFD_01471;HHHPFD_01472;HHHPFD_01473;HHHPFD_01474;HHHPFD_01475;HHHPFD_01476;HHHPFD_01477;HHHPFD_01478;HHHPFD_01479;HHHPFD_01480;HHHPFD_01481;HHHPFD_01482;HHHPFD_01483;HHHPFD_01484;HHHPFD_01485;HHHPFD_01490;HHHPFD_01491;HHHPFD_01492;HHHPFD_01493;HHHPFD_01494;HHHPFD_01495;HHHPFD_01496;HHHPFD_01497;HHHPFD_01498;HHHPFD_01499;HHHPFD_01500;HHHPFD_01501;HHHPFD_01502;HHHPFD_01503;HHHPFD_01504;HHHPFD_01505;HHHPFD_01506;HHHPFD_01507;HHHPFD_01508;HHHPFD_01509;HHHPFD_01510;HHHPFD_01511;HHHPFD_01512;HHHPFD_01513;HHHPFD_01514;HHHPFD_01515;HHHPFD_01516;HHHPFD_01517;HHHPFD_01518;HHHPFD_01519;HHHPFD_01520;HHHPFD_01521;HHHPFD_01522;HHHPFD_01523;HHHPFD_01524;HHHPFD_01525;HHHPFD_01526;HHHPFD_01527;HHHPFD_01528;HHHPFD_01529;HHHPFD_01530;HHHPFD_01531	64	GTP_cyclohydroI;PT_FPPS_like;PTPS;QueE;Fer4_12	NA	NA
GCF_014498885.1	contig_11	antiSMASH	Terpene-precursor	NA	No	1	71663	71663	NA;IIPDCF_01323;IIPDCF_01324;IIPDCF_01325;IIPDCF_01326;IIPDCF_01327;IIPDCF_01328;IIPDCF_01329;IIPDCF_01330;IIPDCF_01331;IIPDCF_01332;IIPDCF_01333;IIPDCF_01334;IIPDCF_01335;IIPDCF_01336;IIPDCF_01337;IIPDCF_01338;IIPDCF_01339;IIPDCF_01340;IIPDCF_01341;IIPDCF_01342;IIPDCF_01343;IIPDCF_01344;IIPDCF_01345;IIPDCF_01350;IIPDCF_01351;IIPDCF_01352;IIPDCF_01353;IIPDCF_01354;IIPDCF_01355;IIPDCF_01356;IIPDCF_01357;IIPDCF_01358;IIPDCF_01359;IIPDCF_01360;IIPDCF_01361;IIPDCF_01362;IIPDCF_01363;IIPDCF_01364;IIPDCF_01365;IIPDCF_01366;IIPDCF_01367;IIPDCF_01368;IIPDCF_01369;IIPDCF_01370;IIPDCF_01371;IIPDCF_01372;IIPDCF_01373;IIPDCF_01374;IIPDCF_01375;IIPDCF_01376;IIPDCF_01377;IIPDCF_01378;IIPDCF_01379;IIPDCF_01380;IIPDCF_01381;IIPDCF_01382;IIPDCF_01383;IIPDCF_01384;IIPDCF_01385;IIPDCF_01386;IIPDCF_01387;IIPDCF_01388;IIPDCF_01389;IIPDCF_01390;IIPDCF_01391;IIPDCF_01392;IIPDCF_01393;IIPDCF_01394;IIPDCF_01395;IIPDCF_01396;IIPDCF_01397;IIPDCF_01398;IIPDCF_01399;IIPDCF_01400;IIPDCF_01401;IIPDCF_01402;IIPDCF_01403	77	GTP_cyclohydroI;PT_FPPS_like;PTPS;QueE;Fer4_12;Pkinase	NA	NA
GCF_014497025.1	contig_2	antiSMASH	Terpene-precursor	NA	No	1	57499	57499	NA;LNABPA_00227;LNABPA_00228;LNABPA_00229;LNABPA_00230;LNABPA_00231;LNABPA_00232;LNABPA_00233;LNABPA_00234;LNABPA_00235;LNABPA_00236;LNABPA_00237;LNABPA_00238;LNABPA_00239;LNABPA_00240;LNABPA_00241;LNABPA_00242;LNABPA_00243;LNABPA_00244;LNABPA_00245;LNABPA_00246;LNABPA_00247;LNABPA_00248;LNABPA_00249;LNABPA_00250;LNABPA_00251;LNABPA_00252;LNABPA_00253;LNABPA_00254;LNABPA_00255;LNABPA_00256;LNABPA_00257;LNABPA_00258;LNABPA_00259;LNABPA_00260;LNABPA_00261;LNABPA_00266;LNABPA_00267;LNABPA_00268;LNABPA_00269;LNABPA_00270;LNABPA_00271;LNABPA_00272;LNABPA_00273;LNABPA_00274;LNABPA_00275;LNABPA_00276;LNABPA_00277;LNABPA_00278;LNABPA_00279;LNABPA_00280;LNABPA_00281;LNABPA_00282;LNABPA_00283;LNABPA_00284;LNABPA_00285;LNABPA_00286;LNABPA_00287	57	Peptidase_M50;QueE;Fer4_12;PTPS;PT_FPPS_like;GTP_cyclohydroI	NA	NA
GCA_024407015	contig_30	GECCO	Unknown	0.9945173105624984	NA	6006	9602	3596	contig_30_10;contig_30_11;contig_30_12;contig_30_8;contig_30_9	5	PF01041;PF06306;PF06306	NA	IPR000653;IPR010446;IPR010446
GCA_024411995.1	contig_10	deepBGC		0.60159	NA	4145	4931	786	gnl|Bakta|MKIAMM_00418	1	PF08003;PF13489;PF13847;PF08241;PF08242;PF13649	NA	NA
GCA_024411995.1	contig_13	deepBGC		0.56978	NA	8995	15443	6448	gnl|Bakta|MKIAMM_00524;gnl|Bakta|MKIAMM_00525;gnl|Bakta|MKIAMM_00526;gnl|Bakta|MKIAMM_00527;gnl|Bakta|MKIAMM_00530;gnl|Bakta|MKIAMM_00531	6	PF01135;PF00398;PF13489;PF13847;PF13649;PF03739;PF01416;PF16363;PF01370;PF07993;PF04321;PF02719;PF01073;PF13460;PF08659;PF00106;PF00106;PF08659;PF01370;PF13561	NA	NA
GCF_037862295.1	contig_14	deepBGC	Other	0.66906	NA	37412	42527	5115	gnl|Bakta|HAGIGG_01247;gnl|Bakta|HAGIGG_01248;gnl|Bakta|HAGIGG_01249;gnl|Bakta|HAGIGG_01250	4	PF02353;PF08003;PF13489;PF01596;PF13847;PF01209;PF08241;PF08242;PF13649;PF05175;PF12847;PF06325;PF01135;PF13679;PF08123;PF01555;PF09334;PF00133;PF01406;PF01588;PF08003;PF13489;PF13649;PF08241;PF08242;PF13847	NA	NA
GCF_011140515.1	contig_3	antiSMASH	Terpene-precursor	NA	No	1	11245	11245	NA;NPGFIK_00046;NPGFIK_00047;NPGFIK_00048;NPGFIK_00049;NPGFIK_00050;NPGFIK_00051;NPGFIK_00052;NPGFIK_00053;NPGFIK_00054;NPGFIK_00055;NPGFIK_00056;NPGFIK_00057;NPGFIK_00058	13	QueE;Fer4_12;PTPS;PT_FPPS_like;GTP_cyclohydroI	NA	NA
GCF_003639845.1	contig_1	deepBGC		0.53486	NA	152207	152717	510	gnl|Bakta|MMNOCC_00159	1	PF01531	NA	NA
GCF_003639845.1	contig_18	deepBGC		0.56032	NA	3191	3905	714	gnl|Bakta|MMNOCC_01040	1	PF09002	NA	NA
GCF_003639845.1	contig_18	deepBGC		0.55423	NA	9733	10537	804	gnl|Bakta|MMNOCC_01045	1	PF08843	NA	NA
GCF_003639845.1	contig_24	deepBGC		0.55079	NA	678	3495	2817	gnl|Bakta|MMNOCC_01174;gnl|Bakta|MMNOCC_01175	2	PF00199;PF02521	NA	NA
GCF_003639845.1	contig_6	deepBGC		0.72971	NA	37664	46245	8581	gnl|Bakta|MMNOCC_00510;gnl|Bakta|MMNOCC_00511;gnl|Bakta|MMNOCC_00512;gnl|Bakta|MMNOCC_00513;gnl|Bakta|MMNOCC_00514;gnl|Bakta|MMNOCC_00515;gnl|Bakta|MMNOCC_00516	7	PF02353;PF08003;PF13489;PF01596;PF13847;PF01209;PF08241;PF08242;PF13649;PF05175;PF12847;PF06325;PF01135;PF13679;PF08123;PF01555;PF00133;PF09334;PF01406;PF01588;PF08003;PF13489;PF13649;PF08241;PF08242;PF05219;PF13847;PF03061;PF13439;PF00534;PF13692;PF02784	NA	NA
GCA_024411915.1	contig_4	deepBGC	Other	0.58517	NA	83070	88149	5079	gnl|Bakta|ILADMB_00173;gnl|Bakta|ILADMB_00174;gnl|Bakta|ILADMB_00175;gnl|Bakta|ILADMB_00176	4	PF02353;PF08003;PF13489;PF01596;PF13847;PF01209;PF08241;PF08242;PF13649;PF05175;PF12847;PF06325;PF01135;PF13679;PF08123;PF01555;PF00133;PF09334;PF01406;PF01588;PF08003;PF13489;PF13649;PF08241;PF08242;PF13847	NA	NA
GCF_014498745.1	contig_2	deepBGC		0.56233	NA	4989	10253	5264	gnl|Bakta|IEDNCD_00274;gnl|Bakta|IEDNCD_00275;gnl|Bakta|IEDNCD_00276;gnl|Bakta|IEDNCD_00277;gnl|Bakta|IEDNCD_00278;gnl|Bakta|IEDNCD_00279;gnl|Bakta|IEDNCD_00280;gnl|Bakta|IEDNCD_00281	8	PF03235;PF03235;PF07510;PF15919;PF07927;PF02784	NA	NA
GCF_014498745.1	contig_2	deepBGC		0.62704	NA	11886	12672	786	gnl|Bakta|IEDNCD_00284	1	PF08003;PF13489;PF13847;PF08241;PF08242;PF13649	NA	NA
GCF_014498745.1	contig_2	deepBGC	Other	0.55897	NA	15801	16971	1170	gnl|Bakta|IEDNCD_00287	1	PF02353;PF08003;PF13489;PF08123;PF06325;PF01209;PF01135;PF05175;PF01596;PF13679;PF12847;PF13847;PF08241;PF08242;PF13649	NA	NA
GCF_015904365.1	contig_7	deepBGC		0.81651	NA	80398	88958	8560	gnl|Bakta|BFAPCG_00759;gnl|Bakta|BFAPCG_00760;gnl|Bakta|BFAPCG_00761;gnl|Bakta|BFAPCG_00762;gnl|Bakta|BFAPCG_00763;gnl|Bakta|BFAPCG_00764;gnl|Bakta|BFAPCG_00765	7	PF02353;PF08003;PF13489;PF01596;PF13847;PF01209;PF08241;PF08242;PF13649;PF05175;PF12847;PF06325;PF01135;PF13679;PF08123;PF00133;PF09334;PF01406;PF01588;PF08003;PF13489;PF13649;PF08241;PF08242;PF13847;PF03061;PF13439;PF00534;PF13692;PF02784	NA	NA
GCF_014498295.1	contig_23	deepBGC	Saccharide	0.71536	NA	37603	46663	9060	gnl|Bakta|PHAAJJ_01523;gnl|Bakta|PHAAJJ_01524;gnl|Bakta|PHAAJJ_01525;gnl|Bakta|PHAAJJ_01526;gnl|Bakta|PHAAJJ_01527;gnl|Bakta|PHAAJJ_01528;gnl|Bakta|PHAAJJ_01529;gnl|Bakta|PHAAJJ_01530;gnl|Bakta|PHAAJJ_01531	9	PF02353;PF08003;PF13489;PF13847;PF01209;PF08241;PF08242;PF13649;PF05175;PF12847;PF06325;PF01135;PF13679;PF08123;PF01555;PF09334;PF00133;PF01406;PF01588;PF08003;PF13489;PF13649;PF08241;PF08242;PF13847;PF03061;PF13439;PF13579;PF00534;PF13692;PF02784;PF07927;PF15919	NA	NA
GCF_011140515.1	contig_16	deepBGC		0.52941	NA	5934	6720	786	gnl|Bakta|NPGFIK_00498	1	PF08003;PF13489;PF13847;PF08241;PF08242;PF13649	NA	NA
GCA_024412155.1	contig_2	deepBGC		0.58418	NA	3688	7438	3750	gnl|Bakta|DJPEDK_00632;gnl|Bakta|DJPEDK_00633;gnl|Bakta|DJPEDK_00634	3	PF08003;PF13489;PF13847;PF08241;PF08242;PF13649;PF01588;PF09334;PF01406;PF00133	NA	NA
GCA_024407505.1	contig_4	deepBGC	Other	0.7396	NA	37512	42626	5114	gnl|Bakta|NPOPHK_00375;gnl|Bakta|NPOPHK_00376;gnl|Bakta|NPOPHK_00377;gnl|Bakta|NPOPHK_00378;gnl|Bakta|NPOPHK_00379	5	PF02353;PF08003;PF13489;PF01596;PF13847;PF01209;PF08241;PF08242;PF13649;PF05175;PF12847;PF06325;PF01135;PF13679;PF08123;PF01555;PF00133;PF09334;PF01406;PF01588;PF08003;PF13489;PF13649;PF08241;PF08242;PF13847	NA	NA
GCA_024407505.1	contig_7	deepBGC		0.55239	NA	2338	3610	1272	gnl|Bakta|NPOPHK_00479;gnl|Bakta|NPOPHK_00480;gnl|Bakta|NPOPHK_00481	3	PF02492;PF07883	NA	NA
GCF_040821305.1	contig_35	antiSMASH	Terpene-precursor	NA	No	1	8122	8122	NA;IKPBGB_01065;IKPBGB_01066;IKPBGB_01067;IKPBGB_01068;IKPBGB_01069;IKPBGB_01070;IKPBGB_01071;IKPBGB_01072;IKPBGB_01073;IKPBGB_01074;IKPBGB_01075;IKPBGB_01076	12	QueE;Fer4_12;PTPS;PT_FPPS_like;GTP_cyclohydroI	NA	NA
GCF_014497235.1	contig_4	antiSMASH	Terpene-precursor	NA	No	1	57537	57537	NA;GOADKM_00269;GOADKM_00270;GOADKM_00271;GOADKM_00272;GOADKM_00273;GOADKM_00274;GOADKM_00275;GOADKM_00276;GOADKM_00277;GOADKM_00278;GOADKM_00279;GOADKM_00280;GOADKM_00281;GOADKM_00282;GOADKM_00283;GOADKM_00284;GOADKM_00285;GOADKM_00286;GOADKM_00287;GOADKM_00288;GOADKM_00289;GOADKM_00290;GOADKM_00295;GOADKM_00296;GOADKM_00297;GOADKM_00298;GOADKM_00299;GOADKM_00300;GOADKM_00301;GOADKM_00302;GOADKM_00303;GOADKM_00304;GOADKM_00305;GOADKM_00306;GOADKM_00307;GOADKM_00308;GOADKM_00309;GOADKM_00310;GOADKM_00311;GOADKM_00312;GOADKM_00313;GOADKM_00314;GOADKM_00315;GOADKM_00316;GOADKM_00317;GOADKM_00318;GOADKM_00319;GOADKM_00320;GOADKM_00321;GOADKM_00322;GOADKM_00323;GOADKM_00324;GOADKM_00325;GOADKM_00326;GOADKM_00327;GOADKM_00328;GOADKM_00329;GOADKM_00330	58	GTP_cyclohydroI;PT_FPPS_like;PTPS;QueE;Fer4_12	NA	NA
GCA_024406915.1	contig_18	antiSMASH	Terpene-precursor	NA	No	1	7928	7928	NA;JEMGOA_01138;JEMGOA_01139;JEMGOA_01140;JEMGOA_01141;JEMGOA_01142;JEMGOA_01143;JEMGOA_01144;JEMGOA_01145;JEMGOA_01146;JEMGOA_01147;JEMGOA_01148;JEMGOA_01149;JEMGOA_01150	13	QueE;QueE;Fer4_12;PTPS;PT_FPPS_like;GTP_cyclohydroI	NA	NA
GCF_040820845.1	contig_12	deepBGC		0.50169	NA	15106	15736	630	gnl|Bakta|IDFBFO_00501	1	PF01135;PF13847;PF13649;PF00398;PF13489	NA	NA
GCF_040820845.1	contig_22	deepBGC	Other	0.55064	NA	37586	40878	3292	gnl|Bakta|IDFBFO_00765;gnl|Bakta|IDFBFO_00766	2	PF02353;PF08003;PF13489;PF01596;PF13847;PF01209;PF08241;PF08242;PF13649;PF05175;PF12847;PF06325;PF01135;PF13679;PF08123;PF01555;PF00133;PF09334;PF01406;PF01588	NA	NA
GCF_040820845.1	contig_25	deepBGC		0.54581	NA	11324	12237	913	gnl|Bakta|IDFBFO_00851;gnl|Bakta|IDFBFO_00852	2	PF04224;PF10034;PF16777	NA	NA
GCF_040820845.1	contig_25	deepBGC	Polyketide	0.60483	NA	14013	16564	2551	gnl|Bakta|IDFBFO_00855;gnl|Bakta|IDFBFO_00856;gnl|Bakta|IDFBFO_00857;gnl|Bakta|IDFBFO_00858	4	PF00106;PF08659;PF13561;PF00550;PF14573;PF16320;PF10501;PF00109;PF02801	NA	NA
GCF_040820845.1	contig_59	deepBGC		0.54073	NA	631	5706	5075	gnl|Bakta|IDFBFO_01357;gnl|Bakta|IDFBFO_01358	2	PF01619;PF00171;PF00474	NA	NA
GCF_040820845.1	contig_64	deepBGC		0.50424	NA	1	967	966	gnl|Bakta|IDFBFO_01377	1	PF01501	NA	NA
GCA_024406435.1	contig_13	antiSMASH	Terpene-precursor	NA	No	1	88652	88652	NA;PCGJJI_01302;PCGJJI_01303;PCGJJI_01304;PCGJJI_01305;PCGJJI_01306;PCGJJI_01307;PCGJJI_01308;PCGJJI_01309;PCGJJI_01310;PCGJJI_01311;PCGJJI_01312;PCGJJI_01313;PCGJJI_01314;PCGJJI_01315;PCGJJI_01316;PCGJJI_01317;PCGJJI_01318;PCGJJI_01319;PCGJJI_01320;PCGJJI_01321;PCGJJI_01322;PCGJJI_01323;PCGJJI_01324;PCGJJI_01329;PCGJJI_01330;PCGJJI_01331;PCGJJI_01332;PCGJJI_01333;PCGJJI_01334;PCGJJI_01335;PCGJJI_01336;PCGJJI_01337;PCGJJI_01338;PCGJJI_01339;PCGJJI_01340;PCGJJI_01341;PCGJJI_01342;PCGJJI_01343;PCGJJI_01344;PCGJJI_01345;PCGJJI_01346;PCGJJI_01347;PCGJJI_01348;PCGJJI_01349;PCGJJI_01350;PCGJJI_01351;PCGJJI_01352;PCGJJI_01353;PCGJJI_01354;PCGJJI_01355;PCGJJI_01356;PCGJJI_01357;PCGJJI_01358;PCGJJI_01359;PCGJJI_01360;PCGJJI_01361;PCGJJI_01362;PCGJJI_01363;PCGJJI_01364;PCGJJI_01365;PCGJJI_01366;PCGJJI_01367;PCGJJI_01368;PCGJJI_01369;PCGJJI_01370;PCGJJI_01371;PCGJJI_01372;PCGJJI_01373;PCGJJI_01374;PCGJJI_01375;PCGJJI_01376;PCGJJI_01377;PCGJJI_01378;PCGJJI_01379;PCGJJI_01380;PCGJJI_01381;PCGJJI_01382;PCGJJI_01383;PCGJJI_01384;PCGJJI_01385;PCGJJI_01386;PCGJJI_01387;PCGJJI_01388;PCGJJI_01389;PCGJJI_01390	85	GTP_cyclohydroI;PT_FPPS_like;PTPS;QueE;Fer4_12	NA	NA
GCF_014498655.1	contig_8	antiSMASH	Terpene-precursor	NA	No	1	9361	9361	NA;LACGDI_00471;LACGDI_00472;LACGDI_00473;LACGDI_00474;LACGDI_00475;LACGDI_00476;LACGDI_00477;LACGDI_00478;LACGDI_00479;LACGDI_00480;LACGDI_00481;LACGDI_00482;LACGDI_00483	13	QueE;Fer4_12;PTPS;PT_FPPS_like;GTP_cyclohydroI	NA	NA
GCA_024407595.1	contig_2	antiSMASH	Terpene-precursor	NA	No	1	59538	59538	NA;DDOGAH_00305;DDOGAH_00306;DDOGAH_00307;DDOGAH_00308;DDOGAH_00309;DDOGAH_00310;DDOGAH_00311;DDOGAH_00312;DDOGAH_00313;DDOGAH_00314;DDOGAH_00315;DDOGAH_00316;DDOGAH_00317;DDOGAH_00318;DDOGAH_00319;DDOGAH_00320;DDOGAH_00321;DDOGAH_00322;DDOGAH_00323;DDOGAH_00324;DDOGAH_00325;DDOGAH_00326;DDOGAH_00327;DDOGAH_00328;DDOGAH_00329;DDOGAH_00330;DDOGAH_00331;DDOGAH_00332;DDOGAH_00333;DDOGAH_00334;DDOGAH_00335;DDOGAH_00336;DDOGAH_00337;DDOGAH_00338;DDOGAH_00339;DDOGAH_00340;DDOGAH_00341;DDOGAH_00342;DDOGAH_00343;DDOGAH_00344;DDOGAH_00349;DDOGAH_00350;DDOGAH_00351;DDOGAH_00352;DDOGAH_00353;DDOGAH_00354;DDOGAH_00355;DDOGAH_00356;DDOGAH_00357;DDOGAH_00358;DDOGAH_00359;DDOGAH_00360;DDOGAH_00361;DDOGAH_00362;DDOGAH_00363;DDOGAH_00364;DDOGAH_00365;DDOGAH_00366;DDOGAH_00367;DDOGAH_00368	60	QueE;Fer4_12;PTPS;PT_FPPS_like;GTP_cyclohydroI	NA	NA
GCA_024407075.1	contig_2	deepBGC		0.69411	NA	37509	46078	8569	gnl|Bakta|HLOCHK_00268;gnl|Bakta|HLOCHK_00269;gnl|Bakta|HLOCHK_00270;gnl|Bakta|HLOCHK_00271;gnl|Bakta|HLOCHK_00272;gnl|Bakta|HLOCHK_00273;gnl|Bakta|HLOCHK_00274	7	PF02353;PF08003;PF13489;PF13847;PF01209;PF08241;PF08242;PF13649;PF05175;PF12847;PF06325;PF01135;PF13679;PF08123;PF01555;PF00133;PF09334;PF01406;PF01588;PF08003;PF13489;PF13649;PF08241;PF08242;PF13847;PF03061;PF13439;PF00534;PF13692;PF02784	NA	NA
GCF_037861915.1	contig_13	deepBGC		0.6301	NA	38789	40000	1211	gnl|Bakta|GJPMBP_01150;gnl|Bakta|GJPMBP_01151;gnl|Bakta|GJPMBP_01152	3	PF10501;PF00550;PF14573;PF16320;PF13561;PF00106;PF08659	NA	NA
GCF_037861915.1	contig_16	deepBGC		0.75898	NA	33910	42478	8568	gnl|Bakta|GJPMBP_01293;gnl|Bakta|GJPMBP_01294;gnl|Bakta|GJPMBP_01295;gnl|Bakta|GJPMBP_01296;gnl|Bakta|GJPMBP_01297;gnl|Bakta|GJPMBP_01298;gnl|Bakta|GJPMBP_01299	7	PF02353;PF08003;PF13489;PF01596;PF13847;PF01209;PF08241;PF08242;PF13649;PF05175;PF12847;PF06325;PF01135;PF13679;PF08123;PF01555;PF09334;PF00133;PF01406;PF01588;PF08003;PF13489;PF13649;PF08241;PF08242;PF13847;PF03061;PF13439;PF00534;PF13692;PF02784	NA	NA
GCA_040861945.1	contig_11	deepBGC		0.61676	NA	3667	4453	786	gnl|Bakta|DPLBKM_01364	1	PF08003;PF13489;PF13847;PF08241;PF08242;PF13649	NA	NA
GCA_040861945.1	contig_12	deepBGC		0.54263	NA	16567	17197	630	gnl|Bakta|DPLBKM_01425	1	PF01135;PF00398;PF13489;PF13847;PF13649	NA	NA
GCA_040861945.1	contig_12	deepBGC		0.52939	NA	22091	22844	753	gnl|Bakta|DPLBKM_01432	1	PF00106;PF08659;PF13561	NA	NA
GCF_003639935.1	contig_17	deepBGC		0.64661	NA	28	784	756	gnl|Bakta|PDCACE_00910	1	PF01061	NA	NA
GCF_003639935.1	contig_5	deepBGC		0.7517	NA	38184	46763	8579	gnl|Bakta|PDCACE_00483;gnl|Bakta|PDCACE_00484;gnl|Bakta|PDCACE_00485;gnl|Bakta|PDCACE_00486;gnl|Bakta|PDCACE_00487;gnl|Bakta|PDCACE_00488;gnl|Bakta|PDCACE_00489	7	PF02353;PF08003;PF13489;PF13847;PF01209;PF08241;PF08242;PF13649;PF05175;PF12847;PF06325;PF01135;PF13679;PF08123;PF01555;PF00133;PF09334;PF01406;PF01588;PF08003;PF13489;PF13649;PF08241;PF08242;PF13847;PF03061;PF13439;PF00534;PF13692;PF02784	NA	NA
GCF_003639935.1	contig_8	deepBGC		0.50734	NA	3661	3961	300	gnl|Bakta|PDCACE_00567	1	PF07883	NA	NA
GCF_015904795.1	contig_13	deepBGC		0.52469	NA	34166	34466	300	gnl|Bakta|GIPEAA_01216	1	PF07883	NA	NA
GCF_015904795.1	contig_25	deepBGC	RiPP	0.82741	NA	431	12115	11684	gnl|Bakta|GIPEAA_01548;gnl|Bakta|GIPEAA_01549;gnl|Bakta|GIPEAA_01550;gnl|Bakta|GIPEAA_01551;gnl|Bakta|GIPEAA_01552;gnl|Bakta|GIPEAA_01553;gnl|Bakta|GIPEAA_01554;gnl|Bakta|GIPEAA_01555;gnl|Bakta|GIPEAA_01556;gnl|Bakta|GIPEAA_01557;gnl|Bakta|GIPEAA_01558;gnl|Bakta|GIPEAA_01559;gnl|Bakta|GIPEAA_01560	13	PF01051;PF02661;PF07690;PF05977;PF00899;PF05713;PF15738;PF05016;PF02624;PF02624;PF00881	NA	NA
GCF_040821165.1	contig_10	deepBGC		0.52156	NA	1669	2392	723	gnl|Bakta|GPDKGL_00068	1	PF13489;PF13847;PF07021;PF13649;PF08241;PF08242;PF05175	NA	NA
GCF_040821165.1	contig_107	deepBGC		0.58514	NA	0	5598	5598	gnl|Bakta|GPDKGL_01452;gnl|Bakta|GPDKGL_01448;gnl|Bakta|GPDKGL_01449;gnl|Bakta|GPDKGL_01450;gnl|Bakta|GPDKGL_01451	5	PF01501;PF03797;PF02691;PF15919;PF07927;PF13411;PF12728;PF00239	NA	NA
GCF_040821165.1	contig_109	deepBGC	Polyketide	0.77801	NA	2	3723	3721	gnl|Bakta|GPDKGL_01458;gnl|Bakta|GPDKGL_01459;gnl|Bakta|GPDKGL_01460;gnl|Bakta|GPDKGL_01461;gnl|Bakta|GPDKGL_01462	5	PF01039;PF03255;PF02801;PF00109;PF10501;PF00550;PF16320;PF13561;PF00106;PF08659	NA	NA
GCF_040821165.1	contig_26	deepBGC		0.5873	NA	796	13179	12383	gnl|Bakta|GPDKGL_00286;gnl|Bakta|GPDKGL_00288;gnl|Bakta|GPDKGL_00289;gnl|Bakta|GPDKGL_00290;gnl|Bakta|GPDKGL_00291;gnl|Bakta|GPDKGL_00292;gnl|Bakta|GPDKGL_00295;gnl|Bakta|GPDKGL_00296;gnl|Bakta|GPDKGL_00297;gnl|Bakta|GPDKGL_00298;gnl|Bakta|GPDKGL_00299	11	PF01041;PF00266;PF00268;PF01135;PF00398;PF13847;PF13649;PF03739;PF01416;PF16363;PF01370;PF07993;PF04321;PF02719;PF01073;PF13460;PF08659;PF00106;PF00106;PF08659;PF01370;PF13561;PF08238;PF07719;PF00515;PF01081;PF00920	NA	NA
GCF_040821165.1	contig_26	deepBGC		0.52175	NA	17438	18605	1167	gnl|Bakta|GPDKGL_00304	1	PF01501	NA	NA
GCF_040821165.1	contig_49	deepBGC	Other	0.62155	NA	148	1318	1170	gnl|Bakta|GPDKGL_00769	1	PF01555;PF02353;PF13489;PF08123;PF08003;PF01209;PF06325;PF01135;PF05175;PF01596;PF12847;PF13679;PF13847;PF08241;PF08242;PF13649	NA	NA
GCF_040821165.1	contig_63	deepBGC		0.5096	NA	6899	7199	300	gnl|Bakta|GPDKGL_00987	1	PF07883	NA	NA
GCF_040821165.1	contig_99	deepBGC		0.64901	NA	5315	6311	996	gnl|Bakta|GPDKGL_01371	1	PF00108;PF00195;PF07451;PF08545;PF08541	NA	NA
GCF_014497165.1	contig_31	antiSMASH	Terpene-precursor	NA	No	1	59152	59152	NA;MEDHHC_01506;MEDHHC_01507;MEDHHC_01508;MEDHHC_01509;MEDHHC_01510;MEDHHC_01511;MEDHHC_01512;MEDHHC_01513;MEDHHC_01514;MEDHHC_01515;MEDHHC_01516;MEDHHC_01517;MEDHHC_01518;MEDHHC_01519;MEDHHC_01520;MEDHHC_01521;MEDHHC_01522;MEDHHC_01523;MEDHHC_01524;MEDHHC_01525;MEDHHC_01526;MEDHHC_01531;MEDHHC_01532;MEDHHC_01533;MEDHHC_01534;MEDHHC_01535;MEDHHC_01536;MEDHHC_01537;MEDHHC_01538;MEDHHC_01539;MEDHHC_01540;MEDHHC_01541;MEDHHC_01542;MEDHHC_01543;MEDHHC_01544;MEDHHC_01545;MEDHHC_01546;MEDHHC_01547;MEDHHC_01548;MEDHHC_01549;MEDHHC_01550;MEDHHC_01551;MEDHHC_01552;MEDHHC_01553;MEDHHC_01554;MEDHHC_01555;MEDHHC_01556;MEDHHC_01557;MEDHHC_01558;MEDHHC_01559;MEDHHC_01560;MEDHHC_01561;MEDHHC_01562;MEDHHC_01563;MEDHHC_01564;MEDHHC_01565;MEDHHC_01566;MEDHHC_01567;MEDHHC_01568	59	GTP_cyclohydroI;PT_FPPS_like;PTPS;QueE;Fer4_12	NA	NA
GCF_003382515.1	contig_3	deepBGC	Other	0.71252	NA	37971	43059	5088	gnl|Bakta|ECFGHN_00478;gnl|Bakta|ECFGHN_00479;gnl|Bakta|ECFGHN_00480;gnl|Bakta|ECFGHN_00481	4	PF02353;PF08003;PF13489;PF01596;PF13847;PF01209;PF08241;PF08242;PF13649;PF05175;PF12847;PF06325;PF01135;PF13679;PF08123;PF01555;PF00133;PF09334;PF01406;PF01588;PF08003;PF13489;PF13649;PF08241;PF08242;PF13847	NA	NA
GCF_003382515.1	contig_8	deepBGC		0.52975	NA	14569	15199	630	gnl|Bakta|ECFGHN_00665	1	PF01135;PF13847;PF13649;PF13489;PF00398	NA	NA
GCA_040861265.1	contig_15	deepBGC	Saccharide	0.71059	NA	37665	48352	10687	gnl|Bakta|EHKMNH_01272;gnl|Bakta|EHKMNH_01273;gnl|Bakta|EHKMNH_01274;gnl|Bakta|EHKMNH_01275;gnl|Bakta|EHKMNH_01276;gnl|Bakta|EHKMNH_01277;gnl|Bakta|EHKMNH_01278;gnl|Bakta|EHKMNH_01279;gnl|Bakta|EHKMNH_01280;gnl|Bakta|EHKMNH_01281;gnl|Bakta|EHKMNH_01282	11	PF02353;PF08003;PF13489;PF13847;PF01209;PF08241;PF08242;PF13649;PF05175;PF12847;PF06325;PF01135;PF13679;PF08123;PF01555;PF00133;PF09334;PF01406;PF01588;PF08003;PF13489;PF13649;PF08241;PF08242;PF13847;PF03061;PF13439;PF13579;PF00534;PF13692;PF02784;PF07927;PF15919;PF07510	NA	NA
GCA_040861265.1	contig_18	deepBGC		0.51234	NA	11320	11860	540	gnl|Bakta|EHKMNH_01388	1	PF05050	NA	NA
GCA_040861265.1	contig_18	deepBGC		0.56503	NA	16714	17344	630	gnl|Bakta|EHKMNH_01396	1	PF01135;PF00398;PF13489;PF13847;PF13649	NA	NA
GCA_040861265.1	contig_18	deepBGC	Polyketide	0.56641	NA	22525	23293	768	gnl|Bakta|EHKMNH_01403	1	PF00106;PF08659;PF01370;PF13561	NA	NA
GCA_040861265.1	contig_19	deepBGC		0.51989	NA	33538	33838	300	gnl|Bakta|EHKMNH_01446	1	PF07883	NA	NA
GCF_040821915.1	contig_42	antiSMASH	Terpene-precursor	NA	No	1	69711	69711	NA;CIBDGB_01159;CIBDGB_01160;CIBDGB_01161;CIBDGB_01162;CIBDGB_01163;CIBDGB_01166;CIBDGB_01167;CIBDGB_01168;CIBDGB_01169;CIBDGB_01170;CIBDGB_01171;CIBDGB_01172;CIBDGB_01173;CIBDGB_01174;CIBDGB_01175;CIBDGB_01176;CIBDGB_01177;CIBDGB_01178;CIBDGB_01179;CIBDGB_01180;CIBDGB_01181;CIBDGB_01182;CIBDGB_01183;CIBDGB_01184;CIBDGB_01185;CIBDGB_01186;CIBDGB_01187;CIBDGB_01188;CIBDGB_01189;CIBDGB_01190;CIBDGB_01191;CIBDGB_01192;CIBDGB_01193;CIBDGB_01194;CIBDGB_01195;CIBDGB_01196;CIBDGB_01197;CIBDGB_01198;CIBDGB_01199;CIBDGB_01200;CIBDGB_01201;CIBDGB_01205;CIBDGB_01207;CIBDGB_01208;CIBDGB_01209;CIBDGB_01210;CIBDGB_01211;CIBDGB_01212;CIBDGB_01213;CIBDGB_01214;CIBDGB_01215;CIBDGB_01216;CIBDGB_01217;CIBDGB_01218;CIBDGB_01219;CIBDGB_01220;CIBDGB_01221;CIBDGB_01222;CIBDGB_01223;CIBDGB_01224;CIBDGB_01225;CIBDGB_01226;CIBDGB_01227;CIBDGB_01228	64	QueE;Fer4_12;PTPS;PT_FPPS_like;GTP_cyclohydroI	NA	NA
GCF_014498765.1	contig_22	deepBGC		0.56422	NA	959	1262	303	gnl|Bakta|GNKDGM_01183	1	PF04956	NA	NA
GCF_014498765.1	contig_22	deepBGC	Polyketide	0.6113	NA	4310	7817	3507	gnl|Bakta|GNKDGM_01186;gnl|Bakta|GNKDGM_01187;gnl|Bakta|GNKDGM_01188;gnl|Bakta|GNKDGM_01189;gnl|Bakta|GNKDGM_01190	5	PF01039;PF03255;PF02801;PF00109;PF00550;PF14573;PF16320;PF13561;PF00106;PF08659	NA	NA
GCF_014498765.1	contig_26	deepBGC		0.51082	NA	52477	54775	2298	gnl|Bakta|GNKDGM_01556;gnl|Bakta|GNKDGM_01557	2	PF02538;PF02538	NA	NA
GCF_014498765.1	contig_3	deepBGC	Saccharide	0.81904	NA	37984	46501	8517	gnl|Bakta|GNKDGM_00319;gnl|Bakta|GNKDGM_00320;gnl|Bakta|GNKDGM_00321;gnl|Bakta|GNKDGM_00322;gnl|Bakta|GNKDGM_00323;gnl|Bakta|GNKDGM_00324;gnl|Bakta|GNKDGM_00325	7	PF02353;PF08003;PF13489;PF01596;PF13847;PF01209;PF08241;PF08242;PF13649;PF05175;PF12847;PF06325;PF01135;PF13679;PF08123;PF09334;PF00133;PF01406;PF01588;PF08003;PF13489;PF13649;PF08241;PF08242;PF13847;PF03061;PF13439;PF13579;PF00534;PF13692;PF02784	NA	NA
GCF_014498765.1	contig_4	deepBGC	RiPP	0.54301	NA	16928	17558	630	gnl|Bakta|GNKDGM_00345	1	PF01135;PF00398;PF13847;PF13649	NA	NA
GCF_014498765.1	contig_4	deepBGC	Polyketide	0.50305	NA	22856	23609	753	gnl|Bakta|GNKDGM_00353	1	PF00106;PF01370;PF08659;PF13561	NA	NA
GCA_040861485.1	contig_14	antiSMASH	Terpene-precursor	NA	No	1	50438	50438	NA;NBJPJN_01241;NBJPJN_01244;NBJPJN_01245;NBJPJN_01246;NBJPJN_01247;NBJPJN_01248;NBJPJN_01249;NBJPJN_01250;NBJPJN_01251;NBJPJN_01252;NBJPJN_01253;NBJPJN_01255;NBJPJN_01256;NBJPJN_01257;NBJPJN_01258;NBJPJN_01259;NBJPJN_01260;NBJPJN_01261;NBJPJN_01262;NBJPJN_01263;NBJPJN_01264;NBJPJN_01265;NBJPJN_01266;NBJPJN_01267;NBJPJN_01268;NBJPJN_01269;NBJPJN_01270;NBJPJN_01271;NBJPJN_01273;NBJPJN_01274;NBJPJN_01275;NBJPJN_01276;NBJPJN_01277;NBJPJN_01278;NBJPJN_01279;NBJPJN_01280;NBJPJN_01281;NBJPJN_01282;NBJPJN_01283	39	GTP_cyclohydroI;PT_FPPS_like;PTPS;QueE;Fer4_12	NA	NA
GCF_015904905.1	contig_12	deepBGC	Saccharide	0.78727	NA	37667	49269	11602	gnl|Bakta|NJBCDD_01127;gnl|Bakta|NJBCDD_01128;gnl|Bakta|NJBCDD_01129;gnl|Bakta|NJBCDD_01130;gnl|Bakta|NJBCDD_01131;gnl|Bakta|NJBCDD_01132;gnl|Bakta|NJBCDD_01133;gnl|Bakta|NJBCDD_01134;NJBCDD_01135;gnl|Bakta|NJBCDD_01136;gnl|Bakta|NJBCDD_01137	11	PF02353;PF08003;PF13489;PF01596;PF13847;PF01209;PF08241;PF08242;PF13649;PF05175;PF12847;PF06325;PF01135;PF13679;PF08123;PF00133;PF09334;PF01406;PF01588;PF08003;PF13489;PF13649;PF08241;PF08242;PF13847;PF03061;PF13439;PF13579;PF00534;PF13692;PF02784;PF07510;PF03235	NA	NA
GCF_001998385.1	contig_20	antiSMASH	Terpene-precursor	NA	No	1	9530	9530	NA;NEJGMC_01469;NEJGMC_01470;NEJGMC_01471;NEJGMC_01472;NEJGMC_01473;NEJGMC_01474;NEJGMC_01475;NEJGMC_01476;NEJGMC_01477;NEJGMC_01478;NEJGMC_01479;NEJGMC_01480;NEJGMC_01481	13	GTP_cyclohydroI;PT_FPPS_like;PTPS;QueE;Fer4_12	NA	NA
GCA_024412025.1	contig_4	antiSMASH	Terpene-precursor	NA	No	1	57164	57164	NA;ABJHIH_00448;ABJHIH_00449;ABJHIH_00450;ABJHIH_00451;ABJHIH_00452;ABJHIH_00453;ABJHIH_00454;ABJHIH_00455;ABJHIH_00456;ABJHIH_00457;ABJHIH_00458;ABJHIH_00459;ABJHIH_00460;ABJHIH_00461;ABJHIH_00462;ABJHIH_00463;ABJHIH_00464;ABJHIH_00465;ABJHIH_00466;ABJHIH_00467;ABJHIH_00468;ABJHIH_00469;ABJHIH_00471;ABJHIH_00475;ABJHIH_00476;ABJHIH_00477;ABJHIH_00478;ABJHIH_00479;ABJHIH_00480;ABJHIH_00481;ABJHIH_00482;ABJHIH_00483;ABJHIH_00484;ABJHIH_00485;ABJHIH_00486;ABJHIH_00487;ABJHIH_00488;ABJHIH_00489;ABJHIH_00490;ABJHIH_00491;ABJHIH_00492;ABJHIH_00493;ABJHIH_00494;ABJHIH_00495;ABJHIH_00496;ABJHIH_00497;ABJHIH_00498;ABJHIH_00499;ABJHIH_00500;ABJHIH_00501;ABJHIH_00502;ABJHIH_00503;ABJHIH_00504;ABJHIH_00505;ABJHIH_00506;ABJHIH_00507;ABJHIH_00508;ABJHIH_00509;ABJHIH_00510	59	GTP_cyclohydroI;PT_FPPS_like;PTPS;QueE;Fer4_12;Peptidase_M50	NA	NA
GCF_003639985.1	contig_16	deepBGC		0.50628	NA	46009	46753	744	gnl|Bakta|ILHKMK_01166	1	PF13561;PF00106;PF08659	NA	NA
GCF_003639985.1	contig_19	deepBGC		0.68897	NA	37640	46209	8569	gnl|Bakta|ILHKMK_01431;gnl|Bakta|ILHKMK_01432;gnl|Bakta|ILHKMK_01433;gnl|Bakta|ILHKMK_01434;gnl|Bakta|ILHKMK_01435;gnl|Bakta|ILHKMK_01436;gnl|Bakta|ILHKMK_01437	7	PF02353;PF08003;PF13489;PF01596;PF13847;PF01209;PF08241;PF08242;PF13649;PF05175;PF12847;PF06325;PF01135;PF13679;PF08123;PF01555;PF00133;PF09334;PF01406;PF01588;PF08003;PF13489;PF13649;PF08241;PF08242;PF13847;PF03061;PF13439;PF00534;PF13692;PF02784	NA	NA
GCF_035621875.1	contig_1	antiSMASH	Terpene-precursor	NA	Yes	404366	425277	20912	HMNNOM_00423;HMNNOM_00424;HMNNOM_00425;HMNNOM_00426;HMNNOM_00427;HMNNOM_00428;HMNNOM_00429;HMNNOM_00430;HMNNOM_00431;HMNNOM_00432;HMNNOM_00433;HMNNOM_00434;HMNNOM_00435;HMNNOM_00436;HMNNOM_00437;HMNNOM_00438	16	QueE;Fer4_12;PTPS;PT_FPPS_like;GTP_cyclohydroI	NA	NA
GCF_014498885.1	contig_12	deepBGC		0.67881	NA	37852	42946	5094	gnl|Bakta|IIPDCF_01441;gnl|Bakta|IIPDCF_01442;gnl|Bakta|IIPDCF_01443;gnl|Bakta|IIPDCF_01444	4	PF02353;PF08003;PF13489;PF13847;PF01209;PF08241;PF08242;PF13649;PF05175;PF12847;PF06325;PF01135;PF13679;PF08123;PF01555;PF09334;PF00133;PF01406;PF01588;PF08003;PF13489;PF13649;PF08241;PF08242;PF13847	NA	NA
GCF_014498885.1	contig_9	deepBGC		0.54585	NA	40077	41288	1211	gnl|Bakta|IIPDCF_01163;gnl|Bakta|IIPDCF_01164;gnl|Bakta|IIPDCF_01165	3	PF10501;PF00550;PF14573;PF16320;PF13561;PF00106;PF08659	NA	NA
GCF_014498855.1	contig_3	deepBGC		0.5246	NA	883	1102	219	gnl|Bakta|MCFADH_00279	1	PF15919	NA	NA
GCF_014498855.1	contig_3	deepBGC		0.53853	NA	1362	3210	1848	gnl|Bakta|MCFADH_00281	1	PF02784	NA	NA
GCF_014498855.1	contig_3	deepBGC	Other	0.57257	NA	4843	9932	5089	gnl|Bakta|MCFADH_00284;gnl|Bakta|MCFADH_00285;gnl|Bakta|MCFADH_00286;gnl|Bakta|MCFADH_00287	4	PF08003;PF13489;PF13847;PF08241;PF08242;PF13649;PF01588;PF09334;PF01406;PF00133;PF02353;PF08003;PF13489;PF08123;PF06325;PF01209;PF01135;PF05175;PF01596;PF13679;PF12847;PF13847;PF08241;PF08242;PF13649	NA	NA
GCF_014498755.1	contig_9	antiSMASH	Terpene-precursor	NA	No	1	8252	8252	NA;KFGEOB_00513;KFGEOB_00514;KFGEOB_00515;KFGEOB_00516;KFGEOB_00517;KFGEOB_00518;KFGEOB_00519;KFGEOB_00520;KFGEOB_00521;KFGEOB_00522;KFGEOB_00523;KFGEOB_00524	12	GTP_cyclohydroI;PT_FPPS_like;PTPS;QueE;Fer4_12	NA	NA
GCF_003639165.1	contig_34	antiSMASH	Terpene-precursor	NA	No	1	7878	7878	NA;EDBLCD_01270;EDBLCD_01271;EDBLCD_01272;EDBLCD_01273;EDBLCD_01274;EDBLCD_01275;EDBLCD_01276;EDBLCD_01277;EDBLCD_01278;EDBLCD_01279;EDBLCD_01280;EDBLCD_01281	12	GTP_cyclohydroI;PT_FPPS_like;PTPS;QueE;Fer4_12	NA	NA
GCF_014498185.1	contig_9	deepBGC		0.6867	NA	58371	65076	6705	gnl|Bakta|BGGNLA_01346;gnl|Bakta|BGGNLA_01347;gnl|Bakta|BGGNLA_01348;gnl|Bakta|BGGNLA_01349;gnl|Bakta|BGGNLA_01350;gnl|Bakta|BGGNLA_01351	6	PF02353;PF08003;PF13489;PF01596;PF13847;PF01209;PF08241;PF08242;PF13649;PF05175;PF12847;PF06325;PF01135;PF13679;PF08123;PF01555;PF09334;PF00133;PF01406;PF01588;PF08003;PF13489;PF13649;PF08241;PF08242;PF13847;PF03061;PF13439;PF00534;PF13692	NA	NA
GCF_037862155.1	contig_23	deepBGC	Other	0.62064	NA	108344	111636	3292	gnl|Bakta|DPOKNB_01271;gnl|Bakta|DPOKNB_01272	2	PF02353;PF08003;PF13489;PF01596;PF13847;PF01209;PF08241;PF08242;PF13649;PF05175;PF12847;PF06325;PF01135;PF13679;PF08123;PF01555;PF09334;PF00133;PF01406;PF01588	NA	NA
GCF_011141015.1	contig_9	deepBGC		0.59905	NA	3988	4774	786	gnl|Bakta|ANOMLN_00314	1	PF08003;PF13489;PF13847;PF08241;PF08242;PF13649	NA	NA
GCF_011141015.1	contig_9	deepBGC	Other	0.52595	NA	7886	9056	1170	gnl|Bakta|ANOMLN_00317	1	PF02353;PF08003;PF13489;PF08123;PF06325;PF01209;PF01135;PF05175;PF01596;PF13679;PF12847;PF13847;PF08241;PF08242;PF13649	NA	NA
GCA_024406865.1	contig_30	antiSMASH	Arylpolyene	NA	No	1	77108	77108	NA;JLAICG_01513;JLAICG_01514;JLAICG_01515;JLAICG_01516;JLAICG_01517;JLAICG_01518;JLAICG_01519;JLAICG_01520;JLAICG_01521;JLAICG_01522;JLAICG_01523;JLAICG_01524;JLAICG_01525;JLAICG_01526;JLAICG_01527;JLAICG_01528;JLAICG_01529;JLAICG_01530;JLAICG_01531;JLAICG_01532;JLAICG_01533;JLAICG_01534;JLAICG_01535;JLAICG_01536;JLAICG_01537;JLAICG_01538;JLAICG_01539;JLAICG_01540;JLAICG_01541;JLAICG_01542;JLAICG_01544;JLAICG_01545;JLAICG_01546;JLAICG_01547;JLAICG_01548;JLAICG_01549;JLAICG_01550;JLAICG_01551;JLAICG_01552;JLAICG_01553;JLAICG_01554;JLAICG_01555;JLAICG_01556;JLAICG_01557;JLAICG_01558;JLAICG_01559;JLAICG_01560;JLAICG_01561;JLAICG_01562;JLAICG_01563;JLAICG_01564;JLAICG_01565;JLAICG_01566;JLAICG_01567;JLAICG_01568;JLAICG_01569;JLAICG_01570;JLAICG_01571;JLAICG_01572;JLAICG_01573;JLAICG_01574;JLAICG_01575;JLAICG_01576;JLAICG_01577;JLAICG_01578;JLAICG_01579;JLAICG_01580;JLAICG_01581;JLAICG_01582;JLAICG_01583;JLAICG_01584;JLAICG_01585;JLAICG_01586;JLAICG_01587;JLAICG_01588;JLAICG_01589;JLAICG_01590;JLAICG_01591;JLAICG_01592;JLAICG_01593;JLAICG_01594;JLAICG_01595;JLAICG_01596;JLAICG_01597;JLAICG_01598;JLAICG_01599;JLAICG_01600;JLAICG_01601;JLAICG_01602	89	SPASM;adh_short;adh_short_C2;PP-binding;PP-binding_2;t2fas;APE_KS2;t2fas;TP_methylase	NA	NA
GCA_024406865.1	contig_33	antiSMASH	Terpene-precursor	NA	No	1	59042	59042	NA;JLAICG_01759;JLAICG_01760;JLAICG_01761;JLAICG_01762;JLAICG_01763;JLAICG_01764;JLAICG_01765;JLAICG_01766;JLAICG_01767;JLAICG_01768;JLAICG_01769;JLAICG_01770;JLAICG_01771;JLAICG_01772;JLAICG_01773;JLAICG_01774;JLAICG_01775;JLAICG_01776;JLAICG_01777;JLAICG_01778;JLAICG_01779;JLAICG_01780;JLAICG_01781;JLAICG_01782;JLAICG_01783;JLAICG_01784;JLAICG_01785;JLAICG_01786;JLAICG_01787;JLAICG_01788;JLAICG_01789;JLAICG_01790;JLAICG_01791;JLAICG_01792;JLAICG_01793;JLAICG_01794;JLAICG_01795;JLAICG_01796;JLAICG_01797;JLAICG_01798;JLAICG_01799;JLAICG_01800;JLAICG_01801;JLAICG_01802;JLAICG_01803;JLAICG_01804;JLAICG_01805;JLAICG_01806;JLAICG_01807;JLAICG_01808;JLAICG_01813;JLAICG_01814;JLAICG_01815;JLAICG_01816;JLAICG_01817;JLAICG_01818;JLAICG_01819;JLAICG_01820;JLAICG_01821;JLAICG_01822;JLAICG_01823;JLAICG_01824;JLAICG_01825;JLAICG_01826;JLAICG_01827;JLAICG_01828;JLAICG_01829;JLAICG_01830;JLAICG_01831;JLAICG_01832;JLAICG_01833;JLAICG_01834;JLAICG_01835;JLAICG_01836	74	QueE;Fer4_12;PTPS;PT_FPPS_like;GTP_cyclohydroI	NA	NA
GCF_011105765.1	contig_16	deepBGC		0.71178	NA	109	7772	7663	gnl|Bakta|OGFBHJ_00166;gnl|Bakta|OGFBHJ_00167;gnl|Bakta|OGFBHJ_00170;gnl|Bakta|OGFBHJ_00171;gnl|Bakta|OGFBHJ_00172;gnl|Bakta|OGFBHJ_00173;gnl|Bakta|OGFBHJ_00174	7	PF13561;PF00106;PF01370;PF08659;PF04321;PF16363;PF01370;PF02719;PF08659;PF01073;PF07993;PF13460;PF01416;PF03739;PF01135;PF13847;PF13649;PF00398;PF00268	NA	NA
GCF_011105765.1	contig_58	deepBGC		0.54678	NA	7789	8560	771	gnl|Bakta|OGFBHJ_00980	1	PF01501	NA	NA
GCF_011105765.1	contig_9	deepBGC		0.63834	NA	3167	8255	5088	gnl|Bakta|OGFBHJ_00097;gnl|Bakta|OGFBHJ_00098;gnl|Bakta|OGFBHJ_00099;gnl|Bakta|OGFBHJ_00100	4	PF02353;PF08003;PF13489;PF13847;PF01209;PF08241;PF08242;PF13649;PF05175;PF12847;PF06325;PF01135;PF13679;PF08123;PF01555;PF09334;PF00133;PF01406;PF01588;PF08003;PF13489;PF13649;PF08241;PF08242;PF13847	NA	NA
GCF_040820825.1	contig_103	deepBGC		0.5428	NA	77	1475	1398	gnl|Bakta|BOBCKJ_01548	1	PF02521	NA	NA
GCF_040820825.1	contig_2	deepBGC		0.67243	NA	298	3025	2727	gnl|Bakta|BOBCKJ_00006;gnl|Bakta|BOBCKJ_00007;BOBCKJ_00008;gnl|Bakta|BOBCKJ_00009;gnl|Bakta|BOBCKJ_00010;gnl|Bakta|BOBCKJ_00011	6	PF07714;PF00069;PF13672;PF00092;PF13519	NA	NA
GCF_040820825.1	contig_27	deepBGC		0.6207	NA	485	16661	16176	gnl|Bakta|BOBCKJ_00496;gnl|Bakta|BOBCKJ_00497;gnl|Bakta|BOBCKJ_00498;gnl|Bakta|BOBCKJ_00499;gnl|Bakta|BOBCKJ_00500;gnl|Bakta|BOBCKJ_00501;gnl|Bakta|BOBCKJ_00502;gnl|Bakta|BOBCKJ_00503;gnl|Bakta|BOBCKJ_00504;gnl|Bakta|BOBCKJ_00505;gnl|Bakta|BOBCKJ_00506;gnl|Bakta|BOBCKJ_00507;gnl|Bakta|BOBCKJ_00508;gnl|Bakta|BOBCKJ_00509;gnl|Bakta|BOBCKJ_00510;gnl|Bakta|BOBCKJ_00511;gnl|Bakta|BOBCKJ_00512	17	PF04263;PF04973;PF03070;PF04264;PF03767;PF13419;PF13344;PF01075;PF01075;PF09233;PF02350;PF01075;PF04715;PF00425;PF00117;PF07722;PF02885;PF00591;PF00218;PF00697;PF00291;PF00290	NA	NA
GCF_040820825.1	contig_58	deepBGC		0.59291	NA	2954	3752	798	gnl|Bakta|BOBCKJ_01077	1	PF08003;PF13489;PF13649;PF08241;PF08242;PF13847	NA	NA
GCF_040820825.1	contig_61	deepBGC		0.8901	NA	1078	9839	8761	gnl|Bakta|BOBCKJ_01103;gnl|Bakta|BOBCKJ_01105;gnl|Bakta|BOBCKJ_01106;gnl|Bakta|BOBCKJ_01107;gnl|Bakta|BOBCKJ_01108;gnl|Bakta|BOBCKJ_01109;gnl|Bakta|BOBCKJ_01112;gnl|Bakta|BOBCKJ_01113	8	PF01041;PF00155;PF01053;PF00266;PF00268;PF01135;PF00398;PF13489;PF13847;PF13649;PF03739;PF01416;PF16363;PF01370;PF07993;PF04321;PF02719;PF01073;PF13460;PF08659;PF00106;PF00106;PF08659;PF13561	NA	NA
GCF_040820825.1	contig_75	deepBGC		0.64901	NA	5350	6343	993	gnl|Bakta|BOBCKJ_01314	1	PF00108;PF00195;PF07451;PF08545;PF08541	NA	NA
GCF_040820825.1	contig_88	deepBGC		0.53718	NA	1030	4148	3118	gnl|Bakta|BOBCKJ_01445;gnl|Bakta|BOBCKJ_01446;gnl|Bakta|BOBCKJ_01447;gnl|Bakta|BOBCKJ_01448	4	PF02569;PF00215;PF00484;PF00793	NA	NA
GCF_040820825.1	contig_94	deepBGC	Other	0.63585	NA	203	1373	1170	gnl|Bakta|BOBCKJ_01477	1	PF01555;PF02353;PF13489;PF08123;PF08003;PF01209;PF06325;PF01135;PF05175;PF01596;PF12847;PF13679;PF13847;PF08241;PF08242;PF13649	NA	NA
GCF_015904915.1	contig_28	antiSMASH	Terpene-precursor	NA	No	1	8976	8976	NA;FLCPFP_01597;FLCPFP_01598;FLCPFP_01599;FLCPFP_01600;FLCPFP_01601;FLCPFP_01602;FLCPFP_01603;FLCPFP_01604;FLCPFP_01605;FLCPFP_01606;FLCPFP_01607;FLCPFP_01608	12	QueE;Fer4_12;PTPS;PT_FPPS_like;GTP_cyclohydroI	NA	NA
GCF_015904385.1	contig_15	antiSMASH	Terpene-precursor	NA	No	1	59881	59881	NA;GGEGLA_01328;GGEGLA_01329;GGEGLA_01330;GGEGLA_01331;GGEGLA_01332;GGEGLA_01333;GGEGLA_01334;GGEGLA_01335;GGEGLA_01336;GGEGLA_01337;GGEGLA_01338;GGEGLA_01339;GGEGLA_01340;GGEGLA_01341;GGEGLA_01342;GGEGLA_01343;GGEGLA_01344;GGEGLA_01345;GGEGLA_01346;GGEGLA_01347;GGEGLA_01348;GGEGLA_01349;GGEGLA_01354;GGEGLA_01355;GGEGLA_01356;GGEGLA_01357;GGEGLA_01358;GGEGLA_01359;GGEGLA_01360;GGEGLA_01361;GGEGLA_01362;GGEGLA_01363;GGEGLA_01364;GGEGLA_01365;GGEGLA_01366;GGEGLA_01367;GGEGLA_01368;GGEGLA_01369;GGEGLA_01370;GGEGLA_01371;GGEGLA_01372;GGEGLA_01373;GGEGLA_01374;GGEGLA_01375;GGEGLA_01376;GGEGLA_01377;GGEGLA_01378;GGEGLA_01379;GGEGLA_01380;GGEGLA_01381;GGEGLA_01382;GGEGLA_01383;GGEGLA_01384;GGEGLA_01385;GGEGLA_01386;GGEGLA_01387;GGEGLA_01388;GGEGLA_01389;GGEGLA_01390;GGEGLA_01391;GGEGLA_01392;GGEGLA_01393;GGEGLA_01394;GGEGLA_01395;GGEGLA_01396	65	GTP_cyclohydroI;PT_FPPS_like;PTPS;QueE;Fer4_12	NA	NA
GCA_040861345.1	contig_10	deepBGC	Saccharide	0.66043	NA	37950	46518	8568	gnl|Bakta|DKGOPN_01245;gnl|Bakta|DKGOPN_01246;gnl|Bakta|DKGOPN_01247;gnl|Bakta|DKGOPN_01248;gnl|Bakta|DKGOPN_01249;gnl|Bakta|DKGOPN_01250;gnl|Bakta|DKGOPN_01251	7	PF02353;PF08003;PF13489;PF01596;PF13847;PF01209;PF08241;PF08242;PF13649;PF05175;PF12847;PF06325;PF01135;PF13679;PF08123;PF01555;PF09334;PF00133;PF01406;PF01588;PF08003;PF13489;PF13649;PF08241;PF08242;PF13847;PF03061;PF13439;PF13579;PF00534;PF13692;PF02784	NA	NA
GCA_024406955.1	contig_1	deepBGC		0.58515	NA	47185	48415	1230	gnl|Bakta|HNJJMM_00054;gnl|Bakta|HNJJMM_00055;gnl|Bakta|HNJJMM_00056	3	PF01209;PF13489;PF13847;PF08241;PF08242;PF13649;PF01209;PF03653;PF05425	NA	NA
GCA_024406955.1	contig_15	deepBGC		0.57968	NA	2	3795	3793	gnl|Bakta|HNJJMM_00915;gnl|Bakta|HNJJMM_00916;gnl|Bakta|HNJJMM_00917;gnl|Bakta|HNJJMM_00918;gnl|Bakta|HNJJMM_00919;gnl|Bakta|HNJJMM_00920;gnl|Bakta|HNJJMM_00921	7	PF13651;PF13651;PF01501;PF01501;PF01715;PF02410;PF14489;PF14819	NA	NA
GCA_024406955.1	contig_17	deepBGC		0.65747	NA	110507	114265	3758	HNJJMM_01209;gnl|Bakta|HNJJMM_01210;gnl|Bakta|HNJJMM_01211;gnl|Bakta|HNJJMM_01212;gnl|Bakta|HNJJMM_01213	5	PF09334;PF00133;PF01406;PF09334;PF00133;PF01406;PF01588;PF08003;PF13847;PF08003;PF13847;PF08242;PF13489;PF08241	NA	NA
GCF_014498605.1	contig_18	deepBGC	RiPP	0.71575	NA	2	13585	13583	gnl|Bakta|GCAJKO_00906;gnl|Bakta|GCAJKO_00907;gnl|Bakta|GCAJKO_00908;gnl|Bakta|GCAJKO_00909;gnl|Bakta|GCAJKO_00910;gnl|Bakta|GCAJKO_00911;gnl|Bakta|GCAJKO_00912;gnl|Bakta|GCAJKO_00913;gnl|Bakta|GCAJKO_00914;gnl|Bakta|GCAJKO_00915;gnl|Bakta|GCAJKO_00916;gnl|Bakta|GCAJKO_00917	12	PF09972;PF06522;PF06305;PF06156;PF02463;PF13175;PF00005;PF13304;PF13575;PF01051;PF02661;PF02624;PF00881;PF02463;PF00005;PF13555;PF13476;PF03193;PF13191;PF13304;PF02492;PF01926	NA	NA
GCF_014498605.1	contig_7	deepBGC	Saccharide	0.77626	NA	37594	49164	11570	gnl|Bakta|GCAJKO_00473;gnl|Bakta|GCAJKO_00474;gnl|Bakta|GCAJKO_00475;gnl|Bakta|GCAJKO_00476;gnl|Bakta|GCAJKO_00477;gnl|Bakta|GCAJKO_00478;gnl|Bakta|GCAJKO_00479;gnl|Bakta|GCAJKO_00480;gnl|Bakta|GCAJKO_00481;gnl|Bakta|GCAJKO_00482	10	PF02353;PF08003;PF13489;PF01596;PF13847;PF01209;PF08241;PF08242;PF13649;PF05175;PF12847;PF06325;PF01135;PF13679;PF08123;PF09334;PF00133;PF01406;PF01588;PF08003;PF13489;PF13649;PF08241;PF08242;PF05219;PF13847;PF03061;PF13439;PF13579;PF00534;PF13692;PF02784;PF07510;PF16849;PF03235	NA	NA
GCF_011174935.1	contig_19	antiSMASH	Terpene-precursor	NA	No	1	16913	16913	NA;LLCFHG_00803;LLCFHG_00804;LLCFHG_00805;LLCFHG_00806;LLCFHG_00807;LLCFHG_00808;LLCFHG_00809;LLCFHG_00810;LLCFHG_00811;LLCFHG_00812;LLCFHG_00813;LLCFHG_00814;LLCFHG_00815;LLCFHG_00816;LLCFHG_00817;LLCFHG_00818;LLCFHG_00819;LLCFHG_00820;LLCFHG_00821	19	QueE;Fer4_12;PTPS;PT_FPPS_like;GTP_cyclohydroI	NA	NA
GCA_024406735.1	contig_8	deepBGC	Other	0.63296	NA	37669	42772	5103	gnl|Bakta|NKLNIL_00643;gnl|Bakta|NKLNIL_00644;gnl|Bakta|NKLNIL_00645;gnl|Bakta|NKLNIL_00646	4	PF02353;PF08003;PF13489;PF01596;PF13847;PF01209;PF08241;PF08242;PF13649;PF05175;PF12847;PF06325;PF01135;PF13679;PF08123;PF01555;PF00133;PF09334;PF01406;PF01588;PF08003;PF13489;PF13649;PF08241;PF08242;PF13847	NA	NA
GCA_024411995.1	contig_8	antiSMASH	Terpene-precursor	NA	No	1	8904	8904	NA;MKIAMM_00349;MKIAMM_00351;MKIAMM_00352;MKIAMM_00353;MKIAMM_00354;MKIAMM_00355;MKIAMM_00356;MKIAMM_00357;MKIAMM_00358;MKIAMM_00359;MKIAMM_00360	11	GTP_cyclohydroI;PT_FPPS_like;PTPS;QueE;Fer4_12	NA	NA
GCF_011140825.1	contig_36	antiSMASH	Terpene-precursor	NA	No	1	8993	8993	NA;OIKBDC_01205;OIKBDC_01206;OIKBDC_01207;OIKBDC_01208;OIKBDC_01209;OIKBDC_01210;OIKBDC_01211;OIKBDC_01212;OIKBDC_01213;OIKBDC_01214;OIKBDC_01215;OIKBDC_01216	12	QueE;Fer4_12;PTPS;PT_FPPS_like;GTP_cyclohydroI	NA	NA
GCF_011105805.1	contig_23	antiSMASH	Terpene-precursor	NA	No	1	6393	6393	NA;IHNJPD_00215;IHNJPD_00216;IHNJPD_00217;IHNJPD_00218;IHNJPD_00219;IHNJPD_00220;IHNJPD_00221;IHNJPD_00222	8	GTP_cyclohydroI;PT_FPPS_like;PTPS;QueE;Fer4_12	NA	NA
GCA_040862205.1	contig_6	antiSMASH	Terpene-precursor	NA	Yes	49190	70104	20915	NA;JDFPEA_01091;JDFPEA_01092;JDFPEA_01093;JDFPEA_01094;JDFPEA_01095;JDFPEA_01096;JDFPEA_01097;JDFPEA_01098;JDFPEA_01099;JDFPEA_01100;JDFPEA_01101;JDFPEA_01102;JDFPEA_01103;JDFPEA_01104;JDFPEA_01105;JDFPEA_01106;JDFPEA_01107;JDFPEA_01108;JDFPEA_01109	19	GTP_cyclohydroI;PT_FPPS_like;PTPS;QueE;Fer4_12	NA	NA
GCF_001998405.1	contig_11	deepBGC		0.7265	NA	2	20375	20373	gnl|Bakta|LLGELK_00602;gnl|Bakta|LLGELK_00603;gnl|Bakta|LLGELK_00604;gnl|Bakta|LLGELK_00605;gnl|Bakta|LLGELK_00606;gnl|Bakta|LLGELK_00607;gnl|Bakta|LLGELK_00608;gnl|Bakta|LLGELK_00609;gnl|Bakta|LLGELK_00610;gnl|Bakta|LLGELK_00611;gnl|Bakta|LLGELK_00614;gnl|Bakta|LLGELK_00615;gnl|Bakta|LLGELK_00616;gnl|Bakta|LLGELK_00617;gnl|Bakta|LLGELK_00618;gnl|Bakta|LLGELK_00620;gnl|Bakta|LLGELK_00621;gnl|Bakta|LLGELK_00622;gnl|Bakta|LLGELK_00623;gnl|Bakta|LLGELK_00624	20	PF01501;PF00107;PF03446;PF02826;PF01262;PF08240;PF02685;PF01182;PF02781;PF00479;PF00920;PF01081;PF07719;PF00515;PF08238;PF13561;PF00106;PF08659;PF01370;PF04321;PF16363;PF01370;PF02719;PF08659;PF00106;PF01073;PF07993;PF13460;PF01416;PF03739;PF01135;PF13847;PF13649;PF00398;PF00268;PF01041;PF00266;PF00155;PF01053;PF05050	NA	NA
GCF_001998405.1	contig_18	deepBGC		0.61088	NA	43406	44603	1197	gnl|Bakta|LLGELK_01227;gnl|Bakta|LLGELK_01228	2	PF01209;PF13489;PF13847;PF08241;PF08242;PF13649;PF03653;PF05425	NA	NA
GCF_001998405.1	contig_2	deepBGC	Saccharide	0.72891	NA	38854	50941	12087	gnl|Bakta|LLGELK_00095;gnl|Bakta|LLGELK_00096;gnl|Bakta|LLGELK_00097;gnl|Bakta|LLGELK_00098;gnl|Bakta|LLGELK_00099;gnl|Bakta|LLGELK_00100;gnl|Bakta|LLGELK_00101;gnl|Bakta|LLGELK_00102;gnl|Bakta|LLGELK_00103;gnl|Bakta|LLGELK_00104	10	PF02353;PF08003;PF13489;PF01596;PF13847;PF01209;PF08241;PF08242;PF13649;PF05175;PF12847;PF06325;PF01135;PF13679;PF08123;PF00133;PF09334;PF01406;PF01588;PF08003;PF13489;PF13649;PF08241;PF08242;PF13847;PF03061;PF13439;PF13579;PF00534;PF13692;PF02784;PF15919;PF07510;PF03235	NA	NA
GCF_011140485.1	contig_12	deepBGC		0.51152	NA	753	1407	654	gnl|Bakta|LPOMKC_00341	1	PF03070	NA	NA
GCF_011140485.1	contig_6	deepBGC		0.52265	NA	699	3251	2552	gnl|Bakta|LPOMKC_00092;gnl|Bakta|LPOMKC_00093;gnl|Bakta|LPOMKC_00094	3	PF00692;PF06062;PF00364;PF00289;PF15632;PF08443;PF02655;PF02786;PF02222;PF07478;PF02785	NA	NA
GCF_011140485.1	contig_6	deepBGC		0.65546	NA	8033	19262	11229	gnl|Bakta|LPOMKC_00102;gnl|Bakta|LPOMKC_00103;gnl|Bakta|LPOMKC_00104;gnl|Bakta|LPOMKC_00105;gnl|Bakta|LPOMKC_00108;gnl|Bakta|LPOMKC_00109;gnl|Bakta|LPOMKC_00110;gnl|Bakta|LPOMKC_00111;gnl|Bakta|LPOMKC_00112;gnl|Bakta|LPOMKC_00113	10	PF01135;PF00398;PF13847;PF13649;PF03739;PF01416;PF16363;PF01370;PF07993;PF04321;PF02719;PF13460;PF01073;PF08659;PF00106;PF00106;PF08659;PF13561;PF08238;PF07719;PF01081;PF00920;PF00479;PF02781	NA	NA
GCF_011140485.1	contig_6	deepBGC	NRP	0.61631	NA	21114	22934	1820	gnl|Bakta|LPOMKC_00116;gnl|Bakta|LPOMKC_00117	2	PF08240;PF02826;PF01262;PF03446;PF00107;PF01501	NA	NA
GCF_011140485.1	contig_9	deepBGC		0.6281	NA	4265	5063	798	gnl|Bakta|LPOMKC_00186	1	PF08003;PF13489;PF13847;PF08241;PF08242;PF13649	NA	NA
GCF_003639445.1	contig_22	deepBGC		0.74786	NA	37680	46246	8566	gnl|Bakta|LNOJAE_01440;gnl|Bakta|LNOJAE_01441;gnl|Bakta|LNOJAE_01442;gnl|Bakta|LNOJAE_01443;gnl|Bakta|LNOJAE_01444;gnl|Bakta|LNOJAE_01445;gnl|Bakta|LNOJAE_01446	7	PF02353;PF08003;PF13489;PF01596;PF13847;PF01209;PF08241;PF08242;PF13649;PF05175;PF12847;PF06325;PF01135;PF13679;PF08123;PF01555;PF00133;PF09334;PF01406;PF01588;PF08003;PF13489;PF13649;PF08241;PF08242;PF13847;PF03061;PF13439;PF00534;PF13692;PF02784	NA	NA
GCF_003639445.1	contig_3	deepBGC		0.52252	NA	5107	5407	300	gnl|Bakta|LNOJAE_00553	1	PF07883	NA	NA
GCF_003639445.1	contig_6	deepBGC		0.54849	NA	14737	15367	630	gnl|Bakta|LNOJAE_00653	1	PF01135;PF13847;PF13649;PF13489;PF00398	NA	NA
GCA_024406665.1	contig_9	antiSMASH	Terpene-precursor	NA	No	1	8406	8406	NA;LKHPLJ_00506;LKHPLJ_00507;LKHPLJ_00509;LKHPLJ_00510;LKHPLJ_00511;LKHPLJ_00512;LKHPLJ_00513;LKHPLJ_00514;LKHPLJ_00515;LKHPLJ_00516;LKHPLJ_00517;LKHPLJ_00518	12	GTP_cyclohydroI;PT_FPPS_like;PTPS;QueE;Fer4_12	NA	NA
GCF_011140485	contig_22	GECCO	Unknown	0.9946316123208524	NA	97607	100977	3370	contig_22_100;contig_22_96;contig_22_97;contig_22_98;contig_22_99	5	PF01041;PF06306;PF06306	NA	IPR010446;IPR010446;IPR000653
GCA_024412315.1	contig_27	antiSMASH	Terpene-precursor	NA	No	1	9391	9391	NA;PCDMDN_01056;PCDMDN_01057;PCDMDN_01058;PCDMDN_01059;PCDMDN_01060;PCDMDN_01061;PCDMDN_01062;PCDMDN_01063;PCDMDN_01064;PCDMDN_01065;PCDMDN_01066;PCDMDN_01067;PCDMDN_01068	13	QueE;Fer4_12;PTPS;PT_FPPS_like;GTP_cyclohydroI	NA	NA
GCA_024413025.1	contig_20	antiSMASH	Terpene-precursor	NA	No	1	7981	7981	NA;BEBJAJ_00909;BEBJAJ_00910;BEBJAJ_00911;BEBJAJ_00912;BEBJAJ_00913;BEBJAJ_00914;BEBJAJ_00915;BEBJAJ_00916;BEBJAJ_00917;BEBJAJ_00918;BEBJAJ_00919	11	QueE;Fer4_12;PTPS;PT_FPPS_like;GTP_cyclohydroI	NA	NA
GCA_024406385.1	contig_19	deepBGC		0.56755	NA	2445	3231	786	gnl|Bakta|DKKHNK_00869	1	PF08003;PF13489;PF13649;PF08241;PF08242;PF13847	NA	NA
GCF_015904475.1	contig_29	deepBGC	Terpene	0.53041	NA	2	1349	1347	gnl|Bakta|MFACDB_00402	1	PF02913;PF01565	NA	NA
GCF_015904475.1	contig_29	deepBGC		0.52249	NA	2926	4984	2058	gnl|Bakta|MFACDB_00406;gnl|Bakta|MFACDB_00407;gnl|Bakta|MFACDB_00408	3	PF04055;PF00034;PF13442;PF00293	NA	NA
GCF_015904475.1	contig_32	deepBGC		0.55816	NA	3413	4424	1011	gnl|Bakta|MFACDB_00424	1	PF01501	NA	NA
GCF_015904475.1	contig_34	deepBGC		0.66429	NA	17579	29698	12119	gnl|Bakta|MFACDB_00448;gnl|Bakta|MFACDB_00449;gnl|Bakta|MFACDB_00450;gnl|Bakta|MFACDB_00451;gnl|Bakta|MFACDB_00452;gnl|Bakta|MFACDB_00453;gnl|Bakta|MFACDB_00454;gnl|Bakta|MFACDB_00455;gnl|Bakta|MFACDB_00456;gnl|Bakta|MFACDB_00457;gnl|Bakta|MFACDB_00458	11	PF02353;PF08003;PF13489;PF13847;PF01209;PF08241;PF08242;PF13649;PF05175;PF12847;PF06325;PF01135;PF13679;PF08123;PF01555;PF09334;PF00133;PF01406;PF01588;PF08003;PF13489;PF13649;PF08241;PF08242;PF13847;PF03061;PF13439;PF00534;PF13692;PF02784;PF07927;PF15919;PF07510;PF03235	NA	NA
GCF_015904475.1	contig_36	deepBGC	Polyketide	0.55452	NA	40	3784	3744	gnl|Bakta|MFACDB_00548;gnl|Bakta|MFACDB_00549;gnl|Bakta|MFACDB_00550	3	PF14667;PF01554;PF07690;PF00083;PF00194	NA	NA
GCF_015904475.1	contig_39	deepBGC		0.50244	NA	221	776	555	gnl|Bakta|MFACDB_00584	1	PF01558	NA	NA
GCF_015904475.1	contig_4	deepBGC		0.60777	NA	7712	8756	1044	gnl|Bakta|MFACDB_00069;gnl|Bakta|MFACDB_00070	2	PF01135;PF00398;PF13489;PF13847;PF13649;PF03739	NA	NA
GCF_015904475.1	contig_65	deepBGC		0.52704	NA	1316	3860	2544	gnl|Bakta|MFACDB_01123;gnl|Bakta|MFACDB_01124;gnl|Bakta|MFACDB_01125	3	PF00389;PF02826;PF00670;PF01531	NA	NA
GCF_015904475.1	contig_81	deepBGC		0.57932	NA	2	134	132	gnl|Bakta|MFACDB_01453	1	PF00550;PF16320	NA	NA
GCF_015904475.1	contig_89	deepBGC		0.57499	NA	0	2759	2759	gnl|Bakta|MFACDB_01568;gnl|Bakta|MFACDB_01569	2	PF03797;PF01061	NA	NA
GCF_001998385.1	contig_7	deepBGC		0.55148	NA	7213	8011	798	gnl|Bakta|NEJGMC_00494	1	PF08003;PF13489;PF13847;PF08241;PF08242;PF13649	NA	NA
GCF_011140415.1	contig_9	antiSMASH	Terpene-precursor	NA	No	1	8081	8081	NA;AOANDE_00159;AOANDE_00160;AOANDE_00161;AOANDE_00162;AOANDE_00163;AOANDE_00164;AOANDE_00165;AOANDE_00166;AOANDE_00167;AOANDE_00168;AOANDE_00169	11	GTP_cyclohydroI;PT_FPPS_like;PTPS;QueE;Fer4_12	NA	NA
GCA_040861225.1	contig_6	deepBGC		0.62955	NA	70491	76776	6285	gnl|Bakta|NDJLNA_01277;gnl|Bakta|NDJLNA_01278;gnl|Bakta|NDJLNA_01279;gnl|Bakta|NDJLNA_01280;gnl|Bakta|NDJLNA_01283;gnl|Bakta|NDJLNA_01284	6	PF01135;PF00398;PF13489;PF13847;PF13649;PF03739;PF01416;PF16363;PF01370;PF07993;PF04321;PF02719;PF01073;PF13460;PF08659;PF00106;PF08659;PF01370;PF13561	NA	NA
GCA_040862145.1	contig_16	deepBGC		0.57732	NA	1124	3465	2341	gnl|Bakta|PBJBNJ_01321;gnl|Bakta|PBJBNJ_01322;gnl|Bakta|PBJBNJ_01323;gnl|Bakta|PBJBNJ_01324;gnl|Bakta|PBJBNJ_01325;gnl|Bakta|PBJBNJ_01326	6	PF00092;PF13519;PF13672;PF13672;PF07714;PF01636	NA	NA
GCA_040862145.1	contig_3	deepBGC		0.56054	NA	16755	19803	3048	gnl|Bakta|PBJBNJ_00326;gnl|Bakta|PBJBNJ_00327;gnl|Bakta|PBJBNJ_00328;gnl|Bakta|PBJBNJ_00329;gnl|Bakta|PBJBNJ_00330	5	PF02668;PF07173;PF02130;PF00258;PF12641;PF12724;PF09335	NA	NA
GCA_040862145.1	contig_3	deepBGC		0.54224	NA	20142	22282	2140	gnl|Bakta|PBJBNJ_00332;gnl|Bakta|PBJBNJ_00333	2	PF07992;PF12831;PF03486;PF00890;PF01494;PF13738;PF13450;PF13434;PF00070;PF07690;PF13347;PF12832	NA	NA
GCA_024407375.1	contig_24	deepBGC		0.50329	NA	930	2037	1107	gnl|Bakta|NOKJOP_01097	1	PF01501	NA	NA
GCA_024407375.1	contig_5	deepBGC		0.75033	NA	37754	46334	8580	gnl|Bakta|NOKJOP_00415;gnl|Bakta|NOKJOP_00416;gnl|Bakta|NOKJOP_00417;gnl|Bakta|NOKJOP_00418;gnl|Bakta|NOKJOP_00419;gnl|Bakta|NOKJOP_00420;gnl|Bakta|NOKJOP_00421	7	PF02353;PF08003;PF13489;PF01596;PF13847;PF01209;PF08241;PF08242;PF13649;PF05175;PF12847;PF06325;PF01135;PF13679;PF08123;PF01555;PF00133;PF09334;PF01406;PF01588;PF08003;PF13489;PF13649;PF08241;PF08242;PF13847;PF03061;PF13439;PF00534;PF13692;PF02784	NA	NA
GCA_024407375.1	contig_9	deepBGC		0.5012	NA	33229	33529	300	gnl|Bakta|NOKJOP_00579	1	PF07883	NA	NA
GCF_040821505.1	contig_41	deepBGC		0.50262	NA	189	993	804	gnl|Bakta|OJFBED_01126	1	PF08843	NA	NA
GCF_040821505.1	contig_46	deepBGC		0.50276	NA	16989	17619	630	gnl|Bakta|OJFBED_01323	1	PF01135;PF13847;PF13649;PF00398;PF13489	NA	NA
GCF_040821505.1	contig_46	deepBGC	Saccharide	0.74897	NA	71795	80375	8580	gnl|Bakta|OJFBED_01378;gnl|Bakta|OJFBED_01379;gnl|Bakta|OJFBED_01380;gnl|Bakta|OJFBED_01381;gnl|Bakta|OJFBED_01382;gnl|Bakta|OJFBED_01383;gnl|Bakta|OJFBED_01384	7	PF02353;PF08003;PF13489;PF01596;PF13847;PF01209;PF08241;PF08242;PF13649;PF05175;PF12847;PF06325;PF01135;PF13679;PF08123;PF01555;PF00133;PF09334;PF01406;PF01588;PF08003;PF13489;PF13649;PF08241;PF08242;PF13847;PF03061;PF13439;PF13579;PF00534;PF13692;PF02784	NA	NA
GCF_040821505.1	contig_9	deepBGC		0.56496	NA	33473	34746	1273	gnl|Bakta|OJFBED_00396;gnl|Bakta|OJFBED_00397;gnl|Bakta|OJFBED_00398	3	PF07883;PF02492	NA	NA
GCF_015904725.1	contig_10	deepBGC		0.74468	NA	37738	49334	11596	gnl|Bakta|DMJMOO_00900;gnl|Bakta|DMJMOO_00901;gnl|Bakta|DMJMOO_00902;gnl|Bakta|DMJMOO_00903;gnl|Bakta|DMJMOO_00904;gnl|Bakta|DMJMOO_00905;gnl|Bakta|DMJMOO_00906;gnl|Bakta|DMJMOO_00907;gnl|Bakta|DMJMOO_00908	9	PF02353;PF08003;PF13489;PF13847;PF01209;PF08241;PF08242;PF13649;PF05175;PF12847;PF06325;PF01135;PF13679;PF08123;PF00133;PF09334;PF01406;PF01588;PF08003;PF13489;PF13649;PF08241;PF08242;PF13847;PF03061;PF13439;PF00534;PF13692;PF02784;PF07510;PF03235	NA	NA
GCF_024214055.1	contig_27	antiSMASH	Terpene-precursor	NA	No	1	60925	60925	NA;MGFAFI_01551;MGFAFI_01552;MGFAFI_01553;MGFAFI_01554;MGFAFI_01555;MGFAFI_01556;MGFAFI_01557;MGFAFI_01558;MGFAFI_01559;MGFAFI_01560;MGFAFI_01561;MGFAFI_01562;MGFAFI_01563;MGFAFI_01564;MGFAFI_01565;MGFAFI_01566;MGFAFI_01567;MGFAFI_01568;MGFAFI_01569;MGFAFI_01570;MGFAFI_01575;MGFAFI_01576;MGFAFI_01577;MGFAFI_01578;MGFAFI_01579;MGFAFI_01580;MGFAFI_01581;MGFAFI_01582;MGFAFI_01583;MGFAFI_01584;MGFAFI_01585;MGFAFI_01586;MGFAFI_01587;MGFAFI_01588;MGFAFI_01589;MGFAFI_01590;MGFAFI_01591;MGFAFI_01592;MGFAFI_01593;MGFAFI_01594;MGFAFI_01595;MGFAFI_01596;MGFAFI_01597;MGFAFI_01598;MGFAFI_01599;MGFAFI_01600;MGFAFI_01601;MGFAFI_01602;MGFAFI_01603;MGFAFI_01604;MGFAFI_01605;MGFAFI_01606;MGFAFI_01607;MGFAFI_01608;MGFAFI_01609;MGFAFI_01610;MGFAFI_01611;MGFAFI_01612;MGFAFI_01613;MGFAFI_01614	60	GTP_cyclohydroI;PT_FPPS_like;PTPS;QueE;Fer4_12	NA	NA
GCA_024407335.1	contig_25	deepBGC		0.50329	NA	942	2049	1107	gnl|Bakta|FAALNF_00966	1	PF01501	NA	NA
GCA_024407335.1	contig_3	deepBGC		0.75174	NA	37703	46271	8568	gnl|Bakta|FAALNF_00261;gnl|Bakta|FAALNF_00262;gnl|Bakta|FAALNF_00263;gnl|Bakta|FAALNF_00264;gnl|Bakta|FAALNF_00265;gnl|Bakta|FAALNF_00266;gnl|Bakta|FAALNF_00267	7	PF02353;PF08003;PF13489;PF01596;PF13847;PF01209;PF08241;PF08242;PF13649;PF05175;PF12847;PF06325;PF01135;PF13679;PF08123;PF01555;PF00133;PF09334;PF01406;PF01588;PF08003;PF13489;PF13649;PF08241;PF08242;PF13847;PF03061;PF13439;PF00534;PF13692;PF02784	NA	NA
GCF_037861775.1	contig_10	antiSMASH	Terpene-precursor	NA	No	1	64241	64241	NA;JJGCLB_01008;JJGCLB_01009;JJGCLB_01010;JJGCLB_01011;JJGCLB_01012;JJGCLB_01013;JJGCLB_01014;JJGCLB_01015;JJGCLB_01016;JJGCLB_01017;JJGCLB_01018;JJGCLB_01019;JJGCLB_01020;JJGCLB_01021;JJGCLB_01022;JJGCLB_01023;JJGCLB_01024;JJGCLB_01025;JJGCLB_01026;JJGCLB_01027;JJGCLB_01028;JJGCLB_01033;JJGCLB_01034;JJGCLB_01035;JJGCLB_01036;JJGCLB_01037;JJGCLB_01038;JJGCLB_01039;JJGCLB_01040;JJGCLB_01041;JJGCLB_01042;JJGCLB_01043;JJGCLB_01044;JJGCLB_01045;JJGCLB_01046;JJGCLB_01047;JJGCLB_01048;JJGCLB_01049;JJGCLB_01050;JJGCLB_01051;JJGCLB_01052;JJGCLB_01053;JJGCLB_01054;JJGCLB_01055;JJGCLB_01056;JJGCLB_01057;JJGCLB_01058;JJGCLB_01059;JJGCLB_01060;JJGCLB_01061;JJGCLB_01062;JJGCLB_01063;JJGCLB_01064;JJGCLB_01065;JJGCLB_01066;JJGCLB_01067;JJGCLB_01068;JJGCLB_01069;JJGCLB_01070;JJGCLB_01071;JJGCLB_01072;JJGCLB_01073;JJGCLB_01074;JJGCLB_01075	64	GTP_cyclohydroI;PT_FPPS_like;PTPS;QueE;Fer4_12	NA	NA
GCA_024413005.1	contig_2	antiSMASH	Terpene-precursor	NA	No	1	67082	67082	NA;MHLJAH_00229;MHLJAH_00230;MHLJAH_00231;MHLJAH_00232;MHLJAH_00233;MHLJAH_00234;MHLJAH_00235;MHLJAH_00236;MHLJAH_00237;MHLJAH_00238;MHLJAH_00239;MHLJAH_00240;MHLJAH_00241;MHLJAH_00242;MHLJAH_00243;MHLJAH_00244;MHLJAH_00245;MHLJAH_00246;MHLJAH_00247;MHLJAH_00248;MHLJAH_00249;MHLJAH_00250;MHLJAH_00251;MHLJAH_00252;MHLJAH_00253;MHLJAH_00254;MHLJAH_00255;MHLJAH_00256;MHLJAH_00257;MHLJAH_00258;MHLJAH_00259;MHLJAH_00260;MHLJAH_00261;MHLJAH_00262;MHLJAH_00263;MHLJAH_00264;MHLJAH_00265;MHLJAH_00266;MHLJAH_00267;MHLJAH_00268;MHLJAH_00269;MHLJAH_00270;MHLJAH_00271;MHLJAH_00272;MHLJAH_00273;MHLJAH_00274;MHLJAH_00275;MHLJAH_00276;MHLJAH_00277;MHLJAH_00278;MHLJAH_00283;MHLJAH_00284;MHLJAH_00285;MHLJAH_00286;MHLJAH_00287;MHLJAH_00288;MHLJAH_00289;MHLJAH_00290;MHLJAH_00291;MHLJAH_00292;MHLJAH_00293;MHLJAH_00294;MHLJAH_00295;MHLJAH_00296;MHLJAH_00297;MHLJAH_00298;MHLJAH_00299;MHLJAH_00300;MHLJAH_00301;MHLJAH_00302;MHLJAH_00303	71	QueE;Fer4_12;PTPS;PT_FPPS_like;GTP_cyclohydroI	NA	NA
GCA_024412515.1	contig_15	antiSMASH	Terpene-precursor	NA	No	1	73986	73986	NA;CKHLMF_01368;CKHLMF_01369;CKHLMF_01370;CKHLMF_01371;CKHLMF_01372;CKHLMF_01373;CKHLMF_01374;CKHLMF_01375;CKHLMF_01376;CKHLMF_01377;CKHLMF_01378;CKHLMF_01379;CKHLMF_01380;CKHLMF_01381;CKHLMF_01382;CKHLMF_01383;CKHLMF_01384;CKHLMF_01385;CKHLMF_01386;CKHLMF_01387;CKHLMF_01388;CKHLMF_01389;CKHLMF_01390;CKHLMF_01391;CKHLMF_01392;CKHLMF_01393;CKHLMF_01394;CKHLMF_01395;CKHLMF_01396;CKHLMF_01397;CKHLMF_01398;CKHLMF_01399;CKHLMF_01400;CKHLMF_01401;CKHLMF_01402;CKHLMF_01403;CKHLMF_01404;CKHLMF_01405;CKHLMF_01406;CKHLMF_01407;CKHLMF_01408;CKHLMF_01409;CKHLMF_01410;CKHLMF_01411;CKHLMF_01412;CKHLMF_01413;CKHLMF_01414;CKHLMF_01415;CKHLMF_01416;CKHLMF_01417;CKHLMF_01418;CKHLMF_01419;CKHLMF_01424;CKHLMF_01425;CKHLMF_01426;CKHLMF_01427;CKHLMF_01428;CKHLMF_01429;CKHLMF_01430;CKHLMF_01431;CKHLMF_01432;CKHLMF_01433;CKHLMF_01434;CKHLMF_01435;CKHLMF_01436;CKHLMF_01437;CKHLMF_01438;CKHLMF_01439;CKHLMF_01440;CKHLMF_01441;CKHLMF_01442;CKHLMF_01443;CKHLMF_01444;CKHLMF_01445	74	Pkinase;QueE;Fer4_12;PTPS;PT_FPPS_like;GTP_cyclohydroI	NA	NA
GCF_011175225.1	contig_5	antiSMASH	Terpene-precursor	NA	No	1	48863	48863	NA;ELJNFP_00367;ELJNFP_00371;ELJNFP_00372;ELJNFP_00373;ELJNFP_00374;ELJNFP_00375;ELJNFP_00376;ELJNFP_00377;ELJNFP_00378;ELJNFP_00379;ELJNFP_00380;ELJNFP_00381;ELJNFP_00382;ELJNFP_00383;ELJNFP_00384;ELJNFP_00385;ELJNFP_00386;ELJNFP_00388;ELJNFP_00389;ELJNFP_00390;ELJNFP_00391;ELJNFP_00392;ELJNFP_00393;ELJNFP_00394;ELJNFP_00395;ELJNFP_00396;ELJNFP_00397;ELJNFP_00398;ELJNFP_00399;ELJNFP_00400;ELJNFP_00401;ELJNFP_00402;ELJNFP_00403;ELJNFP_00404;ELJNFP_00405;ELJNFP_00406	36	GTP_cyclohydroI;PT_FPPS_like;PTPS;QueE;Fer4_12	NA	NA
GCF_003640085.1	contig_4	deepBGC		0.75151	NA	37808	46376	8568	gnl|Bakta|MFFBCE_00459;gnl|Bakta|MFFBCE_00460;gnl|Bakta|MFFBCE_00461;gnl|Bakta|MFFBCE_00462;gnl|Bakta|MFFBCE_00463;gnl|Bakta|MFFBCE_00464;gnl|Bakta|MFFBCE_00465	7	PF02353;PF08003;PF13489;PF01596;PF13847;PF01209;PF08241;PF08242;PF13649;PF05175;PF12847;PF06325;PF01135;PF13679;PF08123;PF01555;PF09334;PF00133;PF01406;PF01588;PF08003;PF13489;PF13649;PF08241;PF08242;PF13847;PF03061;PF13439;PF00534;PF13692;PF02784	NA	NA
GCF_035621875.1	contig_1	deepBGC		0.61252	NA	345505	350593	5088	gnl|Bakta|HMNNOM_00363;gnl|Bakta|HMNNOM_00364;gnl|Bakta|HMNNOM_00365;gnl|Bakta|HMNNOM_00366	4	PF02353;PF08003;PF13489;PF01596;PF13847;PF01209;PF08241;PF08242;PF13649;PF05175;PF12847;PF06325;PF01135;PF13679;PF08123;PF09334;PF00133;PF01406;PF01588;PF08003;PF13489;PF13649;PF08241;PF08242;PF05219;PF13847	NA	NA
GCA_040862345.1	contig_27	antiSMASH	Terpene-precursor	NA	No	1	8896	8896	NA;BMFKCN_01575;BMFKCN_01576;BMFKCN_01577;BMFKCN_01578;BMFKCN_01579;BMFKCN_01580;BMFKCN_01581;BMFKCN_01582;BMFKCN_01583;BMFKCN_01584;BMFKCN_01585;BMFKCN_01587;BMFKCN_01588	13	QueE;Fer4_12;PTPS;PT_FPPS_like;GTP_cyclohydroI	NA	NA
GCA_040862045.1	contig_15	deepBGC		0.54941	NA	4591	5377	786	gnl|Bakta|MDNPNN_01167	1	PF08003;PF13489;PF13847;PF08241;PF08242;PF13649	NA	NA
GCA_040862045.1	contig_25	deepBGC		0.63662	NA	15272	18707	3435	gnl|Bakta|MDNPNN_01524;gnl|Bakta|MDNPNN_01525;gnl|Bakta|MDNPNN_01526;gnl|Bakta|MDNPNN_01527	4	PF01135;PF00398;PF13489;PF13847;PF13649;PF03739;PF01416;PF16363;PF01370;PF07993;PF04321;PF02719;PF01073;PF13460;PF08659	NA	NA
GCF_001999865.1	contig_22	antiSMASH	Terpene-precursor	NA	No	1	9395	9395	NA;IGAAIJ_01251;IGAAIJ_01252;IGAAIJ_01253;IGAAIJ_01254;IGAAIJ_01255;IGAAIJ_01256;IGAAIJ_01257;IGAAIJ_01258;IGAAIJ_01259;IGAAIJ_01260;IGAAIJ_01261;IGAAIJ_01262	12	QueE;Fer4_12;PTPS;PT_FPPS_like;GTP_cyclohydroI	NA	NA
GCF_011175085.1	contig_18	antiSMASH	Terpene-precursor	NA	No	1	63930	63930	NA;OOIDJI_01488;OOIDJI_01489;OOIDJI_01490;OOIDJI_01491;OOIDJI_01492;OOIDJI_01493;OOIDJI_01494;OOIDJI_01495;OOIDJI_01496;OOIDJI_01497;OOIDJI_01498;OOIDJI_01499;OOIDJI_01500;OOIDJI_01501;OOIDJI_01502;OOIDJI_01503;OOIDJI_01504;OOIDJI_01505;OOIDJI_01506;OOIDJI_01507;OOIDJI_01508;OOIDJI_01509;OOIDJI_01514;OOIDJI_01515;OOIDJI_01516;OOIDJI_01517;OOIDJI_01518;OOIDJI_01519;OOIDJI_01520;OOIDJI_01521;OOIDJI_01522;OOIDJI_01523;OOIDJI_01524;OOIDJI_01525;OOIDJI_01526;OOIDJI_01527;OOIDJI_01528;OOIDJI_01529;OOIDJI_01530;OOIDJI_01531;OOIDJI_01532;OOIDJI_01533;OOIDJI_01534;OOIDJI_01535;OOIDJI_01536;OOIDJI_01537;OOIDJI_01538;OOIDJI_01539;OOIDJI_01540;OOIDJI_01541;OOIDJI_01542;OOIDJI_01543;OOIDJI_01544;OOIDJI_01545;OOIDJI_01546;OOIDJI_01547;OOIDJI_01548;OOIDJI_01549;OOIDJI_01550;OOIDJI_01551;OOIDJI_01552;OOIDJI_01553;OOIDJI_01554	63	GTP_cyclohydroI;PT_FPPS_like;PTPS;QueE;Fer4_12	NA	NA
GCF_014498195.1	contig_24	deepBGC		0.56151	NA	9714	10500	786	gnl|Bakta|FOCLBN_01298	1	PF08003;PF13489;PF13847;PF08241;PF08242;PF13649	NA	NA
GCF_014498195.1	contig_24	deepBGC		0.57791	NA	64884	65418	534	gnl|Bakta|FOCLBN_01349	1	PF05050	NA	NA
GCF_014498195.1	contig_24	deepBGC		0.70763	NA	70277	78056	7779	gnl|Bakta|FOCLBN_01356;gnl|Bakta|FOCLBN_01357;gnl|Bakta|FOCLBN_01358;gnl|Bakta|FOCLBN_01359;gnl|Bakta|FOCLBN_01362;gnl|Bakta|FOCLBN_01363;gnl|Bakta|FOCLBN_01364	7	PF01135;PF00398;PF13489;PF13847;PF13649;PF03739;PF01416;PF16363;PF01370;PF07993;PF04321;PF02719;PF01073;PF13460;PF08659;PF00106;PF00106;PF01370;PF08659;PF13561;PF08238;PF07719	NA	NA
GCA_040861605.1	contig_12	deepBGC		0.68704	NA	37717	44451	6734	gnl|Bakta|HENCJE_01446;gnl|Bakta|HENCJE_01447;gnl|Bakta|HENCJE_01448;gnl|Bakta|HENCJE_01449;gnl|Bakta|HENCJE_01450;gnl|Bakta|HENCJE_01451	6	PF02353;PF08003;PF13489;PF01596;PF13847;PF01209;PF08241;PF08242;PF13649;PF05175;PF12847;PF06325;PF01135;PF13679;PF08123;PF01555;PF00133;PF09334;PF01406;PF01588;PF08003;PF13489;PF13649;PF08241;PF08242;PF13847;PF03061;PF13439;PF00534;PF13692	NA	NA
GCA_040861605.1	contig_5	deepBGC		0.64848	NA	16926	19905	2979	gnl|Bakta|HENCJE_00827;gnl|Bakta|HENCJE_00828;gnl|Bakta|HENCJE_00829;gnl|Bakta|HENCJE_00830;gnl|Bakta|HENCJE_00831;gnl|Bakta|HENCJE_00832;gnl|Bakta|HENCJE_00833	7	PF02668;PF02668;PF02130;PF00258;PF12641;PF12724;PF09335	NA	NA
GCF_040821705.1	contig_67	antiSMASH	Terpene-precursor	NA	No	1	8141	8141	NA;KFMHCO_01382;KFMHCO_01383;KFMHCO_01384;KFMHCO_01385;KFMHCO_01386;KFMHCO_01387;KFMHCO_01388;KFMHCO_01389;KFMHCO_01390;KFMHCO_01391;KFMHCO_01392;KFMHCO_01393	12	QueE;Fer4_12;PTPS;PT_FPPS_like;GTP_cyclohydroI	NA	NA
GCF_015904865	contig_18	GECCO	Unknown	0.9946316123208524	NA	26798	30205	3407	contig_18_29;contig_18_30;contig_18_31;contig_18_32;contig_18_33	5	PF01041;PF06306;PF06306	NA	IPR010446;IPR010446;IPR000653
GCF_030062585.1	contig_1	deepBGC		0.62721	NA	630496	631707	1211	gnl|Bakta|CEIPHG_00607;gnl|Bakta|CEIPHG_00608;gnl|Bakta|CEIPHG_00609	3	PF10501;PF00550;PF14573;PF16320;PF13561;PF00106;PF08659	NA	NA
GCF_030062585.1	contig_1	deepBGC	RiPP	0.5691	NA	1327372	1328002	630	gnl|Bakta|CEIPHG_01285	1	PF01135;PF00398;PF13847;PF13649	NA	NA
GCF_030062585.1	contig_1	deepBGC	Polyketide	0.50122	NA	1333084	1333837	753	gnl|Bakta|CEIPHG_01292	1	PF00106;PF01370;PF08659;PF13561	NA	NA
GCA_040861105.1	contig_8	antiSMASH	Terpene-precursor	NA	No	1	63969	63969	NA;GFAHDI_01375;GFAHDI_01378;GFAHDI_01379;GFAHDI_01380;GFAHDI_01381;GFAHDI_01382;GFAHDI_01383;GFAHDI_01384;GFAHDI_01385;GFAHDI_01386;GFAHDI_01387;GFAHDI_01388;GFAHDI_01389;GFAHDI_01390;GFAHDI_01391;GFAHDI_01392;GFAHDI_01393;GFAHDI_01394;GFAHDI_01395;GFAHDI_01396;GFAHDI_01397;GFAHDI_01398;GFAHDI_01399;GFAHDI_01400;GFAHDI_01401;GFAHDI_01402;GFAHDI_01403;GFAHDI_01404;GFAHDI_01405;GFAHDI_01406;GFAHDI_01407;GFAHDI_01408;GFAHDI_01409;GFAHDI_01410;GFAHDI_01411;GFAHDI_01412;GFAHDI_01413;GFAHDI_01414;GFAHDI_01415;GFAHDI_01416;GFAHDI_01417;GFAHDI_01422;GFAHDI_01423;GFAHDI_01424;GFAHDI_01425;GFAHDI_01426;GFAHDI_01427;GFAHDI_01428;GFAHDI_01429;GFAHDI_01430;GFAHDI_01431;GFAHDI_01432;GFAHDI_01433;GFAHDI_01434;GFAHDI_01435;GFAHDI_01436;GFAHDI_01437;GFAHDI_01438;GFAHDI_01439;GFAHDI_01440;GFAHDI_01441;GFAHDI_01442;GFAHDI_01443	63	QueE;Fer4_12;PTPS;PT_FPPS_like;GTP_cyclohydroI	NA	NA
GCA_024406475.1	contig_7	antiSMASH	Terpene-precursor	NA	No	1	8216	8216	NA;BDGGFJ_00534;BDGGFJ_00535;BDGGFJ_00536;BDGGFJ_00537;BDGGFJ_00538;BDGGFJ_00539;BDGGFJ_00540;BDGGFJ_00541;BDGGFJ_00542;BDGGFJ_00543;BDGGFJ_00544;BDGGFJ_00545	12	QueE;Fer4_12;PTPS;PT_FPPS_like;GTP_cyclohydroI	NA	NA
GCF_037862295.1	contig_12	antiSMASH	Terpene-precursor	NA	No	1	59629	59629	NA;HAGIGG_01092;HAGIGG_01093;HAGIGG_01094;HAGIGG_01095;HAGIGG_01096;HAGIGG_01097;HAGIGG_01098;HAGIGG_01099;HAGIGG_01100;HAGIGG_01101;HAGIGG_01102;HAGIGG_01103;HAGIGG_01104;HAGIGG_01105;HAGIGG_01106;HAGIGG_01107;HAGIGG_01108;HAGIGG_01109;HAGIGG_01110;HAGIGG_01111;HAGIGG_01116;HAGIGG_01117;HAGIGG_01118;HAGIGG_01119;HAGIGG_01120;HAGIGG_01121;HAGIGG_01122;HAGIGG_01123;HAGIGG_01124;HAGIGG_01125;HAGIGG_01126;HAGIGG_01127;HAGIGG_01128;HAGIGG_01129;HAGIGG_01130;HAGIGG_01131;HAGIGG_01132;HAGIGG_01133;HAGIGG_01134;HAGIGG_01135;HAGIGG_01136;HAGIGG_01137;HAGIGG_01138;HAGIGG_01139;HAGIGG_01140;HAGIGG_01141;HAGIGG_01142;HAGIGG_01143;HAGIGG_01144;HAGIGG_01145;HAGIGG_01146;HAGIGG_01147;HAGIGG_01148;HAGIGG_01149;HAGIGG_01150;HAGIGG_01151;HAGIGG_01152;HAGIGG_01153	58	GTP_cyclohydroI;PT_FPPS_like;PTPS;QueE;Fer4_12	NA	NA
GCF_014497335.1	contig_16	antiSMASH	Terpene-precursor	NA	No	1	73440	73440	NA;AGPPHB_01427;AGPPHB_01428;AGPPHB_01429;AGPPHB_01430;AGPPHB_01431;AGPPHB_01432;AGPPHB_01433;AGPPHB_01434;AGPPHB_01435;AGPPHB_01436;AGPPHB_01437;AGPPHB_01438;AGPPHB_01439;AGPPHB_01440;AGPPHB_01441;AGPPHB_01442;AGPPHB_01443;AGPPHB_01444;AGPPHB_01445;AGPPHB_01446;AGPPHB_01447;AGPPHB_01448;AGPPHB_01449;AGPPHB_01450;AGPPHB_01451;AGPPHB_01452;AGPPHB_01453;AGPPHB_01454;AGPPHB_01455;AGPPHB_01456;AGPPHB_01457;AGPPHB_01458;AGPPHB_01459;AGPPHB_01460;AGPPHB_01461;AGPPHB_01462;AGPPHB_01463;AGPPHB_01464;AGPPHB_01465;AGPPHB_01466;AGPPHB_01467;AGPPHB_01468;AGPPHB_01469;AGPPHB_01470;AGPPHB_01471;AGPPHB_01472;AGPPHB_01473;AGPPHB_01474;AGPPHB_01475;AGPPHB_01476;AGPPHB_01477;AGPPHB_01478;AGPPHB_01479;AGPPHB_01480;AGPPHB_01481;AGPPHB_01482;AGPPHB_01483;AGPPHB_01488;AGPPHB_01489;AGPPHB_01490;AGPPHB_01491;AGPPHB_01492;AGPPHB_01493;AGPPHB_01494;AGPPHB_01495;AGPPHB_01496;AGPPHB_01497;AGPPHB_01498;AGPPHB_01499;AGPPHB_01500;AGPPHB_01501;AGPPHB_01502;AGPPHB_01503;AGPPHB_01504;AGPPHB_01505;AGPPHB_01506;AGPPHB_01507;AGPPHB_01508;AGPPHB_01509	79	Pkinase;QueE;Fer4_12;PTPS;PT_FPPS_like;GTP_cyclohydroI	NA	NA
GCA_024406785.1	contig_28	deepBGC		0.578	NA	152	7300	7148	gnl|Bakta|GOBHGL_01114;gnl|Bakta|GOBHGL_01115;gnl|Bakta|GOBHGL_01116;gnl|Bakta|GOBHGL_01117;gnl|Bakta|GOBHGL_01118;gnl|Bakta|GOBHGL_01119;gnl|Bakta|GOBHGL_01120	7	PF01555;PF01075;PF01075;PF03767;PF13419;PF13344;PF04264;PF03070	NA	NA
GCF_040821595.1	contig_49	antiSMASH	Terpene-precursor	NA	No	1	60563	60563	NA;PCCDID_01330;PCCDID_01331;PCCDID_01332;PCCDID_01333;PCCDID_01334;PCCDID_01335;PCCDID_01336;PCCDID_01337;PCCDID_01338;PCCDID_01339;PCCDID_01340;PCCDID_01341;PCCDID_01342;PCCDID_01343;PCCDID_01344;PCCDID_01345;PCCDID_01346;PCCDID_01347;PCCDID_01348;PCCDID_01349;PCCDID_01350;PCCDID_01351;PCCDID_01352;PCCDID_01353;PCCDID_01354;PCCDID_01355;PCCDID_01356;PCCDID_01357;PCCDID_01358;PCCDID_01359;PCCDID_01360;PCCDID_01361;PCCDID_01362;PCCDID_01363;PCCDID_01364;PCCDID_01365;PCCDID_01366;PCCDID_01367;PCCDID_01368;PCCDID_01373;PCCDID_01374;PCCDID_01375;PCCDID_01376;PCCDID_01377;PCCDID_01378;PCCDID_01379;PCCDID_01380;PCCDID_01381;PCCDID_01382;PCCDID_01383;PCCDID_01384;PCCDID_01385;PCCDID_01386;PCCDID_01387;PCCDID_01388;PCCDID_01389;PCCDID_01390;PCCDID_01391;PCCDID_01392;PCCDID_01393;PCCDID_01394;PCCDID_01395	62	QueE;Fer4_12;PTPS;PT_FPPS_like;GTP_cyclohydroI	NA	NA
GCF_003639335.1	contig_26	antiSMASH	Terpene-precursor	NA	No	1	57149	57149	NA;KDNIJN_01400;KDNIJN_01401;KDNIJN_01402;KDNIJN_01403;KDNIJN_01404;KDNIJN_01405;KDNIJN_01406;KDNIJN_01407;KDNIJN_01408;KDNIJN_01409;KDNIJN_01410;KDNIJN_01411;KDNIJN_01412;KDNIJN_01413;KDNIJN_01414;KDNIJN_01415;KDNIJN_01416;KDNIJN_01417;KDNIJN_01418;KDNIJN_01419;KDNIJN_01420;KDNIJN_01421;KDNIJN_01426;KDNIJN_01427;KDNIJN_01428;KDNIJN_01429;KDNIJN_01430;KDNIJN_01431;KDNIJN_01432;KDNIJN_01433;KDNIJN_01434;KDNIJN_01435;KDNIJN_01436;KDNIJN_01437;KDNIJN_01438;KDNIJN_01439;KDNIJN_01440;KDNIJN_01441;KDNIJN_01442;KDNIJN_01443;KDNIJN_01444;KDNIJN_01445;KDNIJN_01446;KDNIJN_01447;KDNIJN_01448;KDNIJN_01449;KDNIJN_01450;KDNIJN_01451;KDNIJN_01452;KDNIJN_01453;KDNIJN_01454;KDNIJN_01455;KDNIJN_01456;KDNIJN_01457;KDNIJN_01458;KDNIJN_01459;KDNIJN_01460;KDNIJN_01461;KDNIJN_01462;KDNIJN_01463	60	GTP_cyclohydroI;PT_FPPS_like;PTPS;QueE;Fer4_12;Peptidase_M50	NA	NA
GCA_040862305.1	contig_7	antiSMASH	Terpene-precursor	NA	Yes	43360	64271	20912	NA;CAFHHL_01223;CAFHHL_01224;CAFHHL_01225;CAFHHL_01226;CAFHHL_01227;CAFHHL_01228;CAFHHL_01229;CAFHHL_01230;CAFHHL_01231;CAFHHL_01232;CAFHHL_01233;CAFHHL_01234;CAFHHL_01235;CAFHHL_01236;CAFHHL_01237;CAFHHL_01238;CAFHHL_01239;CAFHHL_01240	18	QueE;Fer4_12;PTPS;PT_FPPS_like;GTP_cyclohydroI	NA	NA
GCF_040821675.1	contig_52	antiSMASH	Terpene-precursor	NA	No	1	8555	8555	NA;IIDBJF_01247;IIDBJF_01248;IIDBJF_01249;IIDBJF_01250;IIDBJF_01251;IIDBJF_01252;IIDBJF_01253;IIDBJF_01254;IIDBJF_01255;IIDBJF_01256;IIDBJF_01257;IIDBJF_01258;IIDBJF_01259	13	QueE;Fer4_12;PTPS;PT_FPPS_like;GTP_cyclohydroI	NA	NA
GCF_014496145.1	contig_5	deepBGC	Saccharide	0.72163	NA	37744	49796	12052	gnl|Bakta|DNIPOK_00433;gnl|Bakta|DNIPOK_00434;gnl|Bakta|DNIPOK_00435;gnl|Bakta|DNIPOK_00436;gnl|Bakta|DNIPOK_00437;gnl|Bakta|DNIPOK_00438;gnl|Bakta|DNIPOK_00439;gnl|Bakta|DNIPOK_00440;gnl|Bakta|DNIPOK_00441;gnl|Bakta|DNIPOK_00442;gnl|Bakta|DNIPOK_00443	11	PF02353;PF08003;PF13489;PF13847;PF01209;PF08241;PF08242;PF13649;PF05175;PF12847;PF06325;PF01135;PF13679;PF08123;PF00133;PF09334;PF01406;PF01588;PF08003;PF13489;PF13649;PF08241;PF08242;PF13847;PF03061;PF13439;PF13579;PF00534;PF13692;PF02784;PF07927;PF15919;PF07510;PF03235	NA	NA
GCA_024411855.1	contig_21	deepBGC	Other	0.5986	NA	7050	12144	5094	gnl|Bakta|JDJLLN_01577;gnl|Bakta|JDJLLN_01578;gnl|Bakta|JDJLLN_01579;gnl|Bakta|JDJLLN_01580	4	PF08003;PF13489;PF13847;PF08241;PF08242;PF13649;PF01588;PF09334;PF01406;PF00133;PF02353;PF13489;PF08123;PF08003;PF01209;PF06325;PF01135;PF05175;PF01596;PF12847;PF13679;PF13847;PF08241;PF08242;PF13649	NA	NA
GCF_014496815.1	contig_16	deepBGC		0.53832	NA	4141	4927	786	gnl|Bakta|BKENPF_01452	1	PF08003;PF13489;PF13847;PF08241;PF08242;PF13649	NA	NA
GCA_040861385.1	contig_11	deepBGC	Saccharide	0.64724	NA	37592	44298	6706	gnl|Bakta|PPGDJJ_01455;gnl|Bakta|PPGDJJ_01456;gnl|Bakta|PPGDJJ_01457;gnl|Bakta|PPGDJJ_01458;gnl|Bakta|PPGDJJ_01459;gnl|Bakta|PPGDJJ_01460	6	PF02353;PF08003;PF13489;PF01596;PF13847;PF01209;PF08241;PF08242;PF13649;PF05175;PF12847;PF06325;PF01135;PF13679;PF08123;PF01555;PF09334;PF00133;PF01406;PF01588;PF08003;PF13489;PF13649;PF08241;PF08242;PF13847;PF03061;PF13439;PF13579;PF00534;PF13692	NA	NA
GCA_040861385.1	contig_12	deepBGC		0.56859	NA	31334	31724	390	gnl|Bakta|PPGDJJ_01502	1	PF02668	NA	NA
GCA_040861385.1	contig_13	deepBGC		0.58567	NA	2	1457	1455	gnl|Bakta|PPGDJJ_01517	1	PF08885	NA	NA
GCA_040861385.1	contig_5	deepBGC		0.67554	NA	124709	126324	1615	gnl|Bakta|PPGDJJ_00979;gnl|Bakta|PPGDJJ_00980;gnl|Bakta|PPGDJJ_00981;gnl|Bakta|PPGDJJ_00982	4	PF13672;PF13672;PF13519	NA	NA
GCF_015904335.1	contig_19	antiSMASH	Terpene-precursor	NA	No	1	8159	8159	NA;BEFALM_01565;BEFALM_01566;BEFALM_01567;BEFALM_01568;BEFALM_01569;BEFALM_01570;BEFALM_01571;BEFALM_01572;BEFALM_01573;BEFALM_01574;BEFALM_01575;BEFALM_01576	12	QueE;Fer4_12;PTPS;PT_FPPS_like;GTP_cyclohydroI	NA	NA
GCF_021184145.1	contig_1	deepBGC		0.50668	NA	457995	458781	786	gnl|Bakta|EJOBKG_00423	1	PF08003;PF13489;PF13847;PF08241;PF08242;PF13649	NA	NA
GCF_021184145.1	contig_1	deepBGC	Other	0.56329	NA	461922	463092	1170	gnl|Bakta|EJOBKG_00426	1	PF02353;PF08003;PF13489;PF08123;PF06325;PF01209;PF01135;PF05175;PF01596;PF13679;PF12847;PF13847;PF08241;PF08242;PF13649	NA	NA
GCF_014498845.1	contig_14	deepBGC	Saccharide	0.6715	NA	37634	44355	6721	gnl|Bakta|PJKECB_01472;gnl|Bakta|PJKECB_01473;gnl|Bakta|PJKECB_01474;gnl|Bakta|PJKECB_01475;gnl|Bakta|PJKECB_01476;gnl|Bakta|PJKECB_01477	6	PF02353;PF08003;PF13489;PF01596;PF13847;PF01209;PF08241;PF08242;PF13649;PF05175;PF12847;PF06325;PF01135;PF13679;PF08123;PF01555;PF09334;PF00133;PF01406;PF01588;PF08003;PF13489;PF13649;PF08241;PF08242;PF13847;PF03061;PF13439;PF13579;PF00534;PF13692	NA	NA
GCA_040862365.1	contig_7	antiSMASH	Terpene-precursor	NA	No	1	59652	59652	NA;ACCCJE_01044;ACCCJE_00981;ACCCJE_00982;ACCCJE_00983;ACCCJE_00984;ACCCJE_00985;ACCCJE_00986;ACCCJE_00987;ACCCJE_00988;ACCCJE_00989;ACCCJE_00990;ACCCJE_00991;ACCCJE_00992;ACCCJE_00993;ACCCJE_00994;ACCCJE_00995;ACCCJE_00996;ACCCJE_00997;ACCCJE_00998;ACCCJE_00999;ACCCJE_01000;ACCCJE_01001;ACCCJE_01002;ACCCJE_01007;ACCCJE_01008;ACCCJE_01009;ACCCJE_01010;ACCCJE_01011;ACCCJE_01012;ACCCJE_01013;ACCCJE_01014;ACCCJE_01015;ACCCJE_01016;ACCCJE_01017;ACCCJE_01018;ACCCJE_01019;ACCCJE_01020;ACCCJE_01021;ACCCJE_01022;ACCCJE_01023;ACCCJE_01024;ACCCJE_01025;ACCCJE_01026;ACCCJE_01027;ACCCJE_01028;ACCCJE_01029;ACCCJE_01030;ACCCJE_01031;ACCCJE_01032;ACCCJE_01033;ACCCJE_01034;ACCCJE_01035;ACCCJE_01036;ACCCJE_01037;ACCCJE_01038;ACCCJE_01039;ACCCJE_01040;ACCCJE_01041;ACCCJE_01042;ACCCJE_01043	60	GTP_cyclohydroI;PT_FPPS_like;PTPS;QueE;Fer4_12	NA	NA
GCF_011175035.1	contig_15	antiSMASH	Azole-containing-RiPP	NA	No	1	14132	14132	NA;EAPDOO_00906;EAPDOO_00907;EAPDOO_00908;EAPDOO_00909;EAPDOO_00910;EAPDOO_00911;EAPDOO_00912;EAPDOO_00913;EAPDOO_00914;EAPDOO_00915;EAPDOO_00916;EAPDOO_00917;EAPDOO_00918;EAPDOO_00919	14	PF00881;YcaO	NA	NA
GCF_011175035.1	contig_25	antiSMASH	Terpene-precursor	NA	No	1	77410	77410	NA;EAPDOO_01527;EAPDOO_01528;EAPDOO_01529;EAPDOO_01530;EAPDOO_01531;EAPDOO_01532;EAPDOO_01533;EAPDOO_01534;EAPDOO_01535;EAPDOO_01536;EAPDOO_01537;EAPDOO_01538;EAPDOO_01539;EAPDOO_01540;EAPDOO_01541;EAPDOO_01542;EAPDOO_01543;EAPDOO_01544;EAPDOO_01545;EAPDOO_01546;EAPDOO_01547;EAPDOO_01548;EAPDOO_01549;EAPDOO_01550;EAPDOO_01551;EAPDOO_01552;EAPDOO_01553;EAPDOO_01554;EAPDOO_01555;EAPDOO_01556;EAPDOO_01557;EAPDOO_01558;EAPDOO_01559;EAPDOO_01560;EAPDOO_01561;EAPDOO_01564;EAPDOO_01565;EAPDOO_01566;EAPDOO_01567;EAPDOO_01568;EAPDOO_01569;EAPDOO_01570;EAPDOO_01571;EAPDOO_01572;EAPDOO_01573;EAPDOO_01574;EAPDOO_01575;EAPDOO_01576;EAPDOO_01577;EAPDOO_01578;EAPDOO_01579;EAPDOO_01580;EAPDOO_01581;EAPDOO_01582;EAPDOO_01583;EAPDOO_01584;EAPDOO_01585;EAPDOO_01586	58	QueE;Fer4_12;PTPS;PT_FPPS_like;GTP_cyclohydroI	NA	NA
GCF_014496395.1	contig_3	deepBGC	Saccharide	0.68196	NA	38223	46789	8566	gnl|Bakta|CDHKOI_00286;gnl|Bakta|CDHKOI_00287;gnl|Bakta|CDHKOI_00288;gnl|Bakta|CDHKOI_00289;gnl|Bakta|CDHKOI_00290;gnl|Bakta|CDHKOI_00291;gnl|Bakta|CDHKOI_00292	7	PF02353;PF08003;PF13489;PF01596;PF13847;PF01209;PF08241;PF08242;PF13649;PF05175;PF12847;PF06325;PF01135;PF13679;PF08123;PF01555;PF00133;PF09334;PF01406;PF01588;PF08003;PF13489;PF13649;PF08241;PF08242;PF13847;PF03061;PF13439;PF13579;PF00534;PF13692;PF02784	NA	NA
GCF_014498675.1	contig_24	antiSMASH	Terpene-precursor	NA	No	1	8303	8303	NA;LNLPKD_01089;LNLPKD_01090;LNLPKD_01091;LNLPKD_01092;LNLPKD_01093;LNLPKD_01094;LNLPKD_01095;LNLPKD_01096;LNLPKD_01097;LNLPKD_01098;LNLPKD_01099;LNLPKD_01100	12	QueE;Fer4_12;PTPS;PT_FPPS_like;GTP_cyclohydroI	NA	NA
GCF_015904465.1	contig_15	antiSMASH	Terpene-precursor	NA	No	1	48705	48705	NA;JHFLNL_01215;JHFLNL_01216;JHFLNL_01217;JHFLNL_01218;JHFLNL_01219;JHFLNL_01220;JHFLNL_01221;JHFLNL_01222;JHFLNL_01223;JHFLNL_01224;JHFLNL_01225;JHFLNL_01226;JHFLNL_01227;JHFLNL_01228;JHFLNL_01229;JHFLNL_01230;JHFLNL_01231;JHFLNL_01232;JHFLNL_01233;JHFLNL_01234;JHFLNL_01235;JHFLNL_01236;JHFLNL_01237;JHFLNL_01238;JHFLNL_01239;JHFLNL_01240;JHFLNL_01241;JHFLNL_01242;JHFLNL_01243;JHFLNL_01244;JHFLNL_01245;JHFLNL_01246;JHFLNL_01247;JHFLNL_01248;JHFLNL_01249;JHFLNL_01250;JHFLNL_01251;JHFLNL_01254	38	QueE;Fer4_12;PTPS;PT_FPPS_like;GTP_cyclohydroI	NA	NA
GCA_024407555.1	contig_18	deepBGC		0.64257	NA	587	3835	3248	gnl|Bakta|PNGFDE_00953;gnl|Bakta|PNGFDE_00954;gnl|Bakta|PNGFDE_00955;gnl|Bakta|PNGFDE_00956;gnl|Bakta|PNGFDE_00957;gnl|Bakta|PNGFDE_00958;gnl|Bakta|PNGFDE_00959	7	PF00871;PF00871;PF07883;PF02492;PF01455;PF01924	NA	NA
GCA_024407295.1	contig_21	antiSMASH	Terpene-precursor	NA	No	1	9130	9130	NA;DLHOOJ_00940;DLHOOJ_00941;DLHOOJ_00942;DLHOOJ_00943;DLHOOJ_00944;DLHOOJ_00945;DLHOOJ_00946;DLHOOJ_00947;DLHOOJ_00948;DLHOOJ_00949;DLHOOJ_00950;DLHOOJ_00951	12	QueE;Fer4_12;PTPS;PT_FPPS_like;GTP_cyclohydroI	NA	NA
GCF_040821725.1	contig_15	deepBGC		0.51978	NA	2886	3186	300	gnl|Bakta|FJOBIK_00546	1	PF07883	NA	NA
GCF_040821725.1	contig_25	deepBGC		0.54668	NA	8222	14911	6689	gnl|Bakta|FJOBIK_00789;gnl|Bakta|FJOBIK_00790;gnl|Bakta|FJOBIK_00791;gnl|Bakta|FJOBIK_00792;gnl|Bakta|FJOBIK_00793	5	PF01219;PF08882;PF02538;PF01968;PF05378	NA	NA
GCF_040821725.1	contig_63	deepBGC		0.53202	NA	428	3418	2990	gnl|Bakta|FJOBIK_01386;gnl|Bakta|FJOBIK_01387	2	PF01075;PF01075;PF02350	NA	NA
GCF_040821725.1	contig_71	deepBGC		0.57525	NA	3159	9733	6574	gnl|Bakta|FJOBIK_01476;gnl|Bakta|FJOBIK_01477;gnl|Bakta|FJOBIK_01478;gnl|Bakta|FJOBIK_01479;gnl|Bakta|FJOBIK_01482;gnl|Bakta|FJOBIK_01483	6	PF01135;PF00398;PF13847;PF13649;PF03739;PF01416;PF16363;PF01370;PF07993;PF04321;PF02719;PF01073;PF13460;PF00106;PF08659;PF00106;PF01370;PF08659;PF13561	NA	NA
GCA_040861445.1	contig_23	antiSMASH	Terpene-precursor	NA	No	1	8192	8192	NA;JFKJAH_01607;JFKJAH_01608;JFKJAH_01609;JFKJAH_01610;JFKJAH_01611;JFKJAH_01612;JFKJAH_01613;JFKJAH_01614;JFKJAH_01615;JFKJAH_01616;JFKJAH_01617;JFKJAH_01618	12	QueE;Fer4_12;PTPS;PT_FPPS_like;GTP_cyclohydroI	NA	NA
GCA_024412575.1	contig_29	antiSMASH	Terpene-precursor	NA	No	1	93384	93384	NA;LHNJGM_01305;LHNJGM_01306;LHNJGM_01307;LHNJGM_01308;LHNJGM_01309;LHNJGM_01310;LHNJGM_01311;LHNJGM_01312;LHNJGM_01313;LHNJGM_01314;LHNJGM_01315;LHNJGM_01316;LHNJGM_01317;LHNJGM_01318;LHNJGM_01319;LHNJGM_01320;LHNJGM_01321;LHNJGM_01322;LHNJGM_01323;LHNJGM_01324;LHNJGM_01325;LHNJGM_01326;LHNJGM_01327;LHNJGM_01328;LHNJGM_01329;LHNJGM_01330;LHNJGM_01331;LHNJGM_01332;LHNJGM_01333;LHNJGM_01334;LHNJGM_01335;LHNJGM_01336;LHNJGM_01337;LHNJGM_01338;LHNJGM_01339;LHNJGM_01340;LHNJGM_01341;LHNJGM_01342;LHNJGM_01343;LHNJGM_01346;LHNJGM_01347;LHNJGM_01348;LHNJGM_01349;LHNJGM_01350;LHNJGM_01351;LHNJGM_01352;LHNJGM_01353;LHNJGM_01354;LHNJGM_01355;LHNJGM_01356;LHNJGM_01357;LHNJGM_01358;LHNJGM_01359;LHNJGM_01360;LHNJGM_01361;LHNJGM_01362;LHNJGM_01363;LHNJGM_01364;LHNJGM_01365;LHNJGM_01366;LHNJGM_01367;LHNJGM_01368;LHNJGM_01369;LHNJGM_01370;LHNJGM_01371;LHNJGM_01372;LHNJGM_01373;LHNJGM_01374;LHNJGM_01375;LHNJGM_01376;LHNJGM_01377;LHNJGM_01378;LHNJGM_01379;LHNJGM_01380;LHNJGM_01381;LHNJGM_01382;LHNJGM_01383;LHNJGM_01384;LHNJGM_01385;LHNJGM_01386;LHNJGM_01387;LHNJGM_01388;LHNJGM_01389	83	QueE;Fer4_12;PTPS;PT_FPPS_like;GTP_cyclohydroI;SIS_2	NA	NA
GCF_014498615.1	contig_1	deepBGC		0.51191	NA	87665	88409	744	gnl|Bakta|HNAEIB_00078	1	PF13561;PF00106;PF08659	NA	NA
GCF_003639675.1	contig_26	antiSMASH	Terpene-precursor	NA	No	1	57061	57061	NA;JJNEOM_01510;JJNEOM_01511;JJNEOM_01512;JJNEOM_01513;JJNEOM_01514;JJNEOM_01515;JJNEOM_01516;JJNEOM_01517;JJNEOM_01518;JJNEOM_01519;JJNEOM_01520;JJNEOM_01521;JJNEOM_01522;JJNEOM_01523;JJNEOM_01524;JJNEOM_01525;JJNEOM_01526;JJNEOM_01527;JJNEOM_01528;JJNEOM_01529;JJNEOM_01530;JJNEOM_01531;JJNEOM_01532;JJNEOM_01537;JJNEOM_01538;JJNEOM_01539;JJNEOM_01540;JJNEOM_01541;JJNEOM_01542;JJNEOM_01543;JJNEOM_01544;JJNEOM_01545;JJNEOM_01546;JJNEOM_01547;JJNEOM_01548;JJNEOM_01549;JJNEOM_01550;JJNEOM_01551;JJNEOM_01552;JJNEOM_01553;JJNEOM_01554;JJNEOM_01555;JJNEOM_01556;JJNEOM_01557;JJNEOM_01558;JJNEOM_01559;JJNEOM_01560;JJNEOM_01561;JJNEOM_01562;JJNEOM_01563;JJNEOM_01564;JJNEOM_01565;JJNEOM_01566;JJNEOM_01567;JJNEOM_01568;JJNEOM_01569;JJNEOM_01570;JJNEOM_01571;JJNEOM_01572;JJNEOM_01573;JJNEOM_01574	61	GTP_cyclohydroI;PT_FPPS_like;PTPS;QueE;Fer4_12;Peptidase_M50	NA	NA
GCA_024407015.1	contig_16	deepBGC	Polyketide	0.51723	NA	440	1616	1176	gnl|Bakta|ADCNGF_01002	1	PF00108;PF00109;PF02803	NA	NA
GCA_024407015.1	contig_16	deepBGC		0.59652	NA	7851	10149	2298	gnl|Bakta|ADCNGF_01010	1	PF02538	NA	NA
GCA_024407015.1	contig_2	deepBGC		0.60213	NA	4048	4846	798	gnl|Bakta|ADCNGF_00272	1	PF08003;PF13489;PF13847;PF08241;PF08242;PF13649	NA	NA
GCA_024407015.1	contig_4	deepBGC		0.54236	NA	2815	3364	549	gnl|Bakta|ADCNGF_00376	1	PF05140	NA	NA
GCA_024407015.1	contig_4	deepBGC		0.52018	NA	4117	4833	716	gnl|Bakta|ADCNGF_00378;ADCNGF_00379	2	PF00762;PF00762	NA	NA
GCA_024407015.1	contig_4	deepBGC		0.54785	NA	5609	6290	681	gnl|Bakta|ADCNGF_00383	1	PF04452	NA	NA
GCA_024407015.1	contig_4	deepBGC		0.64825	NA	9772	15647	5875	gnl|Bakta|ADCNGF_00387;gnl|Bakta|ADCNGF_00388;gnl|Bakta|ADCNGF_00389;gnl|Bakta|ADCNGF_00390;gnl|Bakta|ADCNGF_00391;gnl|Bakta|ADCNGF_00392;gnl|Bakta|ADCNGF_00393;gnl|Bakta|ADCNGF_00394;gnl|Bakta|ADCNGF_00395	9	PF00289;PF00289;PF15632;PF14397;PF08443;PF02655;PF02786;PF13549;PF02222;PF07478;PF02785;PF05050;PF01041;PF01053;PF00266;PF01041	NA	NA
GCA_024407015.1	contig_4	deepBGC	Polyketide	0.62386	NA	17002	23273	6271	gnl|Bakta|ADCNGF_00399;gnl|Bakta|ADCNGF_00400;gnl|Bakta|ADCNGF_00401;gnl|Bakta|ADCNGF_00402;gnl|Bakta|ADCNGF_00403;gnl|Bakta|ADCNGF_00404;gnl|Bakta|ADCNGF_00405;gnl|Bakta|ADCNGF_00408;gnl|Bakta|ADCNGF_00409;ADCNGF_00410;gnl|Bakta|ADCNGF_00411	11	PF01135;PF00398;PF13847;PF13649;PF03739;PF03739;PF01416;PF16363;PF12503;PF01370;PF07993;PF16363;PF01370;PF01073;PF02719;PF08659;PF00106;PF00106;PF13561;PF13561;PF00106	NA	NA
GCF_015904365.1	contig_4	antiSMASH	Terpene-precursor	NA	No	1	103613	103613	NA;BFAPCG_00398;BFAPCG_00399;BFAPCG_00400;BFAPCG_00401;BFAPCG_00402;BFAPCG_00403;BFAPCG_00404;BFAPCG_00405;BFAPCG_00406;BFAPCG_00407;BFAPCG_00408;BFAPCG_00409;BFAPCG_00410;BFAPCG_00411;BFAPCG_00412;BFAPCG_00413;BFAPCG_00414;BFAPCG_00415;BFAPCG_00416;BFAPCG_00417;BFAPCG_00418;BFAPCG_00419;BFAPCG_00420;BFAPCG_00421;BFAPCG_00422;BFAPCG_00423;BFAPCG_00424;BFAPCG_00425;BFAPCG_00426;BFAPCG_00427;BFAPCG_00428;BFAPCG_00429;BFAPCG_00430;BFAPCG_00431;BFAPCG_00432;BFAPCG_00433;BFAPCG_00434;BFAPCG_00435;BFAPCG_00436;BFAPCG_00437;BFAPCG_00438;BFAPCG_00439;BFAPCG_00440;BFAPCG_00441;BFAPCG_00442;BFAPCG_00443;BFAPCG_00444;BFAPCG_00445;BFAPCG_00446;BFAPCG_00447;BFAPCG_00448;BFAPCG_00449;BFAPCG_00450;BFAPCG_00451;BFAPCG_00452;BFAPCG_00453;BFAPCG_00454;BFAPCG_00455;BFAPCG_00456;BFAPCG_00457;BFAPCG_00458;BFAPCG_00459;BFAPCG_00460;BFAPCG_00461;BFAPCG_00462;BFAPCG_00463;BFAPCG_00464;BFAPCG_00465;BFAPCG_00466;BFAPCG_00467;BFAPCG_00472;BFAPCG_00473;BFAPCG_00474;BFAPCG_00475;BFAPCG_00476;BFAPCG_00477;BFAPCG_00478;BFAPCG_00479;BFAPCG_00480;BFAPCG_00481;BFAPCG_00482;BFAPCG_00483;BFAPCG_00484;BFAPCG_00485;BFAPCG_00486;BFAPCG_00487;BFAPCG_00488;BFAPCG_00489;BFAPCG_00490;BFAPCG_00491;BFAPCG_00492	91	QueE;Fer4_12;PTPS;PT_FPPS_like;GTP_cyclohydroI	NA	NA
GCF_011140595.1	contig_12	deepBGC		0.66907	NA	19325	26578	7253	gnl|Bakta|IMMFOL_00376;gnl|Bakta|IMMFOL_00377;gnl|Bakta|IMMFOL_00378;gnl|Bakta|IMMFOL_00379;gnl|Bakta|IMMFOL_00380;gnl|Bakta|IMMFOL_00381;gnl|Bakta|IMMFOL_00382;gnl|Bakta|IMMFOL_00383;gnl|Bakta|IMMFOL_00384;gnl|Bakta|IMMFOL_00385	10	PF02668;PF07173;PF02130;PF00258;PF12641;PF12724;PF09335;PF03597;PF07992;PF12831;PF00890;PF01494;PF13738;PF03486;PF13434;PF00070;PF07690;PF13347;PF05977;PF07690;PF00342	NA	NA
GCF_011140595.1	contig_19	deepBGC		0.57359	NA	78726	79937	1211	gnl|Bakta|IMMFOL_00938;gnl|Bakta|IMMFOL_00939;gnl|Bakta|IMMFOL_00940	3	PF00550;PF14573;PF16320;PF13561;PF00106;PF08659	NA	NA
GCF_011140595.1	contig_22	deepBGC		0.50622	NA	34616	34916	300	gnl|Bakta|IMMFOL_01513	1	PF07883	NA	NA
GCA_024412005.1	contig_6	antiSMASH	Terpene-precursor	NA	No	1	79340	79340	NA;FPHOBG_00589;FPHOBG_00590;FPHOBG_00591;FPHOBG_00592;FPHOBG_00593;FPHOBG_00594;FPHOBG_00595;FPHOBG_00596;FPHOBG_00597;FPHOBG_00598;FPHOBG_00599;FPHOBG_00600;FPHOBG_00601;FPHOBG_00602;FPHOBG_00603;FPHOBG_00604;FPHOBG_00605;FPHOBG_00606;FPHOBG_00607;FPHOBG_00608;FPHOBG_00609;FPHOBG_00610;FPHOBG_00615;FPHOBG_00616;FPHOBG_00617;FPHOBG_00618;FPHOBG_00619;FPHOBG_00620;FPHOBG_00621;FPHOBG_00622;FPHOBG_00623;FPHOBG_00624;FPHOBG_00625;FPHOBG_00626;FPHOBG_00627;FPHOBG_00628;FPHOBG_00629;FPHOBG_00630;FPHOBG_00631;FPHOBG_00632;FPHOBG_00633;FPHOBG_00634;FPHOBG_00635;FPHOBG_00636;FPHOBG_00637;FPHOBG_00638;FPHOBG_00639;FPHOBG_00640;FPHOBG_00641;FPHOBG_00642;FPHOBG_00643;FPHOBG_00644;FPHOBG_00645;FPHOBG_00646;FPHOBG_00647;FPHOBG_00648;FPHOBG_00649;FPHOBG_00650;FPHOBG_00651;FPHOBG_00652;FPHOBG_00653;FPHOBG_00654;FPHOBG_00655;FPHOBG_00656;FPHOBG_00657;FPHOBG_00658;FPHOBG_00659;FPHOBG_00660;FPHOBG_00661;FPHOBG_00662;FPHOBG_00663;FPHOBG_00664;FPHOBG_00665;FPHOBG_00666;FPHOBG_00667;FPHOBG_00668	76	GTP_cyclohydroI;PT_FPPS_like;PTPS;QueE;Fer4_12	NA	NA
GCF_011175145.1	contig_10	antiSMASH	Terpene-precursor	NA	No	1	8137	8137	NA;AGGDOK_00683;AGGDOK_00684;AGGDOK_00685;AGGDOK_00686;AGGDOK_00687;AGGDOK_00688;AGGDOK_00689;AGGDOK_00690;AGGDOK_00691;AGGDOK_00692;AGGDOK_00693;AGGDOK_00694	12	GTP_cyclohydroI;PT_FPPS_like;PTPS;QueE;Fer4_12	NA	NA
GCF_003640155.1	contig_18	deepBGC		0.53591	NA	1	436	435	gnl|Bakta|CBJJBA_00871	1	PF01730	NA	NA
GCF_003640155.1	contig_18	deepBGC		0.52474	NA	997	1585	588	gnl|Bakta|CBJJBA_00873	1	PF02293	NA	NA
GCF_003640155.1	contig_25	deepBGC		0.60156	NA	11346	16810	5464	gnl|Bakta|CBJJBA_01423;gnl|Bakta|CBJJBA_01424;gnl|Bakta|CBJJBA_01425;gnl|Bakta|CBJJBA_01426;gnl|Bakta|CBJJBA_01427;gnl|Bakta|CBJJBA_01428;gnl|Bakta|CBJJBA_01429;gnl|Bakta|CBJJBA_01430;gnl|Bakta|CBJJBA_01431;gnl|Bakta|CBJJBA_01432	10	PF02668;PF02668;PF02130;PF00258;PF12641;PF12724;PF09335;PF03597;PF07992;PF12831;PF03486;PF00890;PF01494;PF13738;PF13450;PF13434;PF00070;PF07690;PF13347;PF17561	NA	NA
GCF_003640155.1	contig_26	deepBGC	RiPP	0.53466	NA	16761	17391	630	gnl|Bakta|CBJJBA_01509	1	PF01135;PF00398;PF13847;PF13649	NA	NA
GCF_003640155.1	contig_4	deepBGC	Saccharide	0.66907	NA	37751	44470	6719	gnl|Bakta|CBJJBA_00509;gnl|Bakta|CBJJBA_00510;gnl|Bakta|CBJJBA_00511;gnl|Bakta|CBJJBA_00512;gnl|Bakta|CBJJBA_00513;gnl|Bakta|CBJJBA_00514	6	PF02353;PF08003;PF13489;PF01596;PF13847;PF01209;PF08241;PF08242;PF13649;PF05175;PF12847;PF06325;PF01135;PF13679;PF08123;PF01555;PF09334;PF00133;PF01406;PF01588;PF08003;PF13489;PF13649;PF08241;PF08242;PF13847;PF03061;PF13439;PF13579;PF00534;PF13692	NA	NA
GCF_040821935.1	contig_15	deepBGC		0.5896	NA	3756	10219	6463	gnl|Bakta|AGICIN_00633;gnl|Bakta|AGICIN_00634;gnl|Bakta|AGICIN_00635;gnl|Bakta|AGICIN_00636;gnl|Bakta|AGICIN_00639;gnl|Bakta|AGICIN_00640	6	PF01135;PF00398;PF13489;PF13847;PF13649;PF03739;PF01416;PF16363;PF01370;PF07993;PF04321;PF02719;PF01073;PF13460;PF08659;PF00106;PF08659;PF01370;PF13561	NA	NA
GCF_040821935.1	contig_27	deepBGC		0.50952	NA	218	2066	1848	gnl|Bakta|AGICIN_01000	1	PF02784	NA	NA
GCF_040821935.1	contig_27	deepBGC	Other	0.60246	NA	3697	8797	5100	gnl|Bakta|AGICIN_01003;gnl|Bakta|AGICIN_01004;gnl|Bakta|AGICIN_01005;gnl|Bakta|AGICIN_01006	4	PF08003;PF13489;PF13847;PF08241;PF08242;PF13649;PF01588;PF09334;PF01406;PF00133;PF01555;PF02353;PF13489;PF08123;PF08003;PF01209;PF06325;PF01135;PF05175;PF01596;PF12847;PF13679;PF13847;PF08241;PF08242;PF13649	NA	NA
GCF_040821935.1	contig_34	deepBGC	Polyketide	0.60205	NA	6349	9175	2826	gnl|Bakta|AGICIN_01161;gnl|Bakta|AGICIN_01162;gnl|Bakta|AGICIN_01163	3	PF02661;PF07690;PF12832;PF05977;PF00899	NA	NA
GCF_040821935.1	contig_35	deepBGC		0.57851	NA	2	632	630	gnl|Bakta|AGICIN_01165	1	PF01531	NA	NA
GCF_015904905.1	contig_31	antiSMASH	Terpene-precursor	NA	No	1	8144	8144	NA;NJBCDD_01583;NJBCDD_01584;NJBCDD_01585;NJBCDD_01586;NJBCDD_01587;NJBCDD_01588;NJBCDD_01589;NJBCDD_01590;NJBCDD_01591;NJBCDD_01592;NJBCDD_01593	11	QueE;Fer4_12;PTPS;PT_FPPS_like;GTP_cyclohydroI	NA	NA
GCF_003639865.1	contig_3	antiSMASH	Terpene-precursor	NA	No	1	64520	64520	NA;JPDKNK_00416;JPDKNK_00417;JPDKNK_00418;JPDKNK_00419;JPDKNK_00420;JPDKNK_00421;JPDKNK_00422;JPDKNK_00423;JPDKNK_00424;JPDKNK_00425;JPDKNK_00426;JPDKNK_00427;JPDKNK_00428;JPDKNK_00429;JPDKNK_00430;JPDKNK_00431;JPDKNK_00432;JPDKNK_00433;JPDKNK_00434;JPDKNK_00435;JPDKNK_00436;JPDKNK_00437;JPDKNK_00442;JPDKNK_00443;JPDKNK_00444;JPDKNK_00445;JPDKNK_00446;JPDKNK_00447;JPDKNK_00448;JPDKNK_00449;JPDKNK_00450;JPDKNK_00451;JPDKNK_00452;JPDKNK_00453;JPDKNK_00454;JPDKNK_00455;JPDKNK_00456;JPDKNK_00457;JPDKNK_00458;JPDKNK_00459;JPDKNK_00460;JPDKNK_00461;JPDKNK_00462;JPDKNK_00463;JPDKNK_00464;JPDKNK_00465;JPDKNK_00466;JPDKNK_00467;JPDKNK_00468;JPDKNK_00469;JPDKNK_00470;JPDKNK_00471;JPDKNK_00472;JPDKNK_00473;JPDKNK_00474;JPDKNK_00475;JPDKNK_00476;JPDKNK_00477;JPDKNK_00478;JPDKNK_00479	60	GTP_cyclohydroI;PT_FPPS_like;PTPS;QueE;Fer4_12	NA	NA
GCF_011141055.1	contig_27	deepBGC		0.75261	NA	38554	47122	8568	gnl|Bakta|CEGMHJ_01049;gnl|Bakta|CEGMHJ_01050;gnl|Bakta|CEGMHJ_01051;gnl|Bakta|CEGMHJ_01052;gnl|Bakta|CEGMHJ_01053;gnl|Bakta|CEGMHJ_01054;gnl|Bakta|CEGMHJ_01055	7	PF02353;PF08003;PF13489;PF01596;PF13847;PF01209;PF08241;PF08242;PF13649;PF05175;PF12847;PF06325;PF01135;PF13679;PF08123;PF01555;PF00133;PF09334;PF01406;PF01588;PF08003;PF13489;PF13649;PF08241;PF08242;PF13847;PF03061;PF13439;PF00534;PF13692;PF02784	NA	NA
GCF_011141055.1	contig_41	deepBGC		0.64961	NA	4075	10535	6460	gnl|Bakta|CEGMHJ_01465;gnl|Bakta|CEGMHJ_01466;gnl|Bakta|CEGMHJ_01467;gnl|Bakta|CEGMHJ_01468;gnl|Bakta|CEGMHJ_01471;gnl|Bakta|CEGMHJ_01472	6	PF01135;PF00398;PF13489;PF13847;PF13649;PF03739;PF01416;PF16363;PF01370;PF07993;PF04321;PF02719;PF01073;PF13460;PF08659;PF00106;PF00106;PF08659;PF13561	NA	NA
GCA_040861305.1	contig_11	deepBGC		0.5492	NA	33312	33612	300	gnl|Bakta|BIPGDJ_01434	1	PF07883	NA	NA
GCA_040861305.1	contig_6	deepBGC		0.67723	NA	80145	85690	5545	gnl|Bakta|BIPGDJ_01175;gnl|Bakta|BIPGDJ_01176;gnl|Bakta|BIPGDJ_01177;gnl|Bakta|BIPGDJ_01178;gnl|Bakta|BIPGDJ_01179	5	PF02353;PF08003;PF13489;PF01596;PF13847;PF01209;PF08241;PF08242;PF13649;PF05175;PF12847;PF06325;PF01135;PF13679;PF08123;PF01555;PF00133;PF09334;PF01406;PF01588;PF08003;PF13489;PF13649;PF08241;PF08242;PF13847;PF03061	NA	NA
GCA_024406385.1	contig_27	antiSMASH	Terpene-precursor	NA	No	1	65484	65484	NA;DKKHNK_01484;DKKHNK_01485;DKKHNK_01486;DKKHNK_01487;DKKHNK_01488;DKKHNK_01489;DKKHNK_01490;DKKHNK_01491;DKKHNK_01492;DKKHNK_01493;DKKHNK_01494;DKKHNK_01495;DKKHNK_01496;DKKHNK_01497;DKKHNK_01498;DKKHNK_01499;DKKHNK_01500;DKKHNK_01501;DKKHNK_01502;DKKHNK_01503;DKKHNK_01504;DKKHNK_01505;DKKHNK_01510;DKKHNK_01511;DKKHNK_01512;DKKHNK_01513;DKKHNK_01514;DKKHNK_01515;DKKHNK_01516;DKKHNK_01517;DKKHNK_01518;DKKHNK_01519;DKKHNK_01520;DKKHNK_01521;DKKHNK_01522;DKKHNK_01523;DKKHNK_01524;DKKHNK_01525;DKKHNK_01526;DKKHNK_01527;DKKHNK_01528;DKKHNK_01529;DKKHNK_01530;DKKHNK_01531;DKKHNK_01532;DKKHNK_01533;DKKHNK_01534;DKKHNK_01535;DKKHNK_01536;DKKHNK_01537;DKKHNK_01538;DKKHNK_01539;DKKHNK_01540;DKKHNK_01541;DKKHNK_01542;DKKHNK_01543;DKKHNK_01544;DKKHNK_01545;DKKHNK_01546	59	GTP_cyclohydroI;PT_FPPS_like;PTPS;QueE;Fer4_12	NA	NA
GCA_024407615.1	contig_18	deepBGC		0.55526	NA	589	3825	3236	gnl|Bakta|FCMKEA_00887;gnl|Bakta|FCMKEA_00888;gnl|Bakta|FCMKEA_00889;gnl|Bakta|FCMKEA_00890	4	PF03070;PF04264;PF03767;PF13419;PF13344;PF01075	NA	NA
GCA_024407615.1	contig_2	deepBGC		0.62435	NA	3772	4570	798	gnl|Bakta|FCMKEA_00341	1	PF08003;PF13489;PF13847;PF08241;PF08242;PF13649	NA	NA
GCA_024407615.1	contig_5	deepBGC	Polyketide	0.56395	NA	1925	3149	1224	gnl|Bakta|FCMKEA_00469	1	PF07690	NA	NA
GCF_011175335.1	contig_4	deepBGC		0.63045	NA	4290	5076	786	gnl|Bakta|BJABMA_00370	1	PF08003;PF13489;PF13847;PF08241;PF08242;PF13649	NA	NA
GCF_003639575.1	contig_27	deepBGC		0.60331	NA	37809	41094	3285	gnl|Bakta|NLFJFD_01115;gnl|Bakta|NLFJFD_01116	2	PF02353;PF08003;PF13489;PF13847;PF01209;PF08241;PF08242;PF13649;PF05175;PF12847;PF06325;PF01135;PF13679;PF08123;PF01555;PF09334;PF00133;PF01406;PF01588	NA	NA
GCF_040821375.1	contig_38	antiSMASH	Terpene-precursor	NA	No	1	8106	8106	NA;EDKJJL_01214;EDKJJL_01215;EDKJJL_01216;EDKJJL_01217;EDKJJL_01218;EDKJJL_01219;EDKJJL_01220;EDKJJL_01221;EDKJJL_01222;EDKJJL_01223;EDKJJL_01224;EDKJJL_01225	12	QueE;Fer4_12;PTPS;PT_FPPS_like;GTP_cyclohydroI	NA	NA
GCF_011175225.1	contig_12	deepBGC		0.51021	NA	56616	57348	732	gnl|Bakta|ELJNFP_00699	1	PF01209;PF13489;PF13847;PF08241;PF08242;PF13649	NA	NA
GCF_011175225.1	contig_24	deepBGC		0.70202	NA	70505	79080	8575	gnl|Bakta|ELJNFP_01485;gnl|Bakta|ELJNFP_01486;gnl|Bakta|ELJNFP_01487;gnl|Bakta|ELJNFP_01488;gnl|Bakta|ELJNFP_01489;gnl|Bakta|ELJNFP_01490;gnl|Bakta|ELJNFP_01491	7	PF02353;PF08003;PF13489;PF13847;PF01209;PF08241;PF08242;PF13649;PF05175;PF12847;PF06325;PF01135;PF13679;PF08123;PF01555;PF09334;PF00133;PF01406;PF01588;PF08003;PF13489;PF13649;PF08241;PF08242;PF13847;PF03061;PF13439;PF00534;PF13692;PF02784	NA	NA
GCF_014497685.1	contig_20	antiSMASH	Terpene-precursor	NA	No	1	66689	66689	NA;DLOEBL_01454;DLOEBL_01455;DLOEBL_01456;DLOEBL_01457;DLOEBL_01458;DLOEBL_01459;DLOEBL_01460;DLOEBL_01461;DLOEBL_01462;DLOEBL_01463;DLOEBL_01464;DLOEBL_01465;DLOEBL_01466;DLOEBL_01467;DLOEBL_01468;DLOEBL_01469;DLOEBL_01470;DLOEBL_01471;DLOEBL_01472;DLOEBL_01473;DLOEBL_01474;DLOEBL_01475;DLOEBL_01476;DLOEBL_01481;DLOEBL_01482;DLOEBL_01483;DLOEBL_01484;DLOEBL_01485;DLOEBL_01486;DLOEBL_01487;DLOEBL_01488;DLOEBL_01489;DLOEBL_01490;DLOEBL_01491;DLOEBL_01492;DLOEBL_01493;DLOEBL_01494;DLOEBL_01495;DLOEBL_01496;DLOEBL_01497;DLOEBL_01498;DLOEBL_01499;DLOEBL_01500;DLOEBL_01501;DLOEBL_01502;DLOEBL_01503;DLOEBL_01504;DLOEBL_01505;DLOEBL_01506;DLOEBL_01507;DLOEBL_01508;DLOEBL_01509;DLOEBL_01510;DLOEBL_01511;DLOEBL_01512;DLOEBL_01513;DLOEBL_01514;DLOEBL_01515;DLOEBL_01516;DLOEBL_01517;DLOEBL_01518;DLOEBL_01519;DLOEBL_01520;DLOEBL_01521;DLOEBL_01522	65	GTP_cyclohydroI;PT_FPPS_like;PTPS;QueE;Fer4_12	NA	NA
GCF_011175215.1	contig_1	antiSMASH	Terpene-precursor	NA	No	1	409543	409543	EKNCHA_00001;EKNCHA_00002;EKNCHA_00003;EKNCHA_00004;EKNCHA_00005;EKNCHA_00006;EKNCHA_00007;EKNCHA_00009;EKNCHA_00010;EKNCHA_00011;EKNCHA_00012;EKNCHA_00013;EKNCHA_00014;EKNCHA_00015;EKNCHA_00016;EKNCHA_00017;EKNCHA_00018;EKNCHA_00019;EKNCHA_00020;EKNCHA_00021;EKNCHA_00022;EKNCHA_00023;EKNCHA_00024;EKNCHA_00025;EKNCHA_00026;EKNCHA_00027;EKNCHA_00028;EKNCHA_00029;EKNCHA_00030;EKNCHA_00031;EKNCHA_00032;EKNCHA_00033;EKNCHA_00034;EKNCHA_00035;EKNCHA_00036;EKNCHA_00037;EKNCHA_00038;EKNCHA_00039;EKNCHA_00040;EKNCHA_00041;EKNCHA_00042;EKNCHA_00043;EKNCHA_00044;EKNCHA_00045;EKNCHA_00046;EKNCHA_00047;EKNCHA_00048;EKNCHA_00049;EKNCHA_00050;EKNCHA_00051;EKNCHA_00052;EKNCHA_00053;EKNCHA_00054;EKNCHA_00055;EKNCHA_00056;EKNCHA_00057;EKNCHA_00058;EKNCHA_00059;EKNCHA_00060;EKNCHA_00061;EKNCHA_00062;EKNCHA_00063;EKNCHA_00064;EKNCHA_00065;EKNCHA_00066;EKNCHA_00067;EKNCHA_00068;EKNCHA_00069;EKNCHA_00070;EKNCHA_00071;EKNCHA_00072;EKNCHA_00073;EKNCHA_00074;EKNCHA_00075;EKNCHA_00076;EKNCHA_00077;EKNCHA_00078;EKNCHA_00079;EKNCHA_00080;EKNCHA_00081;EKNCHA_00082;EKNCHA_00083;EKNCHA_00084;EKNCHA_00085;EKNCHA_00086;EKNCHA_00087;EKNCHA_00088;EKNCHA_00089;EKNCHA_00090;EKNCHA_00091;EKNCHA_00092;EKNCHA_00093;EKNCHA_00094;EKNCHA_00096;EKNCHA_00097;EKNCHA_00098;EKNCHA_00099;EKNCHA_00100;EKNCHA_00101;EKNCHA_00102;EKNCHA_00103;EKNCHA_00104;EKNCHA_00105;EKNCHA_00106;EKNCHA_00107;EKNCHA_00108;EKNCHA_00109;EKNCHA_00110;EKNCHA_00111;EKNCHA_00112;EKNCHA_00113;EKNCHA_00114;EKNCHA_00115;EKNCHA_00116;EKNCHA_00117;EKNCHA_00118;EKNCHA_00119;EKNCHA_00120;EKNCHA_00121;EKNCHA_00122;EKNCHA_00123;EKNCHA_00124;EKNCHA_00125;EKNCHA_00126;EKNCHA_00127;EKNCHA_00128;EKNCHA_00129;EKNCHA_00130;EKNCHA_00131;EKNCHA_00132;EKNCHA_00133;EKNCHA_00134;EKNCHA_00135;EKNCHA_00136;EKNCHA_00137;EKNCHA_00138;EKNCHA_00139;EKNCHA_00140;EKNCHA_00141;EKNCHA_00142;EKNCHA_00143;EKNCHA_00144;EKNCHA_00145;EKNCHA_00146;EKNCHA_00147;EKNCHA_00148;EKNCHA_00149;EKNCHA_00150;EKNCHA_00151;EKNCHA_00153;EKNCHA_00154;EKNCHA_00155;EKNCHA_00156;EKNCHA_00157;EKNCHA_00158;EKNCHA_00159;EKNCHA_00160;EKNCHA_00161;EKNCHA_00162;EKNCHA_00163;EKNCHA_00164;EKNCHA_00165;EKNCHA_00166;EKNCHA_00167;EKNCHA_00168;EKNCHA_00169;EKNCHA_00170;EKNCHA_00171;EKNCHA_00172;EKNCHA_00173;EKNCHA_00174;EKNCHA_00175;EKNCHA_00177;EKNCHA_00178;EKNCHA_00179;EKNCHA_00180;EKNCHA_00181;EKNCHA_00182;EKNCHA_00183;EKNCHA_00184;EKNCHA_00185;EKNCHA_00186;EKNCHA_00187;EKNCHA_00188;EKNCHA_00189;EKNCHA_00190;EKNCHA_00191;EKNCHA_00192;EKNCHA_00193;EKNCHA_00194;EKNCHA_00195;EKNCHA_00196;EKNCHA_00197;EKNCHA_00198;EKNCHA_00199;EKNCHA_00200;EKNCHA_00201;EKNCHA_00202;EKNCHA_00203;EKNCHA_00204;EKNCHA_00205;EKNCHA_00206;EKNCHA_00207;EKNCHA_00208;EKNCHA_00209;EKNCHA_00210;EKNCHA_00211;EKNCHA_00212;EKNCHA_00213;EKNCHA_00214;EKNCHA_00215;EKNCHA_00216;EKNCHA_00217;EKNCHA_00218;EKNCHA_00219;EKNCHA_00220;EKNCHA_00221;EKNCHA_00222;EKNCHA_00223;EKNCHA_00224;EKNCHA_00225;EKNCHA_00226;EKNCHA_00227;EKNCHA_00228;EKNCHA_00229;EKNCHA_00230;EKNCHA_00231;EKNCHA_00232;EKNCHA_00233;EKNCHA_00234;EKNCHA_00235;EKNCHA_00236;EKNCHA_00237;EKNCHA_00238;EKNCHA_00239;EKNCHA_00240;EKNCHA_00241;EKNCHA_00242;EKNCHA_00243;EKNCHA_00244;EKNCHA_00245;EKNCHA_00246;EKNCHA_00247;EKNCHA_00248;EKNCHA_00249;EKNCHA_00250;EKNCHA_00251;EKNCHA_00252;EKNCHA_00253;EKNCHA_00254;EKNCHA_00256;EKNCHA_00257;EKNCHA_00258;EKNCHA_00259;EKNCHA_00260;EKNCHA_00261;EKNCHA_00262;EKNCHA_00263;EKNCHA_00264;EKNCHA_00265;EKNCHA_00266;EKNCHA_00267;EKNCHA_00268;EKNCHA_00269;EKNCHA_00270;EKNCHA_00271;EKNCHA_00272;EKNCHA_00273;EKNCHA_00274;EKNCHA_00275;EKNCHA_00276;EKNCHA_00277;EKNCHA_00278;EKNCHA_00279;EKNCHA_00280;EKNCHA_00281;EKNCHA_00282;EKNCHA_00283;EKNCHA_00284;EKNCHA_00285;EKNCHA_00286;EKNCHA_00287;EKNCHA_00288;EKNCHA_00289;EKNCHA_00290;EKNCHA_00291;EKNCHA_00292;EKNCHA_00293;EKNCHA_00294;EKNCHA_00295;EKNCHA_00296;EKNCHA_00297;EKNCHA_00298;EKNCHA_00299;EKNCHA_00300;EKNCHA_00301;EKNCHA_00302;EKNCHA_00303;EKNCHA_00305;EKNCHA_00306;EKNCHA_00307;EKNCHA_00308;EKNCHA_00309;EKNCHA_00310;EKNCHA_00311;EKNCHA_00312;EKNCHA_00313;EKNCHA_00314;EKNCHA_00315;EKNCHA_00316;EKNCHA_00317;EKNCHA_00318;EKNCHA_00319;EKNCHA_00320;EKNCHA_00321;EKNCHA_00322;EKNCHA_00323;EKNCHA_00324;EKNCHA_00325;EKNCHA_00326;EKNCHA_00327;EKNCHA_00328;EKNCHA_00329;EKNCHA_00330;EKNCHA_00331;EKNCHA_00332;EKNCHA_00333;EKNCHA_00334;EKNCHA_00335;EKNCHA_00336;EKNCHA_00337;EKNCHA_00338;EKNCHA_00339;EKNCHA_00340;EKNCHA_00341;EKNCHA_00342;EKNCHA_00343;EKNCHA_00344;EKNCHA_00345;EKNCHA_00346;EKNCHA_00347;EKNCHA_00348;EKNCHA_00349;EKNCHA_00350;EKNCHA_00351;EKNCHA_00352;EKNCHA_00353;EKNCHA_00354;EKNCHA_00355;EKNCHA_00356;EKNCHA_00357;EKNCHA_00358;EKNCHA_00359;EKNCHA_00360;EKNCHA_00361;EKNCHA_00362;EKNCHA_00363;EKNCHA_00364;EKNCHA_00366;EKNCHA_00367;EKNCHA_00368;EKNCHA_00369;EKNCHA_00370;EKNCHA_00371;EKNCHA_00372;EKNCHA_00373;EKNCHA_00374;EKNCHA_00375;EKNCHA_00376;EKNCHA_00377;EKNCHA_00378;EKNCHA_00379;EKNCHA_00380;EKNCHA_00381;EKNCHA_00382;EKNCHA_00383;EKNCHA_00384;EKNCHA_00385;EKNCHA_00386;EKNCHA_00387;EKNCHA_00388;EKNCHA_00389;EKNCHA_00390;EKNCHA_00391;EKNCHA_00392;EKNCHA_00393;EKNCHA_00394;EKNCHA_00395;EKNCHA_00396;EKNCHA_00397;EKNCHA_00398	391	GTP_cyclohydroI;PT_FPPS_like;PTPS;QueE;Fer4_12	NA	NA
GCF_003639385.1	contig_20	antiSMASH	Terpene-precursor	NA	No	1	8471	8471	NA;GGOBOD_00921;GGOBOD_00922;GGOBOD_00923;GGOBOD_00924;GGOBOD_00925;GGOBOD_00926;GGOBOD_00927;GGOBOD_00928;GGOBOD_00929;GGOBOD_00930;GGOBOD_00931;GGOBOD_00932	12	GTP_cyclohydroI;PT_FPPS_like;PTPS;QueE;Fer4_12	NA	NA
GCF_014497455.1	contig_4	deepBGC	Saccharide	0.74636	NA	38107	46678	8571	gnl|Bakta|MNNBEJ_00472;gnl|Bakta|MNNBEJ_00473;gnl|Bakta|MNNBEJ_00474;gnl|Bakta|MNNBEJ_00475;gnl|Bakta|MNNBEJ_00476;gnl|Bakta|MNNBEJ_00477;gnl|Bakta|MNNBEJ_00478	7	PF02353;PF08003;PF13489;PF01596;PF13847;PF01209;PF08241;PF08242;PF13649;PF05175;PF12847;PF06325;PF01135;PF13679;PF08123;PF01555;PF09334;PF00133;PF01406;PF01588;PF08003;PF13489;PF13649;PF08241;PF08242;PF13847;PF03061;PF13439;PF13579;PF00534;PF13692;PF02784	NA	NA
GCF_040820975.1	contig_52	antiSMASH	Terpene-precursor	NA	No	1	65303	65303	NA;LKFEMB_01332;LKFEMB_01333;LKFEMB_01334;LKFEMB_01335;LKFEMB_01336;LKFEMB_01337;LKFEMB_01338;LKFEMB_01339;LKFEMB_01340;LKFEMB_01341;LKFEMB_01342;LKFEMB_01343;LKFEMB_01344;LKFEMB_01345;LKFEMB_01346;LKFEMB_01347;LKFEMB_01348;LKFEMB_01349;LKFEMB_01350;LKFEMB_01351;LKFEMB_01352;LKFEMB_01353;LKFEMB_01354;LKFEMB_01359;LKFEMB_01360;LKFEMB_01361;LKFEMB_01362;LKFEMB_01363;LKFEMB_01364;LKFEMB_01365;LKFEMB_01366;LKFEMB_01367;LKFEMB_01368;LKFEMB_01369;LKFEMB_01370;LKFEMB_01371;LKFEMB_01372;LKFEMB_01373;LKFEMB_01374;LKFEMB_01375;LKFEMB_01376;LKFEMB_01377;LKFEMB_01378;LKFEMB_01379;LKFEMB_01380;LKFEMB_01381;LKFEMB_01382;LKFEMB_01383;LKFEMB_01384;LKFEMB_01385;LKFEMB_01386;LKFEMB_01387;LKFEMB_01388;LKFEMB_01389;LKFEMB_01390;LKFEMB_01391;LKFEMB_01392;LKFEMB_01393;LKFEMB_01394;LKFEMB_01395;LKFEMB_01396;LKFEMB_01397;LKFEMB_01398;LKFEMB_01399;LKFEMB_01400;LKFEMB_01401;LKFEMB_01402;LKFEMB_01403;LKFEMB_01404;LKFEMB_01405;LKFEMB_01406;LKFEMB_01407	72	GTP_cyclohydroI;PT_FPPS_like;PTPS;QueE;Fer4_12	NA	NA
GCF_014498915.1	contig_17	antiSMASH	Terpene-precursor	NA	No	1	60515	60515	NA;DNIPCL_01447;DNIPCL_01448;DNIPCL_01449;DNIPCL_01450;DNIPCL_01451;DNIPCL_01452;DNIPCL_01453;DNIPCL_01454;DNIPCL_01455;DNIPCL_01456;DNIPCL_01457;DNIPCL_01458;DNIPCL_01459;DNIPCL_01460;DNIPCL_01461;DNIPCL_01462;DNIPCL_01463;DNIPCL_01464;DNIPCL_01465;DNIPCL_01466;DNIPCL_01467;DNIPCL_01468;DNIPCL_01469;DNIPCL_01474;DNIPCL_01475;DNIPCL_01476;DNIPCL_01477;DNIPCL_01478;DNIPCL_01479;DNIPCL_01480;DNIPCL_01481;DNIPCL_01482;DNIPCL_01483;DNIPCL_01484;DNIPCL_01485;DNIPCL_01486;DNIPCL_01487;DNIPCL_01488;DNIPCL_01489;DNIPCL_01490;DNIPCL_01491;DNIPCL_01492;DNIPCL_01493;DNIPCL_01494;DNIPCL_01495;DNIPCL_01496;DNIPCL_01497;DNIPCL_01498;DNIPCL_01499;DNIPCL_01500;DNIPCL_01501;DNIPCL_01502;DNIPCL_01503;DNIPCL_01504;DNIPCL_01505;DNIPCL_01506;DNIPCL_01507;DNIPCL_01508;DNIPCL_01509;DNIPCL_01510;DNIPCL_01511;DNIPCL_01512;DNIPCL_01513;DNIPCL_01514;DNIPCL_01515	65	GTP_cyclohydroI;PT_FPPS_like;PTPS;QueE;Fer4_12	NA	NA
GCF_014498915.1	contig_7	antiSMASH	Azole-containing-RiPP	NA	No	1	17379	17379	NA;DNIPCL_00810;DNIPCL_00811;DNIPCL_00812;DNIPCL_00813;DNIPCL_00814;DNIPCL_00815;DNIPCL_00816;DNIPCL_00817;DNIPCL_00818;DNIPCL_00819;DNIPCL_00820;DNIPCL_00821;DNIPCL_00822;DNIPCL_00823;DNIPCL_00824;DNIPCL_00825;DNIPCL_00826;DNIPCL_00827;DNIPCL_00828	19	PF00881;YcaO;ThiF	NA	NA
GCA_040861805.1	contig_25	antiSMASH	Terpene-precursor	NA	No	1	8335	8335	NA;CLGAPO_01576;CLGAPO_01577;CLGAPO_01578;CLGAPO_01579;CLGAPO_01580;CLGAPO_01581;CLGAPO_01582;CLGAPO_01583;CLGAPO_01584;CLGAPO_01585;CLGAPO_01586	11	QueE;Fer4_12;PTPS;PT_FPPS_like;GTP_cyclohydroI	NA	NA
GCF_003639805.1	contig_3	deepBGC		0.75317	NA	38252	46835	8583	gnl|Bakta|ENLLPF_00441;gnl|Bakta|ENLLPF_00442;gnl|Bakta|ENLLPF_00443;gnl|Bakta|ENLLPF_00444;gnl|Bakta|ENLLPF_00445;gnl|Bakta|ENLLPF_00446;gnl|Bakta|ENLLPF_00447	7	PF02353;PF08003;PF13489;PF01596;PF13847;PF01209;PF08241;PF08242;PF13649;PF05175;PF12847;PF06325;PF01135;PF13679;PF08123;PF01555;PF09334;PF00133;PF01406;PF01588;PF08003;PF13489;PF13649;PF08241;PF08242;PF13847;PF03061;PF13439;PF00534;PF13692;PF02784	NA	NA
GCF_003639805.1	contig_9	deepBGC		0.54464	NA	33783	34200	417	gnl|Bakta|ENLLPF_00666	1	PF01531	NA	NA
GCF_011140935.1	contig_19	deepBGC		0.50576	NA	7196	7994	798	gnl|Bakta|FNKACI_00691	1	PF08003;PF13489;PF13847;PF08241;PF08242;PF13649	NA	NA
GCA_040861525.1	contig_8	antiSMASH	Terpene-precursor	NA	No	1	60155	60155	NA;LAEBDH_01231;LAEBDH_01232;LAEBDH_01233;LAEBDH_01234;LAEBDH_01235;LAEBDH_01236;LAEBDH_01237;LAEBDH_01238;LAEBDH_01239;LAEBDH_01240;LAEBDH_01241;LAEBDH_01242;LAEBDH_01243;LAEBDH_01244;LAEBDH_01245;LAEBDH_01246;LAEBDH_01247;LAEBDH_01248;LAEBDH_01249;LAEBDH_01250;LAEBDH_01251;LAEBDH_01252;LAEBDH_01257;LAEBDH_01258;LAEBDH_01259;LAEBDH_01260;LAEBDH_01261;LAEBDH_01262;LAEBDH_01263;LAEBDH_01264;LAEBDH_01265;LAEBDH_01266;LAEBDH_01267;LAEBDH_01268;LAEBDH_01269;LAEBDH_01270;LAEBDH_01271;LAEBDH_01272;LAEBDH_01273;LAEBDH_01274;LAEBDH_01275;LAEBDH_01276;LAEBDH_01277;LAEBDH_01278;LAEBDH_01279;LAEBDH_01280;LAEBDH_01281;LAEBDH_01282;LAEBDH_01283;LAEBDH_01284;LAEBDH_01285;LAEBDH_01286;LAEBDH_01287;LAEBDH_01288;LAEBDH_01289;LAEBDH_01290;LAEBDH_01291;LAEBDH_01292;LAEBDH_01293;LAEBDH_01294;LAEBDH_01295	61	GTP_cyclohydroI;PT_FPPS_like;PTPS;QueE;Fer4_12	NA	NA
GCF_037861755.1	contig_2	deepBGC	Other	0.68895	NA	37596	42673	5077	gnl|Bakta|GNKOCD_00245;gnl|Bakta|GNKOCD_00246;gnl|Bakta|GNKOCD_00247;gnl|Bakta|GNKOCD_00248	4	PF02353;PF08003;PF13489;PF01596;PF13847;PF01209;PF08241;PF08242;PF13649;PF05175;PF12847;PF06325;PF01135;PF13679;PF08123;PF09334;PF00133;PF01406;PF01588;PF08003;PF13489;PF13649;PF08241;PF08242;PF13847	NA	NA
GCA_040860865.1	contig_8	antiSMASH	Terpene-precursor	NA	No	1	74340	74340	NA;LMONOB_01198;LMONOB_01199;LMONOB_01200;LMONOB_01201;LMONOB_01202;LMONOB_01203;LMONOB_01204;LMONOB_01205;LMONOB_01206;LMONOB_01207;LMONOB_01208;LMONOB_01209;LMONOB_01210;LMONOB_01211;LMONOB_01212;LMONOB_01213;LMONOB_01214;LMONOB_01215;LMONOB_01216;LMONOB_01217;LMONOB_01218;LMONOB_01219;LMONOB_01220;LMONOB_01221;LMONOB_01222;LMONOB_01223;LMONOB_01224;LMONOB_01225;LMONOB_01226;LMONOB_01227;LMONOB_01228;LMONOB_01229;LMONOB_01230;LMONOB_01231;LMONOB_01232;LMONOB_01233;LMONOB_01234;LMONOB_01235;LMONOB_01236;LMONOB_01237;LMONOB_01238;LMONOB_01239;LMONOB_01240;LMONOB_01241;LMONOB_01242;LMONOB_01243;LMONOB_01244;LMONOB_01245;LMONOB_01246;LMONOB_01247;LMONOB_01248;LMONOB_01249;LMONOB_01250;LMONOB_01251;LMONOB_01252;LMONOB_01253;LMONOB_01254;LMONOB_01259;LMONOB_01260;LMONOB_01261;LMONOB_01262;LMONOB_01263;LMONOB_01264;LMONOB_01265;LMONOB_01266;LMONOB_01267;LMONOB_01268;LMONOB_01269;LMONOB_01270;LMONOB_01271;LMONOB_01272;LMONOB_01273;LMONOB_01274;LMONOB_01275;LMONOB_01276;LMONOB_01277;LMONOB_01278;LMONOB_01279;LMONOB_01280;LMONOB_01281	80	Pkinase;QueE;Fer4_12;PTPS;PT_FPPS_like;GTP_cyclohydroI	NA	NA
GCF_003382545.1	contig_18	antiSMASH	Terpene-precursor	NA	No	1	59802	59802	NA;BEOCFJ_01405;BEOCFJ_01406;BEOCFJ_01407;BEOCFJ_01408;BEOCFJ_01409;BEOCFJ_01410;BEOCFJ_01411;BEOCFJ_01412;BEOCFJ_01413;BEOCFJ_01414;BEOCFJ_01415;BEOCFJ_01416;BEOCFJ_01417;BEOCFJ_01418;BEOCFJ_01419;BEOCFJ_01420;BEOCFJ_01421;BEOCFJ_01422;BEOCFJ_01423;BEOCFJ_01424;BEOCFJ_01425;BEOCFJ_01426;BEOCFJ_01427;BEOCFJ_01432;BEOCFJ_01433;BEOCFJ_01434;BEOCFJ_01435;BEOCFJ_01436;BEOCFJ_01437;BEOCFJ_01438;BEOCFJ_01439;BEOCFJ_01440;BEOCFJ_01441;BEOCFJ_01442;BEOCFJ_01443;BEOCFJ_01444;BEOCFJ_01445;BEOCFJ_01446;BEOCFJ_01447;BEOCFJ_01448;BEOCFJ_01449;BEOCFJ_01450;BEOCFJ_01451;BEOCFJ_01452;BEOCFJ_01453;BEOCFJ_01454;BEOCFJ_01455;BEOCFJ_01456;BEOCFJ_01457;BEOCFJ_01458;BEOCFJ_01459;BEOCFJ_01460;BEOCFJ_01461;BEOCFJ_01462;BEOCFJ_01463;BEOCFJ_01464;BEOCFJ_01465;BEOCFJ_01466;BEOCFJ_01467;BEOCFJ_01468;BEOCFJ_01469;BEOCFJ_01470;BEOCFJ_01471;BEOCFJ_01472	64	GTP_cyclohydroI;PT_FPPS_like;PTPS;QueE;Fer4_12	NA	NA
GCF_014497085.1	contig_6	deepBGC		0.52387	NA	7059	7845	786	gnl|Bakta|IJEEBH_00511	1	PF08003;PF13489;PF13847;PF08241;PF08242;PF13649	NA	NA
GCF_014497085.1	contig_7	deepBGC	RiPP	0.56976	NA	27604	28234	630	gnl|Bakta|IJEEBH_00579	1	PF01135;PF13847;PF13649;PF00398	NA	NA
GCF_015904675.1	contig_34	antiSMASH	Terpene-precursor	NA	No	1	8956	8956	NA;NIKCPE_01532;NIKCPE_01533;NIKCPE_01534;NIKCPE_01535;NIKCPE_01536;NIKCPE_01537;NIKCPE_01538;NIKCPE_01539;NIKCPE_01540;NIKCPE_01541;NIKCPE_01542;NIKCPE_01543	12	QueE;Fer4_12;PTPS;PT_FPPS_like;GTP_cyclohydroI	NA	NA
GCA_040861365.1	contig_12	antiSMASH	Terpene-precursor	NA	No	1	59341	59341	NA;KDCMAE_01334;KDCMAE_01335;KDCMAE_01336;KDCMAE_01337;KDCMAE_01338;KDCMAE_01339;KDCMAE_01340;KDCMAE_01341;KDCMAE_01342;KDCMAE_01343;KDCMAE_01344;KDCMAE_01345;KDCMAE_01346;KDCMAE_01347;KDCMAE_01348;KDCMAE_01349;KDCMAE_01350;KDCMAE_01351;KDCMAE_01352;KDCMAE_01353;KDCMAE_01354;KDCMAE_01355;KDCMAE_01356;KDCMAE_01357;KDCMAE_01358;KDCMAE_01359;KDCMAE_01360;KDCMAE_01361;KDCMAE_01362;KDCMAE_01363;KDCMAE_01364;KDCMAE_01365;KDCMAE_01366;KDCMAE_01367;KDCMAE_01368;KDCMAE_01369;KDCMAE_01374;KDCMAE_01375;KDCMAE_01376;KDCMAE_01377;KDCMAE_01378;KDCMAE_01379;KDCMAE_01380;KDCMAE_01381;KDCMAE_01382;KDCMAE_01383;KDCMAE_01384;KDCMAE_01385;KDCMAE_01386;KDCMAE_01387;KDCMAE_01388;KDCMAE_01389;KDCMAE_01390;KDCMAE_01391;KDCMAE_01392;KDCMAE_01393;KDCMAE_01394	57	QueE;Fer4_12;PTPS;PT_FPPS_like;GTP_cyclohydroI	NA	NA
GCF_011140655.1	contig_35	antiSMASH	Terpene-precursor	NA	No	1	123574	123574	NA;GNNDHB_01150;GNNDHB_01151;GNNDHB_01152;GNNDHB_01153;GNNDHB_01154;GNNDHB_01155;GNNDHB_01156;GNNDHB_01157;GNNDHB_01158;GNNDHB_01159;GNNDHB_01160;GNNDHB_01161;GNNDHB_01162;GNNDHB_01163;GNNDHB_01164;GNNDHB_01165;GNNDHB_01166;GNNDHB_01167;GNNDHB_01168;GNNDHB_01169;GNNDHB_01170;GNNDHB_01171;GNNDHB_01172;GNNDHB_01173;GNNDHB_01174;GNNDHB_01175;GNNDHB_01177;GNNDHB_01178;GNNDHB_01179;GNNDHB_01180;GNNDHB_01181;GNNDHB_01182;GNNDHB_01183;GNNDHB_01184;GNNDHB_01185;GNNDHB_01186;GNNDHB_01187;GNNDHB_01188;GNNDHB_01189;GNNDHB_01190;GNNDHB_01191;GNNDHB_01192;GNNDHB_01193;GNNDHB_01194;GNNDHB_01195;GNNDHB_01196;GNNDHB_01197;GNNDHB_01198;GNNDHB_01199;GNNDHB_01200;GNNDHB_01201;GNNDHB_01202;GNNDHB_01203;GNNDHB_01204;GNNDHB_01205;GNNDHB_01206;GNNDHB_01207;GNNDHB_01208;GNNDHB_01209;GNNDHB_01210;GNNDHB_01211;GNNDHB_01212;GNNDHB_01213;GNNDHB_01214;GNNDHB_01215;GNNDHB_01216;GNNDHB_01217;GNNDHB_01218;GNNDHB_01219;GNNDHB_01220;GNNDHB_01221;GNNDHB_01222;GNNDHB_01223;GNNDHB_01224;GNNDHB_01225;GNNDHB_01226;GNNDHB_01227;GNNDHB_01228;GNNDHB_01229;GNNDHB_01230;GNNDHB_01231;GNNDHB_01233;GNNDHB_01234;GNNDHB_01235;GNNDHB_01236;GNNDHB_01237;GNNDHB_01238;GNNDHB_01239;GNNDHB_01240;GNNDHB_01241;GNNDHB_01242;GNNDHB_01243;GNNDHB_01244;GNNDHB_01245;GNNDHB_01246;GNNDHB_01247;GNNDHB_01248;GNNDHB_01249;GNNDHB_01250;GNNDHB_01251;GNNDHB_01252;GNNDHB_01253;GNNDHB_01254;GNNDHB_01255;GNNDHB_01256;GNNDHB_01257;GNNDHB_01258;GNNDHB_01259;GNNDHB_01260;GNNDHB_01261;GNNDHB_01262;GNNDHB_01263;GNNDHB_01264;GNNDHB_01265;GNNDHB_01266;GNNDHB_01267;GNNDHB_01268;GNNDHB_01269;GNNDHB_01270	119	QueE;Fer4_12;PTPS;PT_FPPS_like;GTP_cyclohydroI	NA	NA
GCF_011140555.1	contig_14	deepBGC		0.51515	NA	34628	34928	300	gnl|Bakta|EIOLHN_00452	1	PF07883	NA	NA
GCF_011140555.1	contig_21	deepBGC	Polyketide	0.54312	NA	343	1567	1224	gnl|Bakta|EIOLHN_01025	1	PF07690	NA	NA
GCF_011140555.1	contig_32	deepBGC		0.50487	NA	7255	8053	798	gnl|Bakta|EIOLHN_01546	1	PF08003;PF13489;PF13847;PF08241;PF08242;PF13649	NA	NA
GCF_011140555.1	contig_32	deepBGC		0.60027	NA	66666	76966	10300	gnl|Bakta|EIOLHN_01602;gnl|Bakta|EIOLHN_01603;gnl|Bakta|EIOLHN_01604;gnl|Bakta|EIOLHN_01605;gnl|Bakta|EIOLHN_01608;gnl|Bakta|EIOLHN_01609;gnl|Bakta|EIOLHN_01610;gnl|Bakta|EIOLHN_01611;gnl|Bakta|EIOLHN_01612	9	PF01135;PF00398;PF13489;PF13847;PF13649;PF03739;PF01416;PF16363;PF01370;PF07993;PF04321;PF02719;PF01073;PF13460;PF08659;PF00106;PF00106;PF01370;PF08659;PF13561;PF08238;PF07719;PF01081;PF00920	NA	NA
GCF_011140555.1	contig_32	deepBGC	NRP	0.62509	NA	78989	83311	4322	gnl|Bakta|EIOLHN_01615;gnl|Bakta|EIOLHN_01616;gnl|Bakta|EIOLHN_01617;gnl|Bakta|EIOLHN_01618	4	PF02685;PF08240;PF02826;PF01262;PF03446;PF00107;PF01501;PF01501	NA	NA
GCF_014497025.1	contig_3	deepBGC	Saccharide	0.66075	NA	37694	46262	8568	gnl|Bakta|LNABPA_00325;gnl|Bakta|LNABPA_00326;gnl|Bakta|LNABPA_00327;gnl|Bakta|LNABPA_00328;gnl|Bakta|LNABPA_00329;gnl|Bakta|LNABPA_00330;gnl|Bakta|LNABPA_00331	7	PF02353;PF08003;PF13489;PF01596;PF13847;PF01209;PF08241;PF08242;PF13649;PF05175;PF12847;PF06325;PF01135;PF13679;PF08123;PF01555;PF09334;PF00133;PF01406;PF01588;PF08003;PF13489;PF13649;PF08241;PF08242;PF13847;PF03061;PF13439;PF13579;PF00534;PF13692;PF02784	NA	NA
GCF_011140925.1	contig_3	deepBGC		0.69024	NA	38706	47285	8579	gnl|Bakta|EEFBPL_00137;gnl|Bakta|EEFBPL_00138;gnl|Bakta|EEFBPL_00139;gnl|Bakta|EEFBPL_00140;gnl|Bakta|EEFBPL_00141;gnl|Bakta|EEFBPL_00142;gnl|Bakta|EEFBPL_00143	7	PF02353;PF08003;PF13489;PF13847;PF01209;PF08241;PF08242;PF13649;PF05175;PF12847;PF06325;PF01135;PF13679;PF08123;PF01555;PF09334;PF00133;PF01406;PF01588;PF08003;PF13489;PF13649;PF08241;PF08242;PF13847;PF03061;PF13439;PF00534;PF13692;PF02784	NA	NA
GCF_040820845.1	contig_36	antiSMASH	Terpene-precursor	NA	No	1	11070	11070	NA;IDFBFO_01036;IDFBFO_01037;IDFBFO_01038;IDFBFO_01039;IDFBFO_01040;IDFBFO_01041;IDFBFO_01042;IDFBFO_01043;IDFBFO_01044;IDFBFO_01045;IDFBFO_01046;IDFBFO_01047;IDFBFO_01048;IDFBFO_01049	14	GTP_cyclohydroI;PT_FPPS_like;PTPS;QueE;Fer4_12	NA	NA
GCA_024406795.1	contig_5	deepBGC		0.53618	NA	38952	39210	258	gnl|Bakta|MNMOGM_00414	1	PF09334;PF00133;PF01406	NA	NA
GCA_024406795.1	contig_7	deepBGC		0.65326	NA	19772	33745	13973	gnl|Bakta|MNMOGM_00489;gnl|Bakta|MNMOGM_00490;gnl|Bakta|MNMOGM_00491;gnl|Bakta|MNMOGM_00492;gnl|Bakta|MNMOGM_00493;gnl|Bakta|MNMOGM_00496;gnl|Bakta|MNMOGM_00497;gnl|Bakta|MNMOGM_00498;gnl|Bakta|MNMOGM_00499;gnl|Bakta|MNMOGM_00500;gnl|Bakta|MNMOGM_00502;gnl|Bakta|MNMOGM_00503;gnl|Bakta|MNMOGM_00504;MNMOGM_00505;gnl|Bakta|MNMOGM_00506;gnl|Bakta|MNMOGM_00507;gnl|Bakta|MNMOGM_00508	17	PF00920;PF01081;PF07719;PF08238;PF13561;PF00106;PF08659;PF01370;PF04321;PF16363;PF01370;PF02719;PF08659;PF01073;PF07993;PF13460;PF01416;PF03739;PF01135;PF13847;PF13649;PF00398;PF00268;PF01041;PF01041;PF00266;PF05050	NA	NA
GCF_011140365.1	contig_24	deepBGC		0.85135	NA	39004	53662	14658	gnl|Bakta|CKEBHI_01281;gnl|Bakta|CKEBHI_01282;gnl|Bakta|CKEBHI_01283;gnl|Bakta|CKEBHI_01284;gnl|Bakta|CKEBHI_01285;gnl|Bakta|CKEBHI_01286;gnl|Bakta|CKEBHI_01287;gnl|Bakta|CKEBHI_01288;CKEBHI_01289;CKEBHI_01290;gnl|Bakta|CKEBHI_01291;CKEBHI_01292;gnl|Bakta|CKEBHI_01293;gnl|Bakta|CKEBHI_01294;gnl|Bakta|CKEBHI_01295;gnl|Bakta|CKEBHI_01296	16	PF02353;PF08003;PF13489;PF01596;PF13847;PF01209;PF08241;PF08242;PF13649;PF05175;PF12847;PF06325;PF01135;PF13679;PF08123;PF09334;PF00133;PF01406;PF01588;PF08003;PF13489;PF13649;PF08241;PF08242;PF13847;PF03061;PF13439;PF00534;PF13692;PF02784;PF10579;PF10482;PF03235	NA	NA
GCF_011140365.1	contig_9	deepBGC		0.50096	NA	2443	2743	300	gnl|Bakta|CKEBHI_00402	1	PF07883	NA	NA
GCA_040862325.1	contig_10	antiSMASH	Terpene-precursor	NA	No	1	75913	75913	NA;ANHLGI_01127;ANHLGI_01128;ANHLGI_01129;ANHLGI_01130;ANHLGI_01131;ANHLGI_01132;ANHLGI_01133;ANHLGI_01134;ANHLGI_01135;ANHLGI_01136;ANHLGI_01137;ANHLGI_01138;ANHLGI_01139;ANHLGI_01140;ANHLGI_01141;ANHLGI_01142;ANHLGI_01143;ANHLGI_01144;ANHLGI_01145;ANHLGI_01146;ANHLGI_01147;ANHLGI_01152;ANHLGI_01153;ANHLGI_01154;ANHLGI_01155;ANHLGI_01156;ANHLGI_01157;ANHLGI_01158;ANHLGI_01159;ANHLGI_01160;ANHLGI_01161;ANHLGI_01162;ANHLGI_01163;ANHLGI_01164;ANHLGI_01165;ANHLGI_01166;ANHLGI_01167;ANHLGI_01168;ANHLGI_01169;ANHLGI_01170;ANHLGI_01171;ANHLGI_01172;ANHLGI_01173;ANHLGI_01174;ANHLGI_01175;ANHLGI_01176;ANHLGI_01177;ANHLGI_01178;ANHLGI_01179;ANHLGI_01180;ANHLGI_01181;ANHLGI_01182;ANHLGI_01183;ANHLGI_01184;ANHLGI_01185;ANHLGI_01186;ANHLGI_01187;ANHLGI_01188;ANHLGI_01189;ANHLGI_01190;ANHLGI_01191;ANHLGI_01192;ANHLGI_01193;ANHLGI_01194;ANHLGI_01195;ANHLGI_01196;ANHLGI_01197;ANHLGI_01199;ANHLGI_01200;ANHLGI_01201;ANHLGI_01202;ANHLGI_01203;ANHLGI_01204;ANHLGI_01205;ANHLGI_01206;ANHLGI_01207;ANHLGI_01208;ANHLGI_01209;ANHLGI_01210;ANHLGI_01211;ANHLGI_01212	81	GTP_cyclohydroI;PT_FPPS_like;PTPS;QueE;Fer4_12	NA	NA
GCF_014498545.1	contig_15	antiSMASH	Terpene-precursor	NA	No	1	9353	9353	NA;FIPHBK_00750;FIPHBK_00751;FIPHBK_00752;FIPHBK_00753;FIPHBK_00754;FIPHBK_00755;FIPHBK_00756;FIPHBK_00757;FIPHBK_00758;FIPHBK_00759;FIPHBK_00760;FIPHBK_00761;FIPHBK_00762	13	GTP_cyclohydroI;PT_FPPS_like;PTPS;QueE;Fer4_12	NA	NA
GCF_040820915.1	contig_104	deepBGC		0.68006	NA	50	4520	4470	gnl|Bakta|OOPEPD_01452;gnl|Bakta|OOPEPD_01453;gnl|Bakta|OOPEPD_01454;gnl|Bakta|OOPEPD_01455;gnl|Bakta|OOPEPD_01456	5	PF04321;PF16363;PF01370;PF02719;PF08659;PF01073;PF07993;PF13460;PF01416;PF03739;PF01135;PF13847;PF13649;PF00398;PF13489;PF00268	NA	NA
GCF_040820915.1	contig_107	deepBGC	Polyketide	0.63487	NA	222	4230	4008	gnl|Bakta|OOPEPD_01467;gnl|Bakta|OOPEPD_01468;gnl|Bakta|OOPEPD_01469;gnl|Bakta|OOPEPD_01470	4	PF02169;PF03349;PF01488;PF00106;PF04321;PF08659;PF02719;PF01370;PF05368;PF03435;PF16363;PF01073;PF07993;PF13460	NA	NA
GCF_040820915.1	contig_110	deepBGC		0.5428	NA	660	2058	1398	gnl|Bakta|OOPEPD_01483	1	PF02521	NA	NA
GCF_040820915.1	contig_15	deepBGC		0.77706	NA	0	1977	1977	gnl|Bakta|OOPEPD_00074;OOPEPD_00075;gnl|Bakta|OOPEPD_00076	3	PF07714;PF00069;PF13672;PF13672	NA	NA
GCF_040820915.1	contig_26	deepBGC	Saccharide	0.68603	NA	37537	46104	8567	gnl|Bakta|OOPEPD_00376;gnl|Bakta|OOPEPD_00377;gnl|Bakta|OOPEPD_00378;gnl|Bakta|OOPEPD_00379;gnl|Bakta|OOPEPD_00380;gnl|Bakta|OOPEPD_00381;gnl|Bakta|OOPEPD_00382	7	PF02353;PF08003;PF13489;PF01596;PF13847;PF01209;PF08241;PF08242;PF13649;PF05175;PF12847;PF06325;PF01135;PF13679;PF08123;PF01555;PF00133;PF09334;PF01406;PF01588;PF08003;PF13489;PF13649;PF08241;PF08242;PF13847;PF03061;PF13439;PF13579;PF00534;PF13692;PF02784	NA	NA
GCF_040820915.1	contig_26	deepBGC		0.55319	NA	50435	52181	1746	gnl|Bakta|OOPEPD_00387;gnl|Bakta|OOPEPD_00388	2	PF07510;PF03235	NA	NA
GCF_040820915.1	contig_38	deepBGC	Polyketide	0.64185	NA	5215	17172	11957	gnl|Bakta|OOPEPD_00614;gnl|Bakta|OOPEPD_00615;gnl|Bakta|OOPEPD_00616;gnl|Bakta|OOPEPD_00617;gnl|Bakta|OOPEPD_00618;gnl|Bakta|OOPEPD_00619;gnl|Bakta|OOPEPD_00620;gnl|Bakta|OOPEPD_00621;gnl|Bakta|OOPEPD_00622;gnl|Bakta|OOPEPD_00623;OOPEPD_00624;gnl|Bakta|OOPEPD_00625	12	PF01219;PF08882;PF02538;PF01968;PF05378;PF05378;PF01869;PF09982;PF02667;PF03606;PF03806;PF01144;PF13336;PF01144;PF02803;PF00108;PF00108;PF00109	NA	NA
GCF_040820915.1	contig_6	deepBGC		0.51131	NA	2235	3426	1191	gnl|Bakta|OOPEPD_00019	1	PF01501	NA	NA
GCF_040820915.1	contig_64	deepBGC	Polyketide	0.54998	NA	4624	6824	2200	gnl|Bakta|OOPEPD_01046;gnl|Bakta|OOPEPD_01047	2	PF01039;PF03255;PF02801;PF00109	NA	NA
GCF_040820915.1	contig_67	deepBGC		0.52111	NA	104	521	417	gnl|Bakta|OOPEPD_01071	1	PF01029	NA	NA
GCF_040820915.1	contig_73	deepBGC		0.62299	NA	5498	6491	993	gnl|Bakta|OOPEPD_01171	1	PF00108;PF00195;PF07451;PF08545;PF08541	NA	NA
GCF_040820915.1	contig_93	deepBGC	NRP	0.56765	NA	3146	5516	2370	gnl|Bakta|OOPEPD_01365;gnl|Bakta|OOPEPD_01366	2	PF08240;PF02826;PF01262;PF03446;PF00107;PF01501	NA	NA
GCA_024406375.1	contig_11	deepBGC	Other	0.73639	NA	127827	132915	5088	gnl|Bakta|EKOINM_01116;gnl|Bakta|EKOINM_01117;gnl|Bakta|EKOINM_01118;gnl|Bakta|EKOINM_01119	4	PF02353;PF08003;PF13489;PF01596;PF13847;PF01209;PF08241;PF08242;PF13649;PF05175;PF12847;PF06325;PF01135;PF13679;PF08123;PF01555;PF09334;PF00133;PF01406;PF01588;PF08003;PF13489;PF13649;PF08241;PF08242;PF13847	NA	NA
GCA_024406375.1	contig_3	deepBGC		0.51743	NA	34079	34379	300	gnl|Bakta|EKOINM_00542	1	PF07883	NA	NA
GCA_024406375.1	contig_6	deepBGC	RiPP	0.61979	NA	1	127	126	gnl|Bakta|EKOINM_00612	1	PF13555;PF00005;PF13476;PF02463	NA	NA
GCA_024406375.1	contig_6	deepBGC	RiPP	0.60257	NA	2075	3398	1323	gnl|Bakta|EKOINM_00615	1	PF02624	NA	NA
GCF_040821395.1	contig_105	deepBGC		0.80567	NA	51	4521	4470	gnl|Bakta|GFJJGL_01467;gnl|Bakta|GFJJGL_01468;gnl|Bakta|GFJJGL_01469;gnl|Bakta|GFJJGL_01470;gnl|Bakta|GFJJGL_01471	5	PF00268;PF01135;PF00398;PF13489;PF13847;PF13649;PF03739;PF01416;PF16363;PF01370;PF07993;PF04321;PF02719;PF01073;PF13460;PF08659	NA	NA
GCF_040821395.1	contig_110	deepBGC	Terpene	0.61009	NA	2	4683	4681	gnl|Bakta|GFJJGL_01501;gnl|Bakta|GFJJGL_01502;gnl|Bakta|GFJJGL_01503;gnl|Bakta|GFJJGL_01504;gnl|Bakta|GFJJGL_01505	5	PF00884;PF13088;PF04909;PF03544	NA	NA
GCF_040821395.1	contig_14	deepBGC		0.55475	NA	2	1049	1047	gnl|Bakta|GFJJGL_00095	1	PF01501	NA	NA
GCF_040821395.1	contig_48	deepBGC	NRP	0.60823	NA	0	4726	4726	gnl|Bakta|GFJJGL_00847;gnl|Bakta|GFJJGL_00848;gnl|Bakta|GFJJGL_00849;gnl|Bakta|GFJJGL_00850	4	PF01501;PF01501;PF00107;PF03446;PF02826;PF01262;PF08240;PF02685	NA	NA
GCF_040821395.1	contig_48	deepBGC	Polyketide	0.567	NA	5405	11100	5695	gnl|Bakta|GFJJGL_00852;gnl|Bakta|GFJJGL_00853;gnl|Bakta|GFJJGL_00854;gnl|Bakta|GFJJGL_00855;gnl|Bakta|GFJJGL_00856	5	PF02781;PF00479;PF00920;PF01081;PF07719;PF00515;PF08238;PF13561;PF00106;PF01370;PF08659	NA	NA
GCF_040821395.1	contig_54	deepBGC	Polyketide	0.79821	NA	378	3891	3513	gnl|Bakta|GFJJGL_00925;gnl|Bakta|GFJJGL_00926;gnl|Bakta|GFJJGL_00927;gnl|Bakta|GFJJGL_00928;gnl|Bakta|GFJJGL_00929	5	PF01039;PF03255;PF02801;PF00109;PF10501;PF00550;PF14573;PF16320;PF13561;PF00106;PF08659	NA	NA
GCF_040821395.1	contig_6	deepBGC	Polyketide	0.52026	NA	59	1205	1146	gnl|Bakta|GFJJGL_00026	1	PF07690;PF06779;PF00083	NA	NA
GCF_040821395.1	contig_68	deepBGC		0.60355	NA	4199	4985	786	gnl|Bakta|GFJJGL_01100	1	PF08003;PF13489;PF13847;PF08241;PF08242;PF13649	NA	NA
GCF_040821395.1	contig_97	deepBGC		0.5769	NA	21	1299	1278	gnl|Bakta|GFJJGL_01383;gnl|Bakta|GFJJGL_01384;gnl|Bakta|GFJJGL_01385	3	PF07883;PF02492	NA	NA
GCF_040821885.1	contig_37	antiSMASH	Terpene-precursor	NA	No	1	10192	10192	NA;HFKFHB_01134;HFKFHB_01135;HFKFHB_01136;HFKFHB_01137;HFKFHB_01138;HFKFHB_01139;HFKFHB_01140;HFKFHB_01141;HFKFHB_01142;HFKFHB_01143;HFKFHB_01144;HFKFHB_01145;HFKFHB_01146;HFKFHB_01147	14	GTP_cyclohydroI;PT_FPPS_like;PTPS;QueE;Fer4_12	NA	NA
GCA_024412135.1	contig_14	deepBGC		0.52167	NA	7228	8014	786	gnl|Bakta|GCDKME_00730	1	PF08003;PF13489;PF13847;PF08241;PF08242;PF13649	NA	NA
GCA_024412135.1	contig_14	deepBGC	Other	0.63033	NA	11147	12317	1170	gnl|Bakta|GCDKME_00733	1	PF01555;PF02353;PF13489;PF08123;PF08003;PF01209;PF06325;PF01135;PF05175;PF01596;PF12847;PF13679;PF13847;PF08241;PF08242;PF13649	NA	NA
GCF_011140875.1	contig_11	antiSMASH	Terpene-precursor	NA	No	1	76744	76744	NA;NFJELF_00258;NFJELF_00259;NFJELF_00260;NFJELF_00261;NFJELF_00262;NFJELF_00263;NFJELF_00264;NFJELF_00265;NFJELF_00266;NFJELF_00267;NFJELF_00268;NFJELF_00269;NFJELF_00270;NFJELF_00271;NFJELF_00272;NFJELF_00273;NFJELF_00274;NFJELF_00275;NFJELF_00276;NFJELF_00277;NFJELF_00278;NFJELF_00279;NFJELF_00280;NFJELF_00281;NFJELF_00282;NFJELF_00283;NFJELF_00284;NFJELF_00285;NFJELF_00286;NFJELF_00287;NFJELF_00288;NFJELF_00289;NFJELF_00290;NFJELF_00291;NFJELF_00292;NFJELF_00293;NFJELF_00294;NFJELF_00295;NFJELF_00296;NFJELF_00297;NFJELF_00298;NFJELF_00299;NFJELF_00300;NFJELF_00301;NFJELF_00302;NFJELF_00303;NFJELF_00304;NFJELF_00305;NFJELF_00306;NFJELF_00307;NFJELF_00308;NFJELF_00309;NFJELF_00310;NFJELF_00311;NFJELF_00316;NFJELF_00317;NFJELF_00318;NFJELF_00319;NFJELF_00320;NFJELF_00321;NFJELF_00322;NFJELF_00323;NFJELF_00324;NFJELF_00325;NFJELF_00326;NFJELF_00327;NFJELF_00328;NFJELF_00329;NFJELF_00330;NFJELF_00331;NFJELF_00332;NFJELF_00333;NFJELF_00334;NFJELF_00335	74	QueE;Fer4_12;PTPS;PT_FPPS_like;GTP_cyclohydroI	NA	NA
GCF_040821775.1	contig_44	antiSMASH	Terpene-precursor	NA	No	1	56543	56543	NA;MPIKEJ_01473;MPIKEJ_01474;MPIKEJ_01475;MPIKEJ_01476;MPIKEJ_01477;MPIKEJ_01478;MPIKEJ_01479;MPIKEJ_01480;MPIKEJ_01481;MPIKEJ_01482;MPIKEJ_01483;MPIKEJ_01484;MPIKEJ_01485;MPIKEJ_01486;MPIKEJ_01487;MPIKEJ_01488;MPIKEJ_01489;MPIKEJ_01490;MPIKEJ_01491;MPIKEJ_01492;MPIKEJ_01493;MPIKEJ_01494;MPIKEJ_01495;MPIKEJ_01496;MPIKEJ_01497;MPIKEJ_01498;MPIKEJ_01499;MPIKEJ_01500;MPIKEJ_01501;MPIKEJ_01502;MPIKEJ_01503;MPIKEJ_01504;MPIKEJ_01505;MPIKEJ_01506;MPIKEJ_01507;MPIKEJ_01508;MPIKEJ_01509;MPIKEJ_01513;MPIKEJ_01515;MPIKEJ_01516;MPIKEJ_01517;MPIKEJ_01518;MPIKEJ_01519;MPIKEJ_01520;MPIKEJ_01521;MPIKEJ_01522;MPIKEJ_01523;MPIKEJ_01524;MPIKEJ_01525;MPIKEJ_01526;MPIKEJ_01527;MPIKEJ_01528;MPIKEJ_01529;MPIKEJ_01530;MPIKEJ_01531;MPIKEJ_01532;MPIKEJ_01533;MPIKEJ_01534;MPIKEJ_01535;MPIKEJ_01536	60	Peptidase_M50;QueE;Fer4_12;PTPS;PT_FPPS_like;GTP_cyclohydroI	NA	NA
GCF_003639965.1	contig_23	antiSMASH	Terpene-precursor	NA	No	1	8256	8256	NA;CGLNML_00986;CGLNML_00987;CGLNML_00988;CGLNML_00989;CGLNML_00990;CGLNML_00991;CGLNML_00992;CGLNML_00993;CGLNML_00994;CGLNML_00995;CGLNML_00996;CGLNML_00997	12	GTP_cyclohydroI;PT_FPPS_like;PTPS;QueE;Fer4_12	NA	NA
GCF_040821655.1	contig_3	deepBGC	NRP	0.60043	NA	190	13986	13796	gnl|Bakta|DLONMH_00074;gnl|Bakta|DLONMH_00075;gnl|Bakta|DLONMH_00076;gnl|Bakta|DLONMH_00077;gnl|Bakta|DLONMH_00078;gnl|Bakta|DLONMH_00079;gnl|Bakta|DLONMH_00080	7	PF13664;PF02691;PF03077;PF03797;PF00278;PF02784;PF01817;PF09924;PF00425;PF01063;PF00795	NA	NA
GCF_040821655.1	contig_6	deepBGC	Polyketide	0.60549	NA	18853	20693	1840	gnl|Bakta|DLONMH_00190;gnl|Bakta|DLONMH_00191	2	PF07719;PF08238;PF13561;PF00106;PF01370;PF08659	NA	NA
GCF_040821655.1	contig_6	deepBGC		0.69294	NA	25874	31703	5829	gnl|Bakta|DLONMH_00198;gnl|Bakta|DLONMH_00199;gnl|Bakta|DLONMH_00201;gnl|Bakta|DLONMH_00202;gnl|Bakta|DLONMH_00203;gnl|Bakta|DLONMH_00204;gnl|Bakta|DLONMH_00205;gnl|Bakta|DLONMH_00206;gnl|Bakta|DLONMH_00207	9	PF01135;PF13847;PF13649;PF13489;PF00398;PF00268;PF01041;PF00266;PF00155;PF10422;PF05050	NA	NA
GCF_040821655.1	contig_66	deepBGC		0.63461	NA	3569	4355	786	gnl|Bakta|DLONMH_01266	1	PF08003;PF13489;PF13847;PF08241;PF08242;PF13649	NA	NA
GCF_040821655.1	contig_83	deepBGC		0.63277	NA	93	2127	2034	gnl|Bakta|DLONMH_01441;gnl|Bakta|DLONMH_01442	2	PF02504;PF00108;PF00195;PF07451;PF08545;PF08541	NA	NA
GCF_040821655.1	contig_85	deepBGC		0.57479	NA	243	3497	3254	gnl|Bakta|DLONMH_01452;gnl|Bakta|DLONMH_01453;gnl|Bakta|DLONMH_01454;gnl|Bakta|DLONMH_01455	4	PF01075;PF03767;PF13419;PF13344;PF04264;PF03070	NA	NA
GCF_040821655.1	contig_88	deepBGC	Polyketide	0.60313	NA	469	3694	3225	gnl|Bakta|DLONMH_01496;gnl|Bakta|DLONMH_01497;gnl|Bakta|DLONMH_01498	3	PF01361;PF14552;PF13454;PF07690;PF06779	NA	NA
GCF_040821655.1	contig_92	deepBGC	Polyketide	0.54763	NA	201	1361	1160	gnl|Bakta|DLONMH_01512;gnl|Bakta|DLONMH_01513	2	PF07690;PF13347;PF17561;PF01925;PF07690	NA	NA
GCA_040860985.1	contig_19	antiSMASH	Terpene-precursor	NA	No	1	8204	8204	NA;DJKOPC_01570;DJKOPC_01571;DJKOPC_01572;DJKOPC_01573;DJKOPC_01574;DJKOPC_01575;DJKOPC_01576;DJKOPC_01577;DJKOPC_01578;DJKOPC_01579;DJKOPC_01580;DJKOPC_01581	12	GTP_cyclohydroI;PT_FPPS_like;PTPS;QueE;Fer4_12	NA	NA
GCF_040821295.1	contig_27	deepBGC		0.61872	NA	1	520	519	gnl|Bakta|NKAHPI_00895	1	PF01531	NA	NA
GCF_040821295.1	contig_37	deepBGC	Polyketide	0.90169	NA	1125	9883	8758	gnl|Bakta|NKAHPI_01108;gnl|Bakta|NKAHPI_01110;gnl|Bakta|NKAHPI_01111;gnl|Bakta|NKAHPI_01112;gnl|Bakta|NKAHPI_01113;gnl|Bakta|NKAHPI_01114;gnl|Bakta|NKAHPI_01117;NKAHPI_01118;gnl|Bakta|NKAHPI_01119	9	PF01041;PF00266;PF00268;PF01135;PF00398;PF13489;PF13847;PF13649;PF03739;PF01416;PF16363;PF01370;PF07993;PF04321;PF02719;PF01073;PF08659;PF00106;PF13561;PF00106	NA	NA
GCF_040821295.1	contig_54	deepBGC		0.6859	NA	37658	44379	6721	gnl|Bakta|NKAHPI_01542;gnl|Bakta|NKAHPI_01543;gnl|Bakta|NKAHPI_01544;gnl|Bakta|NKAHPI_01545;gnl|Bakta|NKAHPI_01546;gnl|Bakta|NKAHPI_01547	6	PF02353;PF08003;PF13489;PF01596;PF13847;PF01209;PF08241;PF08242;PF13649;PF05175;PF12847;PF06325;PF01135;PF13679;PF08123;PF01555;PF00133;PF09334;PF01406;PF01588;PF08003;PF13489;PF13649;PF08241;PF08242;PF13847;PF03061;PF13439;PF00534;PF13692	NA	NA
GCF_003639685.1	contig_14	antiSMASH	Terpene-precursor	NA	Yes	8415	29326	20912	NA;JDGFFC_01268;JDGFFC_01269;JDGFFC_01270;JDGFFC_01271;JDGFFC_01272;JDGFFC_01273;JDGFFC_01274;JDGFFC_01275;JDGFFC_01276;JDGFFC_01277;JDGFFC_01278;JDGFFC_01279;JDGFFC_01280;JDGFFC_01281;JDGFFC_01282;JDGFFC_01283;JDGFFC_01284;JDGFFC_01285;JDGFFC_01286;JDGFFC_01287;JDGFFC_01288;JDGFFC_01289;JDGFFC_01290	23	GTP_cyclohydroI;PT_FPPS_like;PTPS;QueE;Fer4_12	NA	NA
GCA_024412355.1	contig_15	antiSMASH	Terpene-precursor	NA	No	1	59999	59999	NA;DKEDIJ_01482;DKEDIJ_01483;DKEDIJ_01484;DKEDIJ_01485;DKEDIJ_01486;DKEDIJ_01487;DKEDIJ_01488;DKEDIJ_01489;DKEDIJ_01490;DKEDIJ_01491;DKEDIJ_01492;DKEDIJ_01493;DKEDIJ_01494;DKEDIJ_01495;DKEDIJ_01496;DKEDIJ_01497;DKEDIJ_01498;DKEDIJ_01499;DKEDIJ_01500;DKEDIJ_01501;DKEDIJ_01502;DKEDIJ_01503;DKEDIJ_01508;DKEDIJ_01509;DKEDIJ_01510;DKEDIJ_01511;DKEDIJ_01512;DKEDIJ_01513;DKEDIJ_01514;DKEDIJ_01515;DKEDIJ_01516;DKEDIJ_01517;DKEDIJ_01518;DKEDIJ_01519;DKEDIJ_01520;DKEDIJ_01521;DKEDIJ_01522;DKEDIJ_01523;DKEDIJ_01524;DKEDIJ_01525;DKEDIJ_01526;DKEDIJ_01527;DKEDIJ_01528;DKEDIJ_01529;DKEDIJ_01530;DKEDIJ_01531;DKEDIJ_01532;DKEDIJ_01533;DKEDIJ_01534;DKEDIJ_01535;DKEDIJ_01536;DKEDIJ_01537;DKEDIJ_01538;DKEDIJ_01539;DKEDIJ_01540;DKEDIJ_01541;DKEDIJ_01542;DKEDIJ_01543	58	GTP_cyclohydroI;PT_FPPS_like;PTPS;QueE;Fer4_12	NA	NA
GCA_024406955.1	contig_20	antiSMASH	Terpene-precursor	NA	No	1	101164	101164	NA;HNJJMM_01458;HNJJMM_01459;HNJJMM_01460;HNJJMM_01461;HNJJMM_01462;HNJJMM_01463;HNJJMM_01464;HNJJMM_01465;HNJJMM_01466;HNJJMM_01467;HNJJMM_01468;HNJJMM_01469;HNJJMM_01470;HNJJMM_01471;HNJJMM_01472;HNJJMM_01473;HNJJMM_01474;HNJJMM_01475;HNJJMM_01476;HNJJMM_01477;HNJJMM_01478;HNJJMM_01479;HNJJMM_01480;HNJJMM_01481;HNJJMM_01482;HNJJMM_01483;HNJJMM_01484;HNJJMM_01485;HNJJMM_01486;HNJJMM_01487;HNJJMM_01488;HNJJMM_01489;HNJJMM_01490;HNJJMM_01491;HNJJMM_01492;HNJJMM_01493;HNJJMM_01494;HNJJMM_01495;HNJJMM_01496;HNJJMM_01497;HNJJMM_01498;HNJJMM_01499;HNJJMM_01500;HNJJMM_01501;HNJJMM_01502;HNJJMM_01503;HNJJMM_01504;HNJJMM_01505;HNJJMM_01506;HNJJMM_01507;HNJJMM_01508;HNJJMM_01509;HNJJMM_01510;HNJJMM_01511;HNJJMM_01512;HNJJMM_01513;HNJJMM_01514;HNJJMM_01515;HNJJMM_01516;HNJJMM_01517;HNJJMM_01518;HNJJMM_01519;HNJJMM_01520;HNJJMM_01521;HNJJMM_01522;HNJJMM_01523;HNJJMM_01524;HNJJMM_01525;HNJJMM_01526;HNJJMM_01527;HNJJMM_01528;HNJJMM_01529;HNJJMM_01530;HNJJMM_01531;HNJJMM_01532;HNJJMM_01533;HNJJMM_01534;HNJJMM_01535;HNJJMM_01536;HNJJMM_01537;HNJJMM_01538;HNJJMM_01539;HNJJMM_01540;HNJJMM_01545;HNJJMM_01546;HNJJMM_01547;HNJJMM_01548;HNJJMM_01549;HNJJMM_01550;HNJJMM_01551;HNJJMM_01552;HNJJMM_01553;HNJJMM_01554;HNJJMM_01555;HNJJMM_01556;HNJJMM_01557;HNJJMM_01558;HNJJMM_01559;HNJJMM_01560;HNJJMM_01561;HNJJMM_01562;HNJJMM_01563;HNJJMM_01564;HNJJMM_01565;HNJJMM_01566	105	QueE;QueE;Fer4_12;PTPS;PT_FPPS_like;GTP_cyclohydroI	NA	NA
GCF_014498125.1	contig_15	deepBGC	Other	0.61308	NA	37657	40939	3282	gnl|Bakta|DNEHHN_01256;gnl|Bakta|DNEHHN_01257	2	PF02353;PF08003;PF13489;PF01596;PF13847;PF01209;PF08241;PF08242;PF13649;PF05175;PF12847;PF06325;PF01135;PF13679;PF08123;PF01555;PF09334;PF00133;PF01406;PF01588	NA	NA
GCF_014496965.1	contig_18	deepBGC	RiPP	0.52255	NA	5577	8369	2792	gnl|Bakta|MPENFM_00948;gnl|Bakta|MPENFM_00949	2	PF13575;PF01636;PF13476;PF00005;PF13175;PF13304	NA	NA
GCF_014496965.1	contig_7	deepBGC	Saccharide	0.8069	NA	37853	46907	9054	gnl|Bakta|MPENFM_00480;gnl|Bakta|MPENFM_00481;gnl|Bakta|MPENFM_00482;gnl|Bakta|MPENFM_00483;gnl|Bakta|MPENFM_00484;gnl|Bakta|MPENFM_00485;gnl|Bakta|MPENFM_00486;gnl|Bakta|MPENFM_00487	8	PF02353;PF08003;PF13489;PF13847;PF01209;PF08241;PF08242;PF13649;PF05175;PF12847;PF06325;PF01135;PF13679;PF08123;PF00133;PF09334;PF01406;PF01588;PF08003;PF13489;PF13649;PF08241;PF08242;PF13847;PF03061;PF13439;PF13579;PF00534;PF13692;PF02784;PF15919	NA	NA
GCF_014498245.1	contig_17	antiSMASH	Terpene-precursor	NA	No	1	8432	8432	NA;PEHGLF_00885;PEHGLF_00886;PEHGLF_00887;PEHGLF_00888;PEHGLF_00889;PEHGLF_00890;PEHGLF_00891;PEHGLF_00892;PEHGLF_00893;PEHGLF_00894;PEHGLF_00895;PEHGLF_00896	12	QueE;Fer4_12;PTPS;PT_FPPS_like;GTP_cyclohydroI	NA	NA
GCF_011175135	contig_9	GECCO	Unknown	0.9946316123248006	NA	95808	99177	3369	contig_9_100;contig_9_101;contig_9_102;contig_9_98;contig_9_99	5	PF01041;PF06306;PF06306;PF06306	NA	IPR010446;IPR010446;IPR010446;IPR000653
GCF_003639725.1	contig_28	deepBGC		0.65952	NA	37907	46489	8582	gnl|Bakta|GLIJMD_01520;gnl|Bakta|GLIJMD_01521;gnl|Bakta|GLIJMD_01522;gnl|Bakta|GLIJMD_01523;gnl|Bakta|GLIJMD_01524;gnl|Bakta|GLIJMD_01525;gnl|Bakta|GLIJMD_01526	7	PF02353;PF08003;PF13489;PF01596;PF13847;PF01209;PF08241;PF08242;PF13649;PF05175;PF12847;PF06325;PF01135;PF13679;PF08123;PF01555;PF09334;PF00133;PF01406;PF01588;PF08003;PF13489;PF13649;PF08241;PF08242;PF13847;PF03061;PF13439;PF00534;PF13692;PF02784	NA	NA
GCF_003639725.1	contig_28	deepBGC		0.52659	NA	52611	53112	501	gnl|Bakta|GLIJMD_01532	1	PF04886	NA	NA
GCA_040861285.1	contig_7	antiSMASH	Terpene-precursor	NA	No	1	61863	61863	NA;HFGJCC_01093;HFGJCC_01094;HFGJCC_01095;HFGJCC_01096;HFGJCC_01097;HFGJCC_01098;HFGJCC_01099;HFGJCC_01101;HFGJCC_01102;HFGJCC_01103;HFGJCC_01104;HFGJCC_01105;HFGJCC_01106;HFGJCC_01107;HFGJCC_01108;HFGJCC_01109;HFGJCC_01110;HFGJCC_01111;HFGJCC_01112;HFGJCC_01113;HFGJCC_01114;HFGJCC_01115;HFGJCC_01116;HFGJCC_01117;HFGJCC_01118;HFGJCC_01119;HFGJCC_01120;HFGJCC_01121;HFGJCC_01122;HFGJCC_01123;HFGJCC_01124;HFGJCC_01125;HFGJCC_01126;HFGJCC_01127;HFGJCC_01128;HFGJCC_01129;HFGJCC_01130;HFGJCC_01131;HFGJCC_01132;HFGJCC_01133;HFGJCC_01134;HFGJCC_01135;HFGJCC_01139;HFGJCC_01141;HFGJCC_01142;HFGJCC_01143;HFGJCC_01144;HFGJCC_01145;HFGJCC_01146;HFGJCC_01147;HFGJCC_01148;HFGJCC_01149;HFGJCC_01150;HFGJCC_01151;HFGJCC_01152;HFGJCC_01153;HFGJCC_01154;HFGJCC_01155;HFGJCC_01156;HFGJCC_01157;HFGJCC_01158;HFGJCC_01159;HFGJCC_01160;HFGJCC_01161	64	Peptidase_M50;QueE;Fer4_12;PTPS;PT_FPPS_like;GTP_cyclohydroI	NA	NA
GCF_014497825	contig_1	GECCO	Unknown	0.99473438929949	NA	102326	105517	3191	contig_1_100;contig_1_101;contig_1_97;contig_1_98;contig_1_99	5	PF01041;PF06306;PF06306	NA	IPR000653;IPR010446;IPR010446
GCF_015904225.1	contig_18	deepBGC		0.51419	NA	2594	3698	1104	gnl|Bakta|IONENJ_01590	1	PF01501	NA	NA
GCF_015904225.1	contig_7	deepBGC	NRP	0.58436	NA	2	4396	4394	gnl|Bakta|IONENJ_01239;gnl|Bakta|IONENJ_01240;gnl|Bakta|IONENJ_01241;gnl|Bakta|IONENJ_01242	4	PF01501;PF01501;PF00107;PF03446;PF02826;PF01262;PF08240;PF02685	NA	NA
GCF_015904225.1	contig_7	deepBGC		0.53875	NA	5075	8884	3809	gnl|Bakta|IONENJ_01244;gnl|Bakta|IONENJ_01245;gnl|Bakta|IONENJ_01246	3	PF02781;PF00479;PF00920;PF01081	NA	NA
GCF_015904225.1	contig_7	deepBGC	Polyketide	0.53354	NA	10068	10821	753	gnl|Bakta|IONENJ_01248	1	PF13561;PF00106;PF01370;PF08659	NA	NA
GCF_015904225.1	contig_7	deepBGC		0.64324	NA	15906	16536	630	gnl|Bakta|IONENJ_01255	1	PF01135;PF13847;PF13649;PF00398;PF13489	NA	NA
GCF_015904225.1	contig_7	deepBGC		0.75334	NA	70838	79416	8578	gnl|Bakta|IONENJ_01309;gnl|Bakta|IONENJ_01310;gnl|Bakta|IONENJ_01311;gnl|Bakta|IONENJ_01312;gnl|Bakta|IONENJ_01313;gnl|Bakta|IONENJ_01314;gnl|Bakta|IONENJ_01315	7	PF02353;PF08003;PF13489;PF13847;PF01209;PF08241;PF08242;PF13649;PF05175;PF12847;PF06325;PF01135;PF13679;PF08123;PF01555;PF00133;PF09334;PF01406;PF01588;PF08003;PF13489;PF13649;PF08241;PF08242;PF13847;PF03061;PF13439;PF00534;PF13692;PF02784	NA	NA
GCF_040821045.1	contig_1	deepBGC		0.55991	NA	4021	4807	786	gnl|Bakta|JEBIEK_00006	1	PF08003;PF13489;PF13847;PF08241;PF08242;PF13649	NA	NA
GCF_040821045.1	contig_19	deepBGC	Polyketide	0.67996	NA	364	3877	3513	gnl|Bakta|JEBIEK_00674;gnl|Bakta|JEBIEK_00675;gnl|Bakta|JEBIEK_00676;gnl|Bakta|JEBIEK_00677;gnl|Bakta|JEBIEK_00678	5	PF01039;PF03255;PF02801;PF00109;PF10501;PF00550;PF16320;PF13561;PF00106;PF08659	NA	NA
GCF_040821045.1	contig_20	deepBGC		0.56056	NA	1916	3195	1279	gnl|Bakta|JEBIEK_00702;gnl|Bakta|JEBIEK_00703;gnl|Bakta|JEBIEK_00704	3	PF02492;PF07883	NA	NA
GCF_040821045.1	contig_53	deepBGC		0.58509	NA	0	3366	3366	gnl|Bakta|JEBIEK_01294;gnl|Bakta|JEBIEK_01296;gnl|Bakta|JEBIEK_01297	3	PF08238;PF01709;PF00490	NA	NA
GCA_040862505.1	contig_17	antiSMASH	Terpene-precursor	NA	No	1	8364	8364	NA;NLCMPE_01552;NLCMPE_01553;NLCMPE_01554;NLCMPE_01555;NLCMPE_01556;NLCMPE_01557;NLCMPE_01558;NLCMPE_01559;NLCMPE_01560;NLCMPE_01561;NLCMPE_01562;NLCMPE_01563	12	GTP_cyclohydroI;PT_FPPS_like;PTPS;QueE;Fer4_12	NA	NA
GCF_040821505.1	contig_14	antiSMASH	Terpene-precursor	NA	No	1	20607	20607	NA;OJFBED_00630;OJFBED_00631;OJFBED_00632;OJFBED_00633;OJFBED_00634;OJFBED_00635;OJFBED_00636;OJFBED_00637;OJFBED_00638;OJFBED_00639;OJFBED_00640;OJFBED_00641;OJFBED_00642;OJFBED_00643;OJFBED_00644;OJFBED_00645;OJFBED_00646;OJFBED_00647;OJFBED_00648;OJFBED_00649;OJFBED_00650;OJFBED_00651;OJFBED_00653;OJFBED_00657	24	GTP_cyclohydroI;PT_FPPS_like;PTPS;QueE;Fer4_12;DAO	NA	NA
GCA_040857625.1	contig_4	deepBGC		0.55421	NA	4340	5126	786	gnl|Bakta|IGGPFO_00153	1	PF08003;PF13489;PF13847;PF08241;PF08242;PF13649	NA	NA
GCF_003639905.1	contig_13	deepBGC		0.5496	NA	119217	119685	468	gnl|Bakta|PNEEKC_00901	1	PF01531	NA	NA
GCF_003639905.1	contig_4	deepBGC	Saccharide	0.69004	NA	38329	46895	8566	gnl|Bakta|PNEEKC_00481;gnl|Bakta|PNEEKC_00482;gnl|Bakta|PNEEKC_00483;gnl|Bakta|PNEEKC_00484;gnl|Bakta|PNEEKC_00485;gnl|Bakta|PNEEKC_00486;gnl|Bakta|PNEEKC_00487	7	PF02353;PF08003;PF13489;PF13847;PF01209;PF08241;PF08242;PF13649;PF05175;PF12847;PF06325;PF01135;PF13679;PF08123;PF01555;PF09334;PF00133;PF01406;PF01588;PF08003;PF13489;PF13649;PF08241;PF08242;PF13847;PF03061;PF13439;PF13579;PF00534;PF13692;PF02784	NA	NA
GCF_003639855.1	contig_19	deepBGC	Other	0.70932	NA	37748	42847	5099	gnl|Bakta|FFEFCF_01300;gnl|Bakta|FFEFCF_01301;gnl|Bakta|FFEFCF_01302;gnl|Bakta|FFEFCF_01303	4	PF02353;PF08003;PF13489;PF01596;PF13847;PF01209;PF08241;PF08242;PF13649;PF05175;PF12847;PF06325;PF01135;PF13679;PF08123;PF01555;PF09334;PF00133;PF01406;PF01588;PF08003;PF13489;PF13649;PF08241;PF08242;PF13847	NA	NA
GCF_040821655.1	contig_52	antiSMASH	Terpene-precursor	NA	No	1	9751	9751	NA;DLONMH_01106;DLONMH_01107;DLONMH_01108;DLONMH_01109;DLONMH_01110;DLONMH_01111;DLONMH_01112;DLONMH_01113;DLONMH_01114;DLONMH_01115;DLONMH_01116;DLONMH_01117;DLONMH_01118	13	QueE;Fer4_12;PTPS;PT_FPPS_like;GTP_cyclohydroI	NA	NA
GCF_014497525.1	contig_19	deepBGC		0.75185	NA	38725	47296	8571	gnl|Bakta|GFFMLC_01554;gnl|Bakta|GFFMLC_01555;gnl|Bakta|GFFMLC_01556;gnl|Bakta|GFFMLC_01557;gnl|Bakta|GFFMLC_01558;gnl|Bakta|GFFMLC_01559;gnl|Bakta|GFFMLC_01560	7	PF02353;PF08003;PF13489;PF01596;PF13847;PF01209;PF08241;PF08242;PF13649;PF05175;PF12847;PF06325;PF01135;PF13679;PF08123;PF01555;PF09334;PF00133;PF01406;PF01588;PF08003;PF13489;PF13649;PF08241;PF08242;PF13847;PF03061;PF13439;PF00534;PF13692;PF02784	NA	NA
GCF_014497415.1	contig_20	deepBGC		0.73203	NA	38481	47541	9060	gnl|Bakta|KLCMPE_01613;gnl|Bakta|KLCMPE_01614;gnl|Bakta|KLCMPE_01615;gnl|Bakta|KLCMPE_01616;gnl|Bakta|KLCMPE_01617;gnl|Bakta|KLCMPE_01618;gnl|Bakta|KLCMPE_01619;gnl|Bakta|KLCMPE_01620;gnl|Bakta|KLCMPE_01621	9	PF02353;PF08003;PF13489;PF01596;PF13847;PF01209;PF08241;PF08242;PF13649;PF05175;PF12847;PF06325;PF01135;PF13679;PF08123;PF00133;PF09334;PF01406;PF01588;PF08003;PF13489;PF13649;PF08241;PF08242;PF13847;PF03061;PF13439;PF00534;PF13692;PF02784;PF07927;PF15919	NA	NA
GCF_014497415.1	contig_3	deepBGC		0.51573	NA	11442	11976	534	gnl|Bakta|KLCMPE_00413	1	PF05050	NA	NA
GCF_014497415.1	contig_3	deepBGC		0.56398	NA	16779	23432	6653	gnl|Bakta|KLCMPE_00421;gnl|Bakta|KLCMPE_00422;gnl|Bakta|KLCMPE_00423;gnl|Bakta|KLCMPE_00424;gnl|Bakta|KLCMPE_00427;gnl|Bakta|KLCMPE_00428	6	PF01135;PF00398;PF13489;PF13847;PF13649;PF03739;PF01416;PF16363;PF01370;PF07993;PF04321;PF02719;PF13460;PF01073;PF08659;PF00106;PF00106;PF08659;PF01370;PF13561	NA	NA
GCA_040861785.1	contig_9	antiSMASH	Terpene-precursor	NA	No	1	60336	60336	NA;KJPJDD_01289;KJPJDD_01290;KJPJDD_01291;KJPJDD_01292;KJPJDD_01293;KJPJDD_01294;KJPJDD_01295;KJPJDD_01296;KJPJDD_01297;KJPJDD_01298;KJPJDD_01299;KJPJDD_01300;KJPJDD_01301;KJPJDD_01302;KJPJDD_01303;KJPJDD_01304;KJPJDD_01305;KJPJDD_01306;KJPJDD_01307;KJPJDD_01308;KJPJDD_01309;KJPJDD_01310;KJPJDD_01311;KJPJDD_01312;KJPJDD_01313;KJPJDD_01314;KJPJDD_01315;KJPJDD_01316;KJPJDD_01317;KJPJDD_01318;KJPJDD_01319;KJPJDD_01320;KJPJDD_01321;KJPJDD_01322;KJPJDD_01323;KJPJDD_01324;KJPJDD_01325;KJPJDD_01326;KJPJDD_01327;KJPJDD_01332;KJPJDD_01333;KJPJDD_01334;KJPJDD_01335;KJPJDD_01336;KJPJDD_01337;KJPJDD_01338;KJPJDD_01339;KJPJDD_01340;KJPJDD_01341;KJPJDD_01342;KJPJDD_01343;KJPJDD_01344;KJPJDD_01345;KJPJDD_01346;KJPJDD_01347;KJPJDD_01348;KJPJDD_01349;KJPJDD_01350;KJPJDD_01351;KJPJDD_01352;KJPJDD_01353	61	QueE;Fer4_12;PTPS;PT_FPPS_like;GTP_cyclohydroI	NA	NA
GCF_011105755.1	contig_42	deepBGC	Saccharide	0.67611	NA	37848	47861	10013	gnl|Bakta|MCLMJI_00954;gnl|Bakta|MCLMJI_00955;gnl|Bakta|MCLMJI_00956;gnl|Bakta|MCLMJI_00957;gnl|Bakta|MCLMJI_00958;gnl|Bakta|MCLMJI_00959;gnl|Bakta|MCLMJI_00960;gnl|Bakta|MCLMJI_00961;gnl|Bakta|MCLMJI_00962	9	PF02353;PF08003;PF13489;PF01596;PF13847;PF01209;PF08241;PF08242;PF13649;PF05175;PF12847;PF06325;PF01135;PF13679;PF08123;PF01555;PF00133;PF09334;PF01406;PF01588;PF08003;PF13489;PF13649;PF08241;PF08242;PF13847;PF03061;PF13439;PF13579;PF00534;PF13692;PF02784;PF07510	NA	NA
GCF_011105755.1	contig_6	deepBGC	Polyketide	0.71196	NA	2	12571	12569	gnl|Bakta|MCLMJI_00136;gnl|Bakta|MCLMJI_00137;gnl|Bakta|MCLMJI_00138;gnl|Bakta|MCLMJI_00139;gnl|Bakta|MCLMJI_00140;gnl|Bakta|MCLMJI_00141;gnl|Bakta|MCLMJI_00142;gnl|Bakta|MCLMJI_00143;gnl|Bakta|MCLMJI_00144;gnl|Bakta|MCLMJI_00145;gnl|Bakta|MCLMJI_00148	11	PF01501;PF00107;PF03446;PF02826;PF01262;PF08240;PF02685;PF01182;PF02781;PF00479;PF00920;PF01081;PF07719;PF08238;PF13561;PF00106;PF01370;PF08659;PF04321;PF16363;PF01370;PF02719;PF08659;PF00106;PF01073;PF07993	NA	NA
GCF_011105755.1	contig_6	deepBGC	RiPP	0.74405	NA	14341	16006	1665	gnl|Bakta|MCLMJI_00151;gnl|Bakta|MCLMJI_00152	2	PF01135;PF13847;PF13649;PF00398;PF00268	NA	NA
GCA_040861745.1	contig_26	antiSMASH	Terpene-precursor	NA	No	1	8951	8951	NA;EJEDBK_01573;EJEDBK_01574;EJEDBK_01575;EJEDBK_01576;EJEDBK_01577;EJEDBK_01578;EJEDBK_01579;EJEDBK_01580;EJEDBK_01581;EJEDBK_01582;EJEDBK_01583;EJEDBK_01585;EJEDBK_01586	13	QueE;Fer4_12;PTPS;PT_FPPS_like;GTP_cyclohydroI	NA	NA
GCA_040861025.1	contig_8	antiSMASH	Terpene-precursor	NA	No	1	57773	57773	NA;PKLNAD_01287;PKLNAD_01288;PKLNAD_01289;PKLNAD_01290;PKLNAD_01291;PKLNAD_01292;PKLNAD_01293;PKLNAD_01294;PKLNAD_01295;PKLNAD_01296;PKLNAD_01297;PKLNAD_01298;PKLNAD_01299;PKLNAD_01300;PKLNAD_01301;PKLNAD_01302;PKLNAD_01303;PKLNAD_01304;PKLNAD_01305;PKLNAD_01306;PKLNAD_01307;PKLNAD_01308;PKLNAD_01309;PKLNAD_01310;PKLNAD_01311;PKLNAD_01312;PKLNAD_01313;PKLNAD_01314;PKLNAD_01315;PKLNAD_01316;PKLNAD_01317;PKLNAD_01318;PKLNAD_01319;PKLNAD_01320;PKLNAD_01321;PKLNAD_01322;PKLNAD_01323;PKLNAD_01328;PKLNAD_01329;PKLNAD_01330;PKLNAD_01331;PKLNAD_01332;PKLNAD_01333;PKLNAD_01334;PKLNAD_01335;PKLNAD_01336;PKLNAD_01337;PKLNAD_01338;PKLNAD_01339;PKLNAD_01340;PKLNAD_01341;PKLNAD_01342;PKLNAD_01343;PKLNAD_01344;PKLNAD_01345;PKLNAD_01346;PKLNAD_01347;PKLNAD_01348	58	QueE;Fer4_12;PTPS;PT_FPPS_like;GTP_cyclohydroI	NA	NA
GCA_015904695.1	contig_145	antiSMASH	Terpene-precursor	NA	No	1	3621	3621	NA;FOBGJH_01080;FOBGJH_01081;FOBGJH_01082;FOBGJH_01083;FOBGJH_01084;FOBGJH_01085	6	PTPS;PT_FPPS_like;GTP_cyclohydroI	NA	NA
GCF_014496705.1	contig_19	deepBGC		0.55566	NA	4353	5139	786	gnl|Bakta|BMMADF_01271	1	PF08003;PF13489;PF13847;PF08241;PF08242;PF13649	NA	NA
GCF_011140425.1	contig_1	deepBGC		0.74183	NA	37594	49236	11642	gnl|Bakta|EFJKBI_00037;gnl|Bakta|EFJKBI_00038;gnl|Bakta|EFJKBI_00039;gnl|Bakta|EFJKBI_00040;gnl|Bakta|EFJKBI_00041;gnl|Bakta|EFJKBI_00042;gnl|Bakta|EFJKBI_00043;gnl|Bakta|EFJKBI_00044;gnl|Bakta|EFJKBI_00045	9	PF02353;PF08003;PF13489;PF01596;PF13847;PF01209;PF08241;PF08242;PF13649;PF05175;PF12847;PF06325;PF01135;PF13679;PF08123;PF00133;PF09334;PF01406;PF01588;PF08003;PF13489;PF13649;PF08241;PF08242;PF13847;PF03061;PF13439;PF00534;PF13692;PF02784;PF07510;PF03235	NA	NA
GCF_014497695.1	contig_9	deepBGC		0.55	NA	33098	33539	441	gnl|Bakta|BIIBLL_00534	1	PF01531	NA	NA
GCF_014497735.1	contig_14	antiSMASH	Terpene-precursor	NA	No	1	8242	8242	NA;BOBHPD_00767;BOBHPD_00768;BOBHPD_00769;BOBHPD_00770;BOBHPD_00771;BOBHPD_00772;BOBHPD_00773;BOBHPD_00774;BOBHPD_00775;BOBHPD_00776;BOBHPD_00777;BOBHPD_00778	12	QueE;Fer4_12;PTPS;PT_FPPS_like;GTP_cyclohydroI	NA	NA
GCA_024407075.1	contig_27	antiSMASH	Terpene-precursor	NA	No	1	68412	68412	NA;HLOCHK_01464;HLOCHK_01465;HLOCHK_01466;HLOCHK_01467;HLOCHK_01468;HLOCHK_01469;HLOCHK_01470;HLOCHK_01471;HLOCHK_01472;HLOCHK_01473;HLOCHK_01474;HLOCHK_01475;HLOCHK_01476;HLOCHK_01477;HLOCHK_01478;HLOCHK_01479;HLOCHK_01480;HLOCHK_01481;HLOCHK_01482;HLOCHK_01483;HLOCHK_01488;HLOCHK_01489;HLOCHK_01490;HLOCHK_01491;HLOCHK_01492;HLOCHK_01493;HLOCHK_01494;HLOCHK_01495;HLOCHK_01496;HLOCHK_01497;HLOCHK_01498;HLOCHK_01499;HLOCHK_01500;HLOCHK_01501;HLOCHK_01502;HLOCHK_01503;HLOCHK_01504;HLOCHK_01505;HLOCHK_01506;HLOCHK_01507;HLOCHK_01508;HLOCHK_01509;HLOCHK_01510;HLOCHK_01511;HLOCHK_01512;HLOCHK_01513;HLOCHK_01514;HLOCHK_01515;HLOCHK_01516;HLOCHK_01517;HLOCHK_01518;HLOCHK_01519;HLOCHK_01520;HLOCHK_01521;HLOCHK_01522;HLOCHK_01523;HLOCHK_01524;HLOCHK_01525;HLOCHK_01526;HLOCHK_01527;HLOCHK_01528;HLOCHK_01529;HLOCHK_01530;HLOCHK_01531;HLOCHK_01532;HLOCHK_01533;HLOCHK_01534;HLOCHK_01535;HLOCHK_01536;HLOCHK_01537;HLOCHK_01538;HLOCHK_01539;HLOCHK_01540;HLOCHK_01541;HLOCHK_01542;HLOCHK_01543	76	GTP_cyclohydroI;PT_FPPS_like;PTPS;QueE;Fer4_12	NA	NA
GCA_040861705.1	contig_8	deepBGC		0.69206	NA	37590	46158	8568	gnl|Bakta|HHGBEC_01117;gnl|Bakta|HHGBEC_01118;gnl|Bakta|HHGBEC_01119;gnl|Bakta|HHGBEC_01120;gnl|Bakta|HHGBEC_01121;gnl|Bakta|HHGBEC_01122;gnl|Bakta|HHGBEC_01123	7	PF02353;PF08003;PF13489;PF01596;PF13847;PF01209;PF08241;PF08242;PF13649;PF05175;PF12847;PF06325;PF01135;PF13679;PF08123;PF01555;PF00133;PF09334;PF01406;PF01588;PF08003;PF13489;PF13649;PF08241;PF08242;PF13847;PF03061;PF13439;PF00534;PF13692;PF02784	NA	NA
GCA_040860925.1	contig_11	deepBGC		0.58448	NA	16548	22833	6285	gnl|Bakta|LPDMDL_01412;gnl|Bakta|LPDMDL_01413;gnl|Bakta|LPDMDL_01414;gnl|Bakta|LPDMDL_01415;gnl|Bakta|LPDMDL_01418;gnl|Bakta|LPDMDL_01419	6	PF01135;PF00398;PF13489;PF13847;PF13649;PF03739;PF01416;PF16363;PF01370;PF07993;PF04321;PF02719;PF01073;PF13460;PF08659;PF00106;PF08659;PF01370;PF13561	NA	NA
GCF_014498585.1	contig_12	deepBGC		0.61313	NA	104352	107841	3489	gnl|Bakta|FPFBFI_01204;gnl|Bakta|FPFBFI_01205;gnl|Bakta|FPFBFI_01206	3	PF11697;PF08541;PF08545;PF00195;PF00108;PF07451	NA	NA
GCF_014498585.1	contig_16	deepBGC		0.65891	NA	31040	39606	8566	gnl|Bakta|FPFBFI_01470;gnl|Bakta|FPFBFI_01471;gnl|Bakta|FPFBFI_01472;gnl|Bakta|FPFBFI_01473;gnl|Bakta|FPFBFI_01474;gnl|Bakta|FPFBFI_01475;gnl|Bakta|FPFBFI_01476	7	PF02353;PF08003;PF13489;PF01596;PF13847;PF01209;PF08241;PF08242;PF13649;PF05175;PF12847;PF06325;PF01135;PF13679;PF08123;PF01555;PF00133;PF09334;PF01406;PF01588;PF08003;PF13489;PF13649;PF08241;PF08242;PF13847;PF03061;PF13439;PF00534;PF13692;PF02784	NA	NA
GCF_014498165.1	contig_15	deepBGC		0.80576	NA	17018	24338	7320	gnl|Bakta|BHBFDA_01150;gnl|Bakta|BHBFDA_01151;gnl|Bakta|BHBFDA_01152;gnl|Bakta|BHBFDA_01153;gnl|Bakta|BHBFDA_01154;gnl|Bakta|BHBFDA_01155;gnl|Bakta|BHBFDA_01156;gnl|Bakta|BHBFDA_01157;gnl|Bakta|BHBFDA_01158;gnl|Bakta|BHBFDA_01159;gnl|Bakta|BHBFDA_01160;gnl|Bakta|BHBFDA_01161	12	PF02668;PF02668;PF02130;PF00258;PF12641;PF12724;PF09335;PF03597;PF01494;PF07992;PF12831;PF00890;PF13738;PF13450;PF03486;PF13434;PF00070;PF07690;PF07690;PF05977;PF00342	NA	NA
GCF_014498165.1	contig_18	deepBGC		0.53206	NA	318	3404	3086	gnl|Bakta|BHBFDA_01439;gnl|Bakta|BHBFDA_01440;gnl|Bakta|BHBFDA_01441;gnl|Bakta|BHBFDA_01442;BHBFDA_01443;gnl|Bakta|BHBFDA_01444;gnl|Bakta|BHBFDA_01445	7	PF00092;PF13519;PF13672;PF13672;PF07714;PF01163;PF01636;PF00069	NA	NA
GCF_014498165.1	contig_19	deepBGC	Polyketide	0.56282	NA	16773	23061	6288	gnl|Bakta|BHBFDA_01545;gnl|Bakta|BHBFDA_01546;gnl|Bakta|BHBFDA_01547;gnl|Bakta|BHBFDA_01548;gnl|Bakta|BHBFDA_01551;gnl|Bakta|BHBFDA_01552	6	PF01135;PF00398;PF13489;PF13847;PF13649;PF03739;PF01416;PF16363;PF01370;PF07993;PF04321;PF02719;PF01073;PF00106;PF08659;PF00106;PF01370;PF08659;PF13561	NA	NA
GCA_040862405.1	contig_27	antiSMASH	Terpene-precursor	NA	No	1	8386	8386	NA;LJMHMI_01611;LJMHMI_01612;LJMHMI_01613;LJMHMI_01614;LJMHMI_01615;LJMHMI_01616;LJMHMI_01617;LJMHMI_01618;LJMHMI_01619;LJMHMI_01620;LJMHMI_01621	11	GTP_cyclohydroI;PT_FPPS_like;PTPS;QueE;Fer4_12	NA	NA
GCF_014498745	contig_13	GECCO	Unknown	0.994529222052868	NA	123067	126793	3726	contig_13_119;contig_13_120;contig_13_121;contig_13_122;contig_13_123	5	PF01041;PF06306;PF06306	NA	IPR010446;IPR010446;IPR000653
GCA_024406755.1	contig_19	deepBGC		0.75061	NA	37829	46409	8580	gnl|Bakta|DMBDCH_01511;gnl|Bakta|DMBDCH_01512;gnl|Bakta|DMBDCH_01513;gnl|Bakta|DMBDCH_01514;gnl|Bakta|DMBDCH_01515;gnl|Bakta|DMBDCH_01516;gnl|Bakta|DMBDCH_01517	7	PF02353;PF08003;PF13489;PF01596;PF13847;PF01209;PF08241;PF08242;PF13649;PF05175;PF12847;PF06325;PF01135;PF13679;PF08123;PF01555;PF00133;PF09334;PF01406;PF01588;PF08003;PF13489;PF13649;PF08241;PF08242;PF13847;PF03061;PF13439;PF00534;PF13692;PF02784	NA	NA
GCA_040862445.1	contig_23	antiSMASH	Terpene-precursor	NA	No	1	8979	8979	NA;MECPMK_01590;MECPMK_01591;MECPMK_01592;MECPMK_01593;MECPMK_01594;MECPMK_01595;MECPMK_01596;MECPMK_01597;MECPMK_01598;MECPMK_01599;MECPMK_01601;MECPMK_01602	12	QueE;Fer4_12;PTPS;PT_FPPS_like;GTP_cyclohydroI	NA	NA
GCF_040821815.1	contig_2	deepBGC		0.53095	NA	41782	42993	1211	gnl|Bakta|KHPOGH_00092;gnl|Bakta|KHPOGH_00093;gnl|Bakta|KHPOGH_00094	3	PF10501;PF00550;PF14573;PF16320;PF13561;PF00106;PF08659	NA	NA
GCF_040821815.1	contig_33	deepBGC		0.56512	NA	4215	5001	786	gnl|Bakta|KHPOGH_00942	1	PF08003;PF13489;PF13847;PF08241;PF08242;PF13649	NA	NA
GCF_040821815.1	contig_37	deepBGC		0.55475	NA	0	1050	1050	gnl|Bakta|KHPOGH_01053	1	PF01501	NA	NA
GCF_040821815.1	contig_8	deepBGC		0.52401	NA	14671	15301	630	gnl|Bakta|KHPOGH_00309	1	PF01135;PF13847;PF13649;PF13489;PF00398	NA	NA
GCF_040821495.1	contig_55	antiSMASH	Terpene-precursor	NA	No	1	56796	56796	NA;ALBANF_01478;ALBANF_01479;ALBANF_01480;ALBANF_01481;ALBANF_01482;ALBANF_01483;ALBANF_01484;ALBANF_01485;ALBANF_01486;ALBANF_01487;ALBANF_01488;ALBANF_01489;ALBANF_01490;ALBANF_01491;ALBANF_01492;ALBANF_01493;ALBANF_01494;ALBANF_01495;ALBANF_01496;ALBANF_01497;ALBANF_01498;ALBANF_01503;ALBANF_01504;ALBANF_01505;ALBANF_01506;ALBANF_01507;ALBANF_01508;ALBANF_01509;ALBANF_01510;ALBANF_01511;ALBANF_01512;ALBANF_01513;ALBANF_01514;ALBANF_01515;ALBANF_01516;ALBANF_01517;ALBANF_01518;ALBANF_01519;ALBANF_01520;ALBANF_01521;ALBANF_01522;ALBANF_01523;ALBANF_01524;ALBANF_01525;ALBANF_01526;ALBANF_01527;ALBANF_01528;ALBANF_01529;ALBANF_01530;ALBANF_01531;ALBANF_01532;ALBANF_01533;ALBANF_01534;ALBANF_01535;ALBANF_01536;ALBANF_01537;ALBANF_01538;ALBANF_01539	58	GTP_cyclohydroI;PT_FPPS_like;PTPS;QueE;Fer4_12;Peptidase_M50	NA	NA
GCF_015904925.1	contig_35	antiSMASH	Terpene-precursor	NA	No	1	8939	8939	NA;DBKMCA_01575;DBKMCA_01576;DBKMCA_01577;DBKMCA_01578;DBKMCA_01579;DBKMCA_01580;DBKMCA_01581;DBKMCA_01582;DBKMCA_01583;DBKMCA_01584;DBKMCA_01585	11	GTP_cyclohydroI;PT_FPPS_like;PTPS;QueE;Fer4_12	NA	NA
GCA_024412295.1	contig_19	antiSMASH	Terpene-precursor	NA	No	1	59421	59421	NA;CJCHNL_01513;CJCHNL_01514;CJCHNL_01515;CJCHNL_01516;CJCHNL_01517;CJCHNL_01518;CJCHNL_01519;CJCHNL_01520;CJCHNL_01521;CJCHNL_01522;CJCHNL_01523;CJCHNL_01524;CJCHNL_01525;CJCHNL_01526;CJCHNL_01527;CJCHNL_01528;CJCHNL_01529;CJCHNL_01530;CJCHNL_01531;CJCHNL_01532;CJCHNL_01533;CJCHNL_01534;CJCHNL_01539;CJCHNL_01540;CJCHNL_01541;CJCHNL_01542;CJCHNL_01543;CJCHNL_01544;CJCHNL_01545;CJCHNL_01546;CJCHNL_01547;CJCHNL_01548;CJCHNL_01549;CJCHNL_01550;CJCHNL_01551;CJCHNL_01552;CJCHNL_01553;CJCHNL_01554;CJCHNL_01555;CJCHNL_01556;CJCHNL_01557;CJCHNL_01558;CJCHNL_01559;CJCHNL_01560;CJCHNL_01561;CJCHNL_01562;CJCHNL_01563;CJCHNL_01564;CJCHNL_01565;CJCHNL_01566;CJCHNL_01567;CJCHNL_01568;CJCHNL_01569;CJCHNL_01570;CJCHNL_01571;CJCHNL_01572;CJCHNL_01573;CJCHNL_01574	58	GTP_cyclohydroI;PT_FPPS_like;PTPS;QueE;Fer4_12	NA	NA
GCA_040861725.1	contig_9	antiSMASH	Terpene-precursor	NA	No	1	59953	59953	NA;NDKPHG_01204;NDKPHG_01205;NDKPHG_01206;NDKPHG_01207;NDKPHG_01208;NDKPHG_01209;NDKPHG_01210;NDKPHG_01211;NDKPHG_01212;NDKPHG_01213;NDKPHG_01214;NDKPHG_01215;NDKPHG_01216;NDKPHG_01217;NDKPHG_01218;NDKPHG_01219;NDKPHG_01220;NDKPHG_01221;NDKPHG_01222;NDKPHG_01223;NDKPHG_01224;NDKPHG_01225;NDKPHG_01227;NDKPHG_01231;NDKPHG_01232;NDKPHG_01233;NDKPHG_01234;NDKPHG_01235;NDKPHG_01236;NDKPHG_01237;NDKPHG_01238;NDKPHG_01239;NDKPHG_01240;NDKPHG_01241;NDKPHG_01242;NDKPHG_01243;NDKPHG_01244;NDKPHG_01245;NDKPHG_01246;NDKPHG_01247;NDKPHG_01248;NDKPHG_01249;NDKPHG_01250;NDKPHG_01251;NDKPHG_01252;NDKPHG_01253;NDKPHG_01254;NDKPHG_01255;NDKPHG_01256;NDKPHG_01257;NDKPHG_01258;NDKPHG_01259;NDKPHG_01260;NDKPHG_01261;NDKPHG_01262;NDKPHG_01263;NDKPHG_01264;NDKPHG_01265;NDKPHG_01266;NDKPHG_01267;NDKPHG_01268;NDKPHG_01269;NDKPHG_01270	63	GTP_cyclohydroI;PT_FPPS_like;PTPS;QueE;Fer4_12	NA	NA
GCF_014497605.1	contig_20	deepBGC		0.51379	NA	43368	44109	741	gnl|Bakta|GIJJMM_01368	1	PF01209;PF13489;PF13847;PF08241;PF08242;PF13649	NA	NA
GCF_014497605.1	contig_3	deepBGC		0.53102	NA	818	2666	1848	gnl|Bakta|GIJJMM_00381	1	PF02784	NA	NA
GCF_014497605.1	contig_3	deepBGC	Other	0.63963	NA	4298	9390	5092	gnl|Bakta|GIJJMM_00384;gnl|Bakta|GIJJMM_00385;gnl|Bakta|GIJJMM_00386;gnl|Bakta|GIJJMM_00387	4	PF08003;PF13489;PF13847;PF08241;PF08242;PF13649;PF01588;PF09334;PF01406;PF00133;PF02353;PF08003;PF13489;PF08123;PF06325;PF01209;PF01135;PF05175;PF01596;PF13679;PF12847;PF13847;PF08241;PF08242;PF13649	NA	NA
GCF_036455215.1	contig_7	antiSMASH	Terpene-precursor	NA	No	1	57544	57544	NA;BPOIGH_01326;BPOIGH_01327;BPOIGH_01328;BPOIGH_01329;BPOIGH_01330;BPOIGH_01331;BPOIGH_01332;BPOIGH_01333;BPOIGH_01334;BPOIGH_01335;BPOIGH_01336;BPOIGH_01337;BPOIGH_01338;BPOIGH_01339;BPOIGH_01340;BPOIGH_01341;BPOIGH_01342;BPOIGH_01343;BPOIGH_01344;BPOIGH_01345;BPOIGH_01346;BPOIGH_01351;BPOIGH_01352;BPOIGH_01353;BPOIGH_01354;BPOIGH_01355;BPOIGH_01356;BPOIGH_01357;BPOIGH_01358;BPOIGH_01359;BPOIGH_01360;BPOIGH_01361;BPOIGH_01362;BPOIGH_01363;BPOIGH_01364;BPOIGH_01365;BPOIGH_01366;BPOIGH_01367;BPOIGH_01368;BPOIGH_01369;BPOIGH_01370;BPOIGH_01371;BPOIGH_01372;BPOIGH_01373;BPOIGH_01374;BPOIGH_01375;BPOIGH_01376;BPOIGH_01377;BPOIGH_01378;BPOIGH_01379;BPOIGH_01380;BPOIGH_01381;BPOIGH_01382;BPOIGH_01383;BPOIGH_01384;BPOIGH_01385	56	GTP_cyclohydroI;PT_FPPS_like;PTPS;QueE;Fer4_12	NA	NA
GCA_024406245.1	contig_9	deepBGC		0.56582	NA	4305	5091	786	gnl|Bakta|NJLJNF_00410	1	PF08003;PF13489;PF13847;PF08241;PF08242;PF13649	NA	NA
GCF_014496395.1	contig_15	antiSMASH	Terpene-precursor	NA	No	1	8299	8299	NA;CDHKOI_00730;CDHKOI_00731;CDHKOI_00732;CDHKOI_00733;CDHKOI_00734;CDHKOI_00735;CDHKOI_00736;CDHKOI_00737;CDHKOI_00738;CDHKOI_00739;CDHKOI_00740;CDHKOI_00741	12	QueE;Fer4_12;PTPS;PT_FPPS_like;GTP_cyclohydroI	NA	NA
GCF_015905125.1	contig_20	antiSMASH	Terpene-precursor	NA	No	1	9063	9063	NA;DLIMIH_01514;DLIMIH_01515;DLIMIH_01516;DLIMIH_01517;DLIMIH_01518;DLIMIH_01519;DLIMIH_01520;DLIMIH_01521;DLIMIH_01522;DLIMIH_01523;DLIMIH_01524;DLIMIH_01525	12	QueE;Fer4_12;PTPS;PT_FPPS_like;GTP_cyclohydroI	NA	NA
GCF_003639565.1	contig_10	deepBGC	RiPP	0.57533	NA	0	123	123	gnl|Bakta|IDPOGH_00713	1	PF02463;PF00005;PF13555;PF13476	NA	NA
GCF_003639565.1	contig_10	deepBGC	RiPP	0.58707	NA	2071	3235	1164	gnl|Bakta|IDPOGH_00716	1	PF02624	NA	NA
GCF_003639565.1	contig_3	deepBGC		0.6828	NA	39026	45768	6742	gnl|Bakta|IDPOGH_00504;gnl|Bakta|IDPOGH_00505;gnl|Bakta|IDPOGH_00506;gnl|Bakta|IDPOGH_00507;gnl|Bakta|IDPOGH_00508;gnl|Bakta|IDPOGH_00509	6	PF02353;PF08003;PF13489;PF01596;PF13847;PF01209;PF08241;PF08242;PF13649;PF05175;PF12847;PF06325;PF01135;PF13679;PF08123;PF01555;PF00133;PF09334;PF01406;PF01588;PF08003;PF13489;PF13649;PF08241;PF08242;PF13847;PF03061;PF13439;PF00534;PF13692	NA	NA
GCF_015904825.1	contig_21	antiSMASH	Terpene-precursor	NA	No	1	8040	8040	NA;OOHBFH_01546;OOHBFH_01547;OOHBFH_01548;OOHBFH_01549;OOHBFH_01550;OOHBFH_01551;OOHBFH_01552;OOHBFH_01553;OOHBFH_01554;OOHBFH_01555;OOHBFH_01556;OOHBFH_01557	12	QueE;Fer4_12;PTPS;PT_FPPS_like;GTP_cyclohydroI	NA	NA
GCF_003382505.1	contig_13	deepBGC	Other	0.7124	NA	109213	114301	5088	gnl|Bakta|HLGHJK_01047;gnl|Bakta|HLGHJK_01048;gnl|Bakta|HLGHJK_01049;gnl|Bakta|HLGHJK_01050	4	PF02353;PF08003;PF13489;PF01596;PF13847;PF01209;PF08241;PF08242;PF13649;PF05175;PF12847;PF06325;PF01135;PF13679;PF08123;PF01555;PF00133;PF09334;PF01406;PF01588;PF08003;PF13489;PF13649;PF08241;PF08242;PF13847	NA	NA
GCF_040820855.1	contig_81	antiSMASH	Terpene-precursor	NA	No	1	10165	10165	NA;BFKGPN_01006;BFKGPN_01007;BFKGPN_01008;BFKGPN_01009;BFKGPN_01010;BFKGPN_01011;BFKGPN_01012;BFKGPN_01013;BFKGPN_01014;BFKGPN_01015;BFKGPN_01016;BFKGPN_01017;BFKGPN_01018;BFKGPN_01019	14	QueE;Fer4_12;PTPS;PT_FPPS_like;GTP_cyclohydroI	NA	NA
GCF_011140475.1	contig_4	antiSMASH	Terpene-precursor	NA	No	1	10107	10107	NA;JDAEPJ_00046;JDAEPJ_00047;JDAEPJ_00048;JDAEPJ_00049;JDAEPJ_00050;JDAEPJ_00051;JDAEPJ_00052;JDAEPJ_00053;JDAEPJ_00054;JDAEPJ_00055;JDAEPJ_00056;JDAEPJ_00057	12	QueE;Fer4_12;PTPS;PT_FPPS_like;GTP_cyclohydroI	NA	NA
GCF_003640025.1	contig_26	deepBGC	Saccharide	0.68934	NA	38490	47071	8581	gnl|Bakta|LAMDJA_01570;gnl|Bakta|LAMDJA_01571;gnl|Bakta|LAMDJA_01572;gnl|Bakta|LAMDJA_01573;gnl|Bakta|LAMDJA_01574;gnl|Bakta|LAMDJA_01575;gnl|Bakta|LAMDJA_01576	7	PF02353;PF08003;PF13489;PF13847;PF01209;PF08241;PF08242;PF13649;PF05175;PF12847;PF06325;PF01135;PF13679;PF08123;PF01555;PF09334;PF00133;PF01406;PF01588;PF08003;PF13489;PF13649;PF08241;PF08242;PF13847;PF03061;PF13439;PF13579;PF00534;PF13692;PF02784	NA	NA
GCF_003640025.1	contig_8	deepBGC		0.50073	NA	5048	5348	300	gnl|Bakta|LAMDJA_00711	1	PF07883	NA	NA
GCA_024407045.1	contig_23	deepBGC	Other	0.7141	NA	37600	42691	5091	gnl|Bakta|HONNNF_01521;gnl|Bakta|HONNNF_01522;gnl|Bakta|HONNNF_01523;gnl|Bakta|HONNNF_01524	4	PF02353;PF08003;PF13489;PF01596;PF13847;PF01209;PF08241;PF08242;PF13649;PF05175;PF12847;PF06325;PF01135;PF13679;PF08123;PF01555;PF09334;PF00133;PF01406;PF03399;PF01588;PF08003;PF13489;PF13649;PF08241;PF08242;PF13847	NA	NA
GCA_024407385.1	contig_3	deepBGC		0.51403	NA	9792	10590	798	gnl|Bakta|KBBDIM_00256	1	PF08003;PF13489;PF13847;PF08241;PF08242;PF13649	NA	NA
GCF_011140595.1	contig_2	antiSMASH	Terpene-precursor	NA	No	1	11162	11162	NA;IMMFOL_00069;IMMFOL_00070;IMMFOL_00071;IMMFOL_00072;IMMFOL_00073;IMMFOL_00074;IMMFOL_00075;IMMFOL_00076;IMMFOL_00077;IMMFOL_00078;IMMFOL_00079;IMMFOL_00080;IMMFOL_00081	13	GTP_cyclohydroI;PT_FPPS_like;PTPS;QueE;Fer4_12	NA	NA
GCA_040861485.1	contig_27	deepBGC		0.63573	NA	140	5689	5549	gnl|Bakta|NBJPJN_01593;gnl|Bakta|NBJPJN_01594;gnl|Bakta|NBJPJN_01595;gnl|Bakta|NBJPJN_01596;gnl|Bakta|NBJPJN_01597	5	PF02353;PF08003;PF13489;PF01596;PF13847;PF01209;PF08241;PF08242;PF13649;PF05175;PF12847;PF06325;PF01135;PF13679;PF08123;PF01555;PF09334;PF00133;PF01406;PF01588;PF08003;PF13489;PF13649;PF08241;PF08242;PF13847;PF03061	NA	NA
GCA_024406375.1	contig_15	antiSMASH	Terpene-precursor	NA	No	1	60381	60381	NA;EKOINM_01477;EKOINM_01478;EKOINM_01479;EKOINM_01480;EKOINM_01481;EKOINM_01482;EKOINM_01483;EKOINM_01484;EKOINM_01485;EKOINM_01486;EKOINM_01487;EKOINM_01488;EKOINM_01489;EKOINM_01490;EKOINM_01491;EKOINM_01492;EKOINM_01493;EKOINM_01494;EKOINM_01495;EKOINM_01496;EKOINM_01497;EKOINM_01498;EKOINM_01499;EKOINM_01500;EKOINM_01501;EKOINM_01502;EKOINM_01503;EKOINM_01504;EKOINM_01505;EKOINM_01506;EKOINM_01507;EKOINM_01508;EKOINM_01509;EKOINM_01510;EKOINM_01511;EKOINM_01512;EKOINM_01513;EKOINM_01514;EKOINM_01515;EKOINM_01516;EKOINM_01517;EKOINM_01522;EKOINM_01523;EKOINM_01524;EKOINM_01525;EKOINM_01526;EKOINM_01527;EKOINM_01528;EKOINM_01529;EKOINM_01530;EKOINM_01531;EKOINM_01532;EKOINM_01533;EKOINM_01534;EKOINM_01535;EKOINM_01536;EKOINM_01537;EKOINM_01538;EKOINM_01539;EKOINM_01540;EKOINM_01541;EKOINM_01542;EKOINM_01543	63	QueE;Fer4_12;PTPS;PT_FPPS_like;GTP_cyclohydroI	NA	NA
GCA_024406375.1	contig_6	antiSMASH	Azole-containing-RiPP	NA	No	1	13853	13853	NA;EKOINM_00612;EKOINM_00613;EKOINM_00614;EKOINM_00615;EKOINM_00616;EKOINM_00617;EKOINM_00618;EKOINM_00619;EKOINM_00620;EKOINM_00621;EKOINM_00622;EKOINM_00623;EKOINM_00624;EKOINM_00625;EKOINM_00626	15	PF00881;YcaO	NA	NA
GCA_040861305.1	contig_7	antiSMASH	Terpene-precursor	NA	No	1	75699	75699	NA;BIPGDJ_01189;BIPGDJ_01190;BIPGDJ_01191;BIPGDJ_01192;BIPGDJ_01193;BIPGDJ_01194;BIPGDJ_01195;BIPGDJ_01196;BIPGDJ_01197;BIPGDJ_01198;BIPGDJ_01199;BIPGDJ_01200;BIPGDJ_01201;BIPGDJ_01202;BIPGDJ_01203;BIPGDJ_01204;BIPGDJ_01205;BIPGDJ_01206;BIPGDJ_01207;BIPGDJ_01208;BIPGDJ_01209;BIPGDJ_01210;BIPGDJ_01211;BIPGDJ_01212;BIPGDJ_01213;BIPGDJ_01214;BIPGDJ_01215;BIPGDJ_01216;BIPGDJ_01217;BIPGDJ_01218;BIPGDJ_01219;BIPGDJ_01220;BIPGDJ_01221;BIPGDJ_01222;BIPGDJ_01223;BIPGDJ_01224;BIPGDJ_01225;BIPGDJ_01226;BIPGDJ_01227;BIPGDJ_01228;BIPGDJ_01229;BIPGDJ_01230;BIPGDJ_01231;BIPGDJ_01232;BIPGDJ_01233;BIPGDJ_01234;BIPGDJ_01235;BIPGDJ_01236;BIPGDJ_01237;BIPGDJ_01238;BIPGDJ_01239;BIPGDJ_01240;BIPGDJ_01241;BIPGDJ_01242;BIPGDJ_01243;BIPGDJ_01244;BIPGDJ_01245;BIPGDJ_01246;BIPGDJ_01251;BIPGDJ_01252;BIPGDJ_01253;BIPGDJ_01254;BIPGDJ_01255;BIPGDJ_01256;BIPGDJ_01257;BIPGDJ_01258;BIPGDJ_01259;BIPGDJ_01260;BIPGDJ_01261;BIPGDJ_01262;BIPGDJ_01263;BIPGDJ_01264;BIPGDJ_01265;BIPGDJ_01266;BIPGDJ_01267;BIPGDJ_01268;BIPGDJ_01269;BIPGDJ_01270;BIPGDJ_01271;BIPGDJ_01272	80	Pkinase;QueE;Fer4_12;PTPS;PT_FPPS_like;GTP_cyclohydroI	NA	NA
GCF_014497485.1	contig_13	antiSMASH	Terpene-precursor	NA	No	1	9461	9461	NA;DOIDKG_00860;DOIDKG_00861;DOIDKG_00862;DOIDKG_00863;DOIDKG_00864;DOIDKG_00865;DOIDKG_00866;DOIDKG_00867;DOIDKG_00868;DOIDKG_00869;DOIDKG_00870;DOIDKG_00871;DOIDKG_00872	13	QueE;Fer4_12;PTPS;PT_FPPS_like;GTP_cyclohydroI	NA	NA
GCF_014497635.1	contig_1	deepBGC		0.56888	NA	339307	340525	1218	gnl|Bakta|GDFOJH_00338;gnl|Bakta|GDFOJH_00339	2	PF01209;PF13489;PF13847;PF08241;PF08242;PF13649;PF03653;PF05425	NA	NA
GCF_014497635.1	contig_2	deepBGC		0.79221	NA	38011	49616	11605	gnl|Bakta|GDFOJH_00445;gnl|Bakta|GDFOJH_00446;gnl|Bakta|GDFOJH_00447;gnl|Bakta|GDFOJH_00448;gnl|Bakta|GDFOJH_00449;gnl|Bakta|GDFOJH_00450;gnl|Bakta|GDFOJH_00451;gnl|Bakta|GDFOJH_00452;gnl|Bakta|GDFOJH_00453;gnl|Bakta|GDFOJH_00454	10	PF02353;PF08003;PF13489;PF01596;PF13847;PF01209;PF08241;PF08242;PF13649;PF05175;PF12847;PF06325;PF01135;PF13679;PF08123;PF09334;PF00133;PF01406;PF01588;PF08003;PF13489;PF13649;PF08241;PF08242;PF13847;PF03061;PF13439;PF00534;PF13692;PF02784;PF07510;PF03235	NA	NA
GCF_014497635.1	contig_6	deepBGC		0.50914	NA	4831	5131	300	gnl|Bakta|GDFOJH_00592	1	PF07883	NA	NA
GCF_015904535.1	contig_22	antiSMASH	Terpene-precursor	NA	No	1	25830	25830	NA;PDHJEM_01502;PDHJEM_01503;PDHJEM_01504;PDHJEM_01505;PDHJEM_01506;PDHJEM_01507;PDHJEM_01508;PDHJEM_01509;PDHJEM_01510;PDHJEM_01511;PDHJEM_01512;PDHJEM_01513;PDHJEM_01514;PDHJEM_01515;PDHJEM_01516;PDHJEM_01517;PDHJEM_01518;PDHJEM_01519;PDHJEM_01520;PDHJEM_01521;PDHJEM_01522;PDHJEM_01523;PDHJEM_01528;PDHJEM_01529;PDHJEM_01530;PDHJEM_01531;PDHJEM_01532;PDHJEM_01533;PDHJEM_01534;PDHJEM_01535;PDHJEM_01536;PDHJEM_01537	32	GTP_cyclohydroI;PT_FPPS_like;PTPS;QueE;Fer4_12;PF00881	NA	NA
GCA_024412315.1	contig_32	deepBGC		0.51003	NA	338	1736	1398	gnl|Bakta|PCDMDN_01106	1	PF02521	NA	NA
GCA_024412315.1	contig_34	deepBGC	Saccharide	0.71328	NA	80686	92319	11633	gnl|Bakta|PCDMDN_01193;gnl|Bakta|PCDMDN_01194;gnl|Bakta|PCDMDN_01195;gnl|Bakta|PCDMDN_01196;gnl|Bakta|PCDMDN_01197;gnl|Bakta|PCDMDN_01198;gnl|Bakta|PCDMDN_01199;gnl|Bakta|PCDMDN_01200;gnl|Bakta|PCDMDN_01201;gnl|Bakta|PCDMDN_01202	10	PF02353;PF08003;PF13489;PF01596;PF13847;PF01209;PF08241;PF08242;PF13649;PF05175;PF12847;PF06325;PF01135;PF13679;PF08123;PF01555;PF00133;PF09334;PF01406;PF01588;PF08003;PF13489;PF13649;PF08241;PF08242;PF13847;PF03061;PF13439;PF13579;PF00534;PF13692;PF02784;PF07510;PF03235	NA	NA
GCA_024412315.1	contig_5	deepBGC	Polyketide	0.7478	NA	38498	41045	2547	gnl|Bakta|PCDMDN_00386;gnl|Bakta|PCDMDN_00387;gnl|Bakta|PCDMDN_00388;gnl|Bakta|PCDMDN_00389	4	PF02801;PF00109;PF00550;PF14573;PF16320;PF13561;PF00106;PF08659	NA	NA
GCA_024412315.1	contig_8	deepBGC		0.51887	NA	33813	34113	300	gnl|Bakta|PCDMDN_00515	1	PF07883	NA	NA
GCA_040861945.1	contig_8	antiSMASH	Terpene-precursor	NA	No	1	57844	57844	NA;DPLBKM_01183;DPLBKM_01184;DPLBKM_01185;DPLBKM_01186;DPLBKM_01187;DPLBKM_01188;DPLBKM_01189;DPLBKM_01190;DPLBKM_01191;DPLBKM_01192;DPLBKM_01193;DPLBKM_01194;DPLBKM_01195;DPLBKM_01196;DPLBKM_01197;DPLBKM_01198;DPLBKM_01199;DPLBKM_01200;DPLBKM_01201;DPLBKM_01202;DPLBKM_01203;DPLBKM_01208;DPLBKM_01209;DPLBKM_01210;DPLBKM_01211;DPLBKM_01212;DPLBKM_01213;DPLBKM_01214;DPLBKM_01215;DPLBKM_01216;DPLBKM_01217;DPLBKM_01218;DPLBKM_01219;DPLBKM_01220;DPLBKM_01221;DPLBKM_01222;DPLBKM_01223;DPLBKM_01224;DPLBKM_01225;DPLBKM_01226;DPLBKM_01227;DPLBKM_01228;DPLBKM_01229;DPLBKM_01230;DPLBKM_01231;DPLBKM_01232;DPLBKM_01233;DPLBKM_01234;DPLBKM_01235;DPLBKM_01236;DPLBKM_01237;DPLBKM_01238;DPLBKM_01239;DPLBKM_01240;DPLBKM_01241;DPLBKM_01242;DPLBKM_01243;DPLBKM_01244	58	GTP_cyclohydroI;PT_FPPS_like;PTPS;QueE;Fer4_12	NA	NA
GCA_024405965	contig_24	GECCO	Unknown	0.9314902874174508	NA	11207	14934	3727	contig_24_10;contig_24_11;contig_24_12;contig_24_13;contig_24_9	5	PF01041;PF06306;PF06306	NA	IPR010446;IPR010446;IPR000653
GCF_014498555.1	contig_9	antiSMASH	Terpene-precursor	NA	No	1	9427	9427	NA;OABIHC_00463;OABIHC_00464;OABIHC_00465;OABIHC_00466;OABIHC_00467;OABIHC_00468;OABIHC_00469;OABIHC_00470;OABIHC_00471;OABIHC_00472;OABIHC_00473;OABIHC_00474;OABIHC_00475	13	GTP_cyclohydroI;PT_FPPS_like;PTPS;QueE;Fer4_12	NA	NA
GCF_011140755.1	contig_2	antiSMASH	Terpene-precursor	NA	No	1	63556	63556	NA;HIDNGA_00108;HIDNGA_00109;HIDNGA_00110;HIDNGA_00111;HIDNGA_00112;HIDNGA_00113;HIDNGA_00114;HIDNGA_00115;HIDNGA_00116;HIDNGA_00117;HIDNGA_00118;HIDNGA_00119;HIDNGA_00120;HIDNGA_00121;HIDNGA_00122;HIDNGA_00123;HIDNGA_00124;HIDNGA_00125;HIDNGA_00126;HIDNGA_00127;HIDNGA_00128;HIDNGA_00129;HIDNGA_00134;HIDNGA_00135;HIDNGA_00136;HIDNGA_00137;HIDNGA_00138;HIDNGA_00139;HIDNGA_00140;HIDNGA_00141;HIDNGA_00142;HIDNGA_00143;HIDNGA_00144;HIDNGA_00145;HIDNGA_00146;HIDNGA_00147;HIDNGA_00148;HIDNGA_00149;HIDNGA_00150;HIDNGA_00151;HIDNGA_00152;HIDNGA_00153;HIDNGA_00154;HIDNGA_00155;HIDNGA_00156;HIDNGA_00157;HIDNGA_00158;HIDNGA_00159;HIDNGA_00160;HIDNGA_00161;HIDNGA_00162;HIDNGA_00163;HIDNGA_00164;HIDNGA_00165;HIDNGA_00166;HIDNGA_00167;HIDNGA_00168;HIDNGA_00171	58	GTP_cyclohydroI;PT_FPPS_like;PTPS;QueE;Fer4_12	NA	NA
GCF_015904675.1	contig_12	deepBGC		0.51491	NA	7075	7861	786	gnl|Bakta|NIKCPE_00953	1	PF08003;PF13489;PF13847;PF08241;PF08242;PF13649	NA	NA
GCF_015904675.1	contig_26	deepBGC		0.56715	NA	1321	5252	3931	gnl|Bakta|NIKCPE_01439;gnl|Bakta|NIKCPE_01440;gnl|Bakta|NIKCPE_01441;gnl|Bakta|NIKCPE_01442;gnl|Bakta|NIKCPE_01443;gnl|Bakta|NIKCPE_01444;gnl|Bakta|NIKCPE_01445	7	PF01924;PF01455;PF02492;PF07883;PF00871;PF00871	NA	NA
GCF_015904675.1	contig_38	deepBGC		0.8051	NA	0	5178	5178	gnl|Bakta|NIKCPE_01571;gnl|Bakta|NIKCPE_01572;gnl|Bakta|NIKCPE_01573;gnl|Bakta|NIKCPE_01574;gnl|Bakta|NIKCPE_01575	5	PF03524;PF03743;PF00483;PF01050;PF07883;PF01370;PF16363;PF04321;PF02719;PF01370;PF04321;PF16363	NA	NA
GCF_003639325.1	contig_39	antiSMASH	Terpene-precursor	NA	No	1	59462	59462	NA;MGMDKM_01599;MGMDKM_01600;MGMDKM_01601;MGMDKM_01602;MGMDKM_01603;MGMDKM_01604;MGMDKM_01605;MGMDKM_01606;MGMDKM_01607;MGMDKM_01608;MGMDKM_01609;MGMDKM_01610;MGMDKM_01611;MGMDKM_01612;MGMDKM_01613;MGMDKM_01614;MGMDKM_01615;MGMDKM_01616;MGMDKM_01617;MGMDKM_01618;MGMDKM_01619;MGMDKM_01624;MGMDKM_01625;MGMDKM_01626;MGMDKM_01627;MGMDKM_01628;MGMDKM_01629;MGMDKM_01630;MGMDKM_01631;MGMDKM_01632;MGMDKM_01633;MGMDKM_01634;MGMDKM_01635;MGMDKM_01636;MGMDKM_01637;MGMDKM_01638;MGMDKM_01639;MGMDKM_01640;MGMDKM_01641;MGMDKM_01642;MGMDKM_01643;MGMDKM_01644;MGMDKM_01645;MGMDKM_01646;MGMDKM_01647;MGMDKM_01648;MGMDKM_01649;MGMDKM_01650;MGMDKM_01651;MGMDKM_01652;MGMDKM_01653;MGMDKM_01654;MGMDKM_01655;MGMDKM_01656;MGMDKM_01657;MGMDKM_01658;MGMDKM_01659	57	GTP_cyclohydroI;PT_FPPS_like;PTPS;QueE;Fer4_12	NA	NA
GCA_040862425.1	contig_11	deepBGC		0.58383	NA	3728	7490	3762	gnl|Bakta|DIBLCG_01350;gnl|Bakta|DIBLCG_01351;gnl|Bakta|DIBLCG_01352	3	PF08003;PF13489;PF13847;PF08241;PF08242;PF13649;PF01588;PF09334;PF01406;PF00133	NA	NA
GCA_040862425.1	contig_6	deepBGC		0.51058	NA	79495	80239	744	gnl|Bakta|DIBLCG_01065	1	PF13561;PF00106;PF08659	NA	NA
GCF_014498185.1	contig_10	antiSMASH	Terpene-precursor	NA	No	1	60172	60172	NA;BGGNLA_01358;BGGNLA_01359;BGGNLA_01360;BGGNLA_01361;BGGNLA_01362;BGGNLA_01363;BGGNLA_01364;BGGNLA_01365;BGGNLA_01366;BGGNLA_01367;BGGNLA_01368;BGGNLA_01369;BGGNLA_01370;BGGNLA_01371;BGGNLA_01372;BGGNLA_01373;BGGNLA_01374;BGGNLA_01375;BGGNLA_01376;BGGNLA_01377;BGGNLA_01378;BGGNLA_01379;BGGNLA_01384;BGGNLA_01385;BGGNLA_01386;BGGNLA_01387;BGGNLA_01388;BGGNLA_01389;BGGNLA_01390;BGGNLA_01391;BGGNLA_01392;BGGNLA_01393;BGGNLA_01394;BGGNLA_01395;BGGNLA_01396;BGGNLA_01397;BGGNLA_01398;BGGNLA_01399;BGGNLA_01400;BGGNLA_01401;BGGNLA_01402;BGGNLA_01403;BGGNLA_01404;BGGNLA_01405;BGGNLA_01406;BGGNLA_01407;BGGNLA_01408;BGGNLA_01409;BGGNLA_01410;BGGNLA_01411;BGGNLA_01412;BGGNLA_01413;BGGNLA_01414;BGGNLA_01415;BGGNLA_01416;BGGNLA_01417;BGGNLA_01418;BGGNLA_01419;BGGNLA_01420;BGGNLA_01421;BGGNLA_01422;BGGNLA_01423	62	GTP_cyclohydroI;PT_FPPS_like;PTPS;QueE;Fer4_12	NA	NA
GCF_040821135.1	contig_2	deepBGC		0.59386	NA	3663	7419	3756	gnl|Bakta|NPMEFH_00055;gnl|Bakta|NPMEFH_00056;gnl|Bakta|NPMEFH_00057	3	PF08003;PF13489;PF13847;PF08241;PF08242;PF13649;PF01588;PF09334;PF01406;PF00133	NA	NA
GCF_040821135.1	contig_34	deepBGC		0.66758	NA	442	2769	2327	gnl|Bakta|NPMEFH_01155;gnl|Bakta|NPMEFH_01156;gnl|Bakta|NPMEFH_01157;gnl|Bakta|NPMEFH_01158;gnl|Bakta|NPMEFH_01159;gnl|Bakta|NPMEFH_01160	6	PF00092;PF13519;PF13672;PF13672;PF01636;PF01163	NA	NA
GCF_040821135.1	contig_8	deepBGC		0.52139	NA	3087	3390	303	gnl|Bakta|NPMEFH_00282	1	PF07883	NA	NA
GCF_040821135.1	contig_9	deepBGC		0.52975	NA	25434	27732	2298	gnl|Bakta|NPMEFH_00331	1	PF02538	NA	NA
GCF_040821135.1	contig_9	deepBGC		0.52848	NA	32624	33712	1088	gnl|Bakta|NPMEFH_00336;gnl|Bakta|NPMEFH_00337	2	PF01144;PF13336;PF01144	NA	NA
GCF_040821135.1	contig_9	deepBGC	Polyketide	0.55957	NA	33952	34414	462	gnl|Bakta|NPMEFH_00339	1	PF02803;PF00108	NA	NA
GCF_001998165.1	contig_14	antiSMASH	Terpene-precursor	NA	No	1	10181	10181	NA;PEOKCN_00398;PEOKCN_00399;PEOKCN_00400;PEOKCN_00401;PEOKCN_00402;PEOKCN_00403;PEOKCN_00404;PEOKCN_00405;PEOKCN_00406;PEOKCN_00407;PEOKCN_00408	11	QueE;Fer4_12;PTPS;PT_FPPS_like;GTP_cyclohydroI	NA	NA
GCF_011175085.1	contig_1	deepBGC		0.5245	NA	9722	10508	786	gnl|Bakta|OOIDJI_00011	1	PF08003;PF13489;PF13847;PF08241;PF08242;PF13649	NA	NA
GCF_040820965.1	contig_41	deepBGC		0.66477	NA	2089	7621	5532	gnl|Bakta|GGNCGM_01046;gnl|Bakta|GGNCGM_01047;gnl|Bakta|GGNCGM_01048;gnl|Bakta|GGNCGM_01049;gnl|Bakta|GGNCGM_01050	5	PF02353;PF08003;PF13489;PF01596;PF13847;PF01209;PF08241;PF08242;PF13649;PF05175;PF12847;PF06325;PF01135;PF13679;PF08123;PF01555;PF09334;PF00133;PF01406;PF01588;PF08003;PF13489;PF13649;PF08241;PF08242;PF13847;PF03061	NA	NA
GCF_040820965.1	contig_42	deepBGC		0.56786	NA	7458	9756	2298	gnl|Bakta|GGNCGM_01062	1	PF02538	NA	NA
GCF_040820965.1	contig_58	deepBGC	Polyketide	0.54882	NA	4319	6826	2507	gnl|Bakta|GGNCGM_01268;gnl|Bakta|GGNCGM_01269;gnl|Bakta|GGNCGM_01270	3	PF01144;PF13336;PF01144;PF02803;PF00108;PF00109	NA	NA
GCF_040820965.1	contig_62	deepBGC	Polyketide	0.74801	NA	1450	5216	3766	gnl|Bakta|GGNCGM_01294;gnl|Bakta|GGNCGM_01295;gnl|Bakta|GGNCGM_01296;gnl|Bakta|GGNCGM_01297;gnl|Bakta|GGNCGM_01298;gnl|Bakta|GGNCGM_01299	6	PF01165;PF00106;PF08659;PF13561;PF00550;PF14573;PF16320;PF10501;PF00109;PF02801;PF03255;PF01039	NA	NA
GCF_001998165.1	contig_20	deepBGC		0.51347	NA	764	1265	501	gnl|Bakta|PEOKCN_00560	1	PF01061	NA	NA
GCF_001998165.1	contig_24	deepBGC		0.56375	NA	1363	2266	903	gnl|Bakta|PEOKCN_00695	1	PF01501	NA	NA
GCF_001998165.1	contig_34	deepBGC	Polyketide	0.82407	NA	504	4016	3512	gnl|Bakta|PEOKCN_00962;gnl|Bakta|PEOKCN_00963;gnl|Bakta|PEOKCN_00964;gnl|Bakta|PEOKCN_00965;gnl|Bakta|PEOKCN_00966	5	PF01039;PF03255;PF02801;PF00109;PF00550;PF14573;PF16320;PF13561;PF00106;PF08659	NA	NA
GCF_001998165.1	contig_34	deepBGC		0.50991	NA	5787	6030	243	gnl|Bakta|PEOKCN_00969	1	PF16777	NA	NA
GCF_001998165.1	contig_8	deepBGC	Other	0.56783	NA	8673	13753	5080	gnl|Bakta|PEOKCN_00247;gnl|Bakta|PEOKCN_00248;gnl|Bakta|PEOKCN_00249;gnl|Bakta|PEOKCN_00250	4	PF08003;PF13489;PF13847;PF08241;PF08242;PF13649;PF01588;PF09334;PF01406;PF00133;PF02353;PF08003;PF13489;PF08123;PF06325;PF01209;PF01135;PF05175;PF01596;PF13679;PF12847;PF13847;PF08241;PF08242;PF13649	NA	NA
GCA_024406445.1	contig_6	antiSMASH	Terpene-precursor	NA	No	1	46687	46687	NA;KBJMNH_00506;KBJMNH_00507;KBJMNH_00508;KBJMNH_00509;KBJMNH_00510;KBJMNH_00511;KBJMNH_00512;KBJMNH_00513;KBJMNH_00514;KBJMNH_00515;KBJMNH_00516;KBJMNH_00517;KBJMNH_00518;KBJMNH_00519;KBJMNH_00520;KBJMNH_00521;KBJMNH_00522;KBJMNH_00523;KBJMNH_00524;KBJMNH_00526;KBJMNH_00527;KBJMNH_00528;KBJMNH_00529;KBJMNH_00530;KBJMNH_00531;KBJMNH_00532;KBJMNH_00533;KBJMNH_00534;KBJMNH_00535;KBJMNH_00536;KBJMNH_00537;KBJMNH_00538;KBJMNH_00539;KBJMNH_00540;KBJMNH_00541;KBJMNH_00542;KBJMNH_00543;KBJMNH_00544	38	GTP_cyclohydroI;PT_FPPS_like;PTPS;QueE;Fer4_12	NA	NA
GCF_003639745.1	contig_21	deepBGC		0.52572	NA	119003	119498	495	gnl|Bakta|PFHEFN_01102	1	PF01531	NA	NA
GCF_003639745.1	contig_6	deepBGC		0.75324	NA	37671	46238	8567	gnl|Bakta|PFHEFN_00530;gnl|Bakta|PFHEFN_00531;gnl|Bakta|PFHEFN_00532;gnl|Bakta|PFHEFN_00533;gnl|Bakta|PFHEFN_00534;gnl|Bakta|PFHEFN_00535;gnl|Bakta|PFHEFN_00536	7	PF02353;PF08003;PF13489;PF13847;PF01209;PF08241;PF08242;PF13649;PF05175;PF12847;PF06325;PF01135;PF13679;PF08123;PF01555;PF00133;PF09334;PF01406;PF01588;PF08003;PF13489;PF13649;PF08241;PF08242;PF13847;PF03061;PF13439;PF00534;PF13692;PF02784	NA	NA
GCF_003639745.1	contig_7	deepBGC		0.51052	NA	4936	5236	300	gnl|Bakta|PFHEFN_00545	1	PF07883	NA	NA
GCF_003639575.1	contig_20	antiSMASH	Terpene-precursor	NA	No	1	8409	8409	NA;NLFJFD_00944;NLFJFD_00945;NLFJFD_00947;NLFJFD_00948;NLFJFD_00949;NLFJFD_00950;NLFJFD_00951;NLFJFD_00952;NLFJFD_00953;NLFJFD_00954;NLFJFD_00955;NLFJFD_00956	12	GTP_cyclohydroI;PT_FPPS_like;PTPS;QueE;Fer4_12	NA	NA
GCA_040862145.1	contig_10	antiSMASH	Terpene-precursor	NA	No	1	53824	53824	NA;PBJBNJ_01007;PBJBNJ_01008;PBJBNJ_01009;PBJBNJ_01010;PBJBNJ_01011;PBJBNJ_01012;PBJBNJ_01013;PBJBNJ_01014;PBJBNJ_01015;PBJBNJ_01016;PBJBNJ_01017;PBJBNJ_01018;PBJBNJ_01019;PBJBNJ_01020;PBJBNJ_01021;PBJBNJ_01022;PBJBNJ_01023;PBJBNJ_01024;PBJBNJ_01025;PBJBNJ_01026;PBJBNJ_01027;PBJBNJ_01028;PBJBNJ_01033;PBJBNJ_01034;PBJBNJ_01035;PBJBNJ_01036;PBJBNJ_01037;PBJBNJ_01038;PBJBNJ_01039;PBJBNJ_01040;PBJBNJ_01041;PBJBNJ_01042;PBJBNJ_01043;PBJBNJ_01044;PBJBNJ_01045;PBJBNJ_01046;PBJBNJ_01047;PBJBNJ_01048;PBJBNJ_01049;PBJBNJ_01050;PBJBNJ_01051;PBJBNJ_01052;PBJBNJ_01053;PBJBNJ_01054;PBJBNJ_01055;PBJBNJ_01056;PBJBNJ_01057;PBJBNJ_01058;PBJBNJ_01059;PBJBNJ_01060;PBJBNJ_01061;PBJBNJ_01062;PBJBNJ_01063	53	GTP_cyclohydroI;PT_FPPS_like;PTPS;QueE;Fer4_12;Aminotran_3	NA	NA
GCA_040861865.1	contig_12	deepBGC		0.54417	NA	4193	4979	786	gnl|Bakta|LKEBMA_01356	1	PF08003;PF13489;PF13847;PF08241;PF08242;PF13649	NA	NA
GCA_040861865.1	contig_14	deepBGC		0.58486	NA	33707	34982	1275	gnl|Bakta|LKEBMA_01462;gnl|Bakta|LKEBMA_01463;gnl|Bakta|LKEBMA_01464	3	PF07883;PF02492	NA	NA
GCA_040861865.1	contig_14	deepBGC		0.52949	NA	37459	38914	1455	gnl|Bakta|LKEBMA_01470	1	PF08885	NA	NA
GCA_040861645.1	contig_7	deepBGC	Saccharide	0.69541	NA	37864	46433	8569	gnl|Bakta|FELPJE_01366;gnl|Bakta|FELPJE_01367;gnl|Bakta|FELPJE_01368;gnl|Bakta|FELPJE_01369;gnl|Bakta|FELPJE_01370;gnl|Bakta|FELPJE_01371;gnl|Bakta|FELPJE_01372	7	PF02353;PF08003;PF13489;PF13847;PF01209;PF08241;PF08242;PF13649;PF05175;PF12847;PF06325;PF01135;PF13679;PF08123;PF01555;PF00133;PF09334;PF01406;PF01588;PF08003;PF13489;PF13649;PF08241;PF08242;PF13847;PF03061;PF13439;PF13579;PF00534;PF13692;PF02784	NA	NA
GCF_003639455.1	contig_12	deepBGC		0.50065	NA	57955	58699	744	gnl|Bakta|NEOCIO_00757	1	PF13561;PF00106;PF08659	NA	NA
GCF_003639455.1	contig_16	deepBGC	Saccharide	0.74943	NA	69400	77979	8579	gnl|Bakta|NEOCIO_01370;gnl|Bakta|NEOCIO_01371;gnl|Bakta|NEOCIO_01372;gnl|Bakta|NEOCIO_01373;gnl|Bakta|NEOCIO_01374;gnl|Bakta|NEOCIO_01375;gnl|Bakta|NEOCIO_01376	7	PF02353;PF08003;PF13489;PF01596;PF13847;PF01209;PF08241;PF08242;PF13649;PF05175;PF12847;PF06325;PF01135;PF13679;PF08123;PF01555;PF00133;PF09334;PF01406;PF01588;PF08003;PF13489;PF13649;PF08241;PF08242;PF13847;PF03061;PF13439;PF13579;PF00534;PF13692;PF02784	NA	NA
GCA_024406135.1	contig_24	deepBGC		0.56446	NA	4098	4557	459	gnl|Bakta|DMHIKP_01321	1	PF03923	NA	NA
GCA_024406135.1	contig_26	deepBGC		0.74932	NA	37603	46169	8566	gnl|Bakta|DMHIKP_01453;gnl|Bakta|DMHIKP_01454;gnl|Bakta|DMHIKP_01455;gnl|Bakta|DMHIKP_01456;gnl|Bakta|DMHIKP_01457;gnl|Bakta|DMHIKP_01458;gnl|Bakta|DMHIKP_01459	7	PF02353;PF08003;PF13489;PF01596;PF13847;PF01209;PF08241;PF08242;PF13649;PF05175;PF12847;PF06325;PF01135;PF13679;PF08123;PF01555;PF00133;PF09334;PF01406;PF01588;PF08003;PF13489;PF13649;PF08241;PF08242;PF13847;PF03061;PF13439;PF00534;PF13692;PF02784	NA	NA
GCA_024406865.1	contig_1	deepBGC	NRP	0.55022	NA	71250	75013	3763	gnl|Bakta|JLAICG_00082;JLAICG_00083;gnl|Bakta|JLAICG_00084;JLAICG_00085;gnl|Bakta|JLAICG_00086	5	PF09924;PF00425;PF00425;PF01063;PF00795	NA	NA
GCA_024406865.1	contig_20	deepBGC	Polyketide	0.59827	NA	269	3029	2760	gnl|Bakta|JLAICG_01230;gnl|Bakta|JLAICG_01231;gnl|Bakta|JLAICG_01232;gnl|Bakta|JLAICG_01233	4	PF05917;PF00194;PF07690;PF00083;PF12832;PF07690	NA	NA
GCA_024406865.1	contig_20	deepBGC	Polyketide	0.54924	NA	6686	7864	1178	JLAICG_01237;gnl|Bakta|JLAICG_01238	2	PF07690;PF13347;PF05977;PF00083;PF07690;PF05631;PF13347	NA	NA
GCA_024406865.1	contig_30	deepBGC	Polyketide	0.72599	NA	63824	69376	5552	JLAICG_01582;gnl|Bakta|JLAICG_01583;gnl|Bakta|JLAICG_01584;gnl|Bakta|JLAICG_01585;gnl|Bakta|JLAICG_01586;gnl|Bakta|JLAICG_01587;gnl|Bakta|JLAICG_01588;gnl|Bakta|JLAICG_01589;gnl|Bakta|JLAICG_01590;gnl|Bakta|JLAICG_01591;gnl|Bakta|JLAICG_01592	11	PF04224;PF10034;PF09972;PF16777;PF01165;PF00106;PF08659;PF13561;PF00550;PF14573;PF16320;PF10501;PF00109;PF02801;PF16197;PF03255	NA	NA
GCA_024406865.1	contig_34	deepBGC		0.56476	NA	10274	11072	798	gnl|Bakta|JLAICG_01852	1	PF08003;PF13489;PF13847;PF08241;PF08242;PF13649	NA	NA
GCF_040820965.1	contig_23	antiSMASH	Terpene-precursor	NA	No	1	20191	20191	NA;GGNCGM_00689;GGNCGM_00694;GGNCGM_00695;GGNCGM_00696;GGNCGM_00697;GGNCGM_00698;GGNCGM_00699;GGNCGM_00700;GGNCGM_00701;GGNCGM_00702;GGNCGM_00703;GGNCGM_00704;GGNCGM_00705;GGNCGM_00706;GGNCGM_00707;GGNCGM_00708;GGNCGM_00709;GGNCGM_00710;GGNCGM_00711;GGNCGM_00712;GGNCGM_00713;GGNCGM_00714	22	DAO;QueE;Fer4_12;PTPS;PT_FPPS_like;GTP_cyclohydroI	NA	NA
GCA_024412615.1	contig_13	antiSMASH	Terpene-precursor	NA	No	1	8227	8227	NA;GIBEAH_00700;GIBEAH_00701;GIBEAH_00702;GIBEAH_00703;GIBEAH_00704;GIBEAH_00705;GIBEAH_00706;GIBEAH_00707;GIBEAH_00708;GIBEAH_00709;GIBEAH_00710;GIBEAH_00711	12	QueE;Fer4_12;PTPS;PT_FPPS_like;GTP_cyclohydroI	NA	NA
GCF_001998285.1	contig_19	deepBGC		0.5142	NA	43169	43910	741	gnl|Bakta|GOIHFK_01351	1	PF01209;PF13489;PF13847;PF08241;PF08242;PF13649	NA	NA
GCF_001998285.1	contig_9	deepBGC	Saccharide	0.75493	NA	82158	90725	8567	gnl|Bakta|GOIHFK_00737;gnl|Bakta|GOIHFK_00738;gnl|Bakta|GOIHFK_00739;gnl|Bakta|GOIHFK_00740;gnl|Bakta|GOIHFK_00741;gnl|Bakta|GOIHFK_00742;gnl|Bakta|GOIHFK_00743	7	PF02353;PF08003;PF13489;PF13847;PF01209;PF08241;PF08242;PF13649;PF05175;PF12847;PF06325;PF01135;PF13679;PF08123;PF01555;PF09334;PF00133;PF01406;PF01588;PF08003;PF13489;PF13649;PF08241;PF08242;PF13847;PF03061;PF13439;PF13579;PF00534;PF13692;PF02784	NA	NA
GCF_011140895.1	contig_10	antiSMASH	Terpene-precursor	NA	No	1	67120	67120	NA;LHCEIM_00410;LHCEIM_00411;LHCEIM_00412;LHCEIM_00413;LHCEIM_00414;LHCEIM_00415;LHCEIM_00416;LHCEIM_00417;LHCEIM_00418;LHCEIM_00419;LHCEIM_00420;LHCEIM_00421;LHCEIM_00422;LHCEIM_00423;LHCEIM_00424;LHCEIM_00425;LHCEIM_00426;LHCEIM_00427;LHCEIM_00428;LHCEIM_00429;LHCEIM_00430;LHCEIM_00431;LHCEIM_00436;LHCEIM_00437;LHCEIM_00438;LHCEIM_00439;LHCEIM_00440;LHCEIM_00441;LHCEIM_00442;LHCEIM_00443;LHCEIM_00444;LHCEIM_00445;LHCEIM_00446;LHCEIM_00447;LHCEIM_00448;LHCEIM_00449;LHCEIM_00450;LHCEIM_00451;LHCEIM_00452;LHCEIM_00453;LHCEIM_00454;LHCEIM_00455;LHCEIM_00456;LHCEIM_00457;LHCEIM_00458;LHCEIM_00459;LHCEIM_00460;LHCEIM_00461;LHCEIM_00462;LHCEIM_00463;LHCEIM_00464;LHCEIM_00465;LHCEIM_00466;LHCEIM_00467;LHCEIM_00468;LHCEIM_00469;LHCEIM_00472;LHCEIM_00473;LHCEIM_00474;LHCEIM_00475	60	GTP_cyclohydroI;PT_FPPS_like;PTPS;QueE;Fer4_12	NA	NA
GCF_011140895.1	contig_20	antiSMASH	Azole-containing-RiPP	NA	No	1	20391	20391	NA;LHCEIM_00932;LHCEIM_00933;LHCEIM_00934;LHCEIM_00935;LHCEIM_00936;LHCEIM_00937;LHCEIM_00938;LHCEIM_00939;LHCEIM_00940;LHCEIM_00941;LHCEIM_00942;LHCEIM_00943;LHCEIM_00944;LHCEIM_00945;LHCEIM_00946;LHCEIM_00947;LHCEIM_00948;LHCEIM_00949;LHCEIM_00950;LHCEIM_00951	20	ThiF;YcaO;PF00881	NA	NA
GCA_024411955.1	contig_18	deepBGC		0.75637	NA	37617	46184	8567	gnl|Bakta|AFAMBD_01335;gnl|Bakta|AFAMBD_01336;gnl|Bakta|AFAMBD_01337;gnl|Bakta|AFAMBD_01338;gnl|Bakta|AFAMBD_01339;gnl|Bakta|AFAMBD_01340;gnl|Bakta|AFAMBD_01341	7	PF02353;PF08003;PF13489;PF13847;PF01209;PF08241;PF08242;PF13649;PF05175;PF12847;PF06325;PF01135;PF13679;PF08123;PF01555;PF00133;PF09334;PF01406;PF01588;PF08003;PF13489;PF13649;PF08241;PF08242;PF13847;PF03061;PF13439;PF00534;PF13692;PF02784	NA	NA
GCA_040861245.1	contig_9	antiSMASH	Terpene-precursor	NA	No	1	57791	57791	NA;MLNEJA_01170;MLNEJA_01171;MLNEJA_01172;MLNEJA_01173;MLNEJA_01174;MLNEJA_01175;MLNEJA_01176;MLNEJA_01177;MLNEJA_01178;MLNEJA_01179;MLNEJA_01180;MLNEJA_01181;MLNEJA_01182;MLNEJA_01183;MLNEJA_01184;MLNEJA_01185;MLNEJA_01186;MLNEJA_01187;MLNEJA_01188;MLNEJA_01189;MLNEJA_01190;MLNEJA_01191;MLNEJA_01192;MLNEJA_01193;MLNEJA_01194;MLNEJA_01195;MLNEJA_01196;MLNEJA_01197;MLNEJA_01198;MLNEJA_01199;MLNEJA_01200;MLNEJA_01201;MLNEJA_01202;MLNEJA_01203;MLNEJA_01204;MLNEJA_01205;MLNEJA_01206;MLNEJA_01207;MLNEJA_01212;MLNEJA_01213;MLNEJA_01214;MLNEJA_01215;MLNEJA_01216;MLNEJA_01217;MLNEJA_01218;MLNEJA_01219;MLNEJA_01220;MLNEJA_01221;MLNEJA_01222;MLNEJA_01223;MLNEJA_01224;MLNEJA_01225;MLNEJA_01226;MLNEJA_01227;MLNEJA_01228;MLNEJA_01229;MLNEJA_01230;MLNEJA_01231;MLNEJA_01232;MLNEJA_01233	60	QueE;Fer4_12;PTPS;PT_FPPS_like;GTP_cyclohydroI	NA	NA
GCA_024412655.1	contig_16	antiSMASH	Terpene-precursor	NA	No	1	34232	34232	NA;FCPLBF_01408;FCPLBF_01409;FCPLBF_01410;FCPLBF_01411;FCPLBF_01412;FCPLBF_01413;FCPLBF_01414;FCPLBF_01415;FCPLBF_01416;FCPLBF_01417;FCPLBF_01418;FCPLBF_01419;FCPLBF_01420;FCPLBF_01421;FCPLBF_01422;FCPLBF_01423;FCPLBF_01424;FCPLBF_01425;FCPLBF_01426;FCPLBF_01427;FCPLBF_01428;FCPLBF_01433;FCPLBF_01434;FCPLBF_01435;FCPLBF_01436;FCPLBF_01437;FCPLBF_01438;FCPLBF_01439;FCPLBF_01440;FCPLBF_01441;FCPLBF_01442;FCPLBF_01443;FCPLBF_01444;FCPLBF_01445;FCPLBF_01446;FCPLBF_01447;FCPLBF_01448;FCPLBF_01449;FCPLBF_01450	39	GTP_cyclohydroI;PT_FPPS_like;PTPS;QueE;Fer4_12;PP-binding;PP-binding_2	NA	NA
GCF_015905005.1	contig_26	antiSMASH	Terpene-precursor	NA	No	1	8142	8142	NA;KPOFIH_01582;KPOFIH_01583;KPOFIH_01584;KPOFIH_01585;KPOFIH_01586;KPOFIH_01587;KPOFIH_01588;KPOFIH_01589;KPOFIH_01590;KPOFIH_01591;KPOFIH_01592;KPOFIH_01593	12	GTP_cyclohydroI;PT_FPPS_like;PTPS;QueE;Fer4_12	NA	NA
GCF_037861795.1	contig_6	deepBGC	Saccharide	0.68619	NA	78530	87083	8553	gnl|Bakta|HPEGOA_00908;gnl|Bakta|HPEGOA_00909;gnl|Bakta|HPEGOA_00910;gnl|Bakta|HPEGOA_00911;gnl|Bakta|HPEGOA_00912;gnl|Bakta|HPEGOA_00913;gnl|Bakta|HPEGOA_00914	7	PF02353;PF08003;PF13489;PF01596;PF13847;PF01209;PF08241;PF08242;PF13649;PF05175;PF12847;PF06325;PF01135;PF13679;PF08123;PF01555;PF00133;PF09334;PF01406;PF01588;PF08003;PF13489;PF13649;PF08241;PF08242;PF13847;PF03061;PF13439;PF13579;PF00534;PF13692;PF02784	NA	NA
GCF_037861795.1	contig_6	deepBGC		0.5521	NA	91131	92860	1729	gnl|Bakta|HPEGOA_00919;gnl|Bakta|HPEGOA_00920	2	PF07510;PF03235	NA	NA
GCF_015904375.1	contig_6	deepBGC	Polyketide	0.76881	NA	70	6511	6441	gnl|Bakta|FAKKCG_01031;gnl|Bakta|FAKKCG_01032;gnl|Bakta|FAKKCG_01033;gnl|Bakta|FAKKCG_01034;gnl|Bakta|FAKKCG_01035;gnl|Bakta|FAKKCG_01036;gnl|Bakta|FAKKCG_01037;gnl|Bakta|FAKKCG_01038;gnl|Bakta|FAKKCG_01039	9	PF00588;PF12698;PF01039;PF03255;PF02801;PF00109;PF00550;PF14573;PF16320;PF13561;PF00106;PF08659	NA	NA
GCF_015904375.1	contig_9	deepBGC	Saccharide	0.78353	NA	37858	49460	11602	gnl|Bakta|FAKKCG_01329;gnl|Bakta|FAKKCG_01330;gnl|Bakta|FAKKCG_01331;gnl|Bakta|FAKKCG_01332;gnl|Bakta|FAKKCG_01333;gnl|Bakta|FAKKCG_01334;gnl|Bakta|FAKKCG_01335;gnl|Bakta|FAKKCG_01336;gnl|Bakta|FAKKCG_01337;gnl|Bakta|FAKKCG_01338;gnl|Bakta|FAKKCG_01339	11	PF02353;PF08003;PF13489;PF01596;PF13847;PF01209;PF08241;PF08242;PF13649;PF05175;PF12847;PF06325;PF01135;PF13679;PF08123;PF00133;PF09334;PF01406;PF01588;PF08003;PF13489;PF13649;PF08241;PF08242;PF13847;PF03061;PF13439;PF13579;PF00534;PF13692;PF02784;PF07510;PF03235	NA	NA
GCA_024407395.1	contig_16	antiSMASH	Terpene-precursor	NA	No	1	7993	7993	NA;GALEDN_00863;GALEDN_00864;GALEDN_00865;GALEDN_00866;GALEDN_00867;GALEDN_00868;GALEDN_00869;GALEDN_00870;GALEDN_00871;GALEDN_00872;GALEDN_00873	11	QueE;Fer4_12;PTPS;PT_FPPS_like;GTP_cyclohydroI	NA	NA
GCA_040861825.1	contig_6	antiSMASH	Terpene-precursor	NA	No	1	58064	58064	NA;JMKCHA_01283;JMKCHA_01284;JMKCHA_01285;JMKCHA_01286;JMKCHA_01287;JMKCHA_01288;JMKCHA_01289;JMKCHA_01290;JMKCHA_01291;JMKCHA_01292;JMKCHA_01293;JMKCHA_01294;JMKCHA_01295;JMKCHA_01296;JMKCHA_01297;JMKCHA_01298;JMKCHA_01299;JMKCHA_01300;JMKCHA_01301;JMKCHA_01302;JMKCHA_01303;JMKCHA_01304;JMKCHA_01305;JMKCHA_01306;JMKCHA_01307;JMKCHA_01308;JMKCHA_01309;JMKCHA_01310;JMKCHA_01311;JMKCHA_01312;JMKCHA_01313;JMKCHA_01314;JMKCHA_01315;JMKCHA_01316;JMKCHA_01317;JMKCHA_01319;JMKCHA_01324;JMKCHA_01325;JMKCHA_01326;JMKCHA_01327;JMKCHA_01328;JMKCHA_01329;JMKCHA_01330;JMKCHA_01331;JMKCHA_01332;JMKCHA_01333;JMKCHA_01334;JMKCHA_01335;JMKCHA_01336;JMKCHA_01337;JMKCHA_01338;JMKCHA_01339;JMKCHA_01340;JMKCHA_01341;JMKCHA_01342;JMKCHA_01343;JMKCHA_01344;JMKCHA_01345	58	QueE;Fer4_12;PTPS;PT_FPPS_like;GTP_cyclohydroI	NA	NA
GCF_040821085.1	contig_43	antiSMASH	Terpene-precursor	NA	No	1	10836	10836	NA;KDMAMF_01087;KDMAMF_01088;KDMAMF_01089;KDMAMF_01090;KDMAMF_01091;KDMAMF_01092;KDMAMF_01093;KDMAMF_01094;KDMAMF_01095;KDMAMF_01096;KDMAMF_01097;KDMAMF_01098;KDMAMF_01099;KDMAMF_01100;KDMAMF_01101	15	QueE;Fer4_12;PTPS;PT_FPPS_like;GTP_cyclohydroI	NA	NA
GCA_024406895.1	contig_26	antiSMASH	Terpene-precursor	NA	No	1	8018	8018	NA;ODPHFA_01091;ODPHFA_01092;ODPHFA_01093;ODPHFA_01094;ODPHFA_01095;ODPHFA_01096;ODPHFA_01097;ODPHFA_01098;ODPHFA_01099;ODPHFA_01100;ODPHFA_01101	11	GTP_cyclohydroI;PT_FPPS_like;PTPS;QueE;Fer4_12	NA	NA
GCF_040820815.1	contig_19	deepBGC		0.73139	NA	762	3721	2959	NFOOKH_00107;gnl|Bakta|NFOOKH_00108;gnl|Bakta|NFOOKH_00109;gnl|Bakta|NFOOKH_00110;gnl|Bakta|NFOOKH_00111;gnl|Bakta|NFOOKH_00112	6	PF13519;PF13672;PF07714;PF00069	NA	NA
GCF_040820815.1	contig_27	deepBGC		0.51132	NA	115	1480	1365	gnl|Bakta|NFOOKH_00166	1	PF01075	NA	NA
GCF_040820815.1	contig_28	deepBGC	Polyketide	0.53711	NA	17	1178	1161	gnl|Bakta|NFOOKH_00170	1	PF07690;PF13347;PF17561	NA	NA
GCF_040820815.1	contig_46	deepBGC		0.59423	NA	49	2511	2462	gnl|Bakta|NFOOKH_00536;gnl|Bakta|NFOOKH_00537	2	PF01208;PF02321	NA	NA
GCF_040820815.1	contig_46	deepBGC		0.53093	NA	16643	17400	757	gnl|Bakta|NFOOKH_00542;gnl|Bakta|NFOOKH_00543	2	PF01061;PF01061	NA	NA
GCF_040820815.1	contig_52	deepBGC	Polyketide	0.54081	NA	5605	7393	1788	gnl|Bakta|NFOOKH_00661;gnl|Bakta|NFOOKH_00662	2	PF02801;PF00109;PF10501;PF00550;PF14573;PF16320	NA	NA
GCF_040820815.1	contig_6	deepBGC		0.61686	NA	177	1934	1757	gnl|Bakta|NFOOKH_00031;gnl|Bakta|NFOOKH_00032	2	PF04321;PF16363;PF01370;PF02719;PF08659;PF00106;PF01073;PF07993;PF13460;PF01416	NA	NA
GCF_040820815.1	contig_6	deepBGC		0.78023	NA	2982	4647	1665	gnl|Bakta|NFOOKH_00034;gnl|Bakta|NFOOKH_00035	2	PF01135;PF13649;PF13847;PF00398;PF13489;PF00268	NA	NA
GCF_040820815.1	contig_75	deepBGC		0.58086	NA	1	1307	1306	gnl|Bakta|NFOOKH_01026;NFOOKH_01027;gnl|Bakta|NFOOKH_01028;gnl|Bakta|NFOOKH_01029	4	PF13651;PF01501;PF01501	NA	NA
GCF_040820815.1	contig_84	deepBGC		0.61615	NA	3541	4327	786	gnl|Bakta|NFOOKH_01111	1	PF08003;PF13489;PF13847;PF08241;PF08242;PF13649	NA	NA
GCA_040862405.1	contig_15	deepBGC		0.52975	NA	4821	5607	786	gnl|Bakta|LJMHMI_01250	1	PF08003;PF13489;PF13847;PF08241;PF08242;PF13649	NA	NA
GCA_040862405.1	contig_19	deepBGC	Polyketide	0.56551	NA	18913	21430	2517	gnl|Bakta|LJMHMI_01441;gnl|Bakta|LJMHMI_01442;gnl|Bakta|LJMHMI_01443;gnl|Bakta|LJMHMI_01444	4	PF01081;PF07719;PF08238;PF13561;PF00106;PF08659;PF01370	NA	NA
GCA_040862405.1	contig_19	deepBGC		0.6527	NA	26611	28276	1665	gnl|Bakta|LJMHMI_01451;gnl|Bakta|LJMHMI_01452	2	PF01135;PF13847;PF13649;PF00398;PF13489;PF00268	NA	NA
GCA_040862405.1	contig_19	deepBGC		0.55843	NA	32090	32624	534	gnl|Bakta|LJMHMI_01460	1	PF05050	NA	NA
GCF_037861735.1	contig_4	deepBGC	Saccharide	0.71564	NA	112761	121807	9046	gnl|Bakta|LCPKCH_00794;gnl|Bakta|LCPKCH_00795;gnl|Bakta|LCPKCH_00796;gnl|Bakta|LCPKCH_00797;gnl|Bakta|LCPKCH_00798;gnl|Bakta|LCPKCH_00799;gnl|Bakta|LCPKCH_00800;gnl|Bakta|LCPKCH_00801;gnl|Bakta|LCPKCH_00802	9	PF02353;PF08003;PF13489;PF13847;PF01209;PF08241;PF08242;PF13649;PF05175;PF12847;PF06325;PF01135;PF13679;PF08123;PF01555;PF09334;PF00133;PF01406;PF01588;PF08003;PF13489;PF13649;PF08241;PF08242;PF13847;PF03061;PF13439;PF13579;PF00534;PF13692;PF02784;PF07927;PF15919	NA	NA
GCF_037862195.1	contig_13	deepBGC		0.58912	NA	9270	10056	786	gnl|Bakta|PCGGIO_01108	1	PF08003;PF13489;PF13847;PF08241;PF08242;PF13649	NA	NA
GCF_011175215.1	contig_18	deepBGC		0.74011	NA	106485	115069	8584	gnl|Bakta|EKNCHA_01302;gnl|Bakta|EKNCHA_01303;gnl|Bakta|EKNCHA_01304;gnl|Bakta|EKNCHA_01305;gnl|Bakta|EKNCHA_01306;gnl|Bakta|EKNCHA_01307;gnl|Bakta|EKNCHA_01308	7	PF02353;PF08003;PF13489;PF01596;PF13847;PF01209;PF08241;PF08242;PF13649;PF05175;PF12847;PF06325;PF01135;PF13679;PF08123;PF09334;PF00133;PF01406;PF01588;PF08003;PF13489;PF13649;PF08241;PF08242;PF13847;PF03061;PF13439;PF00534;PF13692;PF02784	NA	NA
GCF_011175215.1	contig_18	deepBGC		0.54976	NA	119440	119716	276	gnl|Bakta|EKNCHA_01314	1	PF07510	NA	NA
GCF_011175215.1	contig_20	deepBGC		0.63193	NA	58109	58898	789	gnl|Bakta|EKNCHA_01474	1	PF05050	NA	NA
GCF_011175215.1	contig_20	deepBGC		0.64184	NA	63733	73633	9900	gnl|Bakta|EKNCHA_01480;gnl|Bakta|EKNCHA_01481;gnl|Bakta|EKNCHA_01482;gnl|Bakta|EKNCHA_01483;gnl|Bakta|EKNCHA_01486;gnl|Bakta|EKNCHA_01487;gnl|Bakta|EKNCHA_01488;gnl|Bakta|EKNCHA_01489;gnl|Bakta|EKNCHA_01490	9	PF01135;PF00398;PF13847;PF13649;PF03739;PF01416;PF16363;PF01370;PF07993;PF04321;PF02719;PF01073;PF13460;PF08659;PF00106;PF00106;PF08659;PF01370;PF13561;PF08238;PF07719;PF01081;PF00920	NA	NA
GCF_011175215.1	contig_20	deepBGC	NRP	0.59696	NA	76835	78685	1850	gnl|Bakta|EKNCHA_01494;gnl|Bakta|EKNCHA_01495	2	PF08240;PF02826;PF01262;PF03446;PF00107;PF01501	NA	NA
GCF_040821415.1	contig_43	antiSMASH	Terpene-precursor	NA	No	1	8212	8212	NA;ABKDBK_01080;ABKDBK_01081;ABKDBK_01082;ABKDBK_01083;ABKDBK_01084;ABKDBK_01085;ABKDBK_01086;ABKDBK_01087;ABKDBK_01088;ABKDBK_01089;ABKDBK_01090;ABKDBK_01091;ABKDBK_01092	13	QueE;Fer4_12;PTPS;PT_FPPS_like;GTP_cyclohydroI	NA	NA
GCF_003639745.1	contig_19	antiSMASH	Terpene-precursor	NA	No	1	8116	8116	NA;PFHEFN_00965;PFHEFN_00966;PFHEFN_00967;PFHEFN_00968;PFHEFN_00969;PFHEFN_00970;PFHEFN_00971;PFHEFN_00972;PFHEFN_00973;PFHEFN_00974;PFHEFN_00975;PFHEFN_00976	12	GTP_cyclohydroI;PT_FPPS_like;PTPS;QueE;Fer4_12	NA	NA
GCA_040862565.1	contig_14	antiSMASH	Terpene-precursor	NA	No	1	38362	38362	NA;INLOFJ_01365;INLOFJ_01366;INLOFJ_01367;INLOFJ_01368;INLOFJ_01369;INLOFJ_01370;INLOFJ_01371;INLOFJ_01372;INLOFJ_01373;INLOFJ_01374;INLOFJ_01375;INLOFJ_01376;INLOFJ_01377;INLOFJ_01378;INLOFJ_01379;INLOFJ_01380;INLOFJ_01381;INLOFJ_01382;INLOFJ_01383;INLOFJ_01384;INLOFJ_01389;INLOFJ_01390;INLOFJ_01391;INLOFJ_01392;INLOFJ_01393;INLOFJ_01394;INLOFJ_01395;INLOFJ_01396;INLOFJ_01397;INLOFJ_01398;INLOFJ_01399;INLOFJ_01400;INLOFJ_01401;INLOFJ_01402;INLOFJ_01403;INLOFJ_01404;INLOFJ_01405;INLOFJ_01406;INLOFJ_01407;INLOFJ_01408;INLOFJ_01409	41	QueE;Fer4_12;PTPS;PT_FPPS_like;GTP_cyclohydroI	NA	NA
GCF_011141115.1	contig_4	deepBGC		0.53682	NA	54411	55581	1170	gnl|Bakta|NGMANL_00160	1	PF01555;PF02353;PF13489;PF08123;PF08003;PF01209;PF06325;PF01135;PF05175;PF12847;PF13679;PF13847;PF08241;PF08242;PF13649	NA	NA
GCF_003640085.1	contig_31	antiSMASH	Terpene-precursor	NA	No	1	62932	62932	NA;MFFBCE_01530;MFFBCE_01531;MFFBCE_01532;MFFBCE_01533;MFFBCE_01534;MFFBCE_01535;MFFBCE_01536;MFFBCE_01537;MFFBCE_01538;MFFBCE_01539;MFFBCE_01540;MFFBCE_01541;MFFBCE_01542;MFFBCE_01543;MFFBCE_01544;MFFBCE_01545;MFFBCE_01546;MFFBCE_01547;MFFBCE_01548;MFFBCE_01549;MFFBCE_01550;MFFBCE_01555;MFFBCE_01556;MFFBCE_01557;MFFBCE_01558;MFFBCE_01559;MFFBCE_01560;MFFBCE_01561;MFFBCE_01562;MFFBCE_01563;MFFBCE_01564;MFFBCE_01565;MFFBCE_01566;MFFBCE_01567;MFFBCE_01568;MFFBCE_01569;MFFBCE_01570;MFFBCE_01571;MFFBCE_01572;MFFBCE_01573;MFFBCE_01574;MFFBCE_01575;MFFBCE_01576;MFFBCE_01577;MFFBCE_01578;MFFBCE_01579;MFFBCE_01580;MFFBCE_01581;MFFBCE_01582;MFFBCE_01583;MFFBCE_01584;MFFBCE_01585;MFFBCE_01586;MFFBCE_01587;MFFBCE_01590;MFFBCE_01591;MFFBCE_01592	57	GTP_cyclohydroI;PT_FPPS_like;PTPS;QueE;Fer4_12	NA	NA
GCA_024412155.1	contig_15	antiSMASH	Terpene-precursor	NA	No	1	108583	108583	NA;DJPEDK_01488;DJPEDK_01489;DJPEDK_01490;DJPEDK_01491;DJPEDK_01492;DJPEDK_01493;DJPEDK_01494;DJPEDK_01495;DJPEDK_01496;DJPEDK_01497;DJPEDK_01498;DJPEDK_01499;DJPEDK_01500;DJPEDK_01501;DJPEDK_01502;DJPEDK_01503;DJPEDK_01504;DJPEDK_01505;DJPEDK_01506;DJPEDK_01507;DJPEDK_01512;DJPEDK_01513;DJPEDK_01514;DJPEDK_01515;DJPEDK_01516;DJPEDK_01517;DJPEDK_01518;DJPEDK_01519;DJPEDK_01520;DJPEDK_01521;DJPEDK_01522;DJPEDK_01523;DJPEDK_01524;DJPEDK_01525;DJPEDK_01526;DJPEDK_01527;DJPEDK_01528;DJPEDK_01529;DJPEDK_01530;DJPEDK_01531;DJPEDK_01532;DJPEDK_01533;DJPEDK_01534;DJPEDK_01535;DJPEDK_01536;DJPEDK_01537;DJPEDK_01538;DJPEDK_01539;DJPEDK_01540;DJPEDK_01541;DJPEDK_01542;DJPEDK_01543;DJPEDK_01544;DJPEDK_01545;DJPEDK_01546;DJPEDK_01547;DJPEDK_01548;DJPEDK_01549;DJPEDK_01550;DJPEDK_01551;DJPEDK_01552;DJPEDK_01553;DJPEDK_01554;DJPEDK_01555;DJPEDK_01556;DJPEDK_01557;DJPEDK_01558;DJPEDK_01559;DJPEDK_01560;DJPEDK_01561;DJPEDK_01562;DJPEDK_01563;DJPEDK_01564;DJPEDK_01565;DJPEDK_01566;DJPEDK_01567;DJPEDK_01568;DJPEDK_01569;DJPEDK_01570;DJPEDK_01571;DJPEDK_01572;DJPEDK_01573;DJPEDK_01574;DJPEDK_01575;DJPEDK_01576;DJPEDK_01577;DJPEDK_01578;DJPEDK_01579;DJPEDK_01580;DJPEDK_01581;DJPEDK_01582;DJPEDK_01583;DJPEDK_01584;DJPEDK_01585;DJPEDK_01586;DJPEDK_01587;DJPEDK_01588;DJPEDK_01589;DJPEDK_01590	99	GTP_cyclohydroI;PT_FPPS_like;PTPS;QueE;Fer4_12	NA	NA
GCF_040820935.1	contig_21	deepBGC	Polyketide	0.68835	NA	352	3864	3512	gnl|Bakta|FADPHH_00602;gnl|Bakta|FADPHH_00603;gnl|Bakta|FADPHH_00604;gnl|Bakta|FADPHH_00605;gnl|Bakta|FADPHH_00606	5	PF01039;PF06833;PF03255;PF02801;PF00109;PF10501;PF00550;PF14573;PF16320;PF13561;PF00106;PF08659	NA	NA
GCF_040820935.1	contig_58	deepBGC		0.9179	NA	751	6932	6181	gnl|Bakta|FADPHH_01279;gnl|Bakta|FADPHH_01281;gnl|Bakta|FADPHH_01282;gnl|Bakta|FADPHH_01283;gnl|Bakta|FADPHH_01284;gnl|Bakta|FADPHH_01285;gnl|Bakta|FADPHH_01286	7	PF01041;PF00155;PF00266;PF00268;PF01135;PF00398;PF13489;PF13847;PF13649;PF03739;PF01416;PF16363;PF01370;PF04321;PF02719;PF07993;PF01073;PF08659;PF16363	NA	NA
GCF_040820935.1	contig_60	deepBGC	Polyketide	0.65409	NA	403	2631	2228	gnl|Bakta|FADPHH_01296;gnl|Bakta|FADPHH_01297	2	PF00899;PF07690;PF12832;PF05977	NA	NA
GCF_040820935.1	contig_73	deepBGC		0.57272	NA	95	3682	3587	gnl|Bakta|FADPHH_01399;gnl|Bakta|FADPHH_01400	2	PF00795;PF00669	NA	NA
GCF_040820935.1	contig_77	deepBGC		0.74783	NA	37896	46525	8629	gnl|Bakta|FADPHH_01452;gnl|Bakta|FADPHH_01453;gnl|Bakta|FADPHH_01454;gnl|Bakta|FADPHH_01455;gnl|Bakta|FADPHH_01456;gnl|Bakta|FADPHH_01457;gnl|Bakta|FADPHH_01458	7	PF02353;PF08003;PF13489;PF01596;PF13847;PF01209;PF08241;PF08242;PF13649;PF05175;PF12847;PF06325;PF01135;PF13679;PF08123;PF01555;PF00133;PF09334;PF01406;PF01588;PF08003;PF13489;PF13649;PF08241;PF08242;PF13847;PF03061;PF13439;PF00534;PF13692;PF02784	NA	NA
GCF_014498925	contig_1	GECCO	Unknown	0.9945169529868532	NA	5626	9304	3678	contig_1_10;contig_1_11;contig_1_12;contig_1_8;contig_1_9	5	PF01041;PF06306;PF06306	NA	IPR000653;IPR010446;IPR010446
GCA_024412595.1	contig_166	antiSMASH	Terpene-precursor	NA	No	1	6588	6588	NA;IGEKIA_01406;IGEKIA_01407;IGEKIA_01408;IGEKIA_01409;IGEKIA_01410;IGEKIA_01411;IGEKIA_01412;IGEKIA_01413;IGEKIA_01414;IGEKIA_01415	10	PTPS;PT_FPPS_like;GTP_cyclohydroI	NA	NA
GCF_030062645.1	contig_1	antiSMASH	Terpene-precursor	NA	Yes	1590026	1610937	20912	MBDHOB_01563;MBDHOB_01564;MBDHOB_01565;MBDHOB_01566;MBDHOB_01567;MBDHOB_01568;MBDHOB_01569;MBDHOB_01570;MBDHOB_01571;MBDHOB_01572;MBDHOB_01573;MBDHOB_01574;MBDHOB_01575;MBDHOB_01576;MBDHOB_01577;MBDHOB_01578;MBDHOB_01579;MBDHOB_01580;MBDHOB_01581;MBDHOB_01582;MBDHOB_01583;MBDHOB_01584;MBDHOB_01585	23	QueE;Fer4_12;PTPS;PT_FPPS_like;GTP_cyclohydroI	NA	NA
GCF_015905065	contig_4	GECCO	Unknown	0.9946194702980768	NA	7403	10766	3363	contig_4_10;contig_4_11;contig_4_7;contig_4_8;contig_4_9	5	PF01041;PF06306;PF06306	NA	IPR000653;IPR010446;IPR010446
GCA_024406765.1	contig_22	deepBGC		0.64347	NA	11160	19481	8321	gnl|Bakta|KIHKDB_00841;gnl|Bakta|KIHKDB_00842;gnl|Bakta|KIHKDB_00843;gnl|Bakta|KIHKDB_00844;gnl|Bakta|KIHKDB_00845;gnl|Bakta|KIHKDB_00846;gnl|Bakta|KIHKDB_00847;gnl|Bakta|KIHKDB_00848	8	PF01219;PF03235;PF08882;PF02538;PF01968;PF09982;PF02667	NA	NA
GCA_024406765.1	contig_3	deepBGC		0.59238	NA	3749	7502	3753	gnl|Bakta|KIHKDB_00146;gnl|Bakta|KIHKDB_00147;gnl|Bakta|KIHKDB_00148	3	PF08003;PF13489;PF13847;PF08241;PF08242;PF13649;PF01588;PF09334;PF01406;PF00133	NA	NA
GCA_024406765.1	contig_43	deepBGC	Polyketide	0.55498	NA	1319	3824	2505	gnl|Bakta|KIHKDB_01187;gnl|Bakta|KIHKDB_01188;gnl|Bakta|KIHKDB_01189	3	PF01144;PF13336;PF01144;PF02803;PF00108;PF00109	NA	NA
GCA_024406765.1	contig_44	deepBGC	Polyketide	0.56505	NA	1319	3824	2505	gnl|Bakta|KIHKDB_01192;gnl|Bakta|KIHKDB_01193;gnl|Bakta|KIHKDB_01194	3	PF01144;PF13336;PF01144;PF02803;PF00108;PF00109	NA	NA
GCA_040862525.1	contig_11	deepBGC		0.5249	NA	7612	8398	786	gnl|Bakta|KGKDBD_01302	1	PF08003;PF13489;PF13847;PF08241;PF08242;PF13649	NA	NA
GCA_024412335.1	contig_14	antiSMASH	Terpene-precursor	NA	No	1	8182	8182	NA;LJIDFK_00816;LJIDFK_00817;LJIDFK_00818;LJIDFK_00819;LJIDFK_00820;LJIDFK_00821;LJIDFK_00822;LJIDFK_00823;LJIDFK_00824;LJIDFK_00825;LJIDFK_00826;LJIDFK_00827;LJIDFK_00828	13	GTP_cyclohydroI;PT_FPPS_like;PTPS;QueE;Fer4_12	NA	NA
GCF_014497385.1	contig_16	antiSMASH	Terpene-precursor	NA	No	1	9577	9577	NA;ICDAFD_00896;ICDAFD_00897;ICDAFD_00898;ICDAFD_00899;ICDAFD_00900;ICDAFD_00901;ICDAFD_00902;ICDAFD_00903;ICDAFD_00904;ICDAFD_00905;ICDAFD_00906;ICDAFD_00907;ICDAFD_00908	13	GTP_cyclohydroI;PT_FPPS_like;PTPS;QueE;Fer4_12	NA	NA
GCA_024406715.1	contig_44	antiSMASH	Terpene-precursor	NA	No	1	9531	9531	NA;CKHEGJ_01010;CKHEGJ_01011;CKHEGJ_01012;CKHEGJ_01013;CKHEGJ_01014;CKHEGJ_01015;CKHEGJ_01016;CKHEGJ_01017;CKHEGJ_01018;CKHEGJ_01019;CKHEGJ_01020	11	GTP_cyclohydroI;PT_FPPS_like;PTPS;QueE;Fer4_12	NA	NA
GCF_014496765.1	contig_16	deepBGC		0.50329	NA	1036	2146	1110	gnl|Bakta|FCLANF_00830	1	PF01501	NA	NA
GCF_014496765.1	contig_21	deepBGC		0.81651	NA	80398	88958	8560	gnl|Bakta|FCLANF_01379;gnl|Bakta|FCLANF_01380;gnl|Bakta|FCLANF_01381;gnl|Bakta|FCLANF_01382;gnl|Bakta|FCLANF_01383;gnl|Bakta|FCLANF_01384;gnl|Bakta|FCLANF_01385	7	PF02353;PF08003;PF13489;PF01596;PF13847;PF01209;PF08241;PF08242;PF13649;PF05175;PF12847;PF06325;PF01135;PF13679;PF08123;PF00133;PF09334;PF01406;PF01588;PF08003;PF13489;PF13649;PF08241;PF08242;PF13847;PF03061;PF13439;PF00534;PF13692;PF02784	NA	NA
GCF_014496045.1	contig_15	antiSMASH	Terpene-precursor	NA	No	1	58161	58161	NA;MIONJP_01512;MIONJP_01513;MIONJP_01514;MIONJP_01515;MIONJP_01516;MIONJP_01517;MIONJP_01518;MIONJP_01519;MIONJP_01520;MIONJP_01521;MIONJP_01522;MIONJP_01523;MIONJP_01524;MIONJP_01525;MIONJP_01526;MIONJP_01527;MIONJP_01528;MIONJP_01529;MIONJP_01530;MIONJP_01531;MIONJP_01533;MIONJP_01537;MIONJP_01538;MIONJP_01539;MIONJP_01540;MIONJP_01541;MIONJP_01542;MIONJP_01543;MIONJP_01544;MIONJP_01545;MIONJP_01546;MIONJP_01547;MIONJP_01548;MIONJP_01549;MIONJP_01550;MIONJP_01551;MIONJP_01552;MIONJP_01553;MIONJP_01554;MIONJP_01555;MIONJP_01556;MIONJP_01557;MIONJP_01558;MIONJP_01559;MIONJP_01560;MIONJP_01561;MIONJP_01562;MIONJP_01563;MIONJP_01564;MIONJP_01565;MIONJP_01566;MIONJP_01567;MIONJP_01568;MIONJP_01569;MIONJP_01570;MIONJP_01571;MIONJP_01572;MIONJP_01573	58	GTP_cyclohydroI;PT_FPPS_like;PTPS;QueE;Fer4_12	NA	NA
GCF_015904525.1	contig_23	antiSMASH	Terpene-precursor	NA	No	1	8211	8211	NA;PDLJHI_01554;PDLJHI_01555;PDLJHI_01556;PDLJHI_01557;PDLJHI_01558;PDLJHI_01559;PDLJHI_01560;PDLJHI_01561;PDLJHI_01562;PDLJHI_01563;PDLJHI_01564;PDLJHI_01565	12	GTP_cyclohydroI;PT_FPPS_like;PTPS;QueE;Fer4_12	NA	NA
GCF_011175325.1	contig_18	deepBGC		0.5275	NA	43272	44013	741	gnl|Bakta|MPIMAO_01257	1	PF01209;PF13489;PF13847;PF08241;PF08242;PF13649	NA	NA
GCF_011175325.1	contig_2	deepBGC		0.52645	NA	850	3177	2327	gnl|Bakta|MPIMAO_00528;gnl|Bakta|MPIMAO_00529;gnl|Bakta|MPIMAO_00530	3	PF15919;PF07927;PF02784	NA	NA
GCF_011175325.1	contig_2	deepBGC	Other	0.57204	NA	4810	9896	5086	gnl|Bakta|MPIMAO_00533;gnl|Bakta|MPIMAO_00534;gnl|Bakta|MPIMAO_00535;gnl|Bakta|MPIMAO_00536	4	PF08003;PF13489;PF13847;PF08241;PF08242;PF13649;PF01588;PF09334;PF01406;PF00133;PF02353;PF08003;PF13489;PF06325;PF01209;PF01135;PF05175;PF01596;PF13679;PF12847;PF13847;PF04816;PF08241;PF08242;PF13649	NA	NA
GCF_011175325.1	contig_20	deepBGC		0.61689	NA	19931	22578	2647	gnl|Bakta|MPIMAO_01435;gnl|Bakta|MPIMAO_01436;gnl|Bakta|MPIMAO_01437;gnl|Bakta|MPIMAO_01438;gnl|Bakta|MPIMAO_01439	5	PF07173;PF02668;PF02668;PF02661;PF14748;PF03807	NA	NA
GCF_011175325.1	contig_8	deepBGC		0.77801	NA	1	19296	19295	gnl|Bakta|MPIMAO_00759;gnl|Bakta|MPIMAO_00760;gnl|Bakta|MPIMAO_00761;gnl|Bakta|MPIMAO_00762;gnl|Bakta|MPIMAO_00763;gnl|Bakta|MPIMAO_00764;gnl|Bakta|MPIMAO_00765;gnl|Bakta|MPIMAO_00766;gnl|Bakta|MPIMAO_00767;gnl|Bakta|MPIMAO_00768;gnl|Bakta|MPIMAO_00769;gnl|Bakta|MPIMAO_00772;gnl|Bakta|MPIMAO_00773;gnl|Bakta|MPIMAO_00774;gnl|Bakta|MPIMAO_00775;gnl|Bakta|MPIMAO_00776;gnl|Bakta|MPIMAO_00778	17	PF01501;PF01501;PF00107;PF03446;PF02826;PF01262;PF08240;PF02685;PF01182;PF02781;PF00479;PF00920;PF01081;PF07719;PF08238;PF13561;PF00106;PF08659;PF01370;PF04321;PF16363;PF01370;PF02719;PF08659;PF00106;PF01073;PF07993;PF13460;PF01416;PF03739;PF01135;PF13847;PF13489;PF13649;PF00398;PF00268;PF01041;PF00266	NA	NA
GCF_011175325.1	contig_8	deepBGC		0.6337	NA	21538	23907	2369	gnl|Bakta|MPIMAO_00782;gnl|Bakta|MPIMAO_00783;gnl|Bakta|MPIMAO_00784	3	PF05050;PF02785;PF15632;PF02786;PF08443;PF02655;PF02222;PF07478;PF14397;PF13549;PF00289	NA	NA
GCF_040821295.1	contig_23	antiSMASH	Terpene-precursor	NA	No	1	19009	19009	NA;NKAHPI_00809;NKAHPI_00811;NKAHPI_00812;NKAHPI_00813;NKAHPI_00814;NKAHPI_00815;NKAHPI_00816;NKAHPI_00817;NKAHPI_00818;NKAHPI_00819;NKAHPI_00820;NKAHPI_00821;NKAHPI_00822;NKAHPI_00823;NKAHPI_00824;NKAHPI_00825;NKAHPI_00826;NKAHPI_00827;NKAHPI_00828;NKAHPI_00829;NKAHPI_00830;NKAHPI_00831;NKAHPI_00832;NKAHPI_00833	24	DAO;QueE;Fer4_12;PTPS;PT_FPPS_like;GTP_cyclohydroI	NA	NA
GCF_015904765.1	contig_20	deepBGC	RiPP	0.80475	NA	1191	11231	10040	gnl|Bakta|BGMAAJ_01550;gnl|Bakta|BGMAAJ_01551;gnl|Bakta|BGMAAJ_01552;gnl|Bakta|BGMAAJ_01553;gnl|Bakta|BGMAAJ_01554;gnl|Bakta|BGMAAJ_01555;gnl|Bakta|BGMAAJ_01556;gnl|Bakta|BGMAAJ_01557;gnl|Bakta|BGMAAJ_01558;gnl|Bakta|BGMAAJ_01559;gnl|Bakta|BGMAAJ_01560;gnl|Bakta|BGMAAJ_01561	12	PF00881;PF02624;PF02624;PF15738;PF05016;PF05713;PF00899;PF07690;PF05977;PF02661	NA	NA
GCA_024409265.1	contig_18	deepBGC		0.63325	NA	23061	23595	534	gnl|Bakta|OKGBHI_00478	1	PF05050	NA	NA
GCA_024409265.1	contig_18	deepBGC		0.71639	NA	28439	39658	11219	gnl|Bakta|OKGBHI_00485;gnl|Bakta|OKGBHI_00486;gnl|Bakta|OKGBHI_00487;gnl|Bakta|OKGBHI_00488;gnl|Bakta|OKGBHI_00491;gnl|Bakta|OKGBHI_00492;gnl|Bakta|OKGBHI_00493;gnl|Bakta|OKGBHI_00494;gnl|Bakta|OKGBHI_00495;gnl|Bakta|OKGBHI_00496	10	PF01135;PF00398;PF13847;PF13649;PF03739;PF01416;PF16363;PF01370;PF07993;PF04321;PF02719;PF01073;PF13460;PF08659;PF00106;PF08659;PF13561;PF08238;PF07719;PF01081;PF00920;PF00479;PF02781	NA	NA
GCA_024409265.1	contig_18	deepBGC	NRP	0.5951	NA	40338	43740	3402	gnl|Bakta|OKGBHI_00498;gnl|Bakta|OKGBHI_00499;gnl|Bakta|OKGBHI_00500	3	PF02685;PF08240;PF02826;PF01262;PF03446;PF00107;PF01501	NA	NA
GCA_024409265.1	contig_20	deepBGC		0.53019	NA	8999	9915	916	gnl|Bakta|OKGBHI_00522;gnl|Bakta|OKGBHI_00523	2	PF04224;PF10034;PF16777	NA	NA
GCA_024409265.1	contig_20	deepBGC	Polyketide	0.5809	NA	11696	14247	2551	gnl|Bakta|OKGBHI_00526;gnl|Bakta|OKGBHI_00527;gnl|Bakta|OKGBHI_00528;gnl|Bakta|OKGBHI_00529	4	PF00106;PF08659;PF13561;PF00550;PF14573;PF16320;PF10501;PF00109;PF02801	NA	NA
GCA_024409265.1	contig_38	deepBGC	Saccharide	0.74586	NA	24584	33152	8568	gnl|Bakta|OKGBHI_00962;gnl|Bakta|OKGBHI_00963;gnl|Bakta|OKGBHI_00964;gnl|Bakta|OKGBHI_00965;gnl|Bakta|OKGBHI_00966;gnl|Bakta|OKGBHI_00967;gnl|Bakta|OKGBHI_00968	7	PF02353;PF08003;PF13489;PF01596;PF13847;PF01209;PF08241;PF08242;PF13649;PF05175;PF12847;PF06325;PF01135;PF13679;PF08123;PF01555;PF00133;PF09334;PF01406;PF01588;PF08003;PF13489;PF13649;PF08241;PF08242;PF13847;PF03061;PF13439;PF13579;PF00534;PF13692;PF02784	NA	NA
GCA_024409265.1	contig_62	deepBGC		0.52604	NA	4261	4871	610	gnl|Bakta|OKGBHI_01331;gnl|Bakta|OKGBHI_01332	2	PF00484;PF00484	NA	NA
GCA_024409265.1	contig_68	deepBGC	Terpene	0.60846	NA	1	2667	2666	gnl|Bakta|OKGBHI_01408;gnl|Bakta|OKGBHI_01409;gnl|Bakta|OKGBHI_01410	3	PF03544;PF04909;PF13088	NA	NA
GCF_040821165.1	contig_59	antiSMASH	Terpene-precursor	NA	No	1	11489	11489	NA;GPDKGL_00907;GPDKGL_00908;GPDKGL_00909;GPDKGL_00910;GPDKGL_00911;GPDKGL_00912;GPDKGL_00913;GPDKGL_00914;GPDKGL_00915;GPDKGL_00916;GPDKGL_00917;GPDKGL_00918;GPDKGL_00919;GPDKGL_00920;GPDKGL_00921	15	GTP_cyclohydroI;PT_FPPS_like;PTPS;QueE;Fer4_12	NA	NA
GCF_037861775	contig_8	GECCO	Unknown	0.9946194703060144	NA	1743	5145	3402	contig_8_3;contig_8_4;contig_8_5;contig_8_6;contig_8_7	5	PF01041;PF06306;PF06306	NA	IPR000653;IPR010446;IPR010446
GCF_011140745.1	contig_3	antiSMASH	Terpene-precursor	NA	No	1	63208	63208	NA;HHKKPM_00017;HHKKPM_00018;HHKKPM_00019;HHKKPM_00020;HHKKPM_00021;HHKKPM_00022;HHKKPM_00023;HHKKPM_00024;HHKKPM_00025;HHKKPM_00026;HHKKPM_00027;HHKKPM_00028;HHKKPM_00029;HHKKPM_00030;HHKKPM_00031;HHKKPM_00032;HHKKPM_00033;HHKKPM_00034;HHKKPM_00035;HHKKPM_00036;HHKKPM_00041;HHKKPM_00042;HHKKPM_00043;HHKKPM_00044;HHKKPM_00045;HHKKPM_00046;HHKKPM_00047;HHKKPM_00048;HHKKPM_00049;HHKKPM_00050;HHKKPM_00051;HHKKPM_00052;HHKKPM_00053;HHKKPM_00054;HHKKPM_00055;HHKKPM_00056;HHKKPM_00057;HHKKPM_00058;HHKKPM_00059;HHKKPM_00060;HHKKPM_00061;HHKKPM_00062;HHKKPM_00063;HHKKPM_00064;HHKKPM_00065;HHKKPM_00066;HHKKPM_00067;HHKKPM_00068;HHKKPM_00069;HHKKPM_00070;HHKKPM_00071;HHKKPM_00072;HHKKPM_00073;HHKKPM_00074;HHKKPM_00075	55	GTP_cyclohydroI;PT_FPPS_like;PTPS;QueE;Fer4_12	NA	NA
GCA_040857645.1	contig_7	deepBGC		0.74901	NA	37667	46248	8581	gnl|Bakta|BELGKN_00343;gnl|Bakta|BELGKN_00344;gnl|Bakta|BELGKN_00345;gnl|Bakta|BELGKN_00346;gnl|Bakta|BELGKN_00347;gnl|Bakta|BELGKN_00348;gnl|Bakta|BELGKN_00349	7	PF02353;PF08003;PF13489;PF01596;PF13847;PF01209;PF08241;PF08242;PF13649;PF05175;PF12847;PF06325;PF01135;PF13679;PF08123;PF01555;PF00133;PF09334;PF01406;PF01588;PF08003;PF13489;PF13649;PF08241;PF08242;PF13847;PF03061;PF13439;PF00534;PF13692;PF02784	NA	NA
GCA_040857645.1	contig_8	deepBGC	RiPP	0.5804	NA	16594	17224	630	gnl|Bakta|BELGKN_00371	1	PF01135;PF00398;PF13847;PF13649	NA	NA
GCA_040857645.1	contig_8	deepBGC	Polyketide	0.54162	NA	22406	23159	753	gnl|Bakta|BELGKN_00378	1	PF00106;PF08659;PF01370;PF13561	NA	NA
GCF_037862275.1	contig_21	antiSMASH	Terpene-precursor	NA	No	1	19968	19968	NA;DJPOBH_01365;DJPOBH_01366;DJPOBH_01367;DJPOBH_01368;DJPOBH_01369;DJPOBH_01370;DJPOBH_01371;DJPOBH_01372;DJPOBH_01373;DJPOBH_01374;DJPOBH_01375;DJPOBH_01376;DJPOBH_01377;DJPOBH_01378;DJPOBH_01379;DJPOBH_01380;DJPOBH_01381;DJPOBH_01382;DJPOBH_01383;DJPOBH_01384;DJPOBH_01385	21	QueE;Fer4_12;PTPS;PT_FPPS_like;GTP_cyclohydroI	NA	NA
GCF_030062645.1	contig_1	deepBGC		0.54334	NA	573501	574698	1197	gnl|Bakta|MBDHOB_00567;gnl|Bakta|MBDHOB_00568	2	PF01209;PF13489;PF13847;PF08241;PF08242;PF13649;PF03653;PF05425	NA	NA
GCA_024412805.1	contig_3	deepBGC		0.50858	NA	3654	3954	300	gnl|Bakta|FLGJAB_00395	1	PF07883	NA	NA
GCA_024412805.1	contig_9	deepBGC	Polyketide	0.72011	NA	2	8161	8159	gnl|Bakta|FLGJAB_00538;gnl|Bakta|FLGJAB_00539;gnl|Bakta|FLGJAB_00540;gnl|Bakta|FLGJAB_00541;gnl|Bakta|FLGJAB_00542;gnl|Bakta|FLGJAB_00543;gnl|Bakta|FLGJAB_00546	7	PF00479;PF00920;PF01081;PF07719;PF00515;PF08238;PF13561;PF00106;PF01370;PF08659;PF04321;PF16363;PF01370;PF02719;PF00106;PF08659;PF01073;PF07993;PF13460	NA	NA
GCA_024412805.1	contig_9	deepBGC		0.69696	NA	9931	13034	3103	gnl|Bakta|FLGJAB_00549;gnl|Bakta|FLGJAB_00550;gnl|Bakta|FLGJAB_00552	3	PF01135;PF13847;PF13649;PF00398;PF00268;PF01041;PF00266	NA	NA
GCF_037861715.1	contig_28	antiSMASH	Terpene-precursor	NA	No	1	7892	7892	NA;ALJIAL_01556;ALJIAL_01557;ALJIAL_01558;ALJIAL_01559;ALJIAL_01560;ALJIAL_01561;ALJIAL_01562;ALJIAL_01563;ALJIAL_01564;ALJIAL_01565;ALJIAL_01566	11	QueE;Fer4_12;PTPS;PT_FPPS_like;GTP_cyclohydroI	NA	NA
GCF_001997965.1	contig_25	antiSMASH	Terpene-precursor	NA	No	1	7969	7969	NA;KJMGBN_00953;KJMGBN_00954;KJMGBN_00955;KJMGBN_00956;KJMGBN_00957;KJMGBN_00958;KJMGBN_00959;KJMGBN_00960;KJMGBN_00961;KJMGBN_00962;KJMGBN_00963	11	QueE;Fer4_12;PTPS;PT_FPPS_like;GTP_cyclohydroI	NA	NA
GCF_003639985.1	contig_18	antiSMASH	Terpene-precursor	NA	No	1	59944	59944	NA;ILHKMK_01329;ILHKMK_01330;ILHKMK_01331;ILHKMK_01332;ILHKMK_01333;ILHKMK_01334;ILHKMK_01335;ILHKMK_01336;ILHKMK_01337;ILHKMK_01338;ILHKMK_01339;ILHKMK_01340;ILHKMK_01341;ILHKMK_01342;ILHKMK_01343;ILHKMK_01344;ILHKMK_01345;ILHKMK_01346;ILHKMK_01347;ILHKMK_01348;ILHKMK_01349;ILHKMK_01354;ILHKMK_01355;ILHKMK_01356;ILHKMK_01357;ILHKMK_01358;ILHKMK_01359;ILHKMK_01360;ILHKMK_01361;ILHKMK_01362;ILHKMK_01363;ILHKMK_01364;ILHKMK_01365;ILHKMK_01366;ILHKMK_01367;ILHKMK_01368;ILHKMK_01369;ILHKMK_01370;ILHKMK_01371;ILHKMK_01372;ILHKMK_01373;ILHKMK_01374;ILHKMK_01375;ILHKMK_01376;ILHKMK_01377;ILHKMK_01378;ILHKMK_01379;ILHKMK_01380;ILHKMK_01381;ILHKMK_01382;ILHKMK_01383;ILHKMK_01384;ILHKMK_01385;ILHKMK_01386;ILHKMK_01387;ILHKMK_01388;ILHKMK_01389;ILHKMK_01390;ILHKMK_01391;ILHKMK_01392	60	GTP_cyclohydroI;PT_FPPS_like;PTPS;QueE;Fer4_12	NA	NA
GCF_011175235.1	contig_15	antiSMASH	Terpene-precursor	NA	No	1	112326	112326	NA;FFPDKJ_01215;FFPDKJ_01216;FFPDKJ_01217;FFPDKJ_01218;FFPDKJ_01219;FFPDKJ_01220;FFPDKJ_01221;FFPDKJ_01222;FFPDKJ_01223;FFPDKJ_01224;FFPDKJ_01225;FFPDKJ_01226;FFPDKJ_01227;FFPDKJ_01228;FFPDKJ_01229;FFPDKJ_01230;FFPDKJ_01231;FFPDKJ_01232;FFPDKJ_01233;FFPDKJ_01234;FFPDKJ_01235;FFPDKJ_01236;FFPDKJ_01237;FFPDKJ_01238;FFPDKJ_01239;FFPDKJ_01240;FFPDKJ_01241;FFPDKJ_01242;FFPDKJ_01243;FFPDKJ_01244;FFPDKJ_01245;FFPDKJ_01246;FFPDKJ_01251;FFPDKJ_01252;FFPDKJ_01253;FFPDKJ_01254;FFPDKJ_01255;FFPDKJ_01256;FFPDKJ_01257;FFPDKJ_01258;FFPDKJ_01259;FFPDKJ_01260;FFPDKJ_01261;FFPDKJ_01264;FFPDKJ_01265;FFPDKJ_01266;FFPDKJ_01267;FFPDKJ_01268;FFPDKJ_01269;FFPDKJ_01270;FFPDKJ_01271;FFPDKJ_01272;FFPDKJ_01273;FFPDKJ_01274;FFPDKJ_01275;FFPDKJ_01276;FFPDKJ_01277;FFPDKJ_01278;FFPDKJ_01279;FFPDKJ_01280;FFPDKJ_01281;FFPDKJ_01282;FFPDKJ_01283;FFPDKJ_01284;FFPDKJ_01285;FFPDKJ_01286;FFPDKJ_01287;FFPDKJ_01288;FFPDKJ_01289;FFPDKJ_01290;FFPDKJ_01291;FFPDKJ_01292;FFPDKJ_01293;FFPDKJ_01294;FFPDKJ_01295;FFPDKJ_01296;FFPDKJ_01297;FFPDKJ_01298;FFPDKJ_01299;FFPDKJ_01300;FFPDKJ_01305;FFPDKJ_01306;FFPDKJ_01307;FFPDKJ_01308;FFPDKJ_01309;FFPDKJ_01310;FFPDKJ_01311;FFPDKJ_01312;FFPDKJ_01313;FFPDKJ_01314;FFPDKJ_01315;FFPDKJ_01316;FFPDKJ_01317;FFPDKJ_01318;FFPDKJ_01319;FFPDKJ_01320;FFPDKJ_01321;FFPDKJ_01322;FFPDKJ_01323;FFPDKJ_01324;FFPDKJ_01325;FFPDKJ_01326;FFPDKJ_01327	103	QueE;Fer4_12;PTPS;PT_FPPS_like;GTP_cyclohydroI	NA	NA
GCA_024412995.1	contig_25	antiSMASH	Terpene-precursor	NA	No	1	8114	8114	NA;MMIAFI_01180;MMIAFI_01181;MMIAFI_01182;MMIAFI_01183;MMIAFI_01184;MMIAFI_01185;MMIAFI_01186;MMIAFI_01187;MMIAFI_01188;MMIAFI_01189;MMIAFI_01190;MMIAFI_01191	12	Fer4_12;QueE;PTPS;PT_FPPS_like;GTP_cyclohydroI	NA	NA
GCF_014496885.1	contig_11	deepBGC		0.61313	NA	104351	107840	3489	gnl|Bakta|FJFCJI_01305;gnl|Bakta|FJFCJI_01306;gnl|Bakta|FJFCJI_01307	3	PF11697;PF08541;PF08545;PF00195;PF00108;PF07451	NA	NA
GCF_014496885.1	contig_14	deepBGC		0.52357	NA	9843	10629	786	gnl|Bakta|FJFCJI_01442	1	PF08003;PF13489;PF13847;PF08241;PF08242;PF13649	NA	NA
GCA_024407315.1	contig_3	antiSMASH	Terpene-precursor	NA	No	1	62985	62985	NA;NEAPKL_00367;NEAPKL_00368;NEAPKL_00369;NEAPKL_00370;NEAPKL_00371;NEAPKL_00372;NEAPKL_00373;NEAPKL_00374;NEAPKL_00375;NEAPKL_00376;NEAPKL_00377;NEAPKL_00378;NEAPKL_00379;NEAPKL_00380;NEAPKL_00381;NEAPKL_00382;NEAPKL_00383;NEAPKL_00384;NEAPKL_00385;NEAPKL_00386;NEAPKL_00387;NEAPKL_00388;NEAPKL_00389;NEAPKL_00390;NEAPKL_00391;NEAPKL_00392;NEAPKL_00393;NEAPKL_00394;NEAPKL_00395;NEAPKL_00396;NEAPKL_00397;NEAPKL_00398;NEAPKL_00399;NEAPKL_00400;NEAPKL_00401;NEAPKL_00402;NEAPKL_00403;NEAPKL_00404;NEAPKL_00409;NEAPKL_00410;NEAPKL_00411;NEAPKL_00412;NEAPKL_00413;NEAPKL_00414;NEAPKL_00415;NEAPKL_00416;NEAPKL_00417;NEAPKL_00418;NEAPKL_00419;NEAPKL_00420;NEAPKL_00421;NEAPKL_00422;NEAPKL_00423;NEAPKL_00424;NEAPKL_00425;NEAPKL_00426;NEAPKL_00427;NEAPKL_00428;NEAPKL_00429	59	QueE;Fer4_12;PTPS;PT_FPPS_like;GTP_cyclohydroI	NA	NA
GCA_024412995.1	contig_27	deepBGC		0.58086	NA	2	2048	2046	gnl|Bakta|MMIAFI_01200;gnl|Bakta|MMIAFI_01201;gnl|Bakta|MMIAFI_01202	3	PF13651;PF01501;PF01501	NA	NA
GCF_015904815	contig_3	GECCO	Unknown	0.9947023391845362	NA	23719	27413	3694	contig_3_22;contig_3_23;contig_3_24;contig_3_25;contig_3_26	5	PF01041;PF06306;PF06306	NA	IPR010446;IPR010446;IPR000653
GCF_011175195.1	contig_21	deepBGC	RiPP	0.64773	NA	2019	5333	3314	gnl|Bakta|PIJINL_00931;gnl|Bakta|PIJINL_00932	2	PF13575;PF01636;PF13175;PF00005;PF02463;PF13304	NA	NA
GCF_011175195.1	contig_24	deepBGC	Polyketide	0.60313	NA	441	3193	2752	gnl|Bakta|PIJINL_01086;gnl|Bakta|PIJINL_01087;gnl|Bakta|PIJINL_01088	3	PF01361;PF14552;PF13454;PF07690;PF06779	NA	NA
GCF_011175195.1	contig_8	deepBGC		0.53033	NA	20807	21437	630	gnl|Bakta|PIJINL_00499	1	PF01135;PF00398;PF13489;PF13847;PF13649	NA	NA
GCF_011175195.1	contig_8	deepBGC	Polyketide	0.54846	NA	23207	27263	4056	gnl|Bakta|PIJINL_00502;gnl|Bakta|PIJINL_00505;gnl|Bakta|PIJINL_00506	3	PF16363;PF01370;PF07993;PF04321;PF02719;PF01073;PF08659;PF00106;PF01370;PF08659;PF13561	NA	NA
GCF_011175195.1	contig_8	deepBGC		0.50668	NA	35126	35924	798	gnl|Bakta|PIJINL_00514	1	PF01501	NA	NA
GCA_024413815.1	contig_7	antiSMASH	Terpene-precursor	NA	No	1	9026	9026	NA;PIMGKD_00577;PIMGKD_00578;PIMGKD_00579;PIMGKD_00580;PIMGKD_00581;PIMGKD_00582;PIMGKD_00583;PIMGKD_00584;PIMGKD_00585;PIMGKD_00586;PIMGKD_00587	11	GTP_cyclohydroI;PT_FPPS_like;PTPS;QueE;Fer4_12	NA	NA
GCA_040861285.1	contig_12	deepBGC		0.56194	NA	33323	34596	1273	gnl|Bakta|HFGJCC_01414;gnl|Bakta|HFGJCC_01415;gnl|Bakta|HFGJCC_01416	3	PF07883;PF02492	NA	NA
GCA_040861285.1	contig_12	deepBGC		0.52153	NA	36852	38328	1476	gnl|Bakta|HFGJCC_01421	1	PF08885	NA	NA
GCA_040861285.1	contig_5	deepBGC		0.5009	NA	64557	65091	534	gnl|Bakta|HFGJCC_00987	1	PF05050	NA	NA
GCA_040861285.1	contig_5	deepBGC	RiPP	0.599	NA	69942	70572	630	gnl|Bakta|HFGJCC_00995	1	PF01135;PF00398;PF13847;PF13649	NA	NA
GCA_040861285.1	contig_5	deepBGC		0.54499	NA	75465	76218	753	gnl|Bakta|HFGJCC_01002	1	PF00106;PF08659;PF13561	NA	NA
GCF_011174985.1	contig_11	antiSMASH	Azole-containing-RiPP	NA	No	1	12019	12019	NA;EPIALL_00595;EPIALL_00596;EPIALL_00597;EPIALL_00598;EPIALL_00599;EPIALL_00600;EPIALL_00601;EPIALL_00602;EPIALL_00603;EPIALL_00604;EPIALL_00605;EPIALL_00606;EPIALL_00607;EPIALL_00608;EPIALL_00609;EPIALL_00610	16	PF00881;YcaO;YcaO	NA	NA
GCF_011174985.1	contig_20	antiSMASH	Terpene-precursor	NA	No	1	56921	56921	NA;EPIALL_01505;EPIALL_01506;EPIALL_01507;EPIALL_01508;EPIALL_01509;EPIALL_01510;EPIALL_01511;EPIALL_01512;EPIALL_01513;EPIALL_01514;EPIALL_01515;EPIALL_01516;EPIALL_01517;EPIALL_01518;EPIALL_01519;EPIALL_01520;EPIALL_01521;EPIALL_01522;EPIALL_01523;EPIALL_01524;EPIALL_01525;EPIALL_01526;EPIALL_01527;EPIALL_01528;EPIALL_01529;EPIALL_01530;EPIALL_01531;EPIALL_01532;EPIALL_01533;EPIALL_01534;EPIALL_01535;EPIALL_01536;EPIALL_01537;EPIALL_01538;EPIALL_01539;EPIALL_01540;EPIALL_01541;EPIALL_01542;EPIALL_01547;EPIALL_01548;EPIALL_01549;EPIALL_01550;EPIALL_01551;EPIALL_01552;EPIALL_01553;EPIALL_01554;EPIALL_01555;EPIALL_01556;EPIALL_01557;EPIALL_01558;EPIALL_01559;EPIALL_01560;EPIALL_01561;EPIALL_01562;EPIALL_01563;EPIALL_01564;EPIALL_01565;EPIALL_01566;EPIALL_01567	59	Peptidase_M50;QueE;Fer4_12;PTPS;PT_FPPS_like;GTP_cyclohydroI	NA	NA
GCF_011140755.1	contig_4	deepBGC		0.61975	NA	5602	6388	786	gnl|Bakta|HIDNGA_00312	1	PF08003;PF13489;PF13847;PF08241;PF08242;PF13649	NA	NA
GCF_014496775	contig_1	GECCO	Unknown	0.994746420670773	NA	95094	98287	3193	contig_1_100;contig_1_96;contig_1_97;contig_1_98;contig_1_99	5	PF01041;PF06306;PF06306	NA	IPR010446;IPR010446;IPR000653
GCA_040861365.1	contig_13	deepBGC		0.72109	NA	37686	46745	9059	gnl|Bakta|KDCMAE_01433;gnl|Bakta|KDCMAE_01434;gnl|Bakta|KDCMAE_01435;gnl|Bakta|KDCMAE_01436;gnl|Bakta|KDCMAE_01437;gnl|Bakta|KDCMAE_01438;gnl|Bakta|KDCMAE_01439;gnl|Bakta|KDCMAE_01440;gnl|Bakta|KDCMAE_01441	9	PF02353;PF08003;PF13489;PF01596;PF13847;PF01209;PF08241;PF08242;PF13649;PF05175;PF12847;PF06325;PF01135;PF13679;PF08123;PF01555;PF00133;PF09334;PF01406;PF01588;PF08003;PF13489;PF13649;PF08241;PF08242;PF13847;PF03061;PF13439;PF00534;PF13692;PF02784;PF07927;PF15919	NA	NA
GCA_040862445.1	contig_5	deepBGC	Saccharide	0.70755	NA	110772	119830	9058	gnl|Bakta|MECPMK_00780;gnl|Bakta|MECPMK_00781;gnl|Bakta|MECPMK_00782;gnl|Bakta|MECPMK_00783;gnl|Bakta|MECPMK_00784;gnl|Bakta|MECPMK_00785;gnl|Bakta|MECPMK_00786;gnl|Bakta|MECPMK_00787;gnl|Bakta|MECPMK_00788	9	PF02353;PF08003;PF13489;PF01596;PF13847;PF01209;PF08241;PF08242;PF13649;PF05175;PF12847;PF06325;PF01135;PF13679;PF08123;PF01555;PF09334;PF00133;PF01406;PF01588;PF08003;PF13489;PF13649;PF08241;PF08242;PF13847;PF03061;PF13439;PF13579;PF00534;PF13692;PF02784;PF07927;PF15919	NA	NA
GCA_024412695.1	contig_4	antiSMASH	Terpene-precursor	NA	No	1	60685	60685	NA;DGNPOM_00442;DGNPOM_00443;DGNPOM_00444;DGNPOM_00445;DGNPOM_00446;DGNPOM_00447;DGNPOM_00448;DGNPOM_00449;DGNPOM_00450;DGNPOM_00451;DGNPOM_00452;DGNPOM_00453;DGNPOM_00454;DGNPOM_00455;DGNPOM_00456;DGNPOM_00457;DGNPOM_00458;DGNPOM_00459;DGNPOM_00460;DGNPOM_00461;DGNPOM_00462;DGNPOM_00463;DGNPOM_00464;DGNPOM_00465;DGNPOM_00466;DGNPOM_00467;DGNPOM_00468;DGNPOM_00469;DGNPOM_00470;DGNPOM_00471;DGNPOM_00472;DGNPOM_00473;DGNPOM_00474;DGNPOM_00475;DGNPOM_00476;DGNPOM_00477;DGNPOM_00478;DGNPOM_00479;DGNPOM_00480;DGNPOM_00481;DGNPOM_00486;DGNPOM_00487;DGNPOM_00488;DGNPOM_00489;DGNPOM_00490;DGNPOM_00491;DGNPOM_00492;DGNPOM_00493;DGNPOM_00494;DGNPOM_00495;DGNPOM_00496;DGNPOM_00497;DGNPOM_00498;DGNPOM_00499;DGNPOM_00500;DGNPOM_00501;DGNPOM_00502;DGNPOM_00503;DGNPOM_00504;DGNPOM_00505;DGNPOM_00506;DGNPOM_00507	62	QueE;Fer4_12;PTPS;PT_FPPS_like;GTP_cyclohydroI	NA	NA
GCF_011175195.1	contig_18	antiSMASH	Terpene-precursor	NA	No	1	19885	19885	NA;PIJINL_00880;PIJINL_00881;PIJINL_00882;PIJINL_00883;PIJINL_00884;PIJINL_00885;PIJINL_00886;PIJINL_00887;PIJINL_00888;PIJINL_00889;PIJINL_00890;PIJINL_00891;PIJINL_00892;PIJINL_00893;PIJINL_00894;PIJINL_00895;PIJINL_00896;PIJINL_00897;PIJINL_00898;PIJINL_00899;PIJINL_00900;PIJINL_00901;PIJINL_00902;PIJINL_00903	24	GTP_cyclohydroI;PT_FPPS_like;PTPS;QueE;Fer4_12	NA	NA
GCF_037862475.1	contig_8	antiSMASH	Terpene-precursor	NA	No	1	70140	70140	NA;ILFBCI_01058;ILFBCI_01059;ILFBCI_01060;ILFBCI_01061;ILFBCI_01062;ILFBCI_01063;ILFBCI_01064;ILFBCI_01065;ILFBCI_01066;ILFBCI_01067;ILFBCI_01068;ILFBCI_01069;ILFBCI_01070;ILFBCI_01071;ILFBCI_01072;ILFBCI_01073;ILFBCI_01074;ILFBCI_01075;ILFBCI_01076;ILFBCI_01077;ILFBCI_01078;ILFBCI_01079;ILFBCI_01080;ILFBCI_01081;ILFBCI_01082;ILFBCI_01083;ILFBCI_01084;ILFBCI_01085;ILFBCI_01086;ILFBCI_01087;ILFBCI_01088;ILFBCI_01089;ILFBCI_01090;ILFBCI_01091;ILFBCI_01092;ILFBCI_01093;ILFBCI_01094;ILFBCI_01095;ILFBCI_01096;ILFBCI_01097;ILFBCI_01098;ILFBCI_01099;ILFBCI_01100;ILFBCI_01101;ILFBCI_01102;ILFBCI_01103;ILFBCI_01104;ILFBCI_01105;ILFBCI_01110;ILFBCI_01111;ILFBCI_01112;ILFBCI_01113;ILFBCI_01114;ILFBCI_01115;ILFBCI_01116;ILFBCI_01117;ILFBCI_01118;ILFBCI_01119;ILFBCI_01120;ILFBCI_01121;ILFBCI_01122;ILFBCI_01123;ILFBCI_01124;ILFBCI_01125;ILFBCI_01126;ILFBCI_01127;ILFBCI_01128;ILFBCI_01129;ILFBCI_01130	69	QueE;Fer4_12;PTPS;PT_FPPS_like;GTP_cyclohydroI	NA	NA
GCA_040861685.1	contig_11	antiSMASH	Terpene-precursor	NA	No	1	61437	61437	NA;IJEJNF_01339;IJEJNF_01340;IJEJNF_01341;IJEJNF_01342;IJEJNF_01343;IJEJNF_01344;IJEJNF_01345;IJEJNF_01346;IJEJNF_01347;IJEJNF_01348;IJEJNF_01349;IJEJNF_01350;IJEJNF_01351;IJEJNF_01352;IJEJNF_01353;IJEJNF_01354;IJEJNF_01355;IJEJNF_01356;IJEJNF_01357;IJEJNF_01358;IJEJNF_01359;IJEJNF_01360;IJEJNF_01365;IJEJNF_01366;IJEJNF_01367;IJEJNF_01368;IJEJNF_01369;IJEJNF_01370;IJEJNF_01371;IJEJNF_01372;IJEJNF_01373;IJEJNF_01374;IJEJNF_01375;IJEJNF_01376;IJEJNF_01377;IJEJNF_01378;IJEJNF_01379;IJEJNF_01380;IJEJNF_01381;IJEJNF_01382;IJEJNF_01383;IJEJNF_01384;IJEJNF_01385;IJEJNF_01386;IJEJNF_01387;IJEJNF_01388;IJEJNF_01389;IJEJNF_01390;IJEJNF_01391;IJEJNF_01392;IJEJNF_01393;IJEJNF_01394;IJEJNF_01395;IJEJNF_01396;IJEJNF_01397;IJEJNF_01398	56	GTP_cyclohydroI;PT_FPPS_like;PTPS;QueE;Fer4_12	NA	NA
GCA_024406415.1	contig_11	antiSMASH	Terpene-precursor	NA	No	1	8252	8252	NA;HIHFKK_00697;HIHFKK_00698;HIHFKK_00699;HIHFKK_00700;HIHFKK_00701;HIHFKK_00702;HIHFKK_00703;HIHFKK_00704;HIHFKK_00705;HIHFKK_00706;HIHFKK_00707;HIHFKK_00708	12	GTP_cyclohydroI;PT_FPPS_like;PTPS;QueE;Fer4_12	NA	NA
GCF_011140625.1	contig_32	deepBGC		0.51378	NA	5147	5447	300	gnl|Bakta|GABPOO_01282	1	PF07883	NA	NA
GCF_011140625.1	contig_34	deepBGC		0.81448	NA	69831	78869	9038	gnl|Bakta|GABPOO_01415;gnl|Bakta|GABPOO_01416;gnl|Bakta|GABPOO_01417;gnl|Bakta|GABPOO_01418;gnl|Bakta|GABPOO_01419;gnl|Bakta|GABPOO_01420;gnl|Bakta|GABPOO_01421;gnl|Bakta|GABPOO_01422	8	PF02353;PF08003;PF13489;PF13847;PF01209;PF08241;PF08242;PF13649;PF05175;PF12847;PF06325;PF01135;PF13679;PF08123;PF00133;PF09334;PF01406;PF01588;PF08003;PF13489;PF13649;PF08241;PF08242;PF13847;PF03061;PF13439;PF00534;PF13692;PF02784;PF15919	NA	NA
GCF_040821615.1	contig_11	deepBGC	Other	0.64192	NA	28332	33421	5089	gnl|Bakta|IMPLIL_00372;gnl|Bakta|IMPLIL_00373;gnl|Bakta|IMPLIL_00374;gnl|Bakta|IMPLIL_00375	4	PF02353;PF08003;PF13489;PF01596;PF13847;PF01209;PF08241;PF08242;PF13649;PF05175;PF12847;PF06325;PF01135;PF13679;PF08123;PF01555;PF09334;PF00133;PF01406;PF01588;PF08003;PF13489;PF13649;PF08241;PF08242;PF13847	NA	NA
GCF_040821615.1	contig_62	deepBGC		0.60154	NA	449	1442	993	gnl|Bakta|IMPLIL_01272	1	PF08541;PF08545;PF00195;PF00108;PF07451	NA	NA
GCF_040821615.1	contig_76	deepBGC	Polyketide	0.52026	NA	532	1678	1146	gnl|Bakta|IMPLIL_01416	1	PF07690;PF06779;PF00083	NA	NA
GCF_040821615.1	contig_79	deepBGC		0.50424	NA	210	1401	1191	gnl|Bakta|IMPLIL_01431	1	PF01501	NA	NA
GCF_040821615.1	contig_81	deepBGC		0.59612	NA	166	1802	1636	gnl|Bakta|IMPLIL_01437;gnl|Bakta|IMPLIL_01438	2	PF01048;PF00698	NA	NA
GCF_040821615.1	contig_81	deepBGC		0.54049	NA	3043	3508	465	gnl|Bakta|IMPLIL_01442	1	PF01531	NA	NA
GCF_008033055.1	contig_1	antiSMASH	Terpene-precursor	NA	Yes	699717	720628	20912	BEIFMH_00665;BEIFMH_00666;BEIFMH_00667;BEIFMH_00668;BEIFMH_00669;BEIFMH_00670;BEIFMH_00671;BEIFMH_00672;BEIFMH_00673;BEIFMH_00674;BEIFMH_00675;BEIFMH_00676;BEIFMH_00677;BEIFMH_00678;BEIFMH_00679;BEIFMH_00680;BEIFMH_00681	17	GTP_cyclohydroI;PT_FPPS_like;PTPS;QueE;Fer4_12	NA	NA
GCF_014496985.1	contig_14	antiSMASH	Terpene-precursor	NA	No	1	25832	25832	NA;BLKLDP_00816;BLKLDP_00817;BLKLDP_00818;BLKLDP_00819;BLKLDP_00820;BLKLDP_00821;BLKLDP_00822;BLKLDP_00823;BLKLDP_00824;BLKLDP_00825;BLKLDP_00826;BLKLDP_00827;BLKLDP_00828;BLKLDP_00829;BLKLDP_00830;BLKLDP_00831;BLKLDP_00832;BLKLDP_00833;BLKLDP_00834;BLKLDP_00835;BLKLDP_00836;BLKLDP_00837;BLKLDP_00842;BLKLDP_00843;BLKLDP_00844;BLKLDP_00845;BLKLDP_00846;BLKLDP_00847;BLKLDP_00848;BLKLDP_00849;BLKLDP_00850;BLKLDP_00851	32	GTP_cyclohydroI;PT_FPPS_like;PTPS;QueE;Fer4_12;PF00881	NA	NA
GCF_026222655.1	contig_1	antiSMASH	Terpene-precursor	NA	Yes	1213538	1234449	20912	PGNCEP_01200;PGNCEP_01201;PGNCEP_01202;PGNCEP_01203;PGNCEP_01204;PGNCEP_01205;PGNCEP_01206;PGNCEP_01207;PGNCEP_01208;PGNCEP_01209;PGNCEP_01210;PGNCEP_01211;PGNCEP_01212;PGNCEP_01213;PGNCEP_01214;PGNCEP_01215;PGNCEP_01216;PGNCEP_01217	18	QueE;Fer4_12;PTPS;PT_FPPS_like;GTP_cyclohydroI	NA	NA
GCA_024412715.1	contig_18	antiSMASH	Terpene-precursor	NA	No	1	76873	76873	NA;KDCBFJ_01532;KDCBFJ_01455;KDCBFJ_01456;KDCBFJ_01457;KDCBFJ_01458;KDCBFJ_01459;KDCBFJ_01460;KDCBFJ_01461;KDCBFJ_01462;KDCBFJ_01463;KDCBFJ_01464;KDCBFJ_01465;KDCBFJ_01466;KDCBFJ_01467;KDCBFJ_01468;KDCBFJ_01469;KDCBFJ_01470;KDCBFJ_01471;KDCBFJ_01472;KDCBFJ_01473;KDCBFJ_01474;KDCBFJ_01475;KDCBFJ_01476;KDCBFJ_01477;KDCBFJ_01478;KDCBFJ_01479;KDCBFJ_01480;KDCBFJ_01481;KDCBFJ_01482;KDCBFJ_01483;KDCBFJ_01484;KDCBFJ_01485;KDCBFJ_01486;KDCBFJ_01487;KDCBFJ_01488;KDCBFJ_01489;KDCBFJ_01490;KDCBFJ_01491;KDCBFJ_01492;KDCBFJ_01493;KDCBFJ_01494;KDCBFJ_01495;KDCBFJ_01496;KDCBFJ_01497;KDCBFJ_01498;KDCBFJ_01499;KDCBFJ_01500;KDCBFJ_01501;KDCBFJ_01502;KDCBFJ_01503;KDCBFJ_01504;KDCBFJ_01509;KDCBFJ_01510;KDCBFJ_01511;KDCBFJ_01512;KDCBFJ_01513;KDCBFJ_01514;KDCBFJ_01515;KDCBFJ_01516;KDCBFJ_01517;KDCBFJ_01518;KDCBFJ_01519;KDCBFJ_01520;KDCBFJ_01521;KDCBFJ_01522;KDCBFJ_01523;KDCBFJ_01524;KDCBFJ_01525;KDCBFJ_01526;KDCBFJ_01527;KDCBFJ_01528;KDCBFJ_01529;KDCBFJ_01530;KDCBFJ_01531	74	QueE;Fer4_12;PTPS;PT_FPPS_like;GTP_cyclohydroI	NA	NA
GCF_040821825.1	contig_15	deepBGC		0.56238	NA	25778	26774	996	gnl|Bakta|JCDOHI_00634	1	PF00108;PF00195;PF07451;PF08545;PF08541	NA	NA
GCF_040821825.1	contig_4	deepBGC	Saccharide	0.75518	NA	37572	46152	8580	gnl|Bakta|JCDOHI_00190;gnl|Bakta|JCDOHI_00191;gnl|Bakta|JCDOHI_00192;gnl|Bakta|JCDOHI_00193;gnl|Bakta|JCDOHI_00194;gnl|Bakta|JCDOHI_00195;gnl|Bakta|JCDOHI_00196	7	PF02353;PF08003;PF13489;PF01596;PF13847;PF01209;PF08241;PF08242;PF13649;PF05175;PF12847;PF06325;PF01135;PF13679;PF08123;PF01555;PF00133;PF09334;PF01406;PF01588;PF08003;PF13489;PF13649;PF08241;PF08242;PF13847;PF03061;PF13439;PF13579;PF00534;PF13692;PF02784	NA	NA
GCF_040821825.1	contig_45	deepBGC		0.58474	NA	46	1989	1943	gnl|Bakta|JCDOHI_01275;gnl|Bakta|JCDOHI_01276;gnl|Bakta|JCDOHI_01277	3	PF01066;PF13561;PF00106;PF08659	NA	NA
GCF_040821825.1	contig_5	deepBGC		0.54935	NA	34433	37355	2922	gnl|Bakta|JCDOHI_00230;gnl|Bakta|JCDOHI_00231;gnl|Bakta|JCDOHI_00232;gnl|Bakta|JCDOHI_00233	4	PF01209;PF13489;PF13847;PF08241;PF08242;PF13649;PF03653;PF05425;PF01205;PF12698;PF01061	NA	NA
GCF_040821825.1	contig_9	deepBGC		0.77785	NA	11592	36105	24513	gnl|Bakta|JCDOHI_00366;gnl|Bakta|JCDOHI_00367;gnl|Bakta|JCDOHI_00368;gnl|Bakta|JCDOHI_00369;gnl|Bakta|JCDOHI_00370;gnl|Bakta|JCDOHI_00371;gnl|Bakta|JCDOHI_00373;gnl|Bakta|JCDOHI_00374;gnl|Bakta|JCDOHI_00375;gnl|Bakta|JCDOHI_00376;gnl|Bakta|JCDOHI_00377;gnl|Bakta|JCDOHI_00380;gnl|Bakta|JCDOHI_00381;gnl|Bakta|JCDOHI_00382;gnl|Bakta|JCDOHI_00383;gnl|Bakta|JCDOHI_00384;gnl|Bakta|JCDOHI_00385;gnl|Bakta|JCDOHI_00386;gnl|Bakta|JCDOHI_00387;gnl|Bakta|JCDOHI_00388;gnl|Bakta|JCDOHI_00389;gnl|Bakta|JCDOHI_00390;gnl|Bakta|JCDOHI_00391;gnl|Bakta|JCDOHI_00392;gnl|Bakta|JCDOHI_00393	25	PF05050;PF01041;PF00266;PF00268;PF01135;PF00398;PF13489;PF13847;PF13649;PF03739;PF01416;PF16363;PF01370;PF07993;PF04321;PF02719;PF01073;PF13460;PF00106;PF08659;PF00106;PF01370;PF08659;PF13561;PF08238;PF07719;PF01081;PF00920;PF00479;PF02781;PF01182;PF02685;PF08240;PF02826;PF01262;PF03446;PF00107;PF01501;PF01501;PF01856	NA	NA
GCA_024406505.1	contig_11	deepBGC	RiPP	0.60344	NA	1	127	126	gnl|Bakta|EFOAJM_00631	1	PF13555;PF00005;PF13476;PF02463	NA	NA
GCA_024406505.1	contig_11	deepBGC	RiPP	0.62454	NA	2075	3239	1164	gnl|Bakta|EFOAJM_00634	1	PF02624	NA	NA
GCA_024406505.1	contig_21	deepBGC		0.58627	NA	40360	41571	1211	gnl|Bakta|EFOAJM_01292;gnl|Bakta|EFOAJM_01293;gnl|Bakta|EFOAJM_01294	3	PF10501;PF00550;PF14573;PF16320;PF13561;PF00106;PF08659	NA	NA
GCA_040857625.1	contig_15	antiSMASH	Terpene-precursor	NA	No	1	8635	8635	NA;IGGPFO_00732;IGGPFO_00733;IGGPFO_00734;IGGPFO_00735;IGGPFO_00736;IGGPFO_00737;IGGPFO_00738;IGGPFO_00739;IGGPFO_00740;IGGPFO_00741;IGGPFO_00742;IGGPFO_00743;IGGPFO_00744	13	GTP_cyclohydroI;PT_FPPS_like;PTPS;QueE;Fer4_12	NA	NA
GCF_040821975.1	contig_2	deepBGC		0.55667	NA	42296	43572	1276	gnl|Bakta|JMJCMI_00078;gnl|Bakta|JMJCMI_00079;gnl|Bakta|JMJCMI_00080	3	PF07883;PF02492	NA	NA
GCF_040821975.1	contig_50	deepBGC		0.53687	NA	1	511	510	gnl|Bakta|JMJCMI_01282	1	PF00920	NA	NA
GCF_040821975.1	contig_50	deepBGC	NRP	0.58649	NA	3714	5603	1889	gnl|Bakta|JMJCMI_01286;gnl|Bakta|JMJCMI_01287	2	PF08240;PF02826;PF01262;PF03446;PF00107;PF01501	NA	NA
GCF_040821975.1	contig_59	deepBGC		0.5428	NA	74	1661	1587	gnl|Bakta|JMJCMI_01390	1	PF02521	NA	NA
GCF_040821975.1	contig_63	deepBGC		0.7221	NA	37676	46725	9049	gnl|Bakta|JMJCMI_01596;gnl|Bakta|JMJCMI_01597;gnl|Bakta|JMJCMI_01598;gnl|Bakta|JMJCMI_01599;gnl|Bakta|JMJCMI_01600;gnl|Bakta|JMJCMI_01601;gnl|Bakta|JMJCMI_01602;gnl|Bakta|JMJCMI_01603;gnl|Bakta|JMJCMI_01604	9	PF02353;PF08003;PF13489;PF01596;PF13847;PF01209;PF08241;PF08242;PF13649;PF05175;PF12847;PF06325;PF01135;PF13679;PF08123;PF01555;PF00133;PF09334;PF01406;PF01588;PF08003;PF13489;PF13649;PF08241;PF08242;PF13847;PF03061;PF13439;PF00534;PF13692;PF02784;PF07927;PF15919	NA	NA
GCF_011175075.1	contig_9	antiSMASH	Terpene-precursor	NA	No	1	239544	239544	NA;DDCOPE_00800;DDCOPE_00801;DDCOPE_00802;DDCOPE_00803;DDCOPE_00804;DDCOPE_00805;DDCOPE_00806;DDCOPE_00807;DDCOPE_00808;DDCOPE_00809;DDCOPE_00810;DDCOPE_00811;DDCOPE_00812;DDCOPE_00813;DDCOPE_00814;DDCOPE_00815;DDCOPE_00816;DDCOPE_00817;DDCOPE_00818;DDCOPE_00819;DDCOPE_00820;DDCOPE_00821;DDCOPE_00822;DDCOPE_00823;DDCOPE_00824;DDCOPE_00825;DDCOPE_00826;DDCOPE_00827;DDCOPE_00829;DDCOPE_00830;DDCOPE_00831;DDCOPE_00832;DDCOPE_00833;DDCOPE_00834;DDCOPE_00835;DDCOPE_00836;DDCOPE_00837;DDCOPE_00838;DDCOPE_00839;DDCOPE_00840;DDCOPE_00841;DDCOPE_00842;DDCOPE_00843;DDCOPE_00844;DDCOPE_00845;DDCOPE_00846;DDCOPE_00847;DDCOPE_00848;DDCOPE_00849;DDCOPE_00850;DDCOPE_00851;DDCOPE_00852;DDCOPE_00853;DDCOPE_00854;DDCOPE_00855;DDCOPE_00856;DDCOPE_00857;DDCOPE_00858;DDCOPE_00859;DDCOPE_00860;DDCOPE_00861;DDCOPE_00862;DDCOPE_00863;DDCOPE_00864;DDCOPE_00865;DDCOPE_00866;DDCOPE_00867;DDCOPE_00868;DDCOPE_00869;DDCOPE_00870;DDCOPE_00871;DDCOPE_00872;DDCOPE_00873;DDCOPE_00874;DDCOPE_00875;DDCOPE_00876;DDCOPE_00877;DDCOPE_00878;DDCOPE_00879;DDCOPE_00880;DDCOPE_00881;DDCOPE_00882;DDCOPE_00884;DDCOPE_00885;DDCOPE_00886;DDCOPE_00887;DDCOPE_00888;DDCOPE_00889;DDCOPE_00890;DDCOPE_00891;DDCOPE_00892;DDCOPE_00893;DDCOPE_00894;DDCOPE_00895;DDCOPE_00896;DDCOPE_00897;DDCOPE_00898;DDCOPE_00899;DDCOPE_00900;DDCOPE_00901;DDCOPE_00902;DDCOPE_00903;DDCOPE_00904;DDCOPE_00905;DDCOPE_00906;DDCOPE_00907;DDCOPE_00908;DDCOPE_00909;DDCOPE_00910;DDCOPE_00911;DDCOPE_00912;DDCOPE_00913;DDCOPE_00914;DDCOPE_00915;DDCOPE_00916;DDCOPE_00917;DDCOPE_00918;DDCOPE_00919;DDCOPE_00920;DDCOPE_00921;DDCOPE_00922;DDCOPE_00923;DDCOPE_00924;DDCOPE_00925;DDCOPE_00926;DDCOPE_00927;DDCOPE_00928;DDCOPE_00930;DDCOPE_00931;DDCOPE_00932;DDCOPE_00933;DDCOPE_00934;DDCOPE_00935;DDCOPE_00936;DDCOPE_00937;DDCOPE_00938;DDCOPE_00939;DDCOPE_00940;DDCOPE_00941;DDCOPE_00942;DDCOPE_00943;DDCOPE_00944;DDCOPE_00945;DDCOPE_00946;DDCOPE_00947;DDCOPE_00948;DDCOPE_00949;DDCOPE_00950;DDCOPE_00951;DDCOPE_00952;DDCOPE_00953;DDCOPE_00954;DDCOPE_00955;DDCOPE_00956;DDCOPE_00957;DDCOPE_00958;DDCOPE_00959;DDCOPE_00960;DDCOPE_00961;DDCOPE_00962;DDCOPE_00963;DDCOPE_00964;DDCOPE_00965;DDCOPE_00966;DDCOPE_00967;DDCOPE_00968;DDCOPE_00969;DDCOPE_00970;DDCOPE_00971;DDCOPE_00972;DDCOPE_00973;DDCOPE_00974;DDCOPE_00975;DDCOPE_00976;DDCOPE_00977;DDCOPE_00978;DDCOPE_00979;DDCOPE_00980;DDCOPE_00981;DDCOPE_00982;DDCOPE_00983;DDCOPE_00984;DDCOPE_00985;DDCOPE_00986;DDCOPE_00987;DDCOPE_00988;DDCOPE_00989;DDCOPE_00990;DDCOPE_00991;DDCOPE_00992;DDCOPE_00993;DDCOPE_00994;DDCOPE_00995;DDCOPE_00996;DDCOPE_00997;DDCOPE_00998;DDCOPE_00999;DDCOPE_01000;DDCOPE_01001;DDCOPE_01002;DDCOPE_01003;DDCOPE_01004;DDCOPE_01006;DDCOPE_01007;DDCOPE_01008;DDCOPE_01009;DDCOPE_01010;DDCOPE_01011;DDCOPE_01012;DDCOPE_01013;DDCOPE_01014;DDCOPE_01015;DDCOPE_01016;DDCOPE_01017;DDCOPE_01018;DDCOPE_01019;DDCOPE_01020;DDCOPE_01021;DDCOPE_01022;DDCOPE_01023;DDCOPE_01024;DDCOPE_01025;DDCOPE_01026;DDCOPE_01027;DDCOPE_01028;DDCOPE_01030;DDCOPE_01031	227	QueE;Fer4_12;PTPS;PT_FPPS_like;GTP_cyclohydroI;NTP_transf_3	NA	NA
GCA_024412275.1	contig_14	antiSMASH	Terpene-precursor	NA	No	1	8113	8113	NA;EMCJHN_00850;EMCJHN_00851;EMCJHN_00852;EMCJHN_00853;EMCJHN_00854;EMCJHN_00855;EMCJHN_00856;EMCJHN_00857;EMCJHN_00858;EMCJHN_00859;EMCJHN_00860;EMCJHN_00861	12	GTP_cyclohydroI;PT_FPPS_like;PTPS;QueE;Fer4_12	NA	NA
GCA_040862485.1	contig_10	antiSMASH	Terpene-precursor	NA	No	1	59976	59976	NA;FFIKBE_01211;FFIKBE_01212;FFIKBE_01213;FFIKBE_01214;FFIKBE_01215;FFIKBE_01216;FFIKBE_01217;FFIKBE_01218;FFIKBE_01219;FFIKBE_01220;FFIKBE_01221;FFIKBE_01222;FFIKBE_01223;FFIKBE_01224;FFIKBE_01225;FFIKBE_01226;FFIKBE_01227;FFIKBE_01228;FFIKBE_01229;FFIKBE_01230;FFIKBE_01231;FFIKBE_01232;FFIKBE_01233;FFIKBE_01234;FFIKBE_01235;FFIKBE_01236;FFIKBE_01237;FFIKBE_01238;FFIKBE_01239;FFIKBE_01240;FFIKBE_01241;FFIKBE_01242;FFIKBE_01243;FFIKBE_01244;FFIKBE_01245;FFIKBE_01246;FFIKBE_01247;FFIKBE_01248;FFIKBE_01249;FFIKBE_01254;FFIKBE_01255;FFIKBE_01256;FFIKBE_01257;FFIKBE_01258;FFIKBE_01259;FFIKBE_01260;FFIKBE_01261;FFIKBE_01262;FFIKBE_01263;FFIKBE_01264;FFIKBE_01265;FFIKBE_01266;FFIKBE_01267;FFIKBE_01268;FFIKBE_01269;FFIKBE_01270;FFIKBE_01271;FFIKBE_01272;FFIKBE_01273;FFIKBE_01274;FFIKBE_01275;FFIKBE_01276;FFIKBE_01277	63	QueE;Fer4_12;PTPS;PT_FPPS_like;GTP_cyclohydroI	NA	NA
GCF_040820935.1	contig_45	antiSMASH	Terpene-precursor	NA	No	1	11864	11864	NA;FADPHH_01115;FADPHH_01116;FADPHH_01117;FADPHH_01118;FADPHH_01119;FADPHH_01120;FADPHH_01121;FADPHH_01122;FADPHH_01123;FADPHH_01124;FADPHH_01125;FADPHH_01126;FADPHH_01127;FADPHH_01128	14	GTP_cyclohydroI;PT_FPPS_like;PTPS;QueE;Fer4_12	NA	NA
GCA_024411875.1	contig_1	antiSMASH	Terpene-precursor	NA	No	1	35760	35760	COLCGD_00001;COLCGD_00002;COLCGD_00003;COLCGD_00004;COLCGD_00005;COLCGD_00006;COLCGD_00007;COLCGD_00008;COLCGD_00009;COLCGD_00010;COLCGD_00011;COLCGD_00012;COLCGD_00013;COLCGD_00014;COLCGD_00015;COLCGD_00016;COLCGD_00017;COLCGD_00018;COLCGD_00019;COLCGD_00020;COLCGD_00021;COLCGD_00022;COLCGD_00023;COLCGD_00028;COLCGD_00029;COLCGD_00030;COLCGD_00031;COLCGD_00032;COLCGD_00033;COLCGD_00034;COLCGD_00035;COLCGD_00036;COLCGD_00037;COLCGD_00038;COLCGD_00039;COLCGD_00040;COLCGD_00041;COLCGD_00042;COLCGD_00043;COLCGD_00044;COLCGD_00045;COLCGD_00046;COLCGD_00047	43	GTP_cyclohydroI;PT_FPPS_like;PTPS;QueE;Fer4_12	NA	NA
GCF_014496775.1	contig_16	deepBGC		0.51419	NA	2099	3203	1104	gnl|Bakta|IKFCGD_00734	1	PF01501	NA	NA
GCF_014496775.1	contig_20	deepBGC		0.63169	NA	42320	43526	1206	gnl|Bakta|IKFCGD_01092;gnl|Bakta|IKFCGD_01093;gnl|Bakta|IKFCGD_01094	3	PF00550;PF14573;PF16320;PF13561;PF00106;PF08659	NA	NA
GCF_014496775.1	contig_4	deepBGC	Saccharide	0.55112	NA	358	3390	3032	gnl|Bakta|IKFCGD_00287;gnl|Bakta|IKFCGD_00288	2	PF02784;PF00534;PF13692;PF13439;PF13579	NA	NA
GCF_014496775.1	contig_4	deepBGC		0.68463	NA	3836	8938	5102	gnl|Bakta|IKFCGD_00290;gnl|Bakta|IKFCGD_00291;gnl|Bakta|IKFCGD_00292;gnl|Bakta|IKFCGD_00293	4	PF08003;PF13489;PF13847;PF08241;PF08242;PF13649;PF01588;PF09334;PF01406;PF00133;PF02353;PF08003;PF13489;PF08123;PF06325;PF01209;PF01135;PF05175;PF01596;PF13679;PF12847;PF13847;PF02390;PF08241;PF08242;PF13649	NA	NA
GCA_024407595.1	contig_5	deepBGC	Saccharide	0.68295	NA	37655	46237	8582	gnl|Bakta|DDOGAH_00502;gnl|Bakta|DDOGAH_00503;gnl|Bakta|DDOGAH_00504;gnl|Bakta|DDOGAH_00505;DDOGAH_00506;gnl|Bakta|DDOGAH_00507;gnl|Bakta|DDOGAH_00508	7	PF02353;PF08003;PF13489;PF01596;PF13847;PF01209;PF08241;PF08242;PF13649;PF05175;PF12847;PF06325;PF01135;PF13679;PF08123;PF01555;PF09334;PF00133;PF01406;PF01588;PF08003;PF13489;PF13649;PF08241;PF08242;PF13847;PF03061;PF13439;PF13579;PF00534;PF13692;PF02784	NA	NA
GCA_024405915.1	contig_3	deepBGC		0.68677	NA	107547	114255	6708	gnl|Bakta|DHFFKB_00198;gnl|Bakta|DHFFKB_00199;gnl|Bakta|DHFFKB_00200;gnl|Bakta|DHFFKB_00201;gnl|Bakta|DHFFKB_00202;gnl|Bakta|DHFFKB_00203	6	PF02353;PF08003;PF13489;PF01596;PF13847;PF01209;PF08241;PF08242;PF13649;PF05175;PF12847;PF06325;PF01135;PF13679;PF08123;PF01555;PF09334;PF00133;PF01406;PF01588;PF08003;PF13489;PF13649;PF08241;PF08242;PF13847;PF03061;PF13439;PF00534;PF13692	NA	NA
GCF_001999865	contig_5	GECCO	Unknown	0.994631612796083	NA	94017	97255	3238	contig_5_100;contig_5_101;contig_5_102;contig_5_98;contig_5_99	5	PF01041;PF06306;PF06306	NA	IPR010446;IPR010446;IPR000653
GCA_024407095.1	contig_12	deepBGC		0.5216	NA	105928	106669	741	gnl|Bakta|DDANCG_00772	1	PF01209;PF13489;PF13847;PF08241;PF08242;PF13649	NA	NA
GCA_024407095.1	contig_5	deepBGC		0.54388	NA	10296	11082	786	gnl|Bakta|DDANCG_00437	1	PF08003;PF13489;PF13847;PF08241;PF08242;PF13649	NA	NA
GCF_014496915.1	contig_3	deepBGC		0.51187	NA	316	2164	1848	gnl|Bakta|JNPDCF_00267	1	PF02784	NA	NA
GCF_014496915.1	contig_3	deepBGC	Other	0.59858	NA	3795	8883	5088	gnl|Bakta|JNPDCF_00270;gnl|Bakta|JNPDCF_00271;gnl|Bakta|JNPDCF_00272;gnl|Bakta|JNPDCF_00273	4	PF08003;PF13489;PF13847;PF08241;PF08242;PF13649;PF01588;PF09334;PF01406;PF00133;PF02353;PF13489;PF08123;PF08003;PF01209;PF06325;PF01135;PF05175;PF01596;PF12847;PF13679;PF13847;PF08241;PF08242;PF13649	NA	NA
GCF_040821565.1	contig_1	deepBGC	RiPP	0.64991	NA	3304	3934	630	gnl|Bakta|OKFFCH_00006	1	PF01135;PF00398;PF13847;PF13649	NA	NA
GCF_040821565.1	contig_1	deepBGC	Polyketide	0.5759	NA	9109	9871	762	gnl|Bakta|OKFFCH_00013	1	PF00106;PF01370;PF08659;PF13561	NA	NA
GCF_040821565.1	contig_31	deepBGC		0.5428	NA	75	1662	1587	gnl|Bakta|OKFFCH_01005	1	PF02521	NA	NA
GCF_040821565.1	contig_33	deepBGC	Other	0.67367	NA	37582	42682	5100	gnl|Bakta|OKFFCH_01050;gnl|Bakta|OKFFCH_01051;gnl|Bakta|OKFFCH_01052;gnl|Bakta|OKFFCH_01053	4	PF02353;PF08003;PF13489;PF01596;PF13847;PF01209;PF08241;PF08242;PF13649;PF05175;PF12847;PF06325;PF01135;PF13679;PF08123;PF01555;PF00133;PF09334;PF01406;PF01588;PF08003;PF13489;PF13649;PF08241;PF08242;PF13847	NA	NA
GCA_040861145.1	contig_10	deepBGC		0.50051	NA	9670	10456	786	gnl|Bakta|FFAHLG_01301	1	PF08003;PF13489;PF13847;PF08241;PF08242;PF13649	NA	NA
GCA_024406995.1	contig_11	deepBGC		0.5579	NA	2295	2787	492	gnl|Bakta|JCJHCG_00696	1	PF08541	NA	NA
GCA_024406995.1	contig_23	deepBGC	Polyketide	0.70598	NA	72847	78297	5450	gnl|Bakta|JCJHCG_01225;JCJHCG_01226;gnl|Bakta|JCJHCG_01227;gnl|Bakta|JCJHCG_01228;gnl|Bakta|JCJHCG_01229;gnl|Bakta|JCJHCG_01230;gnl|Bakta|JCJHCG_01231;gnl|Bakta|JCJHCG_01232;gnl|Bakta|JCJHCG_01233	9	PF02801;PF00109;PF10501;PF00550;PF14573;PF16320;PF13561;PF00106;PF08659;PF01165;PF16777;PF04224;PF10034	NA	NA
GCA_024406995.1	contig_25	deepBGC		0.52641	NA	4684	5350	666	gnl|Bakta|JCJHCG_01369	1	PF00484	NA	NA
GCA_024406995.1	contig_37	deepBGC		0.55608	NA	10618	10954	336	gnl|Bakta|JCJHCG_01812	1	PF08003;PF13847	NA	NA
GCF_015905135.1	contig_26	antiSMASH	Terpene-precursor	NA	No	1	8040	8040	NA;IBEPHP_01541;IBEPHP_01542;IBEPHP_01543;IBEPHP_01544;IBEPHP_01545;IBEPHP_01546;IBEPHP_01547;IBEPHP_01548;IBEPHP_01549;IBEPHP_01550;IBEPHP_01551;IBEPHP_01552	12	QueE;Fer4_12;PTPS;PT_FPPS_like;GTP_cyclohydroI	NA	NA
GCF_014498775.1	contig_3	deepBGC		0.59079	NA	8291	9077	786	gnl|Bakta|EJIDMA_00508	1	PF08003;PF13489;PF13847;PF08241;PF08242;PF13649	NA	NA
GCF_014498775.1	contig_3	deepBGC	Other	0.57267	NA	12216	13386	1170	gnl|Bakta|EJIDMA_00511	1	PF02353;PF08003;PF13489;PF06325;PF01209;PF01135;PF05175;PF01596;PF13679;PF12847;PF13847;PF08241;PF08242;PF13649	NA	NA
GCF_040821065.1	contig_63	antiSMASH	Terpene-precursor	NA	No	1	8229	8229	NA;IDCKIE_01252;IDCKIE_01253;IDCKIE_01254;IDCKIE_01255;IDCKIE_01256;IDCKIE_01257;IDCKIE_01258;IDCKIE_01259;IDCKIE_01260;IDCKIE_01261;IDCKIE_01262;IDCKIE_01263	12	GTP_cyclohydroI;PT_FPPS_like;PTPS;QueE;Fer4_12	NA	NA
GCA_040861545.1	contig_16	deepBGC		0.536	NA	11234	11768	534	gnl|Bakta|EELIOB_01337	1	PF05050	NA	NA
GCA_040861545.1	contig_16	deepBGC		0.59869	NA	16629	17259	630	gnl|Bakta|EELIOB_01346	1	PF01135;PF00398;PF13489;PF13847;PF13649	NA	NA
GCA_040861545.1	contig_16	deepBGC	Polyketide	0.60435	NA	22442	23195	753	gnl|Bakta|EELIOB_01353	1	PF00106;PF01370;PF08659;PF13561	NA	NA
GCA_040861545.1	contig_18	deepBGC		0.60255	NA	33698	34976	1278	gnl|Bakta|EELIOB_01433;gnl|Bakta|EELIOB_01434;gnl|Bakta|EELIOB_01435	3	PF07883;PF02492	NA	NA
GCA_040861545.1	contig_18	deepBGC		0.5594	NA	37225	38692	1467	gnl|Bakta|EELIOB_01441	1	PF08885	NA	NA
GCF_011141135.1	contig_29	antiSMASH	Terpene-precursor	NA	No	1	11081	11081	NA;DBLJKC_01294;DBLJKC_01295;DBLJKC_01296;DBLJKC_01297;DBLJKC_01298;DBLJKC_01299;DBLJKC_01300;DBLJKC_01301;DBLJKC_01302;DBLJKC_01303;DBLJKC_01304;DBLJKC_01305;DBLJKC_01306	13	GTP_cyclohydroI;PT_FPPS_like;PTPS;QueE;Fer4_12	NA	NA
GCA_024412815.1	contig_12	antiSMASH	Terpene-precursor	NA	No	1	60832	60832	NA;FCEKCL_01407;FCEKCL_01408;FCEKCL_01409;FCEKCL_01410;FCEKCL_01411;FCEKCL_01412;FCEKCL_01413;FCEKCL_01414;FCEKCL_01415;FCEKCL_01416;FCEKCL_01417;FCEKCL_01418;FCEKCL_01419;FCEKCL_01420;FCEKCL_01421;FCEKCL_01422;FCEKCL_01423;FCEKCL_01424;FCEKCL_01425;FCEKCL_01426;FCEKCL_01427;FCEKCL_01428;FCEKCL_01429;FCEKCL_01430;FCEKCL_01431;FCEKCL_01432;FCEKCL_01433;FCEKCL_01434;FCEKCL_01435;FCEKCL_01436;FCEKCL_01437;FCEKCL_01438;FCEKCL_01439;FCEKCL_01440;FCEKCL_01441;FCEKCL_01442;FCEKCL_01443;FCEKCL_01444;FCEKCL_01445;FCEKCL_01446;FCEKCL_01447;FCEKCL_01452;FCEKCL_01453;FCEKCL_01454;FCEKCL_01455;FCEKCL_01456;FCEKCL_01457;FCEKCL_01458;FCEKCL_01459;FCEKCL_01460;FCEKCL_01461;FCEKCL_01462;FCEKCL_01463;FCEKCL_01464;FCEKCL_01465;FCEKCL_01466;FCEKCL_01467;FCEKCL_01468;FCEKCL_01469;FCEKCL_01470;FCEKCL_01471;FCEKCL_01472;FCEKCL_01473	63	QueE;Fer4_12;PTPS;PT_FPPS_like;GTP_cyclohydroI	NA	NA
GCF_040821075.1	contig_48	antiSMASH	Terpene-precursor	NA	No	1	8132	8132	NA;PBHJPN_01257;PBHJPN_01258;PBHJPN_01259;PBHJPN_01260;PBHJPN_01261;PBHJPN_01262;PBHJPN_01263;PBHJPN_01264;PBHJPN_01265;PBHJPN_01266;PBHJPN_01267;PBHJPN_01268	12	GTP_cyclohydroI;PT_FPPS_like;PTPS;QueE;Fer4_12	NA	NA
GCF_011141035.1	contig_14	deepBGC	Saccharide	0.66243	NA	37545	46113	8568	gnl|Bakta|BHHJAF_00396;gnl|Bakta|BHHJAF_00397;gnl|Bakta|BHHJAF_00398;gnl|Bakta|BHHJAF_00399;gnl|Bakta|BHHJAF_00400;gnl|Bakta|BHHJAF_00401;gnl|Bakta|BHHJAF_00402	7	PF02353;PF08003;PF13489;PF01596;PF13847;PF01209;PF08241;PF08242;PF13649;PF05175;PF12847;PF06325;PF01135;PF13679;PF08123;PF01555;PF00133;PF09334;PF01406;PF01588;PF08003;PF13489;PF13649;PF08241;PF08242;PF13847;PF03061;PF13439;PF13579;PF00534;PF13692;PF02784	NA	NA
GCF_011141035.1	contig_14	deepBGC		0.52217	NA	47322	49157	1835	gnl|Bakta|BHHJAF_00405;gnl|Bakta|BHHJAF_00406	2	PF07510;PF03235	NA	NA
GCF_003639385.1	contig_4	deepBGC		0.68212	NA	38124	47185	9061	gnl|Bakta|GGOBOD_00342;gnl|Bakta|GGOBOD_00343;gnl|Bakta|GGOBOD_00344;gnl|Bakta|GGOBOD_00345;gnl|Bakta|GGOBOD_00346;gnl|Bakta|GGOBOD_00347;gnl|Bakta|GGOBOD_00348;gnl|Bakta|GGOBOD_00349;gnl|Bakta|GGOBOD_00350	9	PF02353;PF08003;PF13489;PF13847;PF01209;PF08241;PF08242;PF13649;PF05175;PF12847;PF06325;PF01135;PF13679;PF08123;PF01555;PF00133;PF09334;PF01406;PF01588;PF08003;PF13489;PF13649;PF08241;PF08242;PF13847;PF03061;PF13439;PF00534;PF13692;PF02784;PF07927;PF15919	NA	NA
GCF_003382515.1	contig_21	antiSMASH	Terpene-precursor	NA	No	1	59803	59803	NA;ECFGHN_01471;ECFGHN_01472;ECFGHN_01473;ECFGHN_01474;ECFGHN_01475;ECFGHN_01476;ECFGHN_01477;ECFGHN_01478;ECFGHN_01479;ECFGHN_01480;ECFGHN_01481;ECFGHN_01482;ECFGHN_01483;ECFGHN_01484;ECFGHN_01485;ECFGHN_01486;ECFGHN_01487;ECFGHN_01488;ECFGHN_01489;ECFGHN_01490;ECFGHN_01491;ECFGHN_01492;ECFGHN_01493;ECFGHN_01498;ECFGHN_01499;ECFGHN_01500;ECFGHN_01501;ECFGHN_01502;ECFGHN_01503;ECFGHN_01504;ECFGHN_01505;ECFGHN_01506;ECFGHN_01507;ECFGHN_01508;ECFGHN_01509;ECFGHN_01510;ECFGHN_01511;ECFGHN_01512;ECFGHN_01513;ECFGHN_01514;ECFGHN_01515;ECFGHN_01516;ECFGHN_01517;ECFGHN_01518;ECFGHN_01519;ECFGHN_01520;ECFGHN_01521;ECFGHN_01522;ECFGHN_01523;ECFGHN_01524;ECFGHN_01525;ECFGHN_01526;ECFGHN_01527;ECFGHN_01528;ECFGHN_01529;ECFGHN_01530;ECFGHN_01531;ECFGHN_01532;ECFGHN_01533;ECFGHN_01534;ECFGHN_01535;ECFGHN_01536;ECFGHN_01537;ECFGHN_01538;ECFGHN_01539;ECFGHN_01540	66	GTP_cyclohydroI;PT_FPPS_like;PTPS;QueE;Fer4_12	NA	NA
GCA_024406435.1	contig_16	deepBGC		0.51864	NA	7068	7854	786	gnl|Bakta|PCGJJI_01503	1	PF08003;PF13489;PF13847;PF08241;PF08242;PF13649	NA	NA
GCF_014496775.1	contig_24	antiSMASH	Terpene-precursor	NA	No	1	59285	59285	NA;IKFCGD_01520;IKFCGD_01521;IKFCGD_01522;IKFCGD_01523;IKFCGD_01524;IKFCGD_01525;IKFCGD_01526;IKFCGD_01527;IKFCGD_01528;IKFCGD_01529;IKFCGD_01530;IKFCGD_01531;IKFCGD_01532;IKFCGD_01533;IKFCGD_01534;IKFCGD_01535;IKFCGD_01536;IKFCGD_01537;IKFCGD_01538;IKFCGD_01539;IKFCGD_01544;IKFCGD_01545;IKFCGD_01546;IKFCGD_01547;IKFCGD_01548;IKFCGD_01549;IKFCGD_01550;IKFCGD_01551;IKFCGD_01552;IKFCGD_01553;IKFCGD_01554;IKFCGD_01555;IKFCGD_01556;IKFCGD_01557;IKFCGD_01558;IKFCGD_01559;IKFCGD_01560;IKFCGD_01561;IKFCGD_01562;IKFCGD_01563;IKFCGD_01564;IKFCGD_01565;IKFCGD_01566;IKFCGD_01567;IKFCGD_01568;IKFCGD_01569;IKFCGD_01570;IKFCGD_01571;IKFCGD_01572;IKFCGD_01573;IKFCGD_01574;IKFCGD_01575;IKFCGD_01576;IKFCGD_01577;IKFCGD_01578;IKFCGD_01579;IKFCGD_01580	57	GTP_cyclohydroI;PT_FPPS_like;PTPS;QueE;Fer4_12	NA	NA
GCF_011140625.1	contig_28	antiSMASH	Terpene-precursor	NA	No	1	11236	11236	NA;GABPOO_01235;GABPOO_01236;GABPOO_01237;GABPOO_01238;GABPOO_01239;GABPOO_01240;GABPOO_01241;GABPOO_01242;GABPOO_01243;GABPOO_01244;GABPOO_01245;GABPOO_01246;GABPOO_01247	13	GTP_cyclohydroI;PT_FPPS_like;PTPS;QueE;Fer4_12	NA	NA
GCF_014497605.1	contig_4	antiSMASH	Terpene-precursor	NA	No	1	46957	46957	NA;GIJJMM_00426;GIJJMM_00429;GIJJMM_00430;GIJJMM_00431;GIJJMM_00432;GIJJMM_00433;GIJJMM_00434;GIJJMM_00435;GIJJMM_00436;GIJJMM_00437;GIJJMM_00438;GIJJMM_00439;GIJJMM_00440;GIJJMM_00441;GIJJMM_00442;GIJJMM_00443;GIJJMM_00444;GIJJMM_00445;GIJJMM_00446;GIJJMM_00448;GIJJMM_00449;GIJJMM_00450;GIJJMM_00451;GIJJMM_00452;GIJJMM_00453;GIJJMM_00454;GIJJMM_00455;GIJJMM_00456;GIJJMM_00457;GIJJMM_00458;GIJJMM_00459;GIJJMM_00460;GIJJMM_00461;GIJJMM_00462;GIJJMM_00463;GIJJMM_00464;GIJJMM_00465;GIJJMM_00466;GIJJMM_00467	39	GTP_cyclohydroI;PT_FPPS_like;PTPS;QueE;Fer4_12	NA	NA
GCF_015904975.1	contig_1	deepBGC		0.5439	NA	0	858	858	gnl|Bakta|CJHIEN_00001;gnl|Bakta|CJHIEN_00002	2	PF00496;PF01016	NA	NA
GCF_015904975.1	contig_1	deepBGC		0.5029	NA	4257	5277	1020	gnl|Bakta|CJHIEN_00005	1	PF00795	NA	NA
GCF_015904975.1	contig_13	deepBGC	Saccharide	0.73591	NA	37529	46556	9027	gnl|Bakta|CJHIEN_01159;gnl|Bakta|CJHIEN_01160;gnl|Bakta|CJHIEN_01161;gnl|Bakta|CJHIEN_01162;gnl|Bakta|CJHIEN_01163;gnl|Bakta|CJHIEN_01164;gnl|Bakta|CJHIEN_01165;gnl|Bakta|CJHIEN_01166	8	PF02353;PF08003;PF13489;PF01596;PF13847;PF01209;PF08241;PF08242;PF13649;PF05175;PF12847;PF06325;PF01135;PF13679;PF08123;PF01555;PF00133;PF09334;PF01406;PF01588;PF08003;PF13489;PF13649;PF08241;PF08242;PF13847;PF03061;PF13439;PF13579;PF00534;PF13692;PF02784;PF15919	NA	NA
GCF_015904975.1	contig_19	deepBGC		0.59968	NA	4249	7685	3436	gnl|Bakta|CJHIEN_01346;gnl|Bakta|CJHIEN_01347;gnl|Bakta|CJHIEN_01348;gnl|Bakta|CJHIEN_01349	4	PF01135;PF00398;PF13489;PF13847;PF13649;PF03739;PF01416;PF16363;PF01370;PF07993;PF04321;PF02719;PF01073;PF13460;PF08659	NA	NA
GCF_037861795.1	contig_17	antiSMASH	Terpene-precursor	NA	No	1	32205	32205	NA;HPEGOA_01377;HPEGOA_01378;HPEGOA_01379;HPEGOA_01380;HPEGOA_01381;HPEGOA_01382;HPEGOA_01383;HPEGOA_01384;HPEGOA_01385;HPEGOA_01386;HPEGOA_01387;HPEGOA_01388;HPEGOA_01389;HPEGOA_01390;HPEGOA_01391;HPEGOA_01392;HPEGOA_01393;HPEGOA_01394;HPEGOA_01395;HPEGOA_01396;HPEGOA_01397;HPEGOA_01402;HPEGOA_01403;HPEGOA_01404;HPEGOA_01405;HPEGOA_01406;HPEGOA_01407;HPEGOA_01408;HPEGOA_01409;HPEGOA_01410;HPEGOA_01411;HPEGOA_01412;HPEGOA_01413;HPEGOA_01414;HPEGOA_01415;HPEGOA_01416;HPEGOA_01417	37	GTP_cyclohydroI;PT_FPPS_like;PTPS;QueE;Fer4_12	NA	NA
GCF_014497365.1	contig_10	antiSMASH	Terpene-precursor	NA	Yes	30822	51733	20912	NA;IGNGAM_01341;IGNGAM_01342;IGNGAM_01343;IGNGAM_01344;IGNGAM_01345;IGNGAM_01346;IGNGAM_01347;IGNGAM_01348;IGNGAM_01349;IGNGAM_01350;IGNGAM_01351;IGNGAM_01352;IGNGAM_01353;IGNGAM_01354;IGNGAM_01355;IGNGAM_01356;IGNGAM_01357;IGNGAM_01358	18	GTP_cyclohydroI;PT_FPPS_like;PTPS;QueE;Fer4_12	NA	NA
GCF_040821545.1	contig_2	deepBGC		0.53039	NA	10729	11515	786	gnl|Bakta|CJFMCM_00071	1	PF08003;PF13489;PF13847;PF08241;PF08242;PF13649	NA	NA
GCF_040821545.1	contig_20	deepBGC		0.50801	NA	255	696	441	gnl|Bakta|CJFMCM_00787	1	PF01531	NA	NA
GCF_036455265.1	contig_8	antiSMASH	Terpene-precursor	NA	No	1	57544	57544	NA;OKBGML_01191;OKBGML_01192;OKBGML_01193;OKBGML_01194;OKBGML_01195;OKBGML_01196;OKBGML_01197;OKBGML_01198;OKBGML_01199;OKBGML_01200;OKBGML_01201;OKBGML_01202;OKBGML_01203;OKBGML_01204;OKBGML_01205;OKBGML_01206;OKBGML_01207;OKBGML_01208;OKBGML_01209;OKBGML_01210;OKBGML_01211;OKBGML_01216;OKBGML_01217;OKBGML_01218;OKBGML_01219;OKBGML_01220;OKBGML_01221;OKBGML_01222;OKBGML_01223;OKBGML_01224;OKBGML_01225;OKBGML_01226;OKBGML_01227;OKBGML_01228;OKBGML_01229;OKBGML_01230;OKBGML_01231;OKBGML_01232;OKBGML_01233;OKBGML_01234;OKBGML_01235;OKBGML_01236;OKBGML_01237;OKBGML_01238;OKBGML_01239;OKBGML_01240;OKBGML_01241;OKBGML_01242;OKBGML_01243;OKBGML_01244;OKBGML_01245;OKBGML_01246;OKBGML_01247;OKBGML_01248;OKBGML_01249;OKBGML_01250	56	GTP_cyclohydroI;PT_FPPS_like;PTPS;QueE;Fer4_12	NA	NA
GCF_001999845.1	contig_20	deepBGC		0.73112	NA	5182	13744	8562	gnl|Bakta|OGONHA_00948;gnl|Bakta|OGONHA_00949;gnl|Bakta|OGONHA_00950;gnl|Bakta|OGONHA_00951;gnl|Bakta|OGONHA_00952;gnl|Bakta|OGONHA_00953;gnl|Bakta|OGONHA_00954	7	PF02353;PF08003;PF13489;PF13847;PF01209;PF08241;PF08242;PF13649;PF05175;PF12847;PF06325;PF01135;PF13679;PF08123;PF01555;PF09334;PF00133;PF01406;PF01588;PF08003;PF13489;PF13649;PF08241;PF08242;PF13847;PF03061;PF13439;PF00534;PF13692;PF02784	NA	NA
GCA_040862385.1	contig_9	antiSMASH	Terpene-precursor	NA	No	1	58419	58419	NA;DBCMNM_01236;DBCMNM_01237;DBCMNM_01238;DBCMNM_01239;DBCMNM_01240;DBCMNM_01241;DBCMNM_01242;DBCMNM_01243;DBCMNM_01244;DBCMNM_01245;DBCMNM_01246;DBCMNM_01247;DBCMNM_01248;DBCMNM_01249;DBCMNM_01250;DBCMNM_01251;DBCMNM_01252;DBCMNM_01253;DBCMNM_01254;DBCMNM_01255;DBCMNM_01256;DBCMNM_01257;DBCMNM_01258;DBCMNM_01259;DBCMNM_01260;DBCMNM_01261;DBCMNM_01262;DBCMNM_01263;DBCMNM_01264;DBCMNM_01265;DBCMNM_01266;DBCMNM_01267;DBCMNM_01268;DBCMNM_01269;DBCMNM_01270;DBCMNM_01271;DBCMNM_01275;DBCMNM_01277;DBCMNM_01278;DBCMNM_01279;DBCMNM_01280;DBCMNM_01281;DBCMNM_01282;DBCMNM_01283;DBCMNM_01284;DBCMNM_01285;DBCMNM_01286;DBCMNM_01287;DBCMNM_01288;DBCMNM_01289;DBCMNM_01290;DBCMNM_01291;DBCMNM_01292;DBCMNM_01293;DBCMNM_01294;DBCMNM_01295;DBCMNM_01296	57	QueE;Fer4_12;PTPS;PT_FPPS_like;GTP_cyclohydroI	NA	NA
GCA_024406715.1	contig_26	deepBGC		0.52441	NA	7626	8412	786	gnl|Bakta|CKHEGJ_00734	1	PF08003;PF13489;PF13847;PF08241;PF08242;PF13649	NA	NA
GCA_024406715.1	contig_26	deepBGC		0.58661	NA	11544	12714	1170	gnl|Bakta|CKHEGJ_00737	1	PF01555;PF02353;PF13489;PF08123;PF08003;PF01209;PF06325;PF01135;PF05175;PF12847;PF13679;PF13847;PF08241;PF08242;PF13649	NA	NA
GCA_024406715.1	contig_29	deepBGC		0.54004	NA	11991	15377	3386	gnl|Bakta|CKHEGJ_00786;gnl|Bakta|CKHEGJ_00787	2	PF02538;PF01968	NA	NA
GCA_024406715.1	contig_41	deepBGC		0.63612	NA	1040	1784	744	gnl|Bakta|CKHEGJ_00981	1	PF00106;PF08659;PF13561	NA	NA
GCA_024406715.1	contig_43	deepBGC		0.51473	NA	2395	3325	930	gnl|Bakta|CKHEGJ_01002	1	PF00698	NA	NA
GCA_024406715.1	contig_5	deepBGC		0.54518	NA	30633	31764	1131	gnl|Bakta|CKHEGJ_00215	1	PF12698;PF01061	NA	NA
GCA_024406715.1	contig_5	deepBGC		0.61628	NA	32806	34294	1488	gnl|Bakta|CKHEGJ_00218;gnl|Bakta|CKHEGJ_00219;gnl|Bakta|CKHEGJ_00220	3	PF01209;PF13489;PF13847;PF08241;PF08242;PF13649;PF02609;PF00795	NA	NA
GCA_024406715.1	contig_6	deepBGC		0.54215	NA	20477	21497	1020	gnl|Bakta|CKHEGJ_00242	1	PF00795	NA	NA
GCA_024406715.1	contig_87	deepBGC	Polyketide-Terpene	0.54958	NA	0	1615	1615	gnl|Bakta|CKHEGJ_01444;gnl|Bakta|CKHEGJ_01445;gnl|Bakta|CKHEGJ_01446	3	PF09442;PF00348	NA	NA
GCA_024406715.1	contig_93	deepBGC		0.59635	NA	0	1387	1387	gnl|Bakta|CKHEGJ_01502;gnl|Bakta|CKHEGJ_01503	2	PF00484;PF00793	NA	NA
GCA_024406715.1	contig_95	deepBGC	RiPP	0.5636	NA	1871	2702	831	gnl|Bakta|CKHEGJ_01511	1	PF05175;PF01170;PF10294;PF06325;PF12847;PF13847;PF08242;PF13649	NA	NA
GCF_015904525.1	contig_9	deepBGC		0.51137	NA	8634	10482	1848	gnl|Bakta|PDLJHI_00917	1	PF02784	NA	NA
GCF_015904525.1	contig_9	deepBGC		0.60191	NA	12115	12901	786	gnl|Bakta|PDLJHI_00920	1	PF08003;PF13489;PF13847;PF08241;PF08242;PF13649	NA	NA
GCF_015904525.1	contig_9	deepBGC		0.57006	NA	16046	17216	1170	gnl|Bakta|PDLJHI_00923	1	PF02353;PF08003;PF13489;PF08123;PF06325;PF01209;PF01135;PF05175;PF13679;PF12847;PF13847;PF08241;PF08242;PF13649	NA	NA
GCF_015904525.1	contig_9	deepBGC		0.53772	NA	71562	72192	630	gnl|Bakta|PDLJHI_00976	1	PF01135;PF00398;PF13489;PF13847;PF13649	NA	NA
GCF_015904525.1	contig_9	deepBGC	Polyketide	0.54778	NA	77472	79010	1538	gnl|Bakta|PDLJHI_00983;gnl|Bakta|PDLJHI_00984	2	PF00106;PF08659;PF01370;PF13561;PF08238;PF13181;PF07719	NA	NA
GCF_015904525.1	contig_9	deepBGC	NRP	0.57082	NA	85816	89037	3221	gnl|Bakta|PDLJHI_00992;gnl|Bakta|PDLJHI_00993;gnl|Bakta|PDLJHI_00994	3	PF08240;PF02826;PF01262;PF03446;PF00107;PF01501;PF01501	NA	NA
GCF_003640055.1	contig_21	antiSMASH	Terpene-precursor	NA	No	1	8100	8100	NA;JFHAJC_00902;JFHAJC_00903;JFHAJC_00904;JFHAJC_00905;JFHAJC_00906;JFHAJC_00907;JFHAJC_00908;JFHAJC_00909;JFHAJC_00910;JFHAJC_00911;JFHAJC_00912;JFHAJC_00913	12	GTP_cyclohydroI;PT_FPPS_like;PTPS;QueE;Fer4_12	NA	NA
GCA_040861785.1	contig_10	deepBGC	Saccharide	0.7507	NA	37875	46454	8579	gnl|Bakta|KJPJDD_01392;gnl|Bakta|KJPJDD_01393;gnl|Bakta|KJPJDD_01394;gnl|Bakta|KJPJDD_01395;gnl|Bakta|KJPJDD_01396;gnl|Bakta|KJPJDD_01397;gnl|Bakta|KJPJDD_01398	7	PF02353;PF08003;PF13489;PF01596;PF13847;PF01209;PF08241;PF08242;PF13649;PF05175;PF12847;PF06325;PF01135;PF13679;PF08123;PF01555;PF00133;PF09334;PF01406;PF01588;PF08003;PF13489;PF13649;PF08241;PF08242;PF13847;PF03061;PF13439;PF13579;PF00534;PF13692;PF02784	NA	NA
GCA_040861785.1	contig_5	deepBGC		0.52279	NA	16718	17948	1230	gnl|Bakta|KJPJDD_00926;gnl|Bakta|KJPJDD_00927	2	PF02668;PF07173	NA	NA
GCA_040861785.1	contig_5	deepBGC		0.55562	NA	18526	19694	1168	gnl|Bakta|KJPJDD_00929;gnl|Bakta|KJPJDD_00930	2	PF00258;PF12641;PF12724;PF09335	NA	NA
GCA_040861785.1	contig_5	deepBGC		0.54343	NA	20037	22179	2142	gnl|Bakta|KJPJDD_00932;gnl|Bakta|KJPJDD_00933	2	PF07992;PF05834;PF12831;PF03486;PF00890;PF01494;PF13738;PF13450;PF13434;PF00070;PF07690;PF13347	NA	NA
GCF_011174985.1	contig_11	deepBGC	RiPP	0.82104	NA	18	5660	5642	gnl|Bakta|EPIALL_00595;gnl|Bakta|EPIALL_00596;gnl|Bakta|EPIALL_00597;gnl|Bakta|EPIALL_00598;EPIALL_00599;gnl|Bakta|EPIALL_00600;gnl|Bakta|EPIALL_00601	7	PF01061;PF13304;PF13401;PF00005;PF13191;PF02463;PF01926;PF03193;PF13555;PF13476;PF00881;PF02624;PF02624;PF08307	NA	NA
GCF_011174985.1	contig_3	deepBGC	Saccharide	0.68372	NA	37939	46505	8566	gnl|Bakta|EPIALL_00333;gnl|Bakta|EPIALL_00334;gnl|Bakta|EPIALL_00335;gnl|Bakta|EPIALL_00336;gnl|Bakta|EPIALL_00337;gnl|Bakta|EPIALL_00338;gnl|Bakta|EPIALL_00339	7	PF02353;PF08003;PF13489;PF01596;PF13847;PF01209;PF08241;PF08242;PF13649;PF05175;PF12847;PF06325;PF01135;PF13679;PF08123;PF01555;PF09334;PF00133;PF01406;PF01588;PF08003;PF13489;PF13649;PF08241;PF08242;PF13847;PF03061;PF13439;PF13579;PF00534;PF13692;PF02784	NA	NA
GCF_011174985.1	contig_5	deepBGC		0.55141	NA	44021	46518	2497	gnl|Bakta|EPIALL_00416;gnl|Bakta|EPIALL_00417;gnl|Bakta|EPIALL_00418;gnl|Bakta|EPIALL_00419;gnl|Bakta|EPIALL_00420	5	PF00871;PF00871;PF07883;PF02492	NA	NA
GCF_011174985.1	contig_9	deepBGC		0.60418	NA	27714	30018	2304	gnl|Bakta|EPIALL_00574;gnl|Bakta|EPIALL_00575;gnl|Bakta|EPIALL_00576;gnl|Bakta|EPIALL_00577;gnl|Bakta|EPIALL_00578	5	PF07714;PF13672;PF00092;PF13519	NA	NA
GCA_040861005.1	contig_7	antiSMASH	Terpene-precursor	NA	No	1	57852	57852	NA;GGIACA_01282;GGIACA_01283;GGIACA_01284;GGIACA_01285;GGIACA_01286;GGIACA_01287;GGIACA_01288;GGIACA_01289;GGIACA_01290;GGIACA_01291;GGIACA_01292;GGIACA_01293;GGIACA_01294;GGIACA_01295;GGIACA_01296;GGIACA_01297;GGIACA_01298;GGIACA_01299;GGIACA_01300;GGIACA_01301;GGIACA_01302;GGIACA_01303;GGIACA_01304;GGIACA_01305;GGIACA_01306;GGIACA_01307;GGIACA_01308;GGIACA_01309;GGIACA_01310;GGIACA_01311;GGIACA_01312;GGIACA_01313;GGIACA_01314;GGIACA_01315;GGIACA_01316;GGIACA_01317;GGIACA_01318;GGIACA_01323;GGIACA_01324;GGIACA_01325;GGIACA_01326;GGIACA_01327;GGIACA_01328;GGIACA_01329;GGIACA_01330;GGIACA_01331;GGIACA_01332;GGIACA_01333;GGIACA_01334;GGIACA_01335;GGIACA_01336;GGIACA_01337;GGIACA_01338;GGIACA_01339;GGIACA_01340;GGIACA_01341;GGIACA_01342;GGIACA_01343;GGIACA_01344;GGIACA_01345	60	QueE;Fer4_12;PTPS;PT_FPPS_like;GTP_cyclohydroI	NA	NA
GCA_024407135.1	contig_13	deepBGC		0.5069	NA	14070	16368	2298	gnl|Bakta|CMHING_00788	1	PF02538	NA	NA
GCA_024407135.1	contig_4	deepBGC		0.64369	NA	3976	4762	786	gnl|Bakta|CMHING_00329	1	PF08003;PF13489;PF13847;PF08241;PF08242;PF13649	NA	NA
GCA_024407135.1	contig_8	deepBGC		0.53802	NA	32326	33600	1274	gnl|Bakta|CMHING_00509;gnl|Bakta|CMHING_00510;gnl|Bakta|CMHING_00511	3	PF07883;PF02492	NA	NA
GCF_040821725.1	contig_7	antiSMASH	Terpene-precursor	NA	No	1	27505	27505	NA;FJOBIK_00230;FJOBIK_00231;FJOBIK_00232;FJOBIK_00233;FJOBIK_00234;FJOBIK_00235;FJOBIK_00236;FJOBIK_00237;FJOBIK_00238;FJOBIK_00239;FJOBIK_00240;FJOBIK_00241;FJOBIK_00242;FJOBIK_00243;FJOBIK_00244;FJOBIK_00245;FJOBIK_00246;FJOBIK_00247;FJOBIK_00248;FJOBIK_00249;FJOBIK_00250	21	QueE;Fer4_12;PTPS;PT_FPPS_like;GTP_cyclohydroI	NA	NA
GCF_015904325.1	contig_19	antiSMASH	Terpene-precursor	NA	No	1	103613	103613	NA;GMENJI_01024;GMENJI_01025;GMENJI_01026;GMENJI_01027;GMENJI_01028;GMENJI_01029;GMENJI_01030;GMENJI_01031;GMENJI_01032;GMENJI_01033;GMENJI_01034;GMENJI_01035;GMENJI_01036;GMENJI_01037;GMENJI_01038;GMENJI_01039;GMENJI_01040;GMENJI_01041;GMENJI_01042;GMENJI_01043;GMENJI_01044;GMENJI_01049;GMENJI_01050;GMENJI_01051;GMENJI_01052;GMENJI_01053;GMENJI_01054;GMENJI_01055;GMENJI_01056;GMENJI_01057;GMENJI_01058;GMENJI_01059;GMENJI_01060;GMENJI_01061;GMENJI_01062;GMENJI_01063;GMENJI_01064;GMENJI_01065;GMENJI_01066;GMENJI_01067;GMENJI_01068;GMENJI_01069;GMENJI_01070;GMENJI_01071;GMENJI_01072;GMENJI_01073;GMENJI_01074;GMENJI_01075;GMENJI_01076;GMENJI_01077;GMENJI_01078;GMENJI_01079;GMENJI_01080;GMENJI_01081;GMENJI_01082;GMENJI_01083;GMENJI_01084;GMENJI_01085;GMENJI_01086;GMENJI_01087;GMENJI_01088;GMENJI_01089;GMENJI_01090;GMENJI_01091;GMENJI_01092;GMENJI_01093;GMENJI_01094;GMENJI_01095;GMENJI_01096;GMENJI_01097;GMENJI_01098;GMENJI_01099;GMENJI_01100;GMENJI_01101;GMENJI_01102;GMENJI_01103;GMENJI_01104;GMENJI_01105;GMENJI_01106;GMENJI_01107;GMENJI_01108;GMENJI_01109;GMENJI_01110;GMENJI_01111;GMENJI_01112;GMENJI_01113;GMENJI_01114;GMENJI_01115;GMENJI_01116;GMENJI_01117;GMENJI_01118	91	GTP_cyclohydroI;PT_FPPS_like;PTPS;QueE;Fer4_12	NA	NA
GCF_015904425.1	contig_27	antiSMASH	Terpene-precursor	NA	No	1	14846	14846	NA;IJFGHE_01539;IJFGHE_01540;IJFGHE_01541;IJFGHE_01542;IJFGHE_01543;IJFGHE_01544;IJFGHE_01545;IJFGHE_01546;IJFGHE_01547;IJFGHE_01548;IJFGHE_01549;IJFGHE_01550;IJFGHE_01551	13	GTP_cyclohydroI;PT_FPPS_like;PTPS;QueE;Fer4_12	NA	NA
GCF_014497285.1	contig_15	antiSMASH	Terpene-precursor	NA	No	1	102402	102402	NA;OIBFFH_01291;OIBFFH_01292;OIBFFH_01293;OIBFFH_01294;OIBFFH_01295;OIBFFH_01296;OIBFFH_01297;OIBFFH_01298;OIBFFH_01299;OIBFFH_01300;OIBFFH_01301;OIBFFH_01302;OIBFFH_01303;OIBFFH_01304;OIBFFH_01305;OIBFFH_01306;OIBFFH_01307;OIBFFH_01308;OIBFFH_01309;OIBFFH_01310;OIBFFH_01311;OIBFFH_01312;OIBFFH_01317;OIBFFH_01318;OIBFFH_01319;OIBFFH_01320;OIBFFH_01321;OIBFFH_01322;OIBFFH_01323;OIBFFH_01324;OIBFFH_01325;OIBFFH_01326;OIBFFH_01327;OIBFFH_01328;OIBFFH_01329;OIBFFH_01330;OIBFFH_01331;OIBFFH_01332;OIBFFH_01333;OIBFFH_01334;OIBFFH_01335;OIBFFH_01336;OIBFFH_01337;OIBFFH_01338;OIBFFH_01339;OIBFFH_01340;OIBFFH_01341;OIBFFH_01342;OIBFFH_01343;OIBFFH_01344;OIBFFH_01345;OIBFFH_01346;OIBFFH_01347;OIBFFH_01348;OIBFFH_01349;OIBFFH_01350;OIBFFH_01351;OIBFFH_01352;OIBFFH_01353;OIBFFH_01354;OIBFFH_01355;OIBFFH_01356;OIBFFH_01357;OIBFFH_01358;OIBFFH_01359;OIBFFH_01360;OIBFFH_01361;OIBFFH_01362;OIBFFH_01363;OIBFFH_01364;OIBFFH_01365;OIBFFH_01366;OIBFFH_01367;OIBFFH_01368;OIBFFH_01369;OIBFFH_01370;OIBFFH_01371;OIBFFH_01372;OIBFFH_01373;OIBFFH_01374;OIBFFH_01375;OIBFFH_01376;OIBFFH_01377;OIBFFH_01378;OIBFFH_01379;OIBFFH_01380;OIBFFH_01381;OIBFFH_01382;OIBFFH_01383;OIBFFH_01384;OIBFFH_01385;OIBFFH_01386;OIBFFH_01387;OIBFFH_01388;OIBFFH_01389;OIBFFH_01390;OIBFFH_01391;OIBFFH_01392;OIBFFH_01393;OIBFFH_01394;OIBFFH_01395;OIBFFH_01396;OIBFFH_01397	103	GTP_cyclohydroI;PT_FPPS_like;PTPS;QueE;Fer4_12	NA	NA
GCA_040862045.1	contig_31	antiSMASH	Terpene-precursor	NA	No	1	8970	8970	NA;MDNPNN_01600;MDNPNN_01601;MDNPNN_01602;MDNPNN_01603;MDNPNN_01604;MDNPNN_01605;MDNPNN_01606;MDNPNN_01607;MDNPNN_01608;MDNPNN_01609;MDNPNN_01610;MDNPNN_01612;MDNPNN_01613	13	QueE;Fer4_12;PTPS;PT_FPPS_like;GTP_cyclohydroI	NA	NA
GCF_011174975.1	contig_32	antiSMASH	Terpene-precursor	NA	No	1	4878	4878	NA;PJJKKD_01106;PJJKKD_01107;PJJKKD_01108;PJJKKD_01109;PJJKKD_01110;PJJKKD_01111	6	GTP_cyclohydroI;PT_FPPS_like	NA	NA
GCA_040861345.1	contig_20	antiSMASH	Terpene-precursor	NA	No	1	13183	13183	NA;DKGOPN_01579;DKGOPN_01580;DKGOPN_01581;DKGOPN_01582;DKGOPN_01583;DKGOPN_01584;DKGOPN_01585;DKGOPN_01586;DKGOPN_01587;DKGOPN_01588;DKGOPN_01589;DKGOPN_01590;DKGOPN_01591;DKGOPN_01592;DKGOPN_01593;DKGOPN_01594;DKGOPN_01595	17	GTP_cyclohydroI;PT_FPPS_like;PTPS;QueE;Fer4_12	NA	NA
GCF_040821205.1	contig_23	deepBGC		0.7763	NA	213	20286	20073	gnl|Bakta|AIPAAI_00710;gnl|Bakta|AIPAAI_00711;gnl|Bakta|AIPAAI_00712;gnl|Bakta|AIPAAI_00713;gnl|Bakta|AIPAAI_00714;gnl|Bakta|AIPAAI_00715;gnl|Bakta|AIPAAI_00716;gnl|Bakta|AIPAAI_00717;gnl|Bakta|AIPAAI_00718;gnl|Bakta|AIPAAI_00719;gnl|Bakta|AIPAAI_00720;gnl|Bakta|AIPAAI_00721;gnl|Bakta|AIPAAI_00724;gnl|Bakta|AIPAAI_00725;gnl|Bakta|AIPAAI_00726;gnl|Bakta|AIPAAI_00727;gnl|Bakta|AIPAAI_00728;gnl|Bakta|AIPAAI_00730	18	PF01856;PF01501;PF00107;PF03446;PF02826;PF01262;PF08240;PF02685;PF01182;PF02781;PF00479;PF00920;PF01081;PF07719;PF08238;PF13561;PF00106;PF01370;PF08659;PF04321;PF16363;PF01370;PF02719;PF08659;PF01073;PF07993;PF13460;PF01416;PF03739;PF01135;PF13847;PF13649;PF13489;PF00398;PF00268;PF01041;PF00266;PF00155	NA	NA
GCF_040821205.1	contig_33	deepBGC		0.62698	NA	17338	18124	786	gnl|Bakta|AIPAAI_00924	1	PF08003;PF13489;PF13847;PF08241;PF08242;PF13649	NA	NA
GCF_040821205.1	contig_35	deepBGC		0.50323	NA	1675	2419	744	gnl|Bakta|AIPAAI_00988	1	PF00106;PF08659;PF13561	NA	NA
GCF_040821205.1	contig_63	deepBGC		0.67741	NA	2	5435	5433	gnl|Bakta|AIPAAI_01369;gnl|Bakta|AIPAAI_01370;gnl|Bakta|AIPAAI_01371;gnl|Bakta|AIPAAI_01372;gnl|Bakta|AIPAAI_01373;gnl|Bakta|AIPAAI_01374;gnl|Bakta|AIPAAI_01375;gnl|Bakta|AIPAAI_01376;gnl|Bakta|AIPAAI_01377;AIPAAI_01378	10	PF00334;PF01783;PF02504;PF00108;PF00195;PF07451;PF08545;PF08541;PF13304;PF13175	NA	NA
GCF_011140335.1	contig_14	antiSMASH	Terpene-precursor	NA	No	1	8080	8080	NA;CEICIO_00366;CEICIO_00367;CEICIO_00368;CEICIO_00369;CEICIO_00370;CEICIO_00371;CEICIO_00372;CEICIO_00373;CEICIO_00374;CEICIO_00375;CEICIO_00376	11	GTP_cyclohydroI;PT_FPPS_like;PTPS;QueE;Fer4_12	NA	NA
GCA_040861745.1	contig_13	deepBGC		0.72269	NA	37872	46930	9058	gnl|Bakta|EJEDBK_01287;gnl|Bakta|EJEDBK_01288;gnl|Bakta|EJEDBK_01289;gnl|Bakta|EJEDBK_01290;gnl|Bakta|EJEDBK_01291;gnl|Bakta|EJEDBK_01292;gnl|Bakta|EJEDBK_01293;gnl|Bakta|EJEDBK_01294;gnl|Bakta|EJEDBK_01295	9	PF02353;PF08003;PF13489;PF01596;PF13847;PF01209;PF08241;PF08242;PF13649;PF05175;PF12847;PF06325;PF01135;PF13679;PF08123;PF01555;PF00133;PF09334;PF01406;PF01588;PF08003;PF13489;PF13649;PF08241;PF08242;PF13847;PF03061;PF13439;PF00534;PF13692;PF02784;PF07927;PF15919	NA	NA
GCA_040861745.1	contig_20	deepBGC		0.50686	NA	3930	4533	603	gnl|Bakta|EJEDBK_01489	1	PF04992	NA	NA
GCF_011140545	contig_2	GECCO	Unknown	0.9945169529878976	NA	5177	8826	3649	contig_2_10;contig_2_6;contig_2_7;contig_2_8;contig_2_9	5	PF01041;PF06306;PF06306	NA	IPR000653;IPR010446;IPR010446
GCF_001998405.1	contig_16	antiSMASH	Terpene-precursor	NA	No	1	94985	94985	NA;LLGELK_01057;LLGELK_01058;LLGELK_01059;LLGELK_01060;LLGELK_01061;LLGELK_01062;LLGELK_01063;LLGELK_01064;LLGELK_01065;LLGELK_01066;LLGELK_01067;LLGELK_01068;LLGELK_01069;LLGELK_01070;LLGELK_01071;LLGELK_01072;LLGELK_01073;LLGELK_01074;LLGELK_01075;LLGELK_01076;LLGELK_01077;LLGELK_01078;LLGELK_01079;LLGELK_01080;LLGELK_01081;LLGELK_01082;LLGELK_01083;LLGELK_01084;LLGELK_01085;LLGELK_01086;LLGELK_01087;LLGELK_01088;LLGELK_01089;LLGELK_01090;LLGELK_01091;LLGELK_01092;LLGELK_01093;LLGELK_01094;LLGELK_01095;LLGELK_01096;LLGELK_01097;LLGELK_01098;LLGELK_01099;LLGELK_01100;LLGELK_01101;LLGELK_01102;LLGELK_01103;LLGELK_01104;LLGELK_01105;LLGELK_01106;LLGELK_01107;LLGELK_01108;LLGELK_01109;LLGELK_01110;LLGELK_01111;LLGELK_01112;LLGELK_01113;LLGELK_01114;LLGELK_01115;LLGELK_01116;LLGELK_01117;LLGELK_01118;LLGELK_01119;LLGELK_01120;LLGELK_01121;LLGELK_01122;LLGELK_01123;LLGELK_01124;LLGELK_01125;LLGELK_01126;LLGELK_01127;LLGELK_01128;LLGELK_01129;LLGELK_01130;LLGELK_01131;LLGELK_01132;LLGELK_01137;LLGELK_01138;LLGELK_01139;LLGELK_01140;LLGELK_01141;LLGELK_01142;LLGELK_01143;LLGELK_01144;LLGELK_01145;LLGELK_01146;LLGELK_01147;LLGELK_01148;LLGELK_01149;LLGELK_01150;LLGELK_01151;LLGELK_01152;LLGELK_01153;LLGELK_01154;LLGELK_01155;LLGELK_01156;LLGELK_01157	97	QueE;Fer4_12;PTPS;PT_FPPS_like;GTP_cyclohydroI	NA	NA
GCF_040821495.1	contig_13	deepBGC		0.77756	NA	0	20329	20329	gnl|Bakta|ALBANF_00522;gnl|Bakta|ALBANF_00523;gnl|Bakta|ALBANF_00524;gnl|Bakta|ALBANF_00525;gnl|Bakta|ALBANF_00526;gnl|Bakta|ALBANF_00527;gnl|Bakta|ALBANF_00528;gnl|Bakta|ALBANF_00529;gnl|Bakta|ALBANF_00530;gnl|Bakta|ALBANF_00531;gnl|Bakta|ALBANF_00534;gnl|Bakta|ALBANF_00535;gnl|Bakta|ALBANF_00536;gnl|Bakta|ALBANF_00537;gnl|Bakta|ALBANF_00538;gnl|Bakta|ALBANF_00540;gnl|Bakta|ALBANF_00541;gnl|Bakta|ALBANF_00542;gnl|Bakta|ALBANF_00543;gnl|Bakta|ALBANF_00544;gnl|Bakta|ALBANF_00545	21	PF01501;PF00107;PF03446;PF02826;PF01262;PF08240;PF02685;PF01182;PF02781;PF00479;PF00920;PF01081;PF07719;PF08238;PF13561;PF00106;PF08659;PF01370;PF04321;PF16363;PF01370;PF02719;PF08659;PF00106;PF01073;PF07993;PF13460;PF01416;PF03739;PF01135;PF13847;PF13649;PF13489;PF00398;PF00268;PF01041;PF00266;PF05050	NA	NA
GCF_040821495.1	contig_17	deepBGC		0.5047	NA	26508	27501	993	gnl|Bakta|ALBANF_00681	1	PF00108;PF00195;PF07451;PF08545;PF08541	NA	NA
GCF_040821495.1	contig_45	deepBGC	Polyketide	0.52026	NA	641	1787	1146	gnl|Bakta|ALBANF_01259	1	PF07690;PF06779;PF00083	NA	NA
GCF_040821495.1	contig_5	deepBGC		0.67504	NA	3717	7467	3750	gnl|Bakta|ALBANF_00186;gnl|Bakta|ALBANF_00187;gnl|Bakta|ALBANF_00188	3	PF08003;PF13489;PF13847;PF05219;PF08241;PF08242;PF13649;PF01588;PF09334;PF01406;PF00133	NA	NA
GCF_040821495.1	contig_7	deepBGC		0.5262	NA	4811	5111	300	gnl|Bakta|ALBANF_00261	1	PF07883	NA	NA
GCF_003639445.1	contig_21	antiSMASH	Terpene-precursor	NA	No	1	59747	59747	NA;LNOJAE_01338;LNOJAE_01339;LNOJAE_01340;LNOJAE_01341;LNOJAE_01342;LNOJAE_01343;LNOJAE_01344;LNOJAE_01345;LNOJAE_01346;LNOJAE_01347;LNOJAE_01348;LNOJAE_01349;LNOJAE_01350;LNOJAE_01351;LNOJAE_01352;LNOJAE_01353;LNOJAE_01354;LNOJAE_01355;LNOJAE_01356;LNOJAE_01357;LNOJAE_01358;LNOJAE_01363;LNOJAE_01364;LNOJAE_01365;LNOJAE_01366;LNOJAE_01367;LNOJAE_01368;LNOJAE_01369;LNOJAE_01370;LNOJAE_01371;LNOJAE_01372;LNOJAE_01373;LNOJAE_01374;LNOJAE_01375;LNOJAE_01376;LNOJAE_01377;LNOJAE_01378;LNOJAE_01379;LNOJAE_01380;LNOJAE_01381;LNOJAE_01382;LNOJAE_01383;LNOJAE_01384;LNOJAE_01385;LNOJAE_01386;LNOJAE_01387;LNOJAE_01388;LNOJAE_01389;LNOJAE_01390;LNOJAE_01391;LNOJAE_01392;LNOJAE_01393;LNOJAE_01394;LNOJAE_01395;LNOJAE_01396;LNOJAE_01397;LNOJAE_01398;LNOJAE_01399;LNOJAE_01400;LNOJAE_01401;LNOJAE_01402	61	GTP_cyclohydroI;PT_FPPS_like;PTPS;QueE;Fer4_12	NA	NA
GCA_040861965.1	contig_10	deepBGC		0.51703	NA	10694	11480	786	gnl|Bakta|GAEKEM_01308	1	PF08003;PF13489;PF13847;PF08241;PF08242;PF13649	NA	NA
GCA_040861965.1	contig_13	deepBGC		0.53879	NA	33868	35145	1277	gnl|Bakta|GAEKEM_01451;gnl|Bakta|GAEKEM_01452;gnl|Bakta|GAEKEM_01453	3	PF07883;PF02492	NA	NA
GCF_015904625.1	contig_28	antiSMASH	Terpene-precursor	NA	No	1	8096	8096	NA;KAPHMH_01586;KAPHMH_01587;KAPHMH_01588;KAPHMH_01589;KAPHMH_01590;KAPHMH_01591;KAPHMH_01592;KAPHMH_01593;KAPHMH_01594;KAPHMH_01595;KAPHMH_01596;KAPHMH_01597	12	QueE;Fer4_12;PTPS;PT_FPPS_like;GTP_cyclohydroI	NA	NA
GCA_040862165.1	contig_20	antiSMASH	Terpene-precursor	NA	No	1	8209	8209	NA;LJENHD_01565;LJENHD_01566;LJENHD_01567;LJENHD_01568;LJENHD_01569;LJENHD_01570;LJENHD_01571;LJENHD_01572;LJENHD_01573;LJENHD_01574;LJENHD_01575;LJENHD_01576	12	QueE;Fer4_12;PTPS;PT_FPPS_like;GTP_cyclohydroI	NA	NA
GCF_011175015.1	contig_17	antiSMASH	Azole-containing-RiPP	NA	No	1	8575	8575	NA;IADIJG_00921;IADIJG_00922;IADIJG_00923;IADIJG_00924;IADIJG_00925;IADIJG_00926;IADIJG_00927;IADIJG_00928;IADIJG_00929	9	PF00881;YcaO	NA	NA
GCF_011175015.1	contig_20	antiSMASH	Terpene-precursor	NA	No	1	8122	8122	NA;IADIJG_00951;IADIJG_00952;IADIJG_00953;IADIJG_00954;IADIJG_00955;IADIJG_00956;IADIJG_00957;IADIJG_00958;IADIJG_00959;IADIJG_00960;IADIJG_00961;IADIJG_00962	12	QueE;Fer4_12;PTPS;PT_FPPS_like;GTP_cyclohydroI	NA	NA
GCF_011140795.1	contig_11	antiSMASH	Terpene-precursor	NA	No	1	65302	65302	NA;HPEKPM_00361;HPEKPM_00362;HPEKPM_00363;HPEKPM_00364;HPEKPM_00365;HPEKPM_00366;HPEKPM_00367;HPEKPM_00368;HPEKPM_00369;HPEKPM_00370;HPEKPM_00371;HPEKPM_00372;HPEKPM_00373;HPEKPM_00374;HPEKPM_00375;HPEKPM_00376;HPEKPM_00377;HPEKPM_00378;HPEKPM_00379;HPEKPM_00380;HPEKPM_00385;HPEKPM_00386;HPEKPM_00387;HPEKPM_00388;HPEKPM_00389;HPEKPM_00390;HPEKPM_00391;HPEKPM_00392;HPEKPM_00393;HPEKPM_00394;HPEKPM_00395;HPEKPM_00396;HPEKPM_00397;HPEKPM_00398;HPEKPM_00399;HPEKPM_00400;HPEKPM_00401;HPEKPM_00402;HPEKPM_00403;HPEKPM_00404;HPEKPM_00405;HPEKPM_00406;HPEKPM_00407;HPEKPM_00408;HPEKPM_00409;HPEKPM_00410;HPEKPM_00411;HPEKPM_00412;HPEKPM_00413;HPEKPM_00414;HPEKPM_00415;HPEKPM_00416;HPEKPM_00417;HPEKPM_00418;HPEKPM_00419;HPEKPM_00420;HPEKPM_00421;HPEKPM_00422	58	GTP_cyclohydroI;PT_FPPS_like;PTPS;QueE;Fer4_12	NA	NA
GCF_011141095.1	contig_21	deepBGC		0.39096	NA	0	28244	28244	gnl|Bakta|IFMHCI_00752;gnl|Bakta|IFMHCI_00753;gnl|Bakta|IFMHCI_00754;gnl|Bakta|IFMHCI_00755;gnl|Bakta|IFMHCI_00756;gnl|Bakta|IFMHCI_00757;gnl|Bakta|IFMHCI_00758;gnl|Bakta|IFMHCI_00759;gnl|Bakta|IFMHCI_00760;gnl|Bakta|IFMHCI_00761;IFMHCI_00762;gnl|Bakta|IFMHCI_00763;gnl|Bakta|IFMHCI_00764;gnl|Bakta|IFMHCI_00765;gnl|Bakta|IFMHCI_00766;gnl|Bakta|IFMHCI_00767;gnl|Bakta|IFMHCI_00769;gnl|Bakta|IFMHCI_00770;gnl|Bakta|IFMHCI_00771;gnl|Bakta|IFMHCI_00772;gnl|Bakta|IFMHCI_00773;gnl|Bakta|IFMHCI_00776;gnl|Bakta|IFMHCI_00777;gnl|Bakta|IFMHCI_00778;gnl|Bakta|IFMHCI_00779;gnl|Bakta|IFMHCI_00780;gnl|Bakta|IFMHCI_00781	27	PF01578;PF05140;PF13098;PF13905;PF13899;PF05768;PF00762;PF10060;PF00892;PF17270;PF04452;PF01856;PF00692;PF00364;PF00289;PF15632;PF14397;PF08443;PF02655;PF02786;PF13549;PF02222;PF07478;PF02785;PF10422;PF01041;PF01053;PF00266;PF00268;PF01135;PF00398;PF13489;PF13847;PF13649;PF03739;PF01416;PF16363;PF01370;PF07993;PF04321;PF02719;PF01073;PF13460;PF08659;PF00106;PF00106;PF01370;PF08659;PF13561;PF08238;PF07719;PF01081;PF00920;PF00479;PF02781	NA	NA
GCF_011141095.1	contig_21	deepBGC	NRP	0.68544	NA	28925	31157	2232	gnl|Bakta|IFMHCI_00783;gnl|Bakta|IFMHCI_00784	2	PF02685;PF08240;PF02826;PF01262;PF03446;PF00107	NA	NA
GCF_011141095.1	contig_22	deepBGC	Saccharide	0.73662	NA	38524	48597	10073	gnl|Bakta|IFMHCI_00824;gnl|Bakta|IFMHCI_00825;gnl|Bakta|IFMHCI_00826;gnl|Bakta|IFMHCI_00827;gnl|Bakta|IFMHCI_00828;gnl|Bakta|IFMHCI_00829;gnl|Bakta|IFMHCI_00830;gnl|Bakta|IFMHCI_00831;gnl|Bakta|IFMHCI_00832;gnl|Bakta|IFMHCI_00833	10	PF02353;PF08003;PF13489;PF01596;PF13847;PF01209;PF08241;PF08242;PF13649;PF05175;PF12847;PF06325;PF01135;PF13679;PF08123;PF09334;PF00133;PF01406;PF01588;PF08003;PF13489;PF13649;PF08241;PF08242;PF13847;PF03061;PF13439;PF13579;PF00534;PF13692;PF02784;PF15919;PF09245	NA	NA
GCF_011141095.1	contig_3	deepBGC		0.80918	NA	45474	48900	3426	gnl|Bakta|IFMHCI_00174;gnl|Bakta|IFMHCI_00175;gnl|Bakta|IFMHCI_00176;gnl|Bakta|IFMHCI_00177;gnl|Bakta|IFMHCI_00178	5	PF01209;PF13489;PF13847;PF08241;PF08242;PF13649;PF03653;PF05425;PF01205;PF12698;PF01061;PF12679;PF12698;PF01061	NA	NA
GCA_024412655.1	contig_18	deepBGC	NRP	0.52259	NA	916	3135	2219	gnl|Bakta|FCPLBF_01463;gnl|Bakta|FCPLBF_01464	2	PF00107;PF03446;PF02826;PF01262;PF08240;PF02685	NA	NA
GCA_024412655.1	contig_18	deepBGC	Polyketide	0.61899	NA	8783	10051	1268	gnl|Bakta|FCPLBF_01471;gnl|Bakta|FCPLBF_01472	2	PF07719;PF13181;PF00515;PF08238;PF13561;PF00106;PF08659;PF01370	NA	NA
GCA_024412655.1	contig_18	deepBGC		0.65124	NA	15121	16786	1665	gnl|Bakta|FCPLBF_01479;gnl|Bakta|FCPLBF_01480	2	PF01135;PF13847;PF13489;PF13649;PF00398;PF00268	NA	NA
GCA_024412655.1	contig_18	deepBGC		0.55144	NA	20605	21139	534	gnl|Bakta|FCPLBF_01486	1	PF05050	NA	NA
GCA_024412655.1	contig_2	deepBGC		0.5206	NA	11664	12450	786	gnl|Bakta|FCPLBF_00066	1	PF08003;PF13489;PF13847;PF08241;PF08242;PF13649	NA	NA
GCF_015904875.1	contig_11	deepBGC	Saccharide	0.7072	NA	37603	46651	9048	gnl|Bakta|GMPHNC_01186;gnl|Bakta|GMPHNC_01187;gnl|Bakta|GMPHNC_01188;gnl|Bakta|GMPHNC_01189;gnl|Bakta|GMPHNC_01190;gnl|Bakta|GMPHNC_01191;gnl|Bakta|GMPHNC_01192;gnl|Bakta|GMPHNC_01193;gnl|Bakta|GMPHNC_01194	9	PF02353;PF08003;PF13489;PF01596;PF13847;PF01209;PF08241;PF08242;PF13649;PF05175;PF12847;PF06325;PF01135;PF13679;PF08123;PF01555;PF09334;PF00133;PF01406;PF01588;PF08003;PF13489;PF13649;PF08241;PF08242;PF13847;PF03061;PF13439;PF13579;PF00534;PF13692;PF02784;PF07927;PF15919	NA	NA
GCF_015904875.1	contig_23	deepBGC	Polyketide	0.72628	NA	2	2041	2039	gnl|Bakta|GMPHNC_01558;gnl|Bakta|GMPHNC_01559	2	PF12832;PF07690;PF05977;PF00899	NA	NA
GCF_015904875.1	contig_23	deepBGC		0.5724	NA	2606	3059	453	gnl|Bakta|GMPHNC_01561	1	PF09559	NA	NA
GCF_015904875.1	contig_23	deepBGC	RiPP	0.67898	NA	6014	7465	1451	gnl|Bakta|GMPHNC_01565;gnl|Bakta|GMPHNC_01566	2	PF02463;PF13476;PF13555;PF00005;PF03193;PF13304;PF01926;PF01061	NA	NA
GCF_015904875.1	contig_23	deepBGC		0.5693	NA	10296	11001	705	gnl|Bakta|GMPHNC_01568	1	PF02661	NA	NA
GCA_024411955.1	contig_4	antiSMASH	Terpene-precursor	NA	No	1	67007	67007	NA;AFAMBD_00465;AFAMBD_00466;AFAMBD_00467;AFAMBD_00468;AFAMBD_00469;AFAMBD_00470;AFAMBD_00471;AFAMBD_00472;AFAMBD_00473;AFAMBD_00474;AFAMBD_00475;AFAMBD_00476;AFAMBD_00477;AFAMBD_00478;AFAMBD_00479;AFAMBD_00480;AFAMBD_00481;AFAMBD_00482;AFAMBD_00483;AFAMBD_00484;AFAMBD_00485;AFAMBD_00486;AFAMBD_00487;AFAMBD_00488;AFAMBD_00493;AFAMBD_00494;AFAMBD_00495;AFAMBD_00496;AFAMBD_00497;AFAMBD_00498;AFAMBD_00499;AFAMBD_00500;AFAMBD_00501;AFAMBD_00502;AFAMBD_00503;AFAMBD_00504;AFAMBD_00505;AFAMBD_00506;AFAMBD_00507;AFAMBD_00508;AFAMBD_00509;AFAMBD_00510;AFAMBD_00511;AFAMBD_00512;AFAMBD_00513;AFAMBD_00514;AFAMBD_00515;AFAMBD_00516;AFAMBD_00517;AFAMBD_00518;AFAMBD_00519;AFAMBD_00520;AFAMBD_00521;AFAMBD_00522;AFAMBD_00523;AFAMBD_00524;AFAMBD_00525;AFAMBD_00526;AFAMBD_00527;AFAMBD_00528;AFAMBD_00529;AFAMBD_00530;AFAMBD_00531;AFAMBD_00532;AFAMBD_00533;AFAMBD_00534;AFAMBD_00535;AFAMBD_00536;AFAMBD_00537;AFAMBD_00538;AFAMBD_00539;AFAMBD_00540;AFAMBD_00541	73	GTP_cyclohydroI;PT_FPPS_like;PTPS;QueE;Fer4_12	NA	NA
GCF_015905065.1	contig_12	antiSMASH	Terpene-precursor	NA	No	1	59628	59628	NA;GOMDAA_01133;GOMDAA_01134;GOMDAA_01135;GOMDAA_01136;GOMDAA_01137;GOMDAA_01138;GOMDAA_01139;GOMDAA_01140;GOMDAA_01141;GOMDAA_01142;GOMDAA_01143;GOMDAA_01144;GOMDAA_01145;GOMDAA_01146;GOMDAA_01147;GOMDAA_01148;GOMDAA_01149;GOMDAA_01150;GOMDAA_01151;GOMDAA_01152;GOMDAA_01153;GOMDAA_01154;GOMDAA_01155;GOMDAA_01156;GOMDAA_01157;GOMDAA_01158;GOMDAA_01159;GOMDAA_01160;GOMDAA_01161;GOMDAA_01162;GOMDAA_01163;GOMDAA_01164;GOMDAA_01165;GOMDAA_01166;GOMDAA_01167;GOMDAA_01168;GOMDAA_01169;GOMDAA_01174;GOMDAA_01175;GOMDAA_01176;GOMDAA_01177;GOMDAA_01178;GOMDAA_01179;GOMDAA_01180;GOMDAA_01181;GOMDAA_01182;GOMDAA_01183;GOMDAA_01184;GOMDAA_01185;GOMDAA_01186;GOMDAA_01187;GOMDAA_01188;GOMDAA_01189;GOMDAA_01190;GOMDAA_01191;GOMDAA_01192;GOMDAA_01193;GOMDAA_01194	58	QueE;Fer4_12;PTPS;PT_FPPS_like;GTP_cyclohydroI	NA	NA
GCF_015905065.1	contig_22	antiSMASH	Azole-containing-RiPP	NA	No	1	16668	16668	NA;GOMDAA_01537;GOMDAA_01538;GOMDAA_01539;GOMDAA_01540;GOMDAA_01541;GOMDAA_01542;GOMDAA_01543;GOMDAA_01544;GOMDAA_01545;GOMDAA_01546;GOMDAA_01547;GOMDAA_01548;GOMDAA_01549;GOMDAA_01550;GOMDAA_01551;GOMDAA_01552	16	ThiF;YcaO;PF00881	NA	NA
GCA_024412295.1	contig_11	deepBGC	RiPP	0.58201	NA	6186	7101	915	gnl|Bakta|CJCHNL_00721	1	PF13575	NA	NA
GCA_024412295.1	contig_2	deepBGC	Saccharide	0.6484	NA	37649	46222	8573	gnl|Bakta|CJCHNL_00452;gnl|Bakta|CJCHNL_00453;gnl|Bakta|CJCHNL_00454;gnl|Bakta|CJCHNL_00455;gnl|Bakta|CJCHNL_00456;gnl|Bakta|CJCHNL_00457;gnl|Bakta|CJCHNL_00458	7	PF02353;PF08003;PF13489;PF01596;PF13847;PF01209;PF08241;PF08242;PF13649;PF05175;PF12847;PF06325;PF01135;PF13679;PF08123;PF01555;PF09334;PF00133;PF01406;PF01588;PF08003;PF13489;PF13649;PF08241;PF08242;PF13847;PF03061;PF13439;PF13579;PF00534;PF13692;PF02784	NA	NA
GCA_024412295.1	contig_6	deepBGC		0.51048	NA	33916	34216	300	gnl|Bakta|CJCHNL_00620	1	PF07883	NA	NA
GCF_011141015.1	contig_21	antiSMASH	Terpene-precursor	NA	No	1	10998	10998	NA;ANOMLN_00779;ANOMLN_00780;ANOMLN_00781;ANOMLN_00782;ANOMLN_00783;ANOMLN_00784;ANOMLN_00785;ANOMLN_00786;ANOMLN_00787;ANOMLN_00788;ANOMLN_00789;ANOMLN_00790;ANOMLN_00791	13	GTP_cyclohydroI;PT_FPPS_like;PTPS;QueE;Fer4_12	NA	NA
GCF_014498245.1	contig_4	deepBGC		0.79065	NA	37214	46274	9060	gnl|Bakta|PEHGLF_00419;gnl|Bakta|PEHGLF_00420;gnl|Bakta|PEHGLF_00421;gnl|Bakta|PEHGLF_00422;gnl|Bakta|PEHGLF_00423;gnl|Bakta|PEHGLF_00424;gnl|Bakta|PEHGLF_00425;gnl|Bakta|PEHGLF_00426;gnl|Bakta|PEHGLF_00427	9	PF02353;PF08003;PF13489;PF01596;PF13847;PF01209;PF08241;PF08242;PF13649;PF05175;PF12847;PF06325;PF01135;PF13679;PF08123;PF09334;PF00133;PF01406;PF01588;PF08003;PF13489;PF13649;PF08241;PF08242;PF13847;PF03061;PF13439;PF00534;PF13692;PF02784;PF07927;PF15919	NA	NA
GCF_001999865.1	contig_28	deepBGC		0.58064	NA	7499	8285	786	gnl|Bakta|IGAAIJ_01530	1	PF08003;PF13489;PF13847;PF08241;PF08242;PF13649	NA	NA
GCF_001999865.1	contig_28	deepBGC	Other	0.57162	NA	11417	12587	1170	gnl|Bakta|IGAAIJ_01533	1	PF02353;PF08003;PF13489;PF08123;PF06325;PF01209;PF01135;PF05175;PF01596;PF13679;PF12847;PF13847;PF08241;PF08242;PF13649	NA	NA
GCF_014498555.1	contig_17	deepBGC		0.6378	NA	203	1313	1110	gnl|Bakta|OABIHC_00730	1	PF01501	NA	NA
GCF_014498555.1	contig_18	deepBGC		0.52786	NA	1	2689	2688	gnl|Bakta|OABIHC_00735	1	PF02691	NA	NA
GCF_014498555.1	contig_2	deepBGC		0.57879	NA	43871	48321	4450	OABIHC_00296;gnl|Bakta|OABIHC_00297;gnl|Bakta|OABIHC_00298	3	PF05378;PF05378;PF01968;PF02538	NA	NA
GCF_014498555.1	contig_5	deepBGC		0.58271	NA	3785	7535	3750	gnl|Bakta|OABIHC_00390;gnl|Bakta|OABIHC_00391;gnl|Bakta|OABIHC_00392	3	PF08003;PF13489;PF13847;PF08241;PF08242;PF13649;PF01588;PF09334;PF01406;PF00133	NA	NA
GCF_014496475.1	contig_3	deepBGC		0.75842	NA	37742	46317	8575	gnl|Bakta|JOBADF_00384;gnl|Bakta|JOBADF_00385;gnl|Bakta|JOBADF_00386;gnl|Bakta|JOBADF_00387;gnl|Bakta|JOBADF_00388;gnl|Bakta|JOBADF_00389;gnl|Bakta|JOBADF_00390	7	PF02353;PF08003;PF13489;PF13847;PF01209;PF08241;PF08242;PF13649;PF05175;PF12847;PF06325;PF01135;PF13679;PF08123;PF01555;PF09334;PF00133;PF01406;PF01588;PF08003;PF13489;PF13649;PF08241;PF08242;PF13847;PF03061;PF13439;PF00534;PF13692;PF02784	NA	NA
GCF_003639545.1	contig_28	antiSMASH	Terpene-precursor	NA	No	1	63031	63031	NA;ADIJKK_01565;ADIJKK_01566;ADIJKK_01567;ADIJKK_01568;ADIJKK_01569;ADIJKK_01570;ADIJKK_01571;ADIJKK_01572;ADIJKK_01573;ADIJKK_01574;ADIJKK_01575;ADIJKK_01576;ADIJKK_01577;ADIJKK_01578;ADIJKK_01579;ADIJKK_01580;ADIJKK_01581;ADIJKK_01582;ADIJKK_01583;ADIJKK_01584;ADIJKK_01585;ADIJKK_01586;ADIJKK_01591;ADIJKK_01592;ADIJKK_01593;ADIJKK_01594;ADIJKK_01595;ADIJKK_01596;ADIJKK_01597;ADIJKK_01598;ADIJKK_01599;ADIJKK_01600;ADIJKK_01601;ADIJKK_01602;ADIJKK_01603;ADIJKK_01604;ADIJKK_01605;ADIJKK_01606;ADIJKK_01607;ADIJKK_01608;ADIJKK_01609;ADIJKK_01610;ADIJKK_01611;ADIJKK_01612;ADIJKK_01613;ADIJKK_01614;ADIJKK_01615;ADIJKK_01616;ADIJKK_01617;ADIJKK_01618;ADIJKK_01619;ADIJKK_01620;ADIJKK_01621;ADIJKK_01622;ADIJKK_01623;ADIJKK_01624;ADIJKK_01625;ADIJKK_01626;ADIJKK_01629	59	GTP_cyclohydroI;PT_FPPS_like;PTPS;QueE;Fer4_12	NA	NA
GCF_014498785	contig_1	GECCO	Unknown	0.9946902057793534	NA	234724	238439	3715	contig_1_221;contig_1_222;contig_1_223;contig_1_224;contig_1_225	5	PF01041;PF06306;PF06306	NA	IPR000653;IPR010446;IPR010446
GCF_003639735.1	contig_19	deepBGC		0.52452	NA	9482	9719	237	gnl|Bakta|EHHILF_00993	1	PF00550;PF14573	NA	NA
GCF_003639735.1	contig_4	deepBGC		0.72543	NA	38213	46970	8757	gnl|Bakta|EHHILF_00376;gnl|Bakta|EHHILF_00377;gnl|Bakta|EHHILF_00378;gnl|Bakta|EHHILF_00379;gnl|Bakta|EHHILF_00380;gnl|Bakta|EHHILF_00381;gnl|Bakta|EHHILF_00382;gnl|Bakta|EHHILF_00383	8	PF02353;PF08003;PF13489;PF01596;PF13847;PF01209;PF08241;PF08242;PF13649;PF05175;PF12847;PF06325;PF01135;PF13679;PF08123;PF01555;PF00133;PF09334;PF01406;PF01588;PF08003;PF13489;PF13649;PF08241;PF08242;PF13847;PF03061;PF13439;PF00534;PF13692;PF02784;PF14449	NA	NA
GCA_040862505.1	contig_12	deepBGC	Saccharide	0.63003	NA	37807	46392	8585	gnl|Bakta|NLCMPE_01431;gnl|Bakta|NLCMPE_01432;gnl|Bakta|NLCMPE_01433;gnl|Bakta|NLCMPE_01434;gnl|Bakta|NLCMPE_01435;gnl|Bakta|NLCMPE_01436;gnl|Bakta|NLCMPE_01437	7	PF02353;PF08003;PF13489;PF13847;PF01209;PF08241;PF08242;PF13649;PF05175;PF12847;PF06325;PF01135;PF13679;PF08123;PF01555;PF00133;PF09334;PF01406;PF01588;PF08003;PF13489;PF13649;PF08241;PF08242;PF13847;PF03061;PF13439;PF13579;PF00534;PF13692;PF02784	NA	NA
GCF_011175145.1	contig_6	deepBGC		0.5304	NA	6686	8534	1848	gnl|Bakta|AGGDOK_00552	1	PF02784	NA	NA
GCF_011175145.1	contig_6	deepBGC		0.59823	NA	10167	10953	786	gnl|Bakta|AGGDOK_00555	1	PF08003;PF13489;PF13847;PF08241;PF08242;PF13649	NA	NA
GCF_011175145.1	contig_7	deepBGC		0.52013	NA	18807	19302	495	gnl|Bakta|AGGDOK_00614	1	PF00258;PF12641;PF12724	NA	NA
GCA_024412615.1	contig_4	deepBGC		0.63112	NA	4781	5567	786	gnl|Bakta|GIBEAH_00324	1	PF08003;PF13489;PF13847;PF08241;PF08242;PF13649	NA	NA
GCA_024412615.1	contig_6	deepBGC		0.53328	NA	3785	4085	300	gnl|Bakta|GIBEAH_00418	1	PF07883	NA	NA
GCF_014496865.1	contig_6	antiSMASH	Terpene-precursor	NA	No	1	9427	9427	NA;GFEKAB_00378;GFEKAB_00379;GFEKAB_00380;GFEKAB_00381;GFEKAB_00382;GFEKAB_00383;GFEKAB_00384;GFEKAB_00385;GFEKAB_00386;GFEKAB_00387;GFEKAB_00388;GFEKAB_00389;GFEKAB_00390	13	QueE;Fer4_12;PTPS;PT_FPPS_like;GTP_cyclohydroI	NA	NA
GCA_040861145.1	contig_9	antiSMASH	Terpene-precursor	NA	No	1	57298	57298	NA;FFAHLG_01229;FFAHLG_01230;FFAHLG_01231;FFAHLG_01232;FFAHLG_01233;FFAHLG_01234;FFAHLG_01235;FFAHLG_01236;FFAHLG_01237;FFAHLG_01238;FFAHLG_01239;FFAHLG_01240;FFAHLG_01241;FFAHLG_01242;FFAHLG_01243;FFAHLG_01244;FFAHLG_01245;FFAHLG_01246;FFAHLG_01247;FFAHLG_01248;FFAHLG_01249;FFAHLG_01250;FFAHLG_01251;FFAHLG_01252;FFAHLG_01253;FFAHLG_01254;FFAHLG_01255;FFAHLG_01256;FFAHLG_01257;FFAHLG_01258;FFAHLG_01259;FFAHLG_01260;FFAHLG_01261;FFAHLG_01262;FFAHLG_01263;FFAHLG_01264;FFAHLG_01269;FFAHLG_01270;FFAHLG_01271;FFAHLG_01272;FFAHLG_01273;FFAHLG_01274;FFAHLG_01275;FFAHLG_01276;FFAHLG_01277;FFAHLG_01278;FFAHLG_01279;FFAHLG_01280;FFAHLG_01281;FFAHLG_01282;FFAHLG_01283;FFAHLG_01284;FFAHLG_01285;FFAHLG_01286;FFAHLG_01287;FFAHLG_01288;FFAHLG_01289;FFAHLG_01290;FFAHLG_01291	59	Peptidase_M50;QueE;Fer4_12;PTPS;PT_FPPS_like;GTP_cyclohydroI	NA	NA
GCF_011175045.1	contig_17	antiSMASH	Terpene-precursor	NA	No	1	60260	60260	NA;EPJKBI_01435;EPJKBI_01436;EPJKBI_01437;EPJKBI_01438;EPJKBI_01439;EPJKBI_01440;EPJKBI_01441;EPJKBI_01442;EPJKBI_01443;EPJKBI_01444;EPJKBI_01445;EPJKBI_01446;EPJKBI_01447;EPJKBI_01448;EPJKBI_01449;EPJKBI_01450;EPJKBI_01451;EPJKBI_01452;EPJKBI_01453;EPJKBI_01454;EPJKBI_01455;EPJKBI_01456;EPJKBI_01457;EPJKBI_01458;EPJKBI_01459;EPJKBI_01460;EPJKBI_01461;EPJKBI_01462;EPJKBI_01463;EPJKBI_01464;EPJKBI_01465;EPJKBI_01466;EPJKBI_01467;EPJKBI_01468;EPJKBI_01469;EPJKBI_01470;EPJKBI_01471;EPJKBI_01472;EPJKBI_01477;EPJKBI_01478;EPJKBI_01479;EPJKBI_01480;EPJKBI_01481;EPJKBI_01482;EPJKBI_01483;EPJKBI_01484;EPJKBI_01485;EPJKBI_01486;EPJKBI_01487;EPJKBI_01488;EPJKBI_01489;EPJKBI_01490;EPJKBI_01491;EPJKBI_01492;EPJKBI_01493;EPJKBI_01494;EPJKBI_01495;EPJKBI_01496;EPJKBI_01497	59	QueE;Fer4_12;PTPS;PT_FPPS_like;GTP_cyclohydroI	NA	NA
GCA_024411965.1	contig_6	antiSMASH	Terpene-precursor	NA	No	1	8189	8189	NA;ILBKFD_00546;ILBKFD_00547;ILBKFD_00548;ILBKFD_00549;ILBKFD_00550;ILBKFD_00551;ILBKFD_00552;ILBKFD_00553;ILBKFD_00554;ILBKFD_00555;ILBKFD_00556;ILBKFD_00557	12	GTP_cyclohydroI;PT_FPPS_like;PTPS;QueE;Fer4_12	NA	NA
GCA_024407155.1	contig_17	deepBGC	Polyketide	0.68045	NA	141	10377	10236	gnl|Bakta|KGIJLL_00890;gnl|Bakta|KGIJLL_00891;gnl|Bakta|KGIJLL_00892;gnl|Bakta|KGIJLL_00893;gnl|Bakta|KGIJLL_00894;gnl|Bakta|KGIJLL_00895;gnl|Bakta|KGIJLL_00896;gnl|Bakta|KGIJLL_00897	8	PF08882;PF02538;PF01968;PF05378;PF09982;PF02667;PF03606;PF03806;PF03600;PF01144;PF13336;PF01144;PF02803;PF00108;PF00109	NA	NA
GCA_024407155.1	contig_25	deepBGC		0.61834	NA	4105	4891	786	gnl|Bakta|KGIJLL_01514	1	PF08003;PF13489;PF13847;PF08241;PF08242;PF13649	NA	NA
GCF_014497235.1	contig_23	deepBGC		0.51282	NA	63368	64115	747	gnl|Bakta|GOADKM_01000	1	PF13561;PF00106;PF08659	NA	NA
GCF_014497235.1	contig_29	deepBGC		0.55415	NA	232	394	162	gnl|Bakta|GOADKM_01093	1	PF01501	NA	NA
GCF_014497235.1	contig_33	deepBGC		0.5042	NA	1	736	735	gnl|Bakta|GOADKM_01110	1	PF01531	NA	NA
GCF_014497235.1	contig_7	deepBGC		0.72563	NA	37977	46745	8768	gnl|Bakta|GOADKM_00482;gnl|Bakta|GOADKM_00483;gnl|Bakta|GOADKM_00484;gnl|Bakta|GOADKM_00485;gnl|Bakta|GOADKM_00486;gnl|Bakta|GOADKM_00487;gnl|Bakta|GOADKM_00488;gnl|Bakta|GOADKM_00489	8	PF02353;PF08003;PF13489;PF01596;PF13847;PF01209;PF08241;PF08242;PF13649;PF05175;PF12847;PF06325;PF01135;PF13679;PF08123;PF01555;PF00133;PF09334;PF01406;PF01588;PF08003;PF13489;PF13649;PF08241;PF08242;PF13847;PF03061;PF13439;PF00534;PF13692;PF02784;PF14449	NA	NA
GCA_040861265.1	contig_29	antiSMASH	Terpene-precursor	NA	No	1	8753	8753	NA;EHKMNH_01622;EHKMNH_01623;EHKMNH_01624;EHKMNH_01625;EHKMNH_01626;EHKMNH_01627;EHKMNH_01628;EHKMNH_01629;EHKMNH_01630;EHKMNH_01631;EHKMNH_01632;EHKMNH_01633;EHKMNH_01634	13	GTP_cyclohydroI;PT_FPPS_like;PTPS;QueE;Fer4_12	NA	NA
GCF_037862355.1	contig_15	antiSMASH	Terpene-precursor	NA	No	1	36460	36460	NA;MNFOLI_01429;MNFOLI_01430;MNFOLI_01431;MNFOLI_01432;MNFOLI_01433;MNFOLI_01434;MNFOLI_01435;MNFOLI_01436;MNFOLI_01437;MNFOLI_01438;MNFOLI_01439;MNFOLI_01440;MNFOLI_01441;MNFOLI_01442;MNFOLI_01443;MNFOLI_01444;MNFOLI_01445;MNFOLI_01446;MNFOLI_01447;MNFOLI_01448;MNFOLI_01449;MNFOLI_01450;MNFOLI_01455;MNFOLI_01456;MNFOLI_01457;MNFOLI_01458;MNFOLI_01459;MNFOLI_01460;MNFOLI_01461;MNFOLI_01462;MNFOLI_01463;MNFOLI_01464;MNFOLI_01465;MNFOLI_01466;MNFOLI_01467;MNFOLI_01468;MNFOLI_01469;MNFOLI_01470;MNFOLI_01471;MNFOLI_01472;MNFOLI_01473	41	QueE;Fer4_12;PTPS;PT_FPPS_like;GTP_cyclohydroI	NA	NA
GCA_024412005.1	contig_20	deepBGC	Saccharide	0.67299	NA	37679	44384	6705	gnl|Bakta|FPHOBG_01423;gnl|Bakta|FPHOBG_01424;gnl|Bakta|FPHOBG_01425;gnl|Bakta|FPHOBG_01426;gnl|Bakta|FPHOBG_01427;gnl|Bakta|FPHOBG_01428	6	PF02353;PF08003;PF13489;PF01596;PF13847;PF01209;PF08241;PF08242;PF13649;PF05175;PF12847;PF06325;PF01135;PF13679;PF08123;PF01555;PF00133;PF09334;PF01406;PF01588;PF08003;PF13489;PF13649;PF08241;PF08242;PF13847;PF03061;PF13439;PF13579;PF00534;PF13692	NA	NA
GCF_011140435.1	contig_10	deepBGC		0.53282	NA	1140	3467	2327	gnl|Bakta|NPBAFM_00281;gnl|Bakta|NPBAFM_00282	2	PF15919;PF02784	NA	NA
GCF_011140435.1	contig_10	deepBGC	Other	0.61934	NA	5100	10207	5107	gnl|Bakta|NPBAFM_00285;gnl|Bakta|NPBAFM_00286;gnl|Bakta|NPBAFM_00287;gnl|Bakta|NPBAFM_00288	4	PF08003;PF13489;PF13847;PF08241;PF08242;PF13649;PF01588;PF09334;PF01406;PF00133;PF02353;PF08003;PF13489;PF08123;PF01209;PF06325;PF01135;PF05175;PF01596;PF13679;PF12847;PF13847;PF08241;PF08242;PF13649	NA	NA
GCF_011140435.1	contig_12	deepBGC		0.58549	NA	16716	24444	7728	gnl|Bakta|NPBAFM_00347;gnl|Bakta|NPBAFM_00348;gnl|Bakta|NPBAFM_00349;gnl|Bakta|NPBAFM_00350;gnl|Bakta|NPBAFM_00353;gnl|Bakta|NPBAFM_00354;gnl|Bakta|NPBAFM_00355	7	PF01135;PF00398;PF13489;PF13847;PF13649;PF03739;PF01416;PF16363;PF01370;PF07993;PF04321;PF02719;PF01073;PF13460;PF00106;PF08659;PF00106;PF01370;PF08659;PF13561;PF08238;PF07719	NA	NA
GCF_011140435.1	contig_12	deepBGC		0.50036	NA	25150	26977	1827	gnl|Bakta|NPBAFM_00357	1	PF00920	NA	NA
GCF_011140435.1	contig_2	deepBGC	Polyketide	0.50027	NA	3614	4790	1176	gnl|Bakta|NPBAFM_00017	1	PF07690;PF00083	NA	NA
GCF_011140435.1	contig_34	deepBGC	Polyketide	0.5421	NA	183027	184877	1850	gnl|Bakta|NPBAFM_01409;gnl|Bakta|NPBAFM_01410	2	PF01061;PF07690;PF06779;PF00083	NA	NA
GCA_024409305.1	contig_33	antiSMASH	Terpene-precursor	NA	No	1	6695	6695	NA;OHMJKN_00208;OHMJKN_00209;OHMJKN_00210;OHMJKN_00211;OHMJKN_00212;OHMJKN_00213;OHMJKN_00214;OHMJKN_00215;OHMJKN_00216	9	QueE;Fer4_12;PTPS;PT_FPPS_like;GTP_cyclohydroI	NA	NA
GCF_014497185.1	contig_8	antiSMASH	Terpene-precursor	NA	No	1	57387	57387	NA;OIIFAN_01398;OIIFAN_01399;OIIFAN_01400;OIIFAN_01401;OIIFAN_01402;OIIFAN_01403;OIIFAN_01404;OIIFAN_01405;OIIFAN_01406;OIIFAN_01407;OIIFAN_01408;OIIFAN_01409;OIIFAN_01410;OIIFAN_01411;OIIFAN_01412;OIIFAN_01413;OIIFAN_01414;OIIFAN_01415;OIIFAN_01416;OIIFAN_01417;OIIFAN_01418;OIIFAN_01419;OIIFAN_01424;OIIFAN_01425;OIIFAN_01426;OIIFAN_01427;OIIFAN_01428;OIIFAN_01429;OIIFAN_01430;OIIFAN_01431;OIIFAN_01432;OIIFAN_01433;OIIFAN_01434;OIIFAN_01435;OIIFAN_01436;OIIFAN_01437;OIIFAN_01438;OIIFAN_01439;OIIFAN_01440;OIIFAN_01441;OIIFAN_01442;OIIFAN_01443;OIIFAN_01444;OIIFAN_01445;OIIFAN_01446;OIIFAN_01447;OIIFAN_01448;OIIFAN_01449;OIIFAN_01450;OIIFAN_01451;OIIFAN_01452;OIIFAN_01453;OIIFAN_01454;OIIFAN_01455;OIIFAN_01456;OIIFAN_01457;OIIFAN_01458;OIIFAN_01459	58	GTP_cyclohydroI;PT_FPPS_like;PTPS;QueE;Fer4_12	NA	NA
GCF_011175275.1	contig_2	antiSMASH	Terpene-precursor	NA	No	1	47905	47905	NA;EHPHJF_00237;EHPHJF_00238;EHPHJF_00239;EHPHJF_00240;EHPHJF_00241;EHPHJF_00242;EHPHJF_00243;EHPHJF_00244;EHPHJF_00245;EHPHJF_00246;EHPHJF_00247;EHPHJF_00248;EHPHJF_00249;EHPHJF_00250;EHPHJF_00251;EHPHJF_00252;EHPHJF_00253;EHPHJF_00254;EHPHJF_00255;EHPHJF_00256;EHPHJF_00257;EHPHJF_00258;EHPHJF_00259;EHPHJF_00260;EHPHJF_00261;EHPHJF_00262;EHPHJF_00263;EHPHJF_00264;EHPHJF_00265;EHPHJF_00266;EHPHJF_00267;EHPHJF_00268;EHPHJF_00269;EHPHJF_00270;EHPHJF_00271;EHPHJF_00274	36	QueE;Fer4_12;PTPS;PT_FPPS_like;GTP_cyclohydroI	NA	NA
GCA_024413715.1	contig_19	antiSMASH	Terpene-precursor	NA	No	1	6815	6815	NA;AKKCMB_00171;AKKCMB_00172;AKKCMB_00173;AKKCMB_00174;AKKCMB_00175;AKKCMB_00176;AKKCMB_00177;AKKCMB_00178;AKKCMB_00179	9	GTP_cyclohydroI;PT_FPPS_like;PTPS;QueE;Fer4_12	NA	NA
GCA_024413715.1	contig_29	antiSMASH	Terpene-precursor	NA	No	1	15310	15310	NA;AKKCMB_00252;AKKCMB_00253;AKKCMB_00254;AKKCMB_00255;AKKCMB_00257;AKKCMB_00258;AKKCMB_00259;AKKCMB_00260;AKKCMB_00261;AKKCMB_00262;AKKCMB_00263;AKKCMB_00264;AKKCMB_00265;AKKCMB_00266;AKKCMB_00267;AKKCMB_00268	16	PT_FPPS_like	NA	NA
GCF_003639335.1	contig_13	deepBGC		0.59946	NA	47352	48563	1211	gnl|Bakta|KDNIJN_00874;gnl|Bakta|KDNIJN_00875;gnl|Bakta|KDNIJN_00876	3	PF10501;PF00550;PF14573;PF16320;PF13561;PF00106;PF08659	NA	NA
GCF_003639335.1	contig_3	deepBGC	Saccharide	0.70377	NA	37885	46944	9059	gnl|Bakta|KDNIJN_00479;gnl|Bakta|KDNIJN_00480;gnl|Bakta|KDNIJN_00481;gnl|Bakta|KDNIJN_00482;gnl|Bakta|KDNIJN_00483;gnl|Bakta|KDNIJN_00484;gnl|Bakta|KDNIJN_00485;gnl|Bakta|KDNIJN_00486;gnl|Bakta|KDNIJN_00487	9	PF02353;PF08003;PF13489;PF01596;PF13847;PF01209;PF08241;PF08242;PF13649;PF05175;PF12847;PF06325;PF01135;PF13679;PF08123;PF01555;PF09334;PF00133;PF01406;PF01588;PF08003;PF13489;PF13649;PF08241;PF08242;PF13847;PF03061;PF13439;PF13579;PF00534;PF13692;PF02784;PF07927;PF15919	NA	NA
GCA_024406535.1	contig_21	antiSMASH	Terpene-precursor	NA	Yes	44838	65749	20912	NA;GCAAGH_01505;GCAAGH_01506;GCAAGH_01507;GCAAGH_01508;GCAAGH_01509;GCAAGH_01510;GCAAGH_01511;GCAAGH_01512;GCAAGH_01513;GCAAGH_01514;GCAAGH_01515;GCAAGH_01516;GCAAGH_01517;GCAAGH_01518;GCAAGH_01519;GCAAGH_01520;GCAAGH_01521;GCAAGH_01522;GCAAGH_01523;GCAAGH_01524	20	QueE;Fer4_12;PTPS;PT_FPPS_like;GTP_cyclohydroI	NA	NA
GCA_024406415.1	contig_3	deepBGC		0.60568	NA	7254	8040	786	gnl|Bakta|HIHFKK_00457	1	PF08003;PF13489;PF13847;PF08241;PF08242;PF13649	NA	NA
GCA_024406415.1	contig_5	deepBGC		0.5322	NA	3463	3763	300	gnl|Bakta|HIHFKK_00548	1	PF07883	NA	NA
GCF_015905065.1	contig_14	deepBGC	Saccharide	0.72854	NA	38484	47043	8559	gnl|Bakta|GOMDAA_01290;gnl|Bakta|GOMDAA_01291;gnl|Bakta|GOMDAA_01292;gnl|Bakta|GOMDAA_01293;gnl|Bakta|GOMDAA_01294;gnl|Bakta|GOMDAA_01295;gnl|Bakta|GOMDAA_01296	7	PF02353;PF08003;PF13489;PF13847;PF01209;PF08241;PF08242;PF13649;PF05175;PF12847;PF06325;PF01135;PF13679;PF08123;PF09334;PF00133;PF01406;PF01588;PF08003;PF13489;PF13649;PF08241;PF08242;PF13847;PF03061;PF13439;PF13579;PF00534;PF13692;PF02784	NA	NA
GCF_015905065.1	contig_22	deepBGC	Polyketide	0.59485	NA	3637	8486	4849	gnl|Bakta|GOMDAA_01539;gnl|Bakta|GOMDAA_01540;gnl|Bakta|GOMDAA_01541;gnl|Bakta|GOMDAA_01542	4	PF01051;PF02661;PF07690;PF05977;PF00899	NA	NA
GCF_015905065.1	contig_22	deepBGC		0.51665	NA	10735	11083	348	gnl|Bakta|GOMDAA_01545	1	PF05713	NA	NA
GCF_015905065.1	contig_22	deepBGC	RiPP	0.74361	NA	12406	15476	3070	gnl|Bakta|GOMDAA_01548;gnl|Bakta|GOMDAA_01549;gnl|Bakta|GOMDAA_01550	3	PF08307;PF02624;PF00881	NA	NA
GCF_015905065.1	contig_3	deepBGC		0.53134	NA	61329	62540	1211	gnl|Bakta|GOMDAA_00430;gnl|Bakta|GOMDAA_00431;gnl|Bakta|GOMDAA_00432	3	PF10501;PF00550;PF14573;PF16320;PF13561;PF00106;PF08659	NA	NA
GCF_040821885.1	contig_17	deepBGC		0.51668	NA	6636	7401	765	gnl|Bakta|HFKFHB_00667	1	PF02668	NA	NA
GCF_040821885.1	contig_8	deepBGC	Polyketide	0.54115	NA	20548	21301	753	gnl|Bakta|HFKFHB_00283	1	PF13561;PF00106;PF08659;PF01370	NA	NA
GCF_040821885.1	contig_8	deepBGC		0.5434	NA	26371	29485	3114	gnl|Bakta|HFKFHB_00290;gnl|Bakta|HFKFHB_00291;gnl|Bakta|HFKFHB_00293	3	PF01135;PF13847;PF13649;PF13489;PF00398;PF00268;PF01041;PF00266;PF00155;PF01053	NA	NA
GCF_014496045.1	contig_3	deepBGC		0.70598	NA	37583	52094	14511	gnl|Bakta|MIONJP_00620;gnl|Bakta|MIONJP_00621;gnl|Bakta|MIONJP_00622;gnl|Bakta|MIONJP_00623;gnl|Bakta|MIONJP_00624;gnl|Bakta|MIONJP_00625;gnl|Bakta|MIONJP_00626;gnl|Bakta|MIONJP_00627;gnl|Bakta|MIONJP_00628;gnl|Bakta|MIONJP_00629;gnl|Bakta|MIONJP_00630;gnl|Bakta|MIONJP_00631	12	PF02353;PF08003;PF13489;PF01596;PF13847;PF01209;PF08241;PF08242;PF13649;PF05175;PF12847;PF06325;PF01135;PF13679;PF08123;PF01555;PF09334;PF00133;PF01406;PF01588;PF08003;PF13489;PF13649;PF08241;PF08242;PF05219;PF13847;PF03061;PF13439;PF00534;PF13692;PF02784;PF07510;PF03235	NA	NA
GCF_011141045.1	contig_13	antiSMASH	Terpene-precursor	NA	No	1	58061	58061	NA;NELMDN_00996;NELMDN_00997;NELMDN_00998;NELMDN_00999;NELMDN_01000;NELMDN_01001;NELMDN_01002;NELMDN_01003;NELMDN_01004;NELMDN_01005;NELMDN_01006;NELMDN_01007;NELMDN_01008;NELMDN_01009;NELMDN_01010;NELMDN_01011;NELMDN_01012;NELMDN_01013;NELMDN_01014;NELMDN_01015;NELMDN_01016;NELMDN_01017;NELMDN_01018;NELMDN_01019;NELMDN_01020;NELMDN_01021;NELMDN_01022;NELMDN_01023;NELMDN_01024;NELMDN_01025;NELMDN_01026;NELMDN_01027;NELMDN_01028;NELMDN_01029;NELMDN_01030;NELMDN_01035;NELMDN_01036;NELMDN_01037;NELMDN_01038;NELMDN_01039;NELMDN_01040;NELMDN_01041;NELMDN_01042;NELMDN_01043;NELMDN_01044;NELMDN_01045;NELMDN_01046;NELMDN_01047;NELMDN_01048;NELMDN_01049;NELMDN_01050;NELMDN_01051;NELMDN_01052;NELMDN_01053;NELMDN_01054;NELMDN_01055	56	Peptidase_M50;QueE;Fer4_12;PTPS;PT_FPPS_like;GTP_cyclohydroI	NA	NA
GCA_024406855.1	contig_29	deepBGC		0.65948	NA	762	5737	4975	gnl|Bakta|FPLDHC_01259;gnl|Bakta|FPLDHC_01260;gnl|Bakta|FPLDHC_01261;gnl|Bakta|FPLDHC_01262;gnl|Bakta|FPLDHC_01263;gnl|Bakta|FPLDHC_01264;gnl|Bakta|FPLDHC_01265;gnl|Bakta|FPLDHC_01266;gnl|Bakta|FPLDHC_01267;gnl|Bakta|FPLDHC_01268	10	PF01924;PF01455;PF02492;PF07883;PF00871;PF00871;PF01515;PF01515;PF01515	NA	NA
GCA_024406855.1	contig_35	deepBGC		0.71464	NA	47520	48699	1179	gnl|Bakta|FPLDHC_01709;gnl|Bakta|FPLDHC_01710;gnl|Bakta|FPLDHC_01711;gnl|Bakta|FPLDHC_01712	4	PF00550;PF16320;PF13561;PF00106;PF08659;PF00106;PF08659;PF13561;PF02826	NA	NA
GCA_024406855.1	contig_9	deepBGC	RiPP	0.52306	NA	24780	25410	630	gnl|Bakta|FPLDHC_00581	1	PF01135;PF13847;PF13649;PF00398	NA	NA
GCA_024406855.1	contig_9	deepBGC		0.55453	NA	30269	30803	534	gnl|Bakta|FPLDHC_00590	1	PF05050	NA	NA
GCF_040821255.1	contig_19	deepBGC	Polyketide	0.68941	NA	145	3658	3513	gnl|Bakta|NMNLCE_00562;gnl|Bakta|NMNLCE_00563;gnl|Bakta|NMNLCE_00564;gnl|Bakta|NMNLCE_00565;gnl|Bakta|NMNLCE_00566	5	PF01039;PF03255;PF02801;PF00109;PF10501;PF00550;PF14573;PF16320;PF13561;PF00106;PF08659	NA	NA
GCF_040821255.1	contig_2	deepBGC		0.53725	NA	37717	38710	993	gnl|Bakta|NMNLCE_00075	1	PF00108;PF00195;PF07451;PF08545;PF08541	NA	NA
GCF_040821255.1	contig_4	deepBGC		0.71116	NA	10766	11753	987	gnl|Bakta|NMNLCE_00126	1	PF05050	NA	NA
GCF_040821255.1	contig_4	deepBGC		0.71912	NA	16590	27805	11215	gnl|Bakta|NMNLCE_00133;gnl|Bakta|NMNLCE_00134;gnl|Bakta|NMNLCE_00135;gnl|Bakta|NMNLCE_00136;gnl|Bakta|NMNLCE_00139;gnl|Bakta|NMNLCE_00140;gnl|Bakta|NMNLCE_00141;gnl|Bakta|NMNLCE_00142;gnl|Bakta|NMNLCE_00143;gnl|Bakta|NMNLCE_00144	10	PF01135;PF00398;PF13847;PF13649;PF03739;PF01416;PF16363;PF01370;PF07993;PF04321;PF02719;PF01073;PF13460;PF08659;PF00106;PF08659;PF01370;PF13561;PF08238;PF07719;PF01081;PF00920;PF00479;PF02781	NA	NA
GCF_040821255.1	contig_4	deepBGC	NRP	0.66885	NA	28485	32574	4089	gnl|Bakta|NMNLCE_00146;gnl|Bakta|NMNLCE_00147;gnl|Bakta|NMNLCE_00148;gnl|Bakta|NMNLCE_00149	4	PF02685;PF08240;PF02826;PF01262;PF03446;PF00107;PF01501;PF01501	NA	NA
GCF_040821255.1	contig_72	deepBGC		0.7143	NA	37602	46667	9065	gnl|Bakta|NMNLCE_01514;gnl|Bakta|NMNLCE_01515;gnl|Bakta|NMNLCE_01516;gnl|Bakta|NMNLCE_01517;gnl|Bakta|NMNLCE_01518;gnl|Bakta|NMNLCE_01519;gnl|Bakta|NMNLCE_01520;gnl|Bakta|NMNLCE_01521;gnl|Bakta|NMNLCE_01522	9	PF02353;PF08003;PF13489;PF13847;PF01209;PF08241;PF08242;PF13649;PF05175;PF12847;PF06325;PF04816;PF01135;PF13679;PF01555;PF00133;PF09334;PF01406;PF01588;PF08003;PF13489;PF13649;PF08241;PF08242;PF13847;PF03061;PF13439;PF00534;PF13692;PF02784;PF07927;PF15919	NA	NA
GCF_011140805.1	contig_16	deepBGC	Polyketide	0.85491	NA	2	2790	2788	gnl|Bakta|EMDABI_00353;gnl|Bakta|EMDABI_00354;gnl|Bakta|EMDABI_00355;gnl|Bakta|EMDABI_00356;gnl|Bakta|EMDABI_00357	5	PF03255;PF02801;PF00109;PF00550;PF14573;PF16320;PF13561;PF00106;PF08659	NA	NA
GCF_011140805.1	contig_26	deepBGC		0.55179	NA	29807	30254	447	gnl|Bakta|EMDABI_00727	1	PF03653;PF05425	NA	NA
GCF_011140805.1	contig_26	deepBGC		0.52223	NA	30823	32901	2078	gnl|Bakta|EMDABI_00729;gnl|Bakta|EMDABI_00730	2	PF12698;PF01061;PF12698;PF01061	NA	NA
GCF_011140805.1	contig_28	deepBGC		0.61233	NA	3658	4444	786	gnl|Bakta|EMDABI_00764	1	PF08003;PF13489;PF13847;PF08241;PF08242;PF13649	NA	NA
GCF_011140485.1	contig_15	antiSMASH	Terpene-precursor	NA	No	1	8277	8277	NA;LPOMKC_00416;LPOMKC_00417;LPOMKC_00418;LPOMKC_00419;LPOMKC_00420;LPOMKC_00421;LPOMKC_00422;LPOMKC_00423;LPOMKC_00424;LPOMKC_00425;LPOMKC_00426;LPOMKC_00427	12	QueE;Fer4_12;PTPS;PT_FPPS_like;GTP_cyclohydroI	NA	NA
GCA_024407045.1	contig_21	antiSMASH	Terpene-precursor	NA	No	1	65900	65900	NA;HONNNF_01342;HONNNF_01343;HONNNF_01344;HONNNF_01345;HONNNF_01346;HONNNF_01347;HONNNF_01348;HONNNF_01349;HONNNF_01350;HONNNF_01351;HONNNF_01352;HONNNF_01353;HONNNF_01354;HONNNF_01355;HONNNF_01356;HONNNF_01357;HONNNF_01358;HONNNF_01359;HONNNF_01360;HONNNF_01361;HONNNF_01362;HONNNF_01363;HONNNF_01364;HONNNF_01366;HONNNF_01370;HONNNF_01371;HONNNF_01372;HONNNF_01373;HONNNF_01374;HONNNF_01375;HONNNF_01376;HONNNF_01377;HONNNF_01378;HONNNF_01379;HONNNF_01380;HONNNF_01381;HONNNF_01382;HONNNF_01383;HONNNF_01384;HONNNF_01385;HONNNF_01386;HONNNF_01387;HONNNF_01388;HONNNF_01389;HONNNF_01390;HONNNF_01391;HONNNF_01392;HONNNF_01393;HONNNF_01394;HONNNF_01395;HONNNF_01396;HONNNF_01397;HONNNF_01398;HONNNF_01399;HONNNF_01400;HONNNF_01401;HONNNF_01402;HONNNF_01403;HONNNF_01404;HONNNF_01405;HONNNF_01406;HONNNF_01407;HONNNF_01408;HONNNF_01409;HONNNF_01410;HONNNF_01411;HONNNF_01412;HONNNF_01413;HONNNF_01414;HONNNF_01415;HONNNF_01416;HONNNF_01417;HONNNF_01418;HONNNF_01419	74	GTP_cyclohydroI;PT_FPPS_like;PTPS;QueE;Fer4_12	NA	NA
GCF_030062625.1	contig_1	antiSMASH	Terpene-precursor	NA	Yes	962651	983562	20912	FOENAJ_00948;FOENAJ_00949;FOENAJ_00950;FOENAJ_00951;FOENAJ_00952;FOENAJ_00953;FOENAJ_00954;FOENAJ_00955;FOENAJ_00956;FOENAJ_00957;FOENAJ_00958;FOENAJ_00959;FOENAJ_00960;FOENAJ_00961;FOENAJ_00962;FOENAJ_00963;FOENAJ_00964;FOENAJ_00965;FOENAJ_00966;FOENAJ_00967	20	GTP_cyclohydroI;PT_FPPS_like;PTPS;QueE;Fer4_12	NA	NA
GCF_015904305.1	contig_5	antiSMASH	Terpene-precursor	NA	No	1	59881	59881	NA;IAJAJJ_01143;IAJAJJ_01144;IAJAJJ_01145;IAJAJJ_01146;IAJAJJ_01147;IAJAJJ_01148;IAJAJJ_01149;IAJAJJ_01150;IAJAJJ_01151;IAJAJJ_01152;IAJAJJ_01153;IAJAJJ_01154;IAJAJJ_01155;IAJAJJ_01156;IAJAJJ_01157;IAJAJJ_01158;IAJAJJ_01159;IAJAJJ_01160;IAJAJJ_01161;IAJAJJ_01162;IAJAJJ_01163;IAJAJJ_01164;IAJAJJ_01169;IAJAJJ_01170;IAJAJJ_01171;IAJAJJ_01172;IAJAJJ_01173;IAJAJJ_01174;IAJAJJ_01175;IAJAJJ_01176;IAJAJJ_01177;IAJAJJ_01178;IAJAJJ_01179;IAJAJJ_01180;IAJAJJ_01181;IAJAJJ_01182;IAJAJJ_01183;IAJAJJ_01184;IAJAJJ_01185;IAJAJJ_01186;IAJAJJ_01187;IAJAJJ_01188;IAJAJJ_01189;IAJAJJ_01190;IAJAJJ_01191;IAJAJJ_01192;IAJAJJ_01193;IAJAJJ_01194;IAJAJJ_01195;IAJAJJ_01196;IAJAJJ_01197;IAJAJJ_01198;IAJAJJ_01199;IAJAJJ_01200;IAJAJJ_01201;IAJAJJ_01202;IAJAJJ_01203;IAJAJJ_01204;IAJAJJ_01205;IAJAJJ_01206;IAJAJJ_01207;IAJAJJ_01208;IAJAJJ_01209;IAJAJJ_01210;IAJAJJ_01211	65	GTP_cyclohydroI;PT_FPPS_like;PTPS;QueE;Fer4_12	NA	NA
GCA_040862085.1	contig_19	antiSMASH	Terpene-precursor	NA	No	1	8211	8211	NA;FFBNAF_01574;FFBNAF_01575;FFBNAF_01576;FFBNAF_01577;FFBNAF_01578;FFBNAF_01579;FFBNAF_01580;FFBNAF_01581;FFBNAF_01582;FFBNAF_01583;FFBNAF_01584;FFBNAF_01585	12	QueE;Fer4_12;PTPS;PT_FPPS_like;GTP_cyclohydroI	NA	NA
GCF_011105765.1	contig_75	antiSMASH	Terpene-precursor	NA	No	1	8523	8523	NA;OGFBHJ_01371;OGFBHJ_01372;OGFBHJ_01373;OGFBHJ_01374;OGFBHJ_01375;OGFBHJ_01376;OGFBHJ_01377;OGFBHJ_01378	8	QueE;Fer4_12;PTPS;PT_FPPS_like;GTP_cyclohydroI	NA	NA
GCF_014498195.1	contig_3	antiSMASH	Terpene-precursor	NA	No	1	58579	58579	NA;FOCLBN_00313;FOCLBN_00314;FOCLBN_00315;FOCLBN_00316;FOCLBN_00317;FOCLBN_00318;FOCLBN_00319;FOCLBN_00320;FOCLBN_00321;FOCLBN_00322;FOCLBN_00323;FOCLBN_00324;FOCLBN_00325;FOCLBN_00326;FOCLBN_00327;FOCLBN_00328;FOCLBN_00329;FOCLBN_00330;FOCLBN_00331;FOCLBN_00332;FOCLBN_00333;FOCLBN_00334;FOCLBN_00335;FOCLBN_00336;FOCLBN_00337;FOCLBN_00338;FOCLBN_00339;FOCLBN_00340;FOCLBN_00341;FOCLBN_00342;FOCLBN_00343;FOCLBN_00344;FOCLBN_00345;FOCLBN_00346;FOCLBN_00351;FOCLBN_00352;FOCLBN_00353;FOCLBN_00354;FOCLBN_00355;FOCLBN_00356;FOCLBN_00357;FOCLBN_00358;FOCLBN_00359;FOCLBN_00360;FOCLBN_00361;FOCLBN_00362;FOCLBN_00363;FOCLBN_00364;FOCLBN_00365;FOCLBN_00366;FOCLBN_00367;FOCLBN_00368;FOCLBN_00369;FOCLBN_00370;FOCLBN_00371	55	QueE;Fer4_12;PTPS;PT_FPPS_like;GTP_cyclohydroI	NA	NA
GCA_040862165	contig_1	GECCO	Unknown	0.9945292209815784	NA	394651	398329	3678	contig_1_371;contig_1_372;contig_1_373;contig_1_374;contig_1_375	5	PF01041;PF06306;PF06306	NA	IPR010446;IPR010446;IPR000653
GCA_040862565.1	contig_10	deepBGC	Polyketide	0.61354	NA	46106	47923	1817	gnl|Bakta|INLOFJ_01214;gnl|Bakta|INLOFJ_01215	2	PF07719;PF08238;PF13561;PF00106;PF01370;PF08659	NA	NA
GCA_040862565.1	contig_10	deepBGC		0.71648	NA	52995	56108	3113	gnl|Bakta|INLOFJ_01222;gnl|Bakta|INLOFJ_01223;gnl|Bakta|INLOFJ_01225	3	PF01135;PF13847;PF13489;PF13649;PF00398;PF00268;PF01041;PF00266;PF00155	NA	NA
GCA_040862565.1	contig_12	deepBGC		0.75743	NA	37700	46280	8580	gnl|Bakta|INLOFJ_01314;gnl|Bakta|INLOFJ_01315;gnl|Bakta|INLOFJ_01316;gnl|Bakta|INLOFJ_01317;gnl|Bakta|INLOFJ_01318;gnl|Bakta|INLOFJ_01319;gnl|Bakta|INLOFJ_01320	7	PF02353;PF08003;PF13489;PF13847;PF01209;PF08241;PF08242;PF13649;PF05175;PF12847;PF06325;PF01135;PF13679;PF08123;PF01555;PF00133;PF09334;PF01406;PF01588;PF08003;PF13489;PF13649;PF08241;PF08242;PF13847;PF03061;PF13439;PF00534;PF13692;PF02784	NA	NA
GCA_040862565.1	contig_15	deepBGC		0.51052	NA	4729	5029	300	gnl|Bakta|INLOFJ_01418	1	PF07883	NA	NA
GCA_040862565.1	contig_4	deepBGC		0.5828	NA	535	2868	2333	gnl|Bakta|INLOFJ_00604;gnl|Bakta|INLOFJ_00605;gnl|Bakta|INLOFJ_00606;gnl|Bakta|INLOFJ_00607;gnl|Bakta|INLOFJ_00608;gnl|Bakta|INLOFJ_00609	6	PF00092;PF13519;PF13672;PF13672;PF07714;PF01636	NA	NA
GCF_011140955.1	contig_1	antiSMASH	Terpene-precursor	NA	No	1	8007	8007	KBBEHG_00001;KBBEHG_00002;KBBEHG_00003;KBBEHG_00004;KBBEHG_00005;KBBEHG_00006;KBBEHG_00007;KBBEHG_00008;KBBEHG_00009;KBBEHG_00010;KBBEHG_00011	11	GTP_cyclohydroI;PT_FPPS_like;PTPS;QueE;Fer4_12	NA	NA
GCF_015905135.1	contig_11	deepBGC		0.53161	NA	197	2045	1848	gnl|Bakta|IBEPHP_01167	1	PF02784	NA	NA
GCF_015905135.1	contig_11	deepBGC		0.62272	NA	3677	8786	5109	gnl|Bakta|IBEPHP_01170;gnl|Bakta|IBEPHP_01171;gnl|Bakta|IBEPHP_01172;gnl|Bakta|IBEPHP_01173	4	PF08003;PF13489;PF13847;PF08241;PF08242;PF13649;PF01588;PF09334;PF01406;PF00133;PF02353;PF08003;PF13489;PF08123;PF01209;PF06325;PF01135;PF05175;PF13679;PF12847;PF13847;PF08241;PF08242;PF13649	NA	NA
GCF_014497445.1	contig_18	antiSMASH	Terpene-precursor	NA	No	1	9396	9396	NA;ILOGEE_00987;ILOGEE_00988;ILOGEE_00989;ILOGEE_00990;ILOGEE_00991;ILOGEE_00992;ILOGEE_00993;ILOGEE_00994;ILOGEE_00995;ILOGEE_00996;ILOGEE_00997;ILOGEE_00998;ILOGEE_00999	13	GTP_cyclohydroI;PT_FPPS_like;PTPS;QueE;Fer4_12	NA	NA
GCF_040821595.1	contig_48	deepBGC	Other	0.71902	NA	56398	61498	5100	gnl|Bakta|PCCDID_01319;gnl|Bakta|PCCDID_01320;gnl|Bakta|PCCDID_01321;gnl|Bakta|PCCDID_01322	4	PF02353;PF08003;PF13489;PF01596;PF13847;PF01209;PF08241;PF08242;PF13649;PF05175;PF12847;PF06325;PF01135;PF13679;PF08123;PF01555;PF09334;PF00133;PF01406;PF01588;PF08003;PF13489;PF13649;PF08241;PF08242;PF13847	NA	NA
GCA_040862305.1	contig_10	deepBGC	Saccharide	0.67711	NA	28437	35125	6688	gnl|Bakta|CAFHHL_01423;gnl|Bakta|CAFHHL_01424;gnl|Bakta|CAFHHL_01425;gnl|Bakta|CAFHHL_01426;gnl|Bakta|CAFHHL_01427;gnl|Bakta|CAFHHL_01428	6	PF02353;PF08003;PF13489;PF13847;PF01209;PF08241;PF08242;PF13649;PF05175;PF12847;PF06325;PF01135;PF13679;PF08123;PF01555;PF00133;PF09334;PF01406;PF01588;PF08003;PF13489;PF13649;PF08241;PF08242;PF13847;PF03061;PF13439;PF13579;PF00534;PF13692	NA	NA
GCA_040862305.1	contig_7	deepBGC		0.53074	NA	92333	93612	1279	gnl|Bakta|CAFHHL_01262;gnl|Bakta|CAFHHL_01263;gnl|Bakta|CAFHHL_01264	3	PF07883;PF02492	NA	NA
GCA_040861965.1	contig_19	antiSMASH	Terpene-precursor	NA	No	1	11425	11425	NA;GAEKEM_01581;GAEKEM_01582;GAEKEM_01583;GAEKEM_01584;GAEKEM_01585;GAEKEM_01586;GAEKEM_01587;GAEKEM_01588;GAEKEM_01589;GAEKEM_01590;GAEKEM_01591;GAEKEM_01592;GAEKEM_01593;GAEKEM_01594;GAEKEM_01595;GAEKEM_01596	16	GTP_cyclohydroI;PT_FPPS_like;PTPS;QueE;Fer4_12	NA	NA
GCF_011140615.1	contig_38	antiSMASH	Terpene-precursor	NA	No	1	11182	11182	NA;KDPIJM_01085;KDPIJM_01086;KDPIJM_01087;KDPIJM_01088;KDPIJM_01089;KDPIJM_01090;KDPIJM_01091;KDPIJM_01092;KDPIJM_01093;KDPIJM_01094;KDPIJM_01095;KDPIJM_01096;KDPIJM_01097	13	GTP_cyclohydroI;PT_FPPS_like;PTPS;QueE;Fer4_12	NA	NA
GCF_014498925.1	contig_2	deepBGC	Saccharide	0.68378	NA	37896	46468	8572	gnl|Bakta|NLMBMA_00321;gnl|Bakta|NLMBMA_00322;gnl|Bakta|NLMBMA_00323;gnl|Bakta|NLMBMA_00324;gnl|Bakta|NLMBMA_00325;gnl|Bakta|NLMBMA_00326;gnl|Bakta|NLMBMA_00327	7	PF02353;PF08003;PF13489;PF01596;PF13847;PF01209;PF08241;PF08242;PF13649;PF05175;PF12847;PF06325;PF01135;PF13679;PF08123;PF01555;PF00133;PF09334;PF01406;PF01588;PF08003;PF13489;PF13649;PF08241;PF08242;PF13847;PF03061;PF13439;PF13579;PF00534;PF13692;PF02784	NA	NA
GCF_001998295.1	contig_8	deepBGC	Saccharide	0.70882	NA	37682	49626	11944	gnl|Bakta|LDNJAJ_00632;gnl|Bakta|LDNJAJ_00633;gnl|Bakta|LDNJAJ_00634;gnl|Bakta|LDNJAJ_00635;gnl|Bakta|LDNJAJ_00636;gnl|Bakta|LDNJAJ_00637;gnl|Bakta|LDNJAJ_00638;gnl|Bakta|LDNJAJ_00639;gnl|Bakta|LDNJAJ_00640;gnl|Bakta|LDNJAJ_00641	10	PF02353;PF08003;PF13489;PF13847;PF01209;PF08241;PF08242;PF13649;PF05175;PF12847;PF06325;PF01135;PF13679;PF08123;PF01555;PF00133;PF09334;PF01406;PF01588;PF08003;PF13489;PF13649;PF08241;PF08242;PF13847;PF03061;PF13439;PF13579;PF00534;PF13692;PF02784;PF07510;PF03235	NA	NA
GCF_014498125.1	contig_18	antiSMASH	Terpene-precursor	NA	No	1	59767	59767	NA;DNEHHN_01463;DNEHHN_01464;DNEHHN_01465;DNEHHN_01466;DNEHHN_01467;DNEHHN_01468;DNEHHN_01469;DNEHHN_01470;DNEHHN_01471;DNEHHN_01472;DNEHHN_01473;DNEHHN_01474;DNEHHN_01475;DNEHHN_01476;DNEHHN_01477;DNEHHN_01478;DNEHHN_01479;DNEHHN_01480;DNEHHN_01481;DNEHHN_01482;DNEHHN_01483;DNEHHN_01484;DNEHHN_01489;DNEHHN_01490;DNEHHN_01491;DNEHHN_01492;DNEHHN_01493;DNEHHN_01494;DNEHHN_01495;DNEHHN_01496;DNEHHN_01497;DNEHHN_01498;DNEHHN_01499;DNEHHN_01500;DNEHHN_01501;DNEHHN_01502;DNEHHN_01503;DNEHHN_01504;DNEHHN_01505;DNEHHN_01506;DNEHHN_01507;DNEHHN_01508;DNEHHN_01509;DNEHHN_01510;DNEHHN_01511;DNEHHN_01512;DNEHHN_01513;DNEHHN_01514;DNEHHN_01515;DNEHHN_01516;DNEHHN_01517;DNEHHN_01518;DNEHHN_01519;DNEHHN_01520;DNEHHN_01521;DNEHHN_01522;DNEHHN_01523;DNEHHN_01524;DNEHHN_01525;DNEHHN_01526	60	GTP_cyclohydroI;PT_FPPS_like;PTPS;QueE;Fer4_12	NA	NA
GCF_040821535.1	contig_48	antiSMASH	Terpene-precursor	NA	No	1	10299	10299	NA;BKOOKJ_01145;BKOOKJ_01146;BKOOKJ_01147;BKOOKJ_01148;BKOOKJ_01149;BKOOKJ_01150;BKOOKJ_01151;BKOOKJ_01152;BKOOKJ_01153;BKOOKJ_01154;BKOOKJ_01155;BKOOKJ_01156;BKOOKJ_01157;BKOOKJ_01158	14	QueE;Fer4_12;PTPS;PT_FPPS_like;GTP_cyclohydroI	NA	NA
GCF_015905025.1	contig_12	deepBGC		0.53736	NA	4341	5127	786	gnl|Bakta|MANAPH_01157	1	PF08003;PF13489;PF13847;PF08241;PF08242;PF13649	NA	NA
GCF_015905025.1	contig_24	deepBGC	RiPP	0.61708	NA	1417	2868	1451	gnl|Bakta|MANAPH_01559;gnl|Bakta|MANAPH_01560	2	PF01061;PF00005;PF13304;PF02463;PF01926;PF03193;PF13476;PF13555	NA	NA
GCF_015905025.1	contig_24	deepBGC		0.5153	NA	5823	6276	453	gnl|Bakta|MANAPH_01564	1	PF09559	NA	NA
GCF_015905025.1	contig_24	deepBGC	Polyketide	0.62115	NA	6841	9069	2228	gnl|Bakta|MANAPH_01566;gnl|Bakta|MANAPH_01567	2	PF00899;PF07690;PF12832;PF05977	NA	NA
GCF_015904725.1	contig_31	antiSMASH	Terpene-precursor	NA	No	1	8120	8120	NA;DMJMOO_01554;DMJMOO_01555;DMJMOO_01556;DMJMOO_01557;DMJMOO_01558;DMJMOO_01559;DMJMOO_01560;DMJMOO_01561;DMJMOO_01562;DMJMOO_01563;DMJMOO_01564;DMJMOO_01565	12	QueE;Fer4_12;PTPS;PT_FPPS_like;GTP_cyclohydroI	NA	NA
GCA_024412535.1	contig_2	deepBGC		0.5097	NA	33334	33634	300	gnl|Bakta|MGBBJK_00378	1	PF07883	NA	NA
GCA_024412535.1	contig_7	deepBGC	Other	0.61189	NA	37719	42810	5091	gnl|Bakta|MGBBJK_00534;gnl|Bakta|MGBBJK_00535;gnl|Bakta|MGBBJK_00536;gnl|Bakta|MGBBJK_00537	4	PF02353;PF08003;PF13489;PF01596;PF13847;PF01209;PF08241;PF08242;PF13649;PF05175;PF12847;PF06325;PF01135;PF13679;PF08123;PF01555;PF00133;PF09334;PF01406;PF01588;PF08003;PF13489;PF13649;PF08241;PF08242;PF13847	NA	NA
GCF_040821215.1	contig_12	deepBGC	Polyketide	0.62889	NA	18679	20492	1813	gnl|Bakta|HHFEAH_00468;gnl|Bakta|HHFEAH_00469	2	PF07719;PF08238;PF13561;PF00106;PF08659;PF01370	NA	NA
GCF_040821215.1	contig_12	deepBGC		0.6352	NA	25384	28498	3114	gnl|Bakta|HHFEAH_00476;gnl|Bakta|HHFEAH_00477;gnl|Bakta|HHFEAH_00479	3	PF01135;PF13847;PF13649;PF00398;PF13489;PF00268;PF01041;PF00266;PF01053;PF00155	NA	NA
GCF_040821215.1	contig_31	deepBGC	Other	0.64851	NA	2218	7306	5088	gnl|Bakta|HHFEAH_00935;gnl|Bakta|HHFEAH_00936;gnl|Bakta|HHFEAH_00937;gnl|Bakta|HHFEAH_00938	4	PF02353;PF08003;PF13489;PF01596;PF13847;PF01209;PF08241;PF08242;PF13649;PF05175;PF12847;PF06325;PF01135;PF13679;PF08123;PF01555;PF00133;PF09334;PF01406;PF01588;PF08003;PF13489;PF13649;PF08241;PF08242;PF13847	NA	NA
GCF_040821215.1	contig_59	deepBGC		0.54846	NA	2	3008	3006	gnl|Bakta|HHFEAH_01381;gnl|Bakta|HHFEAH_01382	2	PF02521;PF02521	NA	NA
GCF_014497655.1	contig_8	antiSMASH	Terpene-precursor	NA	No	1	8211	8211	NA;IPANND_00429;IPANND_00430;IPANND_00431;IPANND_00432;IPANND_00433;IPANND_00434;IPANND_00435;IPANND_00436;IPANND_00437;IPANND_00438;IPANND_00439;IPANND_00440	12	QueE;Fer4_12;PTPS;PT_FPPS_like;GTP_cyclohydroI	NA	NA
GCF_011175015.1	contig_17	deepBGC	RiPP	0.67	NA	5876	7199	1323	gnl|Bakta|IADIJG_00928	1	PF02624	NA	NA
GCF_011175015.1	contig_30	deepBGC		0.75018	NA	118	22821	22703	gnl|Bakta|IADIJG_01500;gnl|Bakta|IADIJG_01501;gnl|Bakta|IADIJG_01502;gnl|Bakta|IADIJG_01503;gnl|Bakta|IADIJG_01504;gnl|Bakta|IADIJG_01505;gnl|Bakta|IADIJG_01506;gnl|Bakta|IADIJG_01507;gnl|Bakta|IADIJG_01508;gnl|Bakta|IADIJG_01509;gnl|Bakta|IADIJG_01512;gnl|Bakta|IADIJG_01513;gnl|Bakta|IADIJG_01514;gnl|Bakta|IADIJG_01515;gnl|Bakta|IADIJG_01516;gnl|Bakta|IADIJG_01518;gnl|Bakta|IADIJG_01519;gnl|Bakta|IADIJG_01520;gnl|Bakta|IADIJG_01521;gnl|Bakta|IADIJG_01522;gnl|Bakta|IADIJG_01523;gnl|Bakta|IADIJG_01524;gnl|Bakta|IADIJG_01525	23	PF01501;PF00107;PF03446;PF02826;PF01262;PF08240;PF02685;PF01182;PF02781;PF00479;PF00920;PF01081;PF07719;PF08238;PF13561;PF00106;PF08659;PF01370;PF04321;PF16363;PF01370;PF02719;PF08659;PF00106;PF01073;PF07993;PF13460;PF01416;PF03739;PF01135;PF13847;PF13649;PF00398;PF13489;PF00268;PF01041;PF00266;PF05050;PF02785;PF15632;PF02786;PF08443;PF02655;PF02222;PF07478;PF00289	NA	NA
GCF_011175015.1	contig_6	deepBGC		0.50574	NA	7364	8150	786	gnl|Bakta|IADIJG_00499	1	PF08003;PF13489;PF13847;PF08241;PF08242;PF13649	NA	NA
GCA_024406835.1	contig_10	deepBGC	Polyketide	0.52805	NA	18761	20622	1861	gnl|Bakta|ODMBKK_00634;gnl|Bakta|ODMBKK_00635	2	PF07719;PF08238;PF13561;PF00106;PF01370;PF08659	NA	NA
GCA_024406835.1	contig_10	deepBGC		0.59689	NA	25512	27910	2398	gnl|Bakta|ODMBKK_00643;gnl|Bakta|ODMBKK_00644;gnl|Bakta|ODMBKK_00646	3	PF01135;PF13847;PF13489;PF13649;PF00398;PF00268;PF01041	NA	NA
GCA_024406835.1	contig_13	deepBGC	NRP	0.53386	NA	34	6329	6295	gnl|Bakta|ODMBKK_00820;gnl|Bakta|ODMBKK_00821;gnl|Bakta|ODMBKK_00822;gnl|Bakta|ODMBKK_00823;gnl|Bakta|ODMBKK_00824	5	PF01016;PF00829;PF00669;PF00795;PF01063;PF00425	NA	NA
GCA_024406835.1	contig_3	deepBGC		0.60781	NA	9994	10719	725	gnl|Bakta|ODMBKK_00318;ODMBKK_00319	2	PF08003;PF13489;PF13847;PF08241;PF08242;PF13649;PF08003	NA	NA
GCF_015904435.1	contig_7	antiSMASH	Terpene-precursor	NA	No	1	57630	57630	NA;PAINMO_01346;PAINMO_01347;PAINMO_01348;PAINMO_01349;PAINMO_01350;PAINMO_01351;PAINMO_01352;PAINMO_01353;PAINMO_01354;PAINMO_01355;PAINMO_01356;PAINMO_01357;PAINMO_01358;PAINMO_01359;PAINMO_01360;PAINMO_01361;PAINMO_01362;PAINMO_01363;PAINMO_01364;PAINMO_01365;PAINMO_01366;PAINMO_01367;PAINMO_01368;PAINMO_01369;PAINMO_01370;PAINMO_01371;PAINMO_01372;PAINMO_01373;PAINMO_01374;PAINMO_01375;PAINMO_01376;PAINMO_01377;PAINMO_01378;PAINMO_01379;PAINMO_01380;PAINMO_01381;PAINMO_01386;PAINMO_01387;PAINMO_01388;PAINMO_01389;PAINMO_01390;PAINMO_01391;PAINMO_01392;PAINMO_01393;PAINMO_01394;PAINMO_01395;PAINMO_01396;PAINMO_01397;PAINMO_01398;PAINMO_01399;PAINMO_01400;PAINMO_01401;PAINMO_01402;PAINMO_01403;PAINMO_01404;PAINMO_01405;PAINMO_01406;PAINMO_01407	58	QueE;Fer4_12;PTPS;PT_FPPS_like;GTP_cyclohydroI	NA	NA
GCF_003639365.1	contig_27	antiSMASH	Terpene-precursor	NA	No	1	10983	10983	NA;NDPEDH_01240;NDPEDH_01241;NDPEDH_01242;NDPEDH_01243;NDPEDH_01244;NDPEDH_01245;NDPEDH_01246;NDPEDH_01247;NDPEDH_01248;NDPEDH_01249;NDPEDH_01250;NDPEDH_01251;NDPEDH_01252;NDPEDH_01253;NDPEDH_01254	15	GTP_cyclohydroI;PT_FPPS_like;PTPS;QueE;Fer4_12	NA	NA
GCA_040857645.1	contig_1	antiSMASH	Terpene-precursor	NA	No	1	63361	63361	BELGKN_00001;BELGKN_00002;BELGKN_00003;BELGKN_00004;BELGKN_00005;BELGKN_00006;BELGKN_00007;BELGKN_00008;BELGKN_00009;BELGKN_00010;BELGKN_00011;BELGKN_00012;BELGKN_00013;BELGKN_00014;BELGKN_00015;BELGKN_00016;BELGKN_00017;BELGKN_00018;BELGKN_00019;BELGKN_00020;BELGKN_00021;BELGKN_00022;BELGKN_00023;BELGKN_00024;BELGKN_00025;BELGKN_00026;BELGKN_00027;BELGKN_00028;BELGKN_00029;BELGKN_00030;BELGKN_00031;BELGKN_00032;BELGKN_00033;BELGKN_00034;BELGKN_00035;BELGKN_00036;BELGKN_00037;BELGKN_00038;BELGKN_00039;BELGKN_00042;BELGKN_00043;BELGKN_00044;BELGKN_00045;BELGKN_00046;BELGKN_00047;BELGKN_00048;BELGKN_00049;BELGKN_00050;BELGKN_00051;BELGKN_00052;BELGKN_00053;BELGKN_00054	52	QueE;Fer4_12;PTPS;PT_FPPS_like;GTP_cyclohydroI	NA	NA
GCA_040861845.1	contig_22	antiSMASH	Terpene-precursor	NA	No	1	8143	8143	NA;FAHABP_01569;FAHABP_01570;FAHABP_01571;FAHABP_01572;FAHABP_01573;FAHABP_01574;FAHABP_01575;FAHABP_01576;FAHABP_01577;FAHABP_01578;FAHABP_01579;FAHABP_01580	12	QueE;Fer4_12;PTPS;PT_FPPS_like;GTP_cyclohydroI	NA	NA
GCA_024407035.1	contig_11	deepBGC		0.55359	NA	3223	4591	1368	gnl|Bakta|MPACAB_00606	1	PF00289;PF15632;PF14397;PF08443;PF02655;PF02786;PF13549;PF02222;PF07478;PF02785	NA	NA
GCA_024407035.1	contig_11	deepBGC		0.78115	NA	9361	16890	7529	gnl|Bakta|MPACAB_00617;gnl|Bakta|MPACAB_00618;gnl|Bakta|MPACAB_00619;gnl|Bakta|MPACAB_00620;gnl|Bakta|MPACAB_00623;gnl|Bakta|MPACAB_00624;gnl|Bakta|MPACAB_00625	7	PF01135;PF00398;PF13489;PF13847;PF13649;PF03739;PF01416;PF16363;PF01370;PF07993;PF04321;PF02719;PF01073;PF13460;PF08659;PF00106;PF01370;PF08659;PF13561;PF08238;PF07719	NA	NA
GCA_024407035.1	contig_28	deepBGC		0.57798	NA	80	497	417	gnl|Bakta|MPACAB_01173	1	PF01029	NA	NA
GCA_024407035.1	contig_5	deepBGC		0.53957	NA	861	2630	1769	gnl|Bakta|MPACAB_00340;MPACAB_00341	2	PF02784;PF02784	NA	NA
GCA_024407035.1	contig_5	deepBGC		0.66459	NA	4340	8064	3724	gnl|Bakta|MPACAB_00345;gnl|Bakta|MPACAB_00346;gnl|Bakta|MPACAB_00347;gnl|Bakta|MPACAB_00348	4	PF08003;PF13489;PF13847;PF08241;PF08242;PF08003;PF13847;PF01588;PF09334;PF01406;PF00133	NA	NA
GCA_024407035.1	contig_8	deepBGC		0.51745	NA	33209	33509	300	gnl|Bakta|MPACAB_00502	1	PF07883	NA	NA
GCA_024413025.1	contig_3	deepBGC		0.6096	NA	9797	11879	2082	gnl|Bakta|BEBJAJ_00300;gnl|Bakta|BEBJAJ_00301;gnl|Bakta|BEBJAJ_00302	3	PF08003;PF13489;PF13847;PF08241;PF08242;PF13649;PF01588	NA	NA
GCF_014497455.1	contig_14	antiSMASH	Terpene-precursor	NA	No	1	8168	8168	NA;MNNBEJ_00871;MNNBEJ_00872;MNNBEJ_00873;MNNBEJ_00874;MNNBEJ_00875;MNNBEJ_00876;MNNBEJ_00877;MNNBEJ_00878;MNNBEJ_00879;MNNBEJ_00880;MNNBEJ_00881;MNNBEJ_00882	12	GTP_cyclohydroI;PT_FPPS_like;PTPS;QueE;Fer4_12	NA	NA
GCF_014496825.1	contig_20	antiSMASH	Terpene-precursor	NA	No	1	8242	8242	NA;CEHCEH_00883;CEHCEH_00884;CEHCEH_00885;CEHCEH_00886;CEHCEH_00887;CEHCEH_00888;CEHCEH_00889;CEHCEH_00890;CEHCEH_00891;CEHCEH_00892;CEHCEH_00893;CEHCEH_00894	12	GTP_cyclohydroI;PT_FPPS_like;PTPS;QueE;Fer4_12	NA	NA
GCA_024406475.1	contig_16	deepBGC		0.54259	NA	7332	8118	786	gnl|Bakta|BDGGFJ_01316	1	PF08003;PF13489;PF13847;PF08241;PF08242;PF13649	NA	NA
GCF_015904205.1	contig_9	antiSMASH	Terpene-precursor	NA	No	1	46753	46753	NA;DOICPJ_01335;DOICPJ_01336;DOICPJ_01337;DOICPJ_01338;DOICPJ_01339;DOICPJ_01340;DOICPJ_01341;DOICPJ_01342;DOICPJ_01343;DOICPJ_01344;DOICPJ_01345;DOICPJ_01346;DOICPJ_01347;DOICPJ_01348;DOICPJ_01349;DOICPJ_01350;DOICPJ_01351;DOICPJ_01352;DOICPJ_01353;DOICPJ_01354;DOICPJ_01355;DOICPJ_01360;DOICPJ_01361;DOICPJ_01362;DOICPJ_01363;DOICPJ_01364;DOICPJ_01365;DOICPJ_01366;DOICPJ_01367;DOICPJ_01368;DOICPJ_01369;DOICPJ_01370;DOICPJ_01371;DOICPJ_01372;DOICPJ_01373;DOICPJ_01374;DOICPJ_01375;DOICPJ_01376;DOICPJ_01377;DOICPJ_01378;DOICPJ_01379;DOICPJ_01380;DOICPJ_01381;DOICPJ_01382;DOICPJ_01383;DOICPJ_01384;DOICPJ_01385;DOICPJ_01386;DOICPJ_01387;DOICPJ_01388;DOICPJ_01389	51	GTP_cyclohydroI;PT_FPPS_like;PTPS;QueE;Fer4_12	NA	NA
GCF_014497305.1	contig_12	antiSMASH	Terpene-precursor	NA	No	1	98887	98887	NA;KLHBON_01242;KLHBON_01243;KLHBON_01244;KLHBON_01245;KLHBON_01246;KLHBON_01247;KLHBON_01248;KLHBON_01249;KLHBON_01250;KLHBON_01251;KLHBON_01252;KLHBON_01253;KLHBON_01254;KLHBON_01255;KLHBON_01256;KLHBON_01257;KLHBON_01258;KLHBON_01259;KLHBON_01260;KLHBON_01261;KLHBON_01262;KLHBON_01263;KLHBON_01264;KLHBON_01265;KLHBON_01266;KLHBON_01267;KLHBON_01268;KLHBON_01269;KLHBON_01270;KLHBON_01271;KLHBON_01272;KLHBON_01273;KLHBON_01274;KLHBON_01275;KLHBON_01276;KLHBON_01277;KLHBON_01278;KLHBON_01279;KLHBON_01280;KLHBON_01281;KLHBON_01282;KLHBON_01283;KLHBON_01284;KLHBON_01285;KLHBON_01286;KLHBON_01287;KLHBON_01288;KLHBON_01289;KLHBON_01290;KLHBON_01291;KLHBON_01292;KLHBON_01293;KLHBON_01294;KLHBON_01295;KLHBON_01296;KLHBON_01297;KLHBON_01298;KLHBON_01299;KLHBON_01300;KLHBON_01301;KLHBON_01302;KLHBON_01303;KLHBON_01304;KLHBON_01305;KLHBON_01306;KLHBON_01307;KLHBON_01308;KLHBON_01309;KLHBON_01310;KLHBON_01311;KLHBON_01312;KLHBON_01317;KLHBON_01318;KLHBON_01319;KLHBON_01320;KLHBON_01321;KLHBON_01322;KLHBON_01323;KLHBON_01324;KLHBON_01325;KLHBON_01326;KLHBON_01327;KLHBON_01328;KLHBON_01329;KLHBON_01330;KLHBON_01331;KLHBON_01332;KLHBON_01333;KLHBON_01334;KLHBON_01335;KLHBON_01336;KLHBON_01337	92	QueE;Fer4_12;PTPS;PT_FPPS_like;GTP_cyclohydroI	NA	NA
GCF_037862355.1	contig_4	deepBGC		0.72585	NA	108541	123205	14664	gnl|Bakta|MNFOLI_00862;gnl|Bakta|MNFOLI_00863;gnl|Bakta|MNFOLI_00864;gnl|Bakta|MNFOLI_00865;gnl|Bakta|MNFOLI_00866;gnl|Bakta|MNFOLI_00867;gnl|Bakta|MNFOLI_00868;gnl|Bakta|MNFOLI_00869;gnl|Bakta|MNFOLI_00870;gnl|Bakta|MNFOLI_00871;gnl|Bakta|MNFOLI_00872;gnl|Bakta|MNFOLI_00873	12	PF02353;PF08003;PF13489;PF01596;PF13847;PF01209;PF08241;PF08242;PF13649;PF05175;PF12847;PF06325;PF01135;PF13679;PF08123;PF00133;PF09334;PF01406;PF01588;PF08003;PF13489;PF13649;PF08241;PF08242;PF13847;PF03061;PF13439;PF00534;PF13692;PF02784;PF03534;PF02272;PF07510;PF03235	NA	NA
GCA_024406605.1	contig_19	antiSMASH	Terpene-precursor	NA	No	1	57582	57582	NA;FPNEMP_01536;FPNEMP_01537;FPNEMP_01538;FPNEMP_01539;FPNEMP_01540;FPNEMP_01541;FPNEMP_01542;FPNEMP_01543;FPNEMP_01544;FPNEMP_01545;FPNEMP_01546;FPNEMP_01547;FPNEMP_01548;FPNEMP_01549;FPNEMP_01550;FPNEMP_01551;FPNEMP_01552;FPNEMP_01553;FPNEMP_01554;FPNEMP_01555;FPNEMP_01556;FPNEMP_01557;FPNEMP_01558;FPNEMP_01559;FPNEMP_01560;FPNEMP_01561;FPNEMP_01562;FPNEMP_01563;FPNEMP_01564;FPNEMP_01565;FPNEMP_01566;FPNEMP_01567;FPNEMP_01568;FPNEMP_01569;FPNEMP_01574;FPNEMP_01575;FPNEMP_01576;FPNEMP_01577;FPNEMP_01578;FPNEMP_01579;FPNEMP_01580;FPNEMP_01581;FPNEMP_01582;FPNEMP_01583;FPNEMP_01584;FPNEMP_01585;FPNEMP_01586;FPNEMP_01587;FPNEMP_01588;FPNEMP_01589;FPNEMP_01590;FPNEMP_01591;FPNEMP_01592;FPNEMP_01593;FPNEMP_01594;FPNEMP_01595	56	QueE;Fer4_12;PTPS;PT_FPPS_like;GTP_cyclohydroI	NA	NA
GCA_040862245.1	contig_5	deepBGC		0.68305	NA	81896	88620	6724	gnl|Bakta|HDIBEF_01253;gnl|Bakta|HDIBEF_01254;gnl|Bakta|HDIBEF_01255;gnl|Bakta|HDIBEF_01256;gnl|Bakta|HDIBEF_01257;gnl|Bakta|HDIBEF_01258	6	PF02353;PF08003;PF13489;PF01596;PF13847;PF01209;PF08241;PF08242;PF13649;PF05175;PF12847;PF06325;PF01135;PF13679;PF08123;PF01555;PF00133;PF09334;PF01406;PF01588;PF08003;PF13489;PF13649;PF08241;PF08242;PF13847;PF03061;PF13439;PF00534;PF13692	NA	NA
GCA_015904695.1	contig_101	deepBGC		0.58124	NA	0	2928	2928	gnl|Bakta|FOBGJH_00885;gnl|Bakta|FOBGJH_00886;gnl|Bakta|FOBGJH_00888	3	PF01555;PF05066;PF00698	NA	NA
GCA_015904695.1	contig_103	deepBGC		0.53311	NA	351	3081	2730	gnl|Bakta|FOBGJH_00897;gnl|Bakta|FOBGJH_00898;gnl|Bakta|FOBGJH_00899	3	PF01594;PF01678;PF04224;PF10034	NA	NA
GCA_015904695.1	contig_113	deepBGC		0.5447	NA	2	293	291	gnl|Bakta|FOBGJH_00947	1	PF02781	NA	NA
GCA_015904695.1	contig_113	deepBGC	NRP	0.63411	NA	2153	4430	2277	gnl|Bakta|FOBGJH_00950;gnl|Bakta|FOBGJH_00951	2	PF08240;PF02826;PF01262;PF03446;PF00107;PF01501	NA	NA
GCA_015904695.1	contig_120	deepBGC		0.54503	NA	814	1918	1104	gnl|Bakta|FOBGJH_00976	1	PF01501	NA	NA
GCA_015904695.1	contig_138	deepBGC	Terpene	0.57184	NA	2541	3561	1020	gnl|Bakta|FOBGJH_01056	1	PF04909	NA	NA
GCA_015904695.1	contig_142	deepBGC		0.5626	NA	0	735	735	gnl|Bakta|FOBGJH_01068	1	PF00593	NA	NA
GCA_015904695.1	contig_145	deepBGC	Polyketide-Terpene	0.57405	NA	2	3621	3619	gnl|Bakta|FOBGJH_01080;gnl|Bakta|FOBGJH_01081;gnl|Bakta|FOBGJH_01082;gnl|Bakta|FOBGJH_01083;gnl|Bakta|FOBGJH_01084;gnl|Bakta|FOBGJH_01085	6	PF01242;PF01975;PF00348;PF01227;PF14489;PF01435	NA	NA
GCA_015904695.1	contig_147	deepBGC		0.54176	NA	0	888	888	gnl|Bakta|FOBGJH_01091	1	PF01370;PF16363	NA	NA
GCA_015904695.1	contig_154	deepBGC		0.50051	NA	0	1092	1092	gnl|Bakta|FOBGJH_01114	1	PF07715	NA	NA
GCA_015904695.1	contig_155	deepBGC	Polyketide	0.51671	NA	0	366	366	gnl|Bakta|FOBGJH_01117	1	PF07690	NA	NA
GCA_015904695.1	contig_168	deepBGC		0.54058	NA	442	1030	588	gnl|Bakta|FOBGJH_01167	1	PF02293	NA	NA
GCA_015904695.1	contig_170	deepBGC	Polyketide	0.668	NA	5	1890	1885	gnl|Bakta|FOBGJH_01177;gnl|Bakta|FOBGJH_01178	2	PF01144;PF02803;PF00108;PF00109	NA	NA
GCA_015904695.1	contig_21	deepBGC	Saccharide	0.62013	NA	6	9057	9051	gnl|Bakta|FOBGJH_00306;gnl|Bakta|FOBGJH_00307;gnl|Bakta|FOBGJH_00308;gnl|Bakta|FOBGJH_00309;gnl|Bakta|FOBGJH_00310;gnl|Bakta|FOBGJH_00311;gnl|Bakta|FOBGJH_00312;gnl|Bakta|FOBGJH_00313;gnl|Bakta|FOBGJH_00314	9	PF02353;PF08003;PF13489;PF01596;PF13847;PF01209;PF08241;PF08242;PF13649;PF05175;PF12847;PF06325;PF01135;PF13679;PF08123;PF00133;PF09334;PF01406;PF01588;PF08003;PF13489;PF13649;PF08241;PF08242;PF13847;PF03061;PF13439;PF13579;PF00534;PF13692;PF02784;PF07927;PF15919	NA	NA
GCA_015904695.1	contig_24	deepBGC	Polyketide	0.67908	NA	94	4466	4372	gnl|Bakta|FOBGJH_00336;gnl|Bakta|FOBGJH_00337;gnl|Bakta|FOBGJH_00338;gnl|Bakta|FOBGJH_00339	4	PF00920;PF01081;PF07719;PF08238;PF13561;PF00106;PF01370;PF08659	NA	NA
GCA_015904695.1	contig_50	deepBGC		0.5694	NA	3313	4054	741	gnl|Bakta|FOBGJH_00560	1	PF01209;PF13489;PF13847;PF08241;PF08242;PF13649	NA	NA
GCA_015904695.1	contig_59	deepBGC		0.56034	NA	4717	5983	1266	gnl|Bakta|FOBGJH_00648;gnl|Bakta|FOBGJH_00649	2	PF04264;PF03070	NA	NA
GCA_015904695.1	contig_64	deepBGC	Polyketide	0.71131	NA	0	2899	2899	gnl|Bakta|FOBGJH_00670;gnl|Bakta|FOBGJH_00672	2	PF00268;PF01041;PF00266	NA	NA
GCA_015904695.1	contig_99	deepBGC	NRP	0.69277	NA	209	4754	4545	gnl|Bakta|FOBGJH_00873;gnl|Bakta|FOBGJH_00874;gnl|Bakta|FOBGJH_00875;gnl|Bakta|FOBGJH_00876;gnl|Bakta|FOBGJH_00877	5	PF00278;PF02784;PF01817;PF09924;PF00425;PF01063;PF00795	NA	NA
GCF_003639605.1	contig_32	deepBGC		0.6107	NA	37771	42870	5099	gnl|Bakta|KCBHED_01337;gnl|Bakta|KCBHED_01338;gnl|Bakta|KCBHED_01339;gnl|Bakta|KCBHED_01340	4	PF02353;PF08003;PF13489;PF13847;PF01209;PF08241;PF08242;PF13649;PF05175;PF12847;PF06325;PF01135;PF13679;PF08123;PF01555;PF00133;PF09334;PF01406;PF01588;PF08003;PF13489;PF13649;PF08241;PF08242;PF13847	NA	NA
GCF_015904565.1	contig_10	deepBGC		0.70598	NA	37583	52094	14511	gnl|Bakta|DLLBBL_01423;gnl|Bakta|DLLBBL_01424;gnl|Bakta|DLLBBL_01425;gnl|Bakta|DLLBBL_01426;gnl|Bakta|DLLBBL_01427;gnl|Bakta|DLLBBL_01428;gnl|Bakta|DLLBBL_01429;gnl|Bakta|DLLBBL_01430;gnl|Bakta|DLLBBL_01431;gnl|Bakta|DLLBBL_01432;gnl|Bakta|DLLBBL_01433;gnl|Bakta|DLLBBL_01434	12	PF02353;PF08003;PF13489;PF01596;PF13847;PF01209;PF08241;PF08242;PF13649;PF05175;PF12847;PF06325;PF01135;PF13679;PF08123;PF01555;PF09334;PF00133;PF01406;PF01588;PF08003;PF13489;PF13649;PF08241;PF08242;PF05219;PF13847;PF03061;PF13439;PF00534;PF13692;PF02784;PF07510;PF03235	NA	NA
GCF_015904565.1	contig_13	deepBGC		0.57202	NA	15850	16480	630	gnl|Bakta|DLLBBL_01519	1	PF01135;PF00398;PF13489;PF13847;PF13649	NA	NA
GCF_015904565.1	contig_13	deepBGC	Polyketide	0.58074	NA	18250	22122	3872	gnl|Bakta|DLLBBL_01522;gnl|Bakta|DLLBBL_01525;gnl|Bakta|DLLBBL_01526	3	PF16363;PF01370;PF07993;PF04321;PF02719;PF01073;PF13460;PF08659;PF00106;PF08659;PF01370;PF13561	NA	NA
GCF_015904565.1	contig_13	deepBGC		0.52879	NA	29977	30799	822	gnl|Bakta|DLLBBL_01534	1	PF01501	NA	NA
GCF_014498645.1	contig_13	antiSMASH	Terpene-precursor	NA	No	1	8286	8286	NA;NKJBPC_00775;NKJBPC_00776;NKJBPC_00777;NKJBPC_00778;NKJBPC_00779;NKJBPC_00780;NKJBPC_00781;NKJBPC_00782;NKJBPC_00783;NKJBPC_00784;NKJBPC_00785;NKJBPC_00786	12	GTP_cyclohydroI;PT_FPPS_like;PTPS;QueE;Fer4_12	NA	NA
GCF_003639215.1	contig_15	antiSMASH	Terpene-precursor	NA	No	1	63974	63974	NA;GHBOKN_01193;GHBOKN_01194;GHBOKN_01195;GHBOKN_01196;GHBOKN_01197;GHBOKN_01198;GHBOKN_01199;GHBOKN_01200;GHBOKN_01201;GHBOKN_01202;GHBOKN_01203;GHBOKN_01204;GHBOKN_01205;GHBOKN_01206;GHBOKN_01207;GHBOKN_01208;GHBOKN_01209;GHBOKN_01210;GHBOKN_01211;GHBOKN_01212;GHBOKN_01213;GHBOKN_01218;GHBOKN_01219;GHBOKN_01220;GHBOKN_01221;GHBOKN_01222;GHBOKN_01223;GHBOKN_01224;GHBOKN_01225;GHBOKN_01226;GHBOKN_01227;GHBOKN_01228;GHBOKN_01229;GHBOKN_01230;GHBOKN_01231;GHBOKN_01232;GHBOKN_01233;GHBOKN_01234;GHBOKN_01235;GHBOKN_01236;GHBOKN_01237;GHBOKN_01238;GHBOKN_01239;GHBOKN_01240;GHBOKN_01241;GHBOKN_01242;GHBOKN_01243;GHBOKN_01244;GHBOKN_01245;GHBOKN_01246;GHBOKN_01247;GHBOKN_01248;GHBOKN_01249;GHBOKN_01250;GHBOKN_01251;GHBOKN_01252;GHBOKN_01253;GHBOKN_01254;GHBOKN_01255;GHBOKN_01256;GHBOKN_01257	61	GTP_cyclohydroI;PT_FPPS_like;PTPS;QueE;Fer4_12	NA	NA
GCF_040821415.1	contig_1	deepBGC	Saccharide	0.75005	NA	37589	46156	8567	gnl|Bakta|ABKDBK_00039;gnl|Bakta|ABKDBK_00040;gnl|Bakta|ABKDBK_00041;gnl|Bakta|ABKDBK_00042;gnl|Bakta|ABKDBK_00043;gnl|Bakta|ABKDBK_00044;gnl|Bakta|ABKDBK_00045	7	PF02353;PF08003;PF13489;PF01596;PF13847;PF01209;PF08241;PF08242;PF13649;PF05175;PF12847;PF06325;PF01135;PF13679;PF08123;PF01555;PF09334;PF00133;PF01406;PF01588;PF08003;PF13489;PF13649;PF08241;PF08242;PF13847;PF03061;PF13439;PF13579;PF00534;PF13692;PF02784	NA	NA
GCF_040821415.1	contig_56	deepBGC		0.5428	NA	184	1771	1587	gnl|Bakta|ABKDBK_01333	1	PF02521	NA	NA
GCF_003639245.1	contig_15	antiSMASH	Terpene-precursor	NA	No	1	63382	63382	NA;KFPJPP_01241;KFPJPP_01242;KFPJPP_01243;KFPJPP_01244;KFPJPP_01245;KFPJPP_01246;KFPJPP_01247;KFPJPP_01248;KFPJPP_01249;KFPJPP_01250;KFPJPP_01251;KFPJPP_01252;KFPJPP_01253;KFPJPP_01254;KFPJPP_01255;KFPJPP_01256;KFPJPP_01257;KFPJPP_01258;KFPJPP_01259;KFPJPP_01260;KFPJPP_01261;KFPJPP_01262;KFPJPP_01263;KFPJPP_01268;KFPJPP_01269;KFPJPP_01270;KFPJPP_01271;KFPJPP_01272;KFPJPP_01273;KFPJPP_01274;KFPJPP_01275;KFPJPP_01276;KFPJPP_01277;KFPJPP_01278;KFPJPP_01279;KFPJPP_01280;KFPJPP_01281;KFPJPP_01282;KFPJPP_01283;KFPJPP_01284;KFPJPP_01285;KFPJPP_01286;KFPJPP_01287;KFPJPP_01288;KFPJPP_01289;KFPJPP_01290;KFPJPP_01291;KFPJPP_01292;KFPJPP_01293;KFPJPP_01294;KFPJPP_01295;KFPJPP_01296;KFPJPP_01297;KFPJPP_01298;KFPJPP_01299;KFPJPP_01300;KFPJPP_01301;KFPJPP_01302;KFPJPP_01303;KFPJPP_01304;KFPJPP_01305;KFPJPP_01306;KFPJPP_01307;KFPJPP_01308;KFPJPP_01309;KFPJPP_01310;KFPJPP_01311	67	GTP_cyclohydroI;PT_FPPS_like;PTPS;QueE;Fer4_12	NA	NA
GCA_040861455.1	contig_11	antiSMASH	Terpene-precursor	NA	No	1	57083	57083	NA;LDDEFJ_01127;LDDEFJ_01128;LDDEFJ_01129;LDDEFJ_01130;LDDEFJ_01131;LDDEFJ_01132;LDDEFJ_01133;LDDEFJ_01134;LDDEFJ_01135;LDDEFJ_01136;LDDEFJ_01137;LDDEFJ_01138;LDDEFJ_01139;LDDEFJ_01140;LDDEFJ_01141;LDDEFJ_01142;LDDEFJ_01143;LDDEFJ_01144;LDDEFJ_01145;LDDEFJ_01146;LDDEFJ_01147;LDDEFJ_01148;LDDEFJ_01149;LDDEFJ_01150;LDDEFJ_01151;LDDEFJ_01152;LDDEFJ_01153;LDDEFJ_01154;LDDEFJ_01155;LDDEFJ_01156;LDDEFJ_01157;LDDEFJ_01158;LDDEFJ_01159;LDDEFJ_01160;LDDEFJ_01161;LDDEFJ_01162;LDDEFJ_01166;LDDEFJ_01168;LDDEFJ_01169;LDDEFJ_01170;LDDEFJ_01171;LDDEFJ_01172;LDDEFJ_01173;LDDEFJ_01174;LDDEFJ_01175;LDDEFJ_01176;LDDEFJ_01177;LDDEFJ_01178;LDDEFJ_01179;LDDEFJ_01180;LDDEFJ_01181;LDDEFJ_01182;LDDEFJ_01183;LDDEFJ_01184;LDDEFJ_01185;LDDEFJ_01186;LDDEFJ_01187;LDDEFJ_01188;LDDEFJ_01189	59	Peptidase_M50;QueE;Fer4_12;PTPS;PT_FPPS_like;GTP_cyclohydroI	NA	NA
GCA_024406935.1	contig_2	antiSMASH	Terpene-precursor	NA	No	1	59179	59179	NA;MAGIAH_00261;MAGIAH_00262;MAGIAH_00263;MAGIAH_00264;MAGIAH_00265;MAGIAH_00266;MAGIAH_00267;MAGIAH_00268;MAGIAH_00269;MAGIAH_00270;MAGIAH_00271;MAGIAH_00272;MAGIAH_00273;MAGIAH_00274;MAGIAH_00275;MAGIAH_00276;MAGIAH_00277;MAGIAH_00278;MAGIAH_00279;MAGIAH_00280;MAGIAH_00281;MAGIAH_00282;MAGIAH_00283;MAGIAH_00284;MAGIAH_00289;MAGIAH_00290;MAGIAH_00291;MAGIAH_00292;MAGIAH_00293;MAGIAH_00294;MAGIAH_00295;MAGIAH_00296;MAGIAH_00297;MAGIAH_00298;MAGIAH_00299;MAGIAH_00300;MAGIAH_00301;MAGIAH_00302;MAGIAH_00303;MAGIAH_00304;MAGIAH_00305;MAGIAH_00306;MAGIAH_00307;MAGIAH_00308;MAGIAH_00309;MAGIAH_00310;MAGIAH_00311;MAGIAH_00312;MAGIAH_00313;MAGIAH_00314;MAGIAH_00315;MAGIAH_00316;MAGIAH_00317;MAGIAH_00318;MAGIAH_00319;MAGIAH_00320;MAGIAH_00321;MAGIAH_00322;MAGIAH_00323;MAGIAH_00324;MAGIAH_00325;MAGIAH_00326;MAGIAH_00327;MAGIAH_00328;MAGIAH_00329;MAGIAH_00330;MAGIAH_00331	67	GTP_cyclohydroI;PT_FPPS_like;PTPS;QueE;Fer4_12	NA	NA
GCF_015904665.1	contig_13	deepBGC		0.19383	NA	0	44350	44350	gnl|Bakta|IPHBKP_01296;gnl|Bakta|IPHBKP_01297;gnl|Bakta|IPHBKP_01298;gnl|Bakta|IPHBKP_01299;gnl|Bakta|IPHBKP_01300;gnl|Bakta|IPHBKP_01301;gnl|Bakta|IPHBKP_01302;gnl|Bakta|IPHBKP_01303;gnl|Bakta|IPHBKP_01304;gnl|Bakta|IPHBKP_01305;gnl|Bakta|IPHBKP_01306;gnl|Bakta|IPHBKP_01307;gnl|Bakta|IPHBKP_01308;gnl|Bakta|IPHBKP_01309;gnl|Bakta|IPHBKP_01310;gnl|Bakta|IPHBKP_01311;gnl|Bakta|IPHBKP_01312;gnl|Bakta|IPHBKP_01313;gnl|Bakta|IPHBKP_01314;gnl|Bakta|IPHBKP_01315;gnl|Bakta|IPHBKP_01316;gnl|Bakta|IPHBKP_01317;gnl|Bakta|IPHBKP_01318;gnl|Bakta|IPHBKP_01319;gnl|Bakta|IPHBKP_01320;gnl|Bakta|IPHBKP_01321;gnl|Bakta|IPHBKP_01322;gnl|Bakta|IPHBKP_01323;gnl|Bakta|IPHBKP_01328;gnl|Bakta|IPHBKP_01329;gnl|Bakta|IPHBKP_01330;gnl|Bakta|IPHBKP_01331;gnl|Bakta|IPHBKP_01332;gnl|Bakta|IPHBKP_01333;gnl|Bakta|IPHBKP_01334;gnl|Bakta|IPHBKP_01335;gnl|Bakta|IPHBKP_01336;gnl|Bakta|IPHBKP_01337	38	PF05036;PF06005;PF10174;PF02562;PF13604;PF00270;PF13245;PF04851;PF13401;PF00271;PF01209;PF08241;PF08242;PF13649;PF13847;PF02777;PF00081;PF08534;PF00578;PF01584;PF00072;PF01584;PF02518;PF02895;PF01627;PF00072;PF01584;PF01168;PF01977;PF01842;PF00389;PF02826;PF03446;PF13509;PF00575;PF02401;PF00275;PF16276;PF03147;PF03484;PF01588;PF01409;PF02912;PF11969;PF01230;PF00266;PF00155;PF13118;PF00384;PF01568;PF00117;PF07722;PF02540;PF01171;PF03054;PF06508;PF00764;PF00958;PF05211;PF00924;PF02353;PF08003;PF13489;PF01596;PF13847;PF01209;PF08241;PF08242;PF13649;PF05175;PF12847;PF06325;PF01135;PF13679;PF08123;PF00133;PF09334;PF01406;PF01588;PF08003;PF13489;PF13649;PF08241;PF08242;PF13847;PF03061;PF13439;PF13579;PF00534;PF13692;PF02784;PF07927;PF15919	NA	NA
GCF_015904665.1	contig_17	deepBGC		0.78188	NA	1	22570	22569	gnl|Bakta|IPHBKP_01438;gnl|Bakta|IPHBKP_01439;gnl|Bakta|IPHBKP_01440;gnl|Bakta|IPHBKP_01441;gnl|Bakta|IPHBKP_01442;gnl|Bakta|IPHBKP_01443;gnl|Bakta|IPHBKP_01444;gnl|Bakta|IPHBKP_01445;gnl|Bakta|IPHBKP_01446;gnl|Bakta|IPHBKP_01447;gnl|Bakta|IPHBKP_01448;IPHBKP_01451;gnl|Bakta|IPHBKP_01452;gnl|Bakta|IPHBKP_01453;gnl|Bakta|IPHBKP_01454;gnl|Bakta|IPHBKP_01455;gnl|Bakta|IPHBKP_01456;gnl|Bakta|IPHBKP_01458;gnl|Bakta|IPHBKP_01459;gnl|Bakta|IPHBKP_01460;gnl|Bakta|IPHBKP_01461;gnl|Bakta|IPHBKP_01462;gnl|Bakta|IPHBKP_01463;gnl|Bakta|IPHBKP_01464;gnl|Bakta|IPHBKP_01465;gnl|Bakta|IPHBKP_01466	26	PF01501;PF00107;PF03446;PF02826;PF01262;PF08240;PF02685;PF01182;PF02781;PF00479;PF00920;PF01081;PF07719;PF08238;PF13561;PF00106;PF01370;PF08659;PF12033;PF16363;PF01370;PF02719;PF08659;PF00106;PF01073;PF16363;PF01370;PF07993;PF01416;PF03739;PF01135;PF13847;PF13649;PF00398;PF13489;PF00268;PF01041;PF00266;PF05050;PF02785;PF15632;PF02786;PF08443;PF02655;PF02222;PF07478;PF14397;PF13549;PF00289	NA	NA
GCF_015904665.1	contig_25	deepBGC		0.58144	NA	1247	5887	4640	gnl|Bakta|IPHBKP_01600;gnl|Bakta|IPHBKP_01601;gnl|Bakta|IPHBKP_01602;gnl|Bakta|IPHBKP_01603;gnl|Bakta|IPHBKP_01604;gnl|Bakta|IPHBKP_01605;gnl|Bakta|IPHBKP_01606	7	PF02569;PF00215;PF00484;PF00793;PF00885;PF01029;PF06781	NA	NA
GCF_011105805.1	contig_12	deepBGC		0.5344	NA	39	3400	3361	gnl|Bakta|IHNJPD_00130;gnl|Bakta|IHNJPD_00131	2	PF00342;PF02521	NA	NA
GCF_011105805.1	contig_14	deepBGC	Polyketide	0.52703	NA	1	2571	2570	gnl|Bakta|IHNJPD_00140;gnl|Bakta|IHNJPD_00141;gnl|Bakta|IHNJPD_00142	3	PF05917;PF00194;PF07690;PF00083	NA	NA
GCF_011105805.1	contig_14	deepBGC	Polyketide	0.52048	NA	6083	7415	1332	gnl|Bakta|IHNJPD_00146	1	PF05977;PF07690;PF00083;PF13347	NA	NA
GCF_011105805.1	contig_31	deepBGC	Other	0.79834	NA	90	5118	5028	gnl|Bakta|IHNJPD_00282;gnl|Bakta|IHNJPD_00283;gnl|Bakta|IHNJPD_00288	3	PF02353;PF08003;PF13489;PF08123;PF06325;PF01209;PF01135;PF05175;PF01596;PF13679;PF12847;PF13847;PF08241;PF08242;PF13649;PF00924;PF05211	NA	NA
GCF_011105805.1	contig_69	deepBGC		0.68444	NA	944	13805	12861	gnl|Bakta|IHNJPD_00899;gnl|Bakta|IHNJPD_00901;gnl|Bakta|IHNJPD_00902;gnl|Bakta|IHNJPD_00903;gnl|Bakta|IHNJPD_00904;gnl|Bakta|IHNJPD_00905;gnl|Bakta|IHNJPD_00908;gnl|Bakta|IHNJPD_00909;gnl|Bakta|IHNJPD_00910;gnl|Bakta|IHNJPD_00911;gnl|Bakta|IHNJPD_00912	11	PF01041;PF00266;PF00268;PF01135;PF00398;PF13847;PF13649;PF03739;PF01416;PF16363;PF01370;PF07993;PF04321;PF02719;PF01073;PF13460;PF08659;PF00106;PF00106;PF08659;PF01370;PF13561;PF08238;PF07719;PF01081;PF00920	NA	NA
GCF_011105805.1	contig_73	deepBGC		0.61861	NA	1	574	573	gnl|Bakta|IHNJPD_01023	1	PF09924	NA	NA
GCF_011105805.1	contig_76	deepBGC	Saccharide	0.63212	NA	4924	11475	6551	gnl|Bakta|IHNJPD_01111;IHNJPD_01112;gnl|Bakta|IHNJPD_01113;gnl|Bakta|IHNJPD_01114;gnl|Bakta|IHNJPD_01115;gnl|Bakta|IHNJPD_01116;gnl|Bakta|IHNJPD_01117;gnl|Bakta|IHNJPD_01118	8	PF03235;PF03235;PF07510;PF15919;PF07927;PF02784;PF00534;PF13692;PF13439;PF13579	NA	NA
GCF_011105805.1	contig_76	deepBGC		0.66314	NA	11924	12710	786	gnl|Bakta|IHNJPD_01120	1	PF08003;PF13489;PF13847;PF08241;PF08242;PF13649	NA	NA
GCF_011105805.1	contig_82	deepBGC		0.59876	NA	784	5755	4971	gnl|Bakta|IHNJPD_01207;gnl|Bakta|IHNJPD_01208;gnl|Bakta|IHNJPD_01209;gnl|Bakta|IHNJPD_01210;gnl|Bakta|IHNJPD_01211	5	PF03070;PF04264;PF03767;PF13419;PF13344;PF01075;PF04715;PF00425	NA	NA
GCF_014497205.1	contig_57	antiSMASH	Terpene-precursor	NA	No	1	7937	7937	NA;JAFGMF_01250;JAFGMF_01251;JAFGMF_01252;JAFGMF_01253;JAFGMF_01254;JAFGMF_01255;JAFGMF_01256;JAFGMF_01257;JAFGMF_01258;JAFGMF_01259;JAFGMF_01260	11	QueE;Fer4_12;PTPS;PT_FPPS_like;GTP_cyclohydroI	NA	NA
GCA_024412815.1	contig_11	deepBGC	Other	0.5025	NA	13889	15059	1170	gnl|Bakta|FCEKCL_01325	1	PF02353;PF08003;PF13489;PF08123;PF01209;PF06325;PF01135;PF05175;PF01596;PF13679;PF12847;PF13847;PF08241;PF08242;PF13649	NA	NA
GCF_003639305.1	contig_24	deepBGC		0.63343	NA	37919	43019	5100	gnl|Bakta|LOOHEE_01458;gnl|Bakta|LOOHEE_01459;gnl|Bakta|LOOHEE_01460;gnl|Bakta|LOOHEE_01461	4	PF02353;PF08003;PF13489;PF13847;PF01209;PF08241;PF08242;PF13649;PF05175;PF12847;PF06325;PF01135;PF13679;PF08123;PF01555;PF09334;PF00133;PF01406;PF01588;PF08003;PF13489;PF13649;PF08241;PF08242;PF13847	NA	NA
GCA_024406605.1	contig_16	deepBGC		0.58714	NA	3728	4514	786	gnl|Bakta|FPNEMP_01250	1	PF08003;PF13489;PF13847;PF08241;PF08242;PF13649	NA	NA
GCF_003640105.1	contig_1	deepBGC		0.51974	NA	45651	46392	741	gnl|Bakta|BHODAN_00047	1	PF01209;PF13489;PF13847;PF08241;PF08242;PF13649	NA	NA
GCF_003640105.1	contig_5	deepBGC	Saccharide	0.73782	NA	40690	49259	8569	gnl|Bakta|BHODAN_00541;gnl|Bakta|BHODAN_00542;gnl|Bakta|BHODAN_00543;gnl|Bakta|BHODAN_00544;gnl|Bakta|BHODAN_00545;gnl|Bakta|BHODAN_00546;gnl|Bakta|BHODAN_00547	7	PF02353;PF08003;PF13489;PF13847;PF01209;PF08241;PF08242;PF13649;PF05175;PF12847;PF06325;PF01135;PF13679;PF08123;PF01555;PF00133;PF09334;PF01406;PF01588;PF08003;PF13489;PF13649;PF08241;PF08242;PF13847;PF03061;PF13439;PF13579;PF00534;PF13692;PF02784	NA	NA
GCA_040861565.1	contig_6	deepBGC	Saccharide	0.70616	NA	110974	120002	9028	gnl|Bakta|AMJAHN_00866;gnl|Bakta|AMJAHN_00867;gnl|Bakta|AMJAHN_00868;gnl|Bakta|AMJAHN_00869;gnl|Bakta|AMJAHN_00870;gnl|Bakta|AMJAHN_00871;gnl|Bakta|AMJAHN_00872;gnl|Bakta|AMJAHN_00873;gnl|Bakta|AMJAHN_00874	9	PF02353;PF08003;PF13489;PF01596;PF13847;PF01209;PF08241;PF08242;PF13649;PF05175;PF12847;PF06325;PF01135;PF13679;PF08123;PF01555;PF00133;PF09334;PF01406;PF01588;PF08003;PF13489;PF13649;PF08241;PF08242;PF13847;PF03061;PF13439;PF13579;PF00534;PF13692;PF02784;PF07927;PF15919	NA	NA
GCF_011140675.1	contig_23	antiSMASH	Terpene-precursor	NA	No	1	67509	67509	NA;ECIDOB_00602;ECIDOB_00603;ECIDOB_00604;ECIDOB_00605;ECIDOB_00608;ECIDOB_00609;ECIDOB_00610;ECIDOB_00611;ECIDOB_00612;ECIDOB_00613;ECIDOB_00614;ECIDOB_00615;ECIDOB_00616;ECIDOB_00617;ECIDOB_00618;ECIDOB_00619;ECIDOB_00620;ECIDOB_00621;ECIDOB_00622;ECIDOB_00623;ECIDOB_00624;ECIDOB_00625;ECIDOB_00626;ECIDOB_00627;ECIDOB_00628;ECIDOB_00629;ECIDOB_00630;ECIDOB_00631;ECIDOB_00632;ECIDOB_00633;ECIDOB_00634;ECIDOB_00635;ECIDOB_00636;ECIDOB_00637;ECIDOB_00638;ECIDOB_00639;ECIDOB_00640;ECIDOB_00641;ECIDOB_00642;ECIDOB_00643;ECIDOB_00648;ECIDOB_00649;ECIDOB_00650;ECIDOB_00651;ECIDOB_00652;ECIDOB_00653;ECIDOB_00654;ECIDOB_00655;ECIDOB_00656;ECIDOB_00657;ECIDOB_00658;ECIDOB_00659;ECIDOB_00660;ECIDOB_00661;ECIDOB_00662;ECIDOB_00663;ECIDOB_00664;ECIDOB_00665;ECIDOB_00666;ECIDOB_00667;ECIDOB_00668;ECIDOB_00669	62	QueE;Fer4_12;PTPS;PT_FPPS_like;GTP_cyclohydroI	NA	NA
GCA_024412855.1	contig_11	antiSMASH	Terpene-precursor	NA	No	1	60486	60486	NA;EHFBDA_01354;EHFBDA_01355;EHFBDA_01356;EHFBDA_01357;EHFBDA_01358;EHFBDA_01359;EHFBDA_01360;EHFBDA_01361;EHFBDA_01362;EHFBDA_01363;EHFBDA_01364;EHFBDA_01365;EHFBDA_01366;EHFBDA_01367;EHFBDA_01368;EHFBDA_01369;EHFBDA_01370;EHFBDA_01371;EHFBDA_01372;EHFBDA_01373;EHFBDA_01374;EHFBDA_01375;EHFBDA_01380;EHFBDA_01381;EHFBDA_01382;EHFBDA_01383;EHFBDA_01384;EHFBDA_01385;EHFBDA_01386;EHFBDA_01387;EHFBDA_01388;EHFBDA_01389;EHFBDA_01390;EHFBDA_01391;EHFBDA_01392;EHFBDA_01393;EHFBDA_01394;EHFBDA_01395;EHFBDA_01396;EHFBDA_01397;EHFBDA_01398;EHFBDA_01399;EHFBDA_01400;EHFBDA_01401;EHFBDA_01402;EHFBDA_01403;EHFBDA_01404;EHFBDA_01405;EHFBDA_01406;EHFBDA_01407;EHFBDA_01408;EHFBDA_01409;EHFBDA_01410;EHFBDA_01411;EHFBDA_01412;EHFBDA_01413;EHFBDA_01414;EHFBDA_01415;EHFBDA_01416;EHFBDA_01417;EHFBDA_01418	61	GTP_cyclohydroI;PT_FPPS_like;PTPS;QueE;Fer4_12	NA	NA
GCA_024407295.1	contig_15	deepBGC		0.53173	NA	14813	17111	2298	gnl|Bakta|DLHOOJ_00870	1	PF02538	NA	NA
GCA_024407295.1	contig_4	deepBGC		0.57433	NA	3557	7304	3747	gnl|Bakta|DLHOOJ_00369;gnl|Bakta|DLHOOJ_00370;gnl|Bakta|DLHOOJ_00371	3	PF08003;PF13489;PF13847;PF08241;PF08242;PF13649;PF01588;PF09334;PF01406;PF00133	NA	NA
GCF_014497405.1	contig_16	antiSMASH	Terpene-precursor	NA	No	1	8479	8479	NA;LCGACG_00932;LCGACG_00933;LCGACG_00934;LCGACG_00935;LCGACG_00936;LCGACG_00937;LCGACG_00938;LCGACG_00939;LCGACG_00940;LCGACG_00941;LCGACG_00942;LCGACG_00943	12	QueE;Fer4_12;PTPS;PT_FPPS_like;GTP_cyclohydroI	NA	NA
GCF_011141035	contig_25	GECCO	Unknown	0.9946902067944814	NA	222430	226079	3649	contig_25_211;contig_25_212;contig_25_213;contig_25_214;contig_25_215	5	PF01041;PF06306;PF06306	NA	IPR000653;IPR010446;IPR010446
GCF_040821395.1	contig_44	antiSMASH	Terpene-precursor	NA	No	1	12926	12926	NA;GFJJGL_00753;GFJJGL_00754;GFJJGL_00755;GFJJGL_00756;GFJJGL_00757;GFJJGL_00758;GFJJGL_00759;GFJJGL_00760;GFJJGL_00761;GFJJGL_00762;GFJJGL_00763;GFJJGL_00764;GFJJGL_00765;GFJJGL_00766;GFJJGL_00767;GFJJGL_00768	16	GTP_cyclohydroI;PT_FPPS_like;PTPS;QueE;Fer4_12	NA	NA
GCF_001997995.1	contig_26	antiSMASH	Terpene-precursor	NA	No	1	7953	7953	NA;JOMCDG_01198;JOMCDG_01199;JOMCDG_01200;JOMCDG_01201;JOMCDG_01202;JOMCDG_01203;JOMCDG_01204;JOMCDG_01205;JOMCDG_01206;JOMCDG_01207;JOMCDG_01208	11	QueE;Fer4_12;PTPS;PT_FPPS_like;GTP_cyclohydroI	NA	NA
GCA_024411875.1	contig_14	deepBGC		0.69657	NA	37917	44632	6715	gnl|Bakta|COLCGD_00823;gnl|Bakta|COLCGD_00824;gnl|Bakta|COLCGD_00825;gnl|Bakta|COLCGD_00826;gnl|Bakta|COLCGD_00827;gnl|Bakta|COLCGD_00828	6	PF02353;PF08003;PF13489;PF01596;PF13847;PF01209;PF08241;PF08242;PF13649;PF05175;PF12847;PF06325;PF01135;PF13679;PF08123;PF01555;PF09334;PF00133;PF01406;PF01588;PF08003;PF13489;PF13649;PF08241;PF08242;PF13847;PF03061;PF13439;PF00534;PF13692	NA	NA
GCA_024411875.1	contig_16	deepBGC		0.5428	NA	396	1983	1587	gnl|Bakta|COLCGD_00866	1	PF02521	NA	NA
GCA_024407165.1	contig_10	deepBGC		0.52959	NA	3186	3486	300	gnl|Bakta|HBMOOD_00568	1	PF07883	NA	NA
GCA_024407165.1	contig_15	deepBGC		0.58388	NA	14421	18872	4451	gnl|Bakta|HBMOOD_00846;gnl|Bakta|HBMOOD_00847	2	PF02538;PF01968;PF05378	NA	NA
GCA_024407165.1	contig_15	deepBGC	Polyketide	0.54419	NA	20240	24128	3888	HBMOOD_00849;HBMOOD_00850;gnl|Bakta|HBMOOD_00851;gnl|Bakta|HBMOOD_00852;gnl|Bakta|HBMOOD_00853	5	PF02667;PF03606;PF03806;PF02667;PF01144;PF13336;PF01144;PF02803;PF00108;PF00109	NA	NA
GCA_024407165.1	contig_6	deepBGC		0.66568	NA	37699	46281	8582	gnl|Bakta|HBMOOD_00417;gnl|Bakta|HBMOOD_00418;gnl|Bakta|HBMOOD_00419;gnl|Bakta|HBMOOD_00420;gnl|Bakta|HBMOOD_00421;gnl|Bakta|HBMOOD_00422;gnl|Bakta|HBMOOD_00423;gnl|Bakta|HBMOOD_00424	8	PF02353;PF08003;PF13489;PF13847;PF01209;PF08241;PF08242;PF13649;PF05175;PF12847;PF06325;PF01135;PF13679;PF08123;PF01555;PF09334;PF00133;PF01406;PF01588;PF08003;PF13489;PF13649;PF08241;PF08242;PF13847;PF03061;PF13439;PF00534;PF13692;PF02784	NA	NA
GCF_040821305.1	contig_2	deepBGC		0.67357	NA	28441	38610	10169	gnl|Bakta|IKPBGB_00072;gnl|Bakta|IKPBGB_00073;gnl|Bakta|IKPBGB_00074;gnl|Bakta|IKPBGB_00075;gnl|Bakta|IKPBGB_00076;gnl|Bakta|IKPBGB_00077;gnl|Bakta|IKPBGB_00078;gnl|Bakta|IKPBGB_00079;gnl|Bakta|IKPBGB_00080;gnl|Bakta|IKPBGB_00081	10	PF02353;PF08003;PF13489;PF01596;PF13847;PF01209;PF08241;PF08242;PF13649;PF05175;PF12847;PF06325;PF01135;PF13679;PF08123;PF01555;PF09334;PF00133;PF01406;PF01588;PF08003;PF13489;PF13649;PF08241;PF08242;PF13847;PF03061;PF13439;PF00534;PF13692;PF02784;PF07927;PF15919;PF04610	NA	NA
GCA_040862165.1	contig_10	deepBGC		0.57284	NA	4142	7916	3774	gnl|Bakta|LJENHD_01281;gnl|Bakta|LJENHD_01282;gnl|Bakta|LJENHD_01283	3	PF08003;PF13489;PF13847;PF08241;PF08242;PF13649;PF01588;PF09334;PF01406;PF00133	NA	NA
GCA_040862165.1	contig_23	deepBGC	Polyketide	0.60324	NA	518	2746	2228	gnl|Bakta|LJENHD_01592;gnl|Bakta|LJENHD_01593	2	PF07690;PF05977;PF00899	NA	NA
GCF_011105795.1	contig_53	deepBGC	Saccharide	0.7809	NA	38720	47766	9046	gnl|Bakta|GGEAPD_01688;gnl|Bakta|GGEAPD_01689;gnl|Bakta|GGEAPD_01690;gnl|Bakta|GGEAPD_01691;gnl|Bakta|GGEAPD_01692;gnl|Bakta|GGEAPD_01693;gnl|Bakta|GGEAPD_01694;gnl|Bakta|GGEAPD_01695;gnl|Bakta|GGEAPD_01696	9	PF02353;PF08003;PF13489;PF01596;PF13847;PF01209;PF08241;PF08242;PF13649;PF05175;PF12847;PF06325;PF01135;PF13679;PF08123;PF09334;PF00133;PF01406;PF01588;PF08003;PF13489;PF13649;PF08241;PF08242;PF13847;PF03061;PF13439;PF13579;PF00534;PF13692;PF02784;PF07927;PF15919	NA	NA
GCF_015904925.1	contig_12	deepBGC		0.78979	NA	16942	19916	2974	gnl|Bakta|DBKMCA_00914;gnl|Bakta|DBKMCA_00915;gnl|Bakta|DBKMCA_00916;gnl|Bakta|DBKMCA_00917;gnl|Bakta|DBKMCA_00918;gnl|Bakta|DBKMCA_00919	6	PF02668;PF02668;PF07173;PF02130;PF00258;PF12641;PF12724;PF09335	NA	NA
GCF_015904925.1	contig_12	deepBGC		0.53231	NA	20261	22403	2142	gnl|Bakta|DBKMCA_00921;gnl|Bakta|DBKMCA_00922	2	PF07992;PF12831;PF00890;PF01494;PF13738;PF03486;PF13434;PF00070;PF07690;PF13347;PF17561	NA	NA
GCF_015904925.1	contig_14	deepBGC		0.74556	NA	37760	46341	8581	gnl|Bakta|DBKMCA_01025;gnl|Bakta|DBKMCA_01026;gnl|Bakta|DBKMCA_01027;gnl|Bakta|DBKMCA_01028;gnl|Bakta|DBKMCA_01029;gnl|Bakta|DBKMCA_01030;gnl|Bakta|DBKMCA_01031	7	PF02353;PF08003;PF13489;PF01596;PF13847;PF01209;PF08241;PF08242;PF13649;PF05175;PF12847;PF06325;PF01135;PF13679;PF08123;PF01555;PF00133;PF09334;PF01406;PF01588;PF08003;PF13489;PF13649;PF08241;PF08242;PF13847;PF03061;PF13439;PF00534;PF13692;PF02784	NA	NA
GCA_040862085.1	contig_9	deepBGC	Saccharide	0.65432	NA	37598	44316	6718	gnl|Bakta|FFBNAF_01282;gnl|Bakta|FFBNAF_01283;gnl|Bakta|FFBNAF_01284;gnl|Bakta|FFBNAF_01285;gnl|Bakta|FFBNAF_01286;gnl|Bakta|FFBNAF_01287	6	PF02353;PF08003;PF13489;PF01596;PF13847;PF01209;PF08241;PF08242;PF13649;PF05175;PF12847;PF06325;PF01135;PF13679;PF08123;PF01555;PF09334;PF00133;PF01406;PF03399;PF01588;PF08003;PF13489;PF13649;PF08241;PF08242;PF13847;PF03061;PF13439;PF13579;PF00534;PF13692	NA	NA
GCA_040862005.1	contig_10	deepBGC		0.65417	NA	37583	46645	9062	gnl|Bakta|EBOILL_01309;gnl|Bakta|EBOILL_01310;gnl|Bakta|EBOILL_01311;gnl|Bakta|EBOILL_01312;gnl|Bakta|EBOILL_01313;gnl|Bakta|EBOILL_01314;gnl|Bakta|EBOILL_01315;gnl|Bakta|EBOILL_01316;gnl|Bakta|EBOILL_01317	9	PF02353;PF08003;PF13489;PF13847;PF01209;PF08241;PF08242;PF13649;PF05175;PF12847;PF06325;PF01135;PF13679;PF08123;PF01555;PF00133;PF09334;PF01406;PF01588;PF08003;PF13489;PF13649;PF08241;PF08242;PF13847;PF03061;PF13439;PF00534;PF13692;PF02784;PF07927;PF15919	NA	NA
GCA_040862005.1	contig_11	deepBGC		0.55524	NA	47202	48468	1266	gnl|Bakta|EBOILL_01374;gnl|Bakta|EBOILL_01375	2	PF04264;PF03070	NA	NA
GCA_040862005.1	contig_2	deepBGC		0.56893	NA	214105	215236	1131	gnl|Bakta|EBOILL_00468	1	PF03743	NA	NA
GCA_040862005.1	contig_20	deepBGC		0.65158	NA	1497	9406	7909	gnl|Bakta|EBOILL_01594;gnl|Bakta|EBOILL_01595;EBOILL_01596;EBOILL_01597;gnl|Bakta|EBOILL_01598;EBOILL_01599;gnl|Bakta|EBOILL_01600;gnl|Bakta|EBOILL_01601;gnl|Bakta|EBOILL_01602;gnl|Bakta|EBOILL_01603;gnl|Bakta|EBOILL_01604;gnl|Bakta|EBOILL_01605	12	PF00924;PF09002;PF09002;PF09651;PF09670;PF13671;PF01636;PF13672;PF13519	NA	NA
GCA_040861875.1	contig_25	antiSMASH	Terpene-precursor	NA	No	1	8186	8186	NA;EOPCMC_01569;EOPCMC_01570;EOPCMC_01571;EOPCMC_01572;EOPCMC_01573;EOPCMC_01574;EOPCMC_01575;EOPCMC_01576;EOPCMC_01577;EOPCMC_01578;EOPCMC_01579;EOPCMC_01580	12	GTP_cyclohydroI;PT_FPPS_like;PTPS;QueE;Fer4_12	NA	NA
GCA_024412025.1	contig_17	deepBGC	Saccharide	0.75153	NA	37674	46290	8616	gnl|Bakta|ABJHIH_01159;gnl|Bakta|ABJHIH_01160;gnl|Bakta|ABJHIH_01161;gnl|Bakta|ABJHIH_01162;gnl|Bakta|ABJHIH_01163;gnl|Bakta|ABJHIH_01164;gnl|Bakta|ABJHIH_01165	7	PF02353;PF08003;PF13489;PF01596;PF13847;PF01209;PF08241;PF08242;PF13649;PF05175;PF12847;PF06325;PF01135;PF13679;PF08123;PF01555;PF09334;PF00133;PF01406;PF01588;PF08003;PF13489;PF13649;PF08241;PF08242;PF13847;PF03061;PF13439;PF13579;PF00534;PF13692;PF02784	NA	NA
GCA_024412025.1	contig_20	deepBGC		0.74113	NA	537	10343	9806	gnl|Bakta|ABJHIH_01172;gnl|Bakta|ABJHIH_01173;gnl|Bakta|ABJHIH_01174;gnl|Bakta|ABJHIH_01175;gnl|Bakta|ABJHIH_01176;gnl|Bakta|ABJHIH_01177;ABJHIH_01178;ABJHIH_01179;ABJHIH_01180;gnl|Bakta|ABJHIH_01181;ABJHIH_01182;gnl|Bakta|ABJHIH_01183;gnl|Bakta|ABJHIH_01184;ABJHIH_01185;gnl|Bakta|ABJHIH_01186;ABJHIH_01187;gnl|Bakta|ABJHIH_01188;gnl|Bakta|ABJHIH_01189	18	PF00092;PF13519;PF13672;PF13672;PF07714;PF01636;PF13671;PF09002;PF00924;PF03631	NA	NA
GCA_024412025.1	contig_3	deepBGC		0.50585	NA	2452	3565	1113	gnl|Bakta|ABJHIH_00420	1	PF01924	NA	NA
GCA_024412025.1	contig_3	deepBGC		0.55872	NA	3818	5676	1858	gnl|Bakta|ABJHIH_00422;gnl|Bakta|ABJHIH_00423;gnl|Bakta|ABJHIH_00424;gnl|Bakta|ABJHIH_00425	4	PF02492;PF02492;PF07883	NA	NA
GCF_035621155.1	contig_1	deepBGC		0.61971	NA	459584	462885	3301	gnl|Bakta|LPKIGF_00468;gnl|Bakta|LPKIGF_00469	2	PF02353;PF08003;PF13489;PF13847;PF08241;PF08242;PF01209;PF13649;PF12847;PF06325;PF01135;PF05175;PF13679;PF08123;PF01555;PF00133;PF09334;PF01406;PF01588	NA	NA
GCF_014496905.1	contig_8	antiSMASH	Terpene-precursor	NA	No	1	9364	9364	NA;KBBAJJ_00530;KBBAJJ_00531;KBBAJJ_00532;KBBAJJ_00533;KBBAJJ_00534;KBBAJJ_00535;KBBAJJ_00536;KBBAJJ_00537;KBBAJJ_00538;KBBAJJ_00539;KBBAJJ_00540;KBBAJJ_00541;KBBAJJ_00542	13	QueE;Fer4_12;PTPS;PT_FPPS_like;GTP_cyclohydroI	NA	NA
GCF_015904605.1	contig_14	antiSMASH	Terpene-precursor	NA	No	1	59881	59881	NA;NGPJID_01294;NGPJID_01295;NGPJID_01296;NGPJID_01297;NGPJID_01298;NGPJID_01299;NGPJID_01300;NGPJID_01301;NGPJID_01302;NGPJID_01303;NGPJID_01304;NGPJID_01305;NGPJID_01306;NGPJID_01307;NGPJID_01308;NGPJID_01309;NGPJID_01310;NGPJID_01311;NGPJID_01312;NGPJID_01313;NGPJID_01314;NGPJID_01315;NGPJID_01316;NGPJID_01317;NGPJID_01318;NGPJID_01319;NGPJID_01320;NGPJID_01321;NGPJID_01322;NGPJID_01323;NGPJID_01324;NGPJID_01325;NGPJID_01326;NGPJID_01327;NGPJID_01328;NGPJID_01329;NGPJID_01330;NGPJID_01331;NGPJID_01332;NGPJID_01333;NGPJID_01334;NGPJID_01335;NGPJID_01336;NGPJID_01341;NGPJID_01342;NGPJID_01343;NGPJID_01344;NGPJID_01345;NGPJID_01346;NGPJID_01347;NGPJID_01348;NGPJID_01349;NGPJID_01350;NGPJID_01351;NGPJID_01352;NGPJID_01353;NGPJID_01354;NGPJID_01355;NGPJID_01356;NGPJID_01357;NGPJID_01358;NGPJID_01359;NGPJID_01360;NGPJID_01361;NGPJID_01362	65	QueE;Fer4_12;PTPS;PT_FPPS_like;GTP_cyclohydroI	NA	NA
GCF_014497695.1	contig_24	antiSMASH	Terpene-precursor	NA	No	1	8549	8549	NA;BIIBLL_01109;BIIBLL_01110;BIIBLL_01112;BIIBLL_01113;BIIBLL_01114;BIIBLL_01115;BIIBLL_01116;BIIBLL_01117;BIIBLL_01118;BIIBLL_01119;BIIBLL_01120;BIIBLL_01121	12	GTP_cyclohydroI;PT_FPPS_like;PTPS;QueE;Fer4_12	NA	NA
GCA_024406835.1	contig_24	antiSMASH	Terpene-precursor	NA	No	1	7909	7909	NA;ODMBKK_01140;ODMBKK_01141;ODMBKK_01142;ODMBKK_01143;ODMBKK_01144;ODMBKK_01145;ODMBKK_01146;ODMBKK_01147;ODMBKK_01148;ODMBKK_01149;ODMBKK_01150	11	QueE;Fer4_12;PTPS;PT_FPPS_like;GTP_cyclohydroI	NA	NA
GCF_015905015.1	contig_11	deepBGC		0.5315	NA	774	5688	4914	gnl|Bakta|INKENH_00971;gnl|Bakta|INKENH_00972;gnl|Bakta|INKENH_00973;gnl|Bakta|INKENH_00974	4	PF03235;PF07510;PF02784	NA	NA
GCF_015905015.1	contig_11	deepBGC	Other	0.62677	NA	7319	12387	5068	gnl|Bakta|INKENH_00977;gnl|Bakta|INKENH_00978;gnl|Bakta|INKENH_00979;gnl|Bakta|INKENH_00980	4	PF08003;PF13489;PF13847;PF08241;PF08242;PF13649;PF01588;PF09334;PF01406;PF00133;PF02353;PF08003;PF13489;PF08123;PF06325;PF01209;PF01135;PF05175;PF01596;PF13679;PF12847;PF13847;PF08241;PF08242;PF13649	NA	NA
GCF_015905015.1	contig_9	deepBGC	Polyketide	0.5879	NA	3750	13805	10055	gnl|Bakta|INKENH_00857;gnl|Bakta|INKENH_00858;gnl|Bakta|INKENH_00859;gnl|Bakta|INKENH_00860;gnl|Bakta|INKENH_00863;gnl|Bakta|INKENH_00864;gnl|Bakta|INKENH_00865;gnl|Bakta|INKENH_00866;gnl|Bakta|INKENH_00867	9	PF01135;PF00398;PF13847;PF13649;PF03739;PF01416;PF16363;PF01370;PF07993;PF04321;PF02719;PF01073;PF08659;PF00106;PF01370;PF08659;PF13561;PF08238;PF07719;PF01081;PF00920	NA	NA
GCF_015905015.1	contig_9	deepBGC	NRP	0.52845	NA	17009	18062	1053	gnl|Bakta|INKENH_00871	1	PF08240;PF02826;PF01262;PF03446;PF00107	NA	NA
GCA_024407385.1	contig_22	antiSMASH	Terpene-precursor	NA	No	1	8033	8033	NA;KBBDIM_00911;KBBDIM_00912;KBBDIM_00913;KBBDIM_00914;KBBDIM_00915;KBBDIM_00916;KBBDIM_00917;KBBDIM_00918;KBBDIM_00919;KBBDIM_00920;KBBDIM_00921	11	QueE;Fer4_12;PTPS;PT_FPPS_like;GTP_cyclohydroI	NA	NA
GCF_035621315.1	contig_1	antiSMASH	Terpene-precursor	NA	Yes	729314	750225	20912	IGIOED_00711;IGIOED_00712;IGIOED_00713;IGIOED_00714;IGIOED_00715;IGIOED_00716;IGIOED_00717;IGIOED_00718;IGIOED_00719;IGIOED_00720;IGIOED_00721;IGIOED_00722;IGIOED_00723;IGIOED_00724;IGIOED_00725;IGIOED_00726;IGIOED_00727;IGIOED_00728	18	GTP_cyclohydroI;PT_FPPS_like;PTPS;QueE;Fer4_12	NA	NA
GCA_024411915.1	contig_9	antiSMASH	Terpene-precursor	NA	No	1	187905	187905	NA;ILADMB_00753;ILADMB_00754;ILADMB_00755;ILADMB_00756;ILADMB_00757;ILADMB_00758;ILADMB_00759;ILADMB_00760;ILADMB_00761;ILADMB_00762;ILADMB_00763;ILADMB_00764;ILADMB_00765;ILADMB_00766;ILADMB_00767;ILADMB_00768;ILADMB_00769;ILADMB_00770;ILADMB_00771;ILADMB_00772;ILADMB_00773;ILADMB_00774;ILADMB_00775;ILADMB_00776;ILADMB_00777;ILADMB_00778;ILADMB_00779;ILADMB_00780;ILADMB_00781;ILADMB_00782;ILADMB_00783;ILADMB_00784;ILADMB_00785;ILADMB_00786;ILADMB_00787;ILADMB_00788;ILADMB_00789;ILADMB_00790;ILADMB_00791;ILADMB_00792;ILADMB_00793;ILADMB_00794;ILADMB_00795;ILADMB_00796;ILADMB_00797;ILADMB_00798;ILADMB_00799;ILADMB_00800;ILADMB_00801;ILADMB_00802;ILADMB_00803;ILADMB_00804;ILADMB_00805;ILADMB_00806;ILADMB_00807;ILADMB_00808;ILADMB_00809;ILADMB_00810;ILADMB_00811;ILADMB_00812;ILADMB_00813;ILADMB_00814;ILADMB_00815;ILADMB_00816;ILADMB_00817;ILADMB_00818;ILADMB_00819;ILADMB_00820;ILADMB_00821;ILADMB_00822;ILADMB_00823;ILADMB_00824;ILADMB_00825;ILADMB_00826;ILADMB_00827;ILADMB_00828;ILADMB_00829;ILADMB_00830;ILADMB_00831;ILADMB_00832;ILADMB_00833;ILADMB_00834;ILADMB_00836;ILADMB_00837;ILADMB_00838;ILADMB_00839;ILADMB_00840;ILADMB_00841;ILADMB_00842;ILADMB_00843;ILADMB_00844;ILADMB_00845;ILADMB_00846;ILADMB_00847;ILADMB_00848;ILADMB_00849;ILADMB_00850;ILADMB_00851;ILADMB_00852;ILADMB_00853;ILADMB_00854;ILADMB_00855;ILADMB_00856;ILADMB_00857;ILADMB_00858;ILADMB_00859;ILADMB_00860;ILADMB_00861;ILADMB_00862;ILADMB_00863;ILADMB_00864;ILADMB_00865;ILADMB_00866;ILADMB_00867;ILADMB_00868;ILADMB_00869;ILADMB_00870;ILADMB_00871;ILADMB_00872;ILADMB_00873;ILADMB_00874;ILADMB_00875;ILADMB_00876;ILADMB_00877;ILADMB_00878;ILADMB_00879;ILADMB_00880;ILADMB_00881;ILADMB_00882;ILADMB_00883;ILADMB_00884;ILADMB_00885;ILADMB_00886;ILADMB_00887;ILADMB_00888;ILADMB_00889;ILADMB_00890;ILADMB_00891;ILADMB_00892;ILADMB_00893;ILADMB_00894;ILADMB_00895;ILADMB_00896;ILADMB_00897;ILADMB_00898;ILADMB_00899;ILADMB_00900;ILADMB_00901;ILADMB_00902;ILADMB_00903;ILADMB_00904;ILADMB_00905;ILADMB_00906;ILADMB_00907;ILADMB_00908;ILADMB_00909;ILADMB_00914;ILADMB_00915;ILADMB_00916;ILADMB_00917;ILADMB_00918;ILADMB_00919;ILADMB_00920;ILADMB_00921;ILADMB_00922;ILADMB_00923;ILADMB_00924;ILADMB_00925;ILADMB_00926;ILADMB_00927;ILADMB_00928;ILADMB_00929;ILADMB_00930;ILADMB_00931;ILADMB_00932;ILADMB_00933;ILADMB_00934;ILADMB_00935	178	Glycos_transf_4;QueE;Fer4_12;PTPS;PT_FPPS_like;GTP_cyclohydroI	NA	NA
GCF_040821875.1	contig_12	deepBGC	NRP	0.5329	NA	0	4398	4398	gnl|Bakta|BJPEML_00561;gnl|Bakta|BJPEML_00562;gnl|Bakta|BJPEML_00563	3	PF01501;PF00107;PF03446;PF02826;PF01262;PF08240;PF02685	NA	NA
GCF_040821875.1	contig_12	deepBGC		0.51419	NA	6422	8249	1827	gnl|Bakta|BJPEML_00566	1	PF00920	NA	NA
GCF_040821875.1	contig_12	deepBGC		0.57429	NA	15906	16536	630	gnl|Bakta|BJPEML_00576	1	PF01135;PF13847;PF13649;PF00398;PF13489	NA	NA
GCF_040821875.1	contig_2	deepBGC	Saccharide	0.75171	NA	37751	46336	8585	gnl|Bakta|BJPEML_00082;gnl|Bakta|BJPEML_00083;gnl|Bakta|BJPEML_00084;gnl|Bakta|BJPEML_00085;gnl|Bakta|BJPEML_00086;gnl|Bakta|BJPEML_00087;gnl|Bakta|BJPEML_00088	7	PF02353;PF08003;PF13489;PF01596;PF13847;PF01209;PF08241;PF08242;PF13649;PF05175;PF12847;PF06325;PF01135;PF13679;PF08123;PF01555;PF00133;PF09334;PF01406;PF01588;PF08003;PF13489;PF13649;PF08241;PF08242;PF13847;PF03061;PF13439;PF13579;PF00534;PF13692;PF02784	NA	NA
GCF_040821875.1	contig_3	deepBGC		0.5309	NA	42668	42968	300	gnl|Bakta|BJPEML_00125	1	PF07883	NA	NA
GCF_040821875.1	contig_7	deepBGC		0.56292	NA	35004	35997	993	gnl|Bakta|BJPEML_00290	1	PF00108;PF00195;PF07451;PF08545;PF08541	NA	NA
GCF_040821135.1	contig_23	antiSMASH	Terpene-precursor	NA	No	1	20411	20411	NA;NPMEFH_00879;NPMEFH_00880;NPMEFH_00881;NPMEFH_00882;NPMEFH_00883;NPMEFH_00884;NPMEFH_00885;NPMEFH_00886;NPMEFH_00887;NPMEFH_00888;NPMEFH_00889;NPMEFH_00890;NPMEFH_00891;NPMEFH_00892;NPMEFH_00893;NPMEFH_00894;NPMEFH_00895;NPMEFH_00896;NPMEFH_00897;NPMEFH_00898;NPMEFH_00899;NPMEFH_00900;NPMEFH_00902;NPMEFH_00906	24	GTP_cyclohydroI;PT_FPPS_like;PTPS;QueE;Fer4_12;DAO	NA	NA
GCA_024406135.1	contig_7	antiSMASH	Terpene-precursor	NA	No	1	8615	8615	NA;DMHIKP_00433;DMHIKP_00434;DMHIKP_00435;DMHIKP_00436;DMHIKP_00437;DMHIKP_00438;DMHIKP_00439;DMHIKP_00440;DMHIKP_00441;DMHIKP_00442;DMHIKP_00443;DMHIKP_00444;DMHIKP_00445	13	GTP_cyclohydroI;PT_FPPS_like;PTPS;QueE;Fer4_12	NA	NA
GCF_003639915.1	contig_11	deepBGC	Saccharide	0.75249	NA	37880	46433	8553	gnl|Bakta|BHGEAJ_00718;gnl|Bakta|BHGEAJ_00719;gnl|Bakta|BHGEAJ_00720;gnl|Bakta|BHGEAJ_00721;gnl|Bakta|BHGEAJ_00722;gnl|Bakta|BHGEAJ_00723;gnl|Bakta|BHGEAJ_00724	7	PF02353;PF08003;PF13489;PF01596;PF13847;PF01209;PF08241;PF08242;PF13649;PF05175;PF12847;PF06325;PF01135;PF13679;PF08123;PF01555;PF00133;PF09334;PF01406;PF01588;PF08003;PF13489;PF13649;PF08241;PF08242;PF13847;PF03061;PF13439;PF13579;PF00534;PF13692;PF02784	NA	NA
GCF_003639915.1	contig_29	deepBGC		0.53947	NA	65746	66262	516	gnl|Bakta|BHGEAJ_01590	1	PF01531	NA	NA
GCF_006337625.1	contig_1	antiSMASH	Terpene-precursor	NA	Yes	1117966	1138877	20912	EPDBFH_01085;EPDBFH_01086;EPDBFH_01087;EPDBFH_01088;EPDBFH_01089;EPDBFH_01090;EPDBFH_01091;EPDBFH_01092;EPDBFH_01093;EPDBFH_01094;EPDBFH_01095;EPDBFH_01096;EPDBFH_01097;EPDBFH_01098;EPDBFH_01099;EPDBFH_01100;EPDBFH_01101;EPDBFH_01102	18	GTP_cyclohydroI;PT_FPPS_like;PTPS;QueE;Fer4_12	NA	NA
GCF_014498925.1	contig_24	antiSMASH	Terpene-precursor	NA	No	1	8451	8451	NA;NLMBMA_01059;NLMBMA_01060;NLMBMA_01061;NLMBMA_01062;NLMBMA_01063;NLMBMA_01064;NLMBMA_01065;NLMBMA_01066;NLMBMA_01067;NLMBMA_01068;NLMBMA_01069;NLMBMA_01070;NLMBMA_01071	13	GTP_cyclohydroI;PT_FPPS_like;PTPS;QueE;Fer4_12	NA	NA
GCA_024406895.1	contig_11	deepBGC	RiPP	0.58415	NA	7626	8256	630	gnl|Bakta|ODPHFA_00565	1	PF01135;PF00398;PF13847;PF13649	NA	NA
GCA_024406895.1	contig_21	deepBGC		0.55185	NA	0	1416	1416	gnl|Bakta|ODPHFA_00921;gnl|Bakta|ODPHFA_00922	2	PF03840;PF13489;PF05175;PF07021;PF13847;PF13649;PF08241;PF08242	NA	NA
GCA_024406895.1	contig_3	deepBGC		0.58197	NA	38966	39224	258	gnl|Bakta|ODPHFA_00249	1	PF09334;PF00133;PF01406	NA	NA
GCF_011140895	contig_7	GECCO	Unknown	0.994516952988648	NA	5955	9648	3693	contig_7_10;contig_7_11;contig_7_7;contig_7_8;contig_7_9	5	PF01041;PF06306;PF06306	NA	IPR000653;IPR010446;IPR010446
GCA_024411895.1	contig_1	deepBGC		0.70989	NA	37719	46775	9056	gnl|Bakta|CFOIFL_00038;gnl|Bakta|CFOIFL_00039;gnl|Bakta|CFOIFL_00040;gnl|Bakta|CFOIFL_00041;gnl|Bakta|CFOIFL_00042;gnl|Bakta|CFOIFL_00043;gnl|Bakta|CFOIFL_00044;gnl|Bakta|CFOIFL_00045;gnl|Bakta|CFOIFL_00046	9	PF02353;PF08003;PF13489;PF01596;PF13847;PF01209;PF08241;PF08242;PF13649;PF05175;PF12847;PF06325;PF01135;PF13679;PF08123;PF09334;PF00133;PF01406;PF01588;PF08003;PF13489;PF13649;PF08241;PF08242;PF13847;PF03061;PF13439;PF00534;PF13692;PF02784;PF07927;PF15919	NA	NA
GCA_024411895.1	contig_4	deepBGC		0.55383	NA	11662	12196	534	gnl|Bakta|CFOIFL_00479	1	PF05050	NA	NA
GCA_024411895.1	contig_4	deepBGC		0.64386	NA	17056	25102	8046	gnl|Bakta|CFOIFL_00486;gnl|Bakta|CFOIFL_00487;gnl|Bakta|CFOIFL_00488;gnl|Bakta|CFOIFL_00489;gnl|Bakta|CFOIFL_00492;gnl|Bakta|CFOIFL_00493;gnl|Bakta|CFOIFL_00494;gnl|Bakta|CFOIFL_00495	8	PF01135;PF00398;PF13489;PF13847;PF13649;PF03739;PF01416;PF16363;PF01370;PF07993;PF04321;PF02719;PF01073;PF13460;PF00106;PF08659;PF00106;PF01370;PF08659;PF13561;PF08238;PF07719;PF01081	NA	NA
GCA_024411895.1	contig_4	deepBGC	NRP	0.50401	NA	30135	31182	1047	gnl|Bakta|CFOIFL_00500	1	PF08240;PF02826;PF01262;PF03446;PF00107	NA	NA
GCF_011174985	contig_11	GECCO	RiPP	0.8219569544557059	NA	19	4746	4727	contig_11_1;contig_11_2;contig_11_3;contig_11_4;contig_11_5;contig_11_6;contig_11_7	7	PF00005;PF00881;PF01061;PF02624;PF02624	NA	IPR013525;IPR003439;IPR029479;IPR003776;IPR003776
GCF_040821035.1	contig_8	antiSMASH	Terpene-precursor	NA	No	1	28168	28168	NA;JNGOLM_00181;JNGOLM_00182;JNGOLM_00183;JNGOLM_00184;JNGOLM_00185;JNGOLM_00186;JNGOLM_00187;JNGOLM_00188;JNGOLM_00189;JNGOLM_00190;JNGOLM_00191;JNGOLM_00192;JNGOLM_00193;JNGOLM_00194;JNGOLM_00195;JNGOLM_00196;JNGOLM_00197;JNGOLM_00198;JNGOLM_00199;JNGOLM_00200;JNGOLM_00201	21	QueE;Fer4_12;PTPS;PT_FPPS_like;GTP_cyclohydroI	NA	NA
GCF_003640155.1	contig_24	antiSMASH	Terpene-precursor	NA	Yes	40007	60918	20912	NA;CBJJBA_01368;CBJJBA_01369;CBJJBA_01370;CBJJBA_01371;CBJJBA_01372;CBJJBA_01373;CBJJBA_01374;CBJJBA_01375;CBJJBA_01376;CBJJBA_01377;CBJJBA_01378;CBJJBA_01379;CBJJBA_01380;CBJJBA_01381;CBJJBA_01382;CBJJBA_01383;CBJJBA_01384	17	GTP_cyclohydroI;PT_FPPS_like;PTPS;QueE;Fer4_12	NA	NA
GCF_015904915.1	contig_13	deepBGC	Saccharide	0.78723	NA	38919	50521	11602	gnl|Bakta|FLCPFP_01241;gnl|Bakta|FLCPFP_01242;gnl|Bakta|FLCPFP_01243;gnl|Bakta|FLCPFP_01244;gnl|Bakta|FLCPFP_01245;gnl|Bakta|FLCPFP_01246;gnl|Bakta|FLCPFP_01247;gnl|Bakta|FLCPFP_01248;FLCPFP_01249;gnl|Bakta|FLCPFP_01250;gnl|Bakta|FLCPFP_01251	11	PF02353;PF08003;PF13489;PF01596;PF13847;PF01209;PF08241;PF08242;PF13649;PF05175;PF12847;PF06325;PF01135;PF13679;PF08123;PF00133;PF09334;PF01406;PF01588;PF08003;PF13489;PF13649;PF08241;PF08242;PF13847;PF03061;PF13439;PF13579;PF00534;PF13692;PF02784;PF07510;PF03235	NA	NA
GCA_040861895.1	contig_16	deepBGC		0.57144	NA	4212	4998	786	gnl|Bakta|NDFHMN_01427	1	PF08003;PF13489;PF13847;PF08241;PF08242;PF13649	NA	NA
GCF_021184145.1	contig_1	antiSMASH	Terpene-precursor	NA	Yes	295738	316649	20912	EJOBKG_00274;EJOBKG_00275;EJOBKG_00276;EJOBKG_00277;EJOBKG_00278;EJOBKG_00279;EJOBKG_00280;EJOBKG_00281;EJOBKG_00282;EJOBKG_00283;EJOBKG_00284;EJOBKG_00285;EJOBKG_00286;EJOBKG_00287;EJOBKG_00288;EJOBKG_00289	16	GTP_cyclohydroI;PT_FPPS_like;PTPS;QueE;Fer4_12	NA	NA
GCF_015904645.1	contig_24	antiSMASH	Terpene-precursor	NA	No	1	8123	8123	NA;MJIGMF_01584;MJIGMF_01585;MJIGMF_01586;MJIGMF_01587;MJIGMF_01588;MJIGMF_01589;MJIGMF_01590;MJIGMF_01591;MJIGMF_01592;MJIGMF_01593;MJIGMF_01594;MJIGMF_01595	12	QueE;Fer4_12;PTPS;PT_FPPS_like;GTP_cyclohydroI	NA	NA
GCF_014498775.1	contig_11	antiSMASH	Terpene-precursor	NA	No	1	9476	9476	NA;EJIDMA_00777;EJIDMA_00778;EJIDMA_00779;EJIDMA_00780;EJIDMA_00781;EJIDMA_00782;EJIDMA_00783;EJIDMA_00784;EJIDMA_00785;EJIDMA_00786;EJIDMA_00787;EJIDMA_00788;EJIDMA_00789	13	GTP_cyclohydroI;PT_FPPS_like;PTPS;QueE;Fer4_12	NA	NA
GCF_014496475.1	contig_10	antiSMASH	Terpene-precursor	NA	No	1	8307	8307	NA;JOBADF_00547;JOBADF_00548;JOBADF_00549;JOBADF_00550;JOBADF_00551;JOBADF_00552;JOBADF_00553;JOBADF_00554;JOBADF_00555;JOBADF_00556;JOBADF_00557;JOBADF_00558	12	QueE;Fer4_12;PTPS;PT_FPPS_like;GTP_cyclohydroI	NA	NA
GCF_014496895.1	contig_11	antiSMASH	Terpene-precursor	NA	No	1	8159	8159	NA;EJJDKC_00567;EJJDKC_00568;EJJDKC_00569;EJJDKC_00570;EJJDKC_00571;EJJDKC_00572;EJJDKC_00573;EJJDKC_00574;EJJDKC_00575;EJJDKC_00576;EJJDKC_00577;EJJDKC_00578	12	GTP_cyclohydroI;PT_FPPS_like;PTPS;QueE;Fer4_12	NA	NA
GCF_011140745.1	contig_4	deepBGC		0.66155	NA	16605	28230	11625	gnl|Bakta|HHKKPM_00094;gnl|Bakta|HHKKPM_00095;gnl|Bakta|HHKKPM_00096;gnl|Bakta|HHKKPM_00097;gnl|Bakta|HHKKPM_00100;gnl|Bakta|HHKKPM_00101;gnl|Bakta|HHKKPM_00102;gnl|Bakta|HHKKPM_00103;gnl|Bakta|HHKKPM_00104;gnl|Bakta|HHKKPM_00105	10	PF01135;PF00398;PF13489;PF13847;PF13649;PF03739;PF01416;PF16363;PF01370;PF07993;PF04321;PF02719;PF01073;PF13460;PF08659;PF00106;PF00106;PF01370;PF08659;PF13561;PF08238;PF07719;PF01081;PF00920;PF00479;PF02781	NA	NA
GCF_011140745.1	contig_4	deepBGC	NRP	0.61364	NA	30089	32431	2342	gnl|Bakta|HHKKPM_00108;gnl|Bakta|HHKKPM_00109	2	PF08240;PF02826;PF01262;PF03446;PF00107;PF01501	NA	NA
GCF_011140745.1	contig_7	deepBGC		0.70124	NA	37576	46160	8584	gnl|Bakta|HHKKPM_00288;gnl|Bakta|HHKKPM_00289;gnl|Bakta|HHKKPM_00290;gnl|Bakta|HHKKPM_00291;gnl|Bakta|HHKKPM_00292;gnl|Bakta|HHKKPM_00293;gnl|Bakta|HHKKPM_00294	7	PF02353;PF08003;PF13489;PF13847;PF01209;PF08241;PF08242;PF13649;PF05175;PF12847;PF06325;PF01135;PF13679;PF08123;PF01555;PF09334;PF00133;PF01406;PF01588;PF08003;PF13489;PF13649;PF08241;PF08242;PF13847;PF03061;PF13439;PF00534;PF13692;PF02784	NA	NA
GCF_003639325.1	contig_29	deepBGC		0.56484	NA	4	382	378	gnl|Bakta|MGMDKM_01212	1	PF04886	NA	NA
GCF_003639325.1	contig_30	deepBGC		0.54148	NA	112	415	303	gnl|Bakta|MGMDKM_01216	1	PF00262	NA	NA
GCF_003639325.1	contig_5	deepBGC	Saccharide	0.72424	NA	38308	47070	8762	gnl|Bakta|MGMDKM_00437;gnl|Bakta|MGMDKM_00438;gnl|Bakta|MGMDKM_00439;gnl|Bakta|MGMDKM_00440;gnl|Bakta|MGMDKM_00441;gnl|Bakta|MGMDKM_00442;gnl|Bakta|MGMDKM_00443;gnl|Bakta|MGMDKM_00444	8	PF02353;PF08003;PF13489;PF13847;PF01209;PF08241;PF08242;PF13649;PF05175;PF12847;PF06325;PF01135;PF13679;PF08123;PF01555;PF00133;PF09334;PF01406;PF01588;PF08003;PF13489;PF13649;PF08241;PF08242;PF13847;PF03061;PF13439;PF13579;PF00534;PF13692;PF02784;PF07927	NA	NA
GCA_040861405.1	contig_10	deepBGC		0.69194	NA	37588	46166	8578	gnl|Bakta|LKOOFN_01485;gnl|Bakta|LKOOFN_01486;gnl|Bakta|LKOOFN_01487;gnl|Bakta|LKOOFN_01488;gnl|Bakta|LKOOFN_01489;gnl|Bakta|LKOOFN_01490;gnl|Bakta|LKOOFN_01491	7	PF02353;PF08003;PF13489;PF01596;PF13847;PF01209;PF08241;PF08242;PF13649;PF05175;PF12847;PF06325;PF01135;PF13679;PF08123;PF01555;PF09334;PF00133;PF01406;PF01588;PF08003;PF13489;PF13649;PF08241;PF08242;PF13847;PF03061;PF13439;PF00534;PF13692;PF02784	NA	NA
GCA_040861405.1	contig_13	deepBGC		0.69139	NA	3136	9487	6351	gnl|Bakta|LKOOFN_01561;gnl|Bakta|LKOOFN_01562;gnl|Bakta|LKOOFN_01563;LKOOFN_01564;LKOOFN_01565;gnl|Bakta|LKOOFN_01566;gnl|Bakta|LKOOFN_01567;gnl|Bakta|LKOOFN_01568;gnl|Bakta|LKOOFN_01569;gnl|Bakta|LKOOFN_01570	10	PF09002;PF09002;PF09651;PF09670;PF13671;PF01636;PF07714;PF13672;PF13672;PF00092;PF13519	NA	NA
GCF_014497265.1	contig_3	antiSMASH	Terpene-precursor	NA	No	1	59295	59295	NA;DIMFKE_00224;DIMFKE_00225;DIMFKE_00226;DIMFKE_00227;DIMFKE_00228;DIMFKE_00229;DIMFKE_00230;DIMFKE_00231;DIMFKE_00232;DIMFKE_00233;DIMFKE_00234;DIMFKE_00235;DIMFKE_00236;DIMFKE_00237;DIMFKE_00238;DIMFKE_00239;DIMFKE_00240;DIMFKE_00241;DIMFKE_00242;DIMFKE_00243;DIMFKE_00244;DIMFKE_00249;DIMFKE_00250;DIMFKE_00251;DIMFKE_00252;DIMFKE_00253;DIMFKE_00254;DIMFKE_00255;DIMFKE_00256;DIMFKE_00257;DIMFKE_00258;DIMFKE_00259;DIMFKE_00260;DIMFKE_00261;DIMFKE_00262;DIMFKE_00263;DIMFKE_00264;DIMFKE_00265;DIMFKE_00266;DIMFKE_00267;DIMFKE_00268;DIMFKE_00269;DIMFKE_00270;DIMFKE_00271;DIMFKE_00272;DIMFKE_00273;DIMFKE_00274;DIMFKE_00275;DIMFKE_00276;DIMFKE_00277;DIMFKE_00278;DIMFKE_00279;DIMFKE_00280;DIMFKE_00281;DIMFKE_00282;DIMFKE_00283;DIMFKE_00284;DIMFKE_00285;DIMFKE_00286	59	GTP_cyclohydroI;PT_FPPS_like;PTPS;QueE;Fer4_12	NA	NA
GCF_011175315.1	contig_10	deepBGC		0.64411	NA	77516	87778	10262	gnl|Bakta|HABOJL_01415;gnl|Bakta|HABOJL_01416;gnl|Bakta|HABOJL_01417;gnl|Bakta|HABOJL_01418;gnl|Bakta|HABOJL_01421;gnl|Bakta|HABOJL_01422;gnl|Bakta|HABOJL_01423;gnl|Bakta|HABOJL_01424;gnl|Bakta|HABOJL_01425	9	PF01135;PF00398;PF13489;PF13847;PF13649;PF03739;PF01416;PF16363;PF01370;PF07993;PF04321;PF02719;PF01073;PF13460;PF08659;PF00106;PF00106;PF08659;PF01370;PF13561;PF08238;PF07719;PF01081;PF00920	NA	NA
GCF_011175315.1	contig_10	deepBGC	NRP	0.52707	NA	90981	92028	1047	gnl|Bakta|HABOJL_01429	1	PF08240;PF02826;PF01262;PF03446;PF00107	NA	NA
GCF_011175315.1	contig_7	deepBGC		0.52298	NA	43299	44031	732	gnl|Bakta|HABOJL_00850	1	PF01209;PF13489;PF13847;PF08241;PF08242;PF13649	NA	NA
GCF_003639635.1	contig_5	deepBGC		0.745	NA	38505	47072	8567	gnl|Bakta|EIPJDH_00532;gnl|Bakta|EIPJDH_00533;gnl|Bakta|EIPJDH_00534;gnl|Bakta|EIPJDH_00535;gnl|Bakta|EIPJDH_00536;gnl|Bakta|EIPJDH_00537;gnl|Bakta|EIPJDH_00538	7	PF02353;PF08003;PF13489;PF01596;PF13847;PF01209;PF08241;PF08242;PF13649;PF05175;PF12847;PF06325;PF01135;PF13679;PF08123;PF01555;PF09334;PF00133;PF01406;PF01588;PF08003;PF13489;PF13649;PF08241;PF08242;PF13847;PF03061;PF13439;PF00534;PF13692;PF02784	NA	NA
GCA_024406975.1	contig_1	antiSMASH	Terpene-precursor	NA	Yes	203347	224269	20923	FBNKMJ_00233;FBNKMJ_00234;FBNKMJ_00235;FBNKMJ_00236;FBNKMJ_00237;FBNKMJ_00238;FBNKMJ_00239;FBNKMJ_00240;FBNKMJ_00241;FBNKMJ_00242;FBNKMJ_00243;FBNKMJ_00244;FBNKMJ_00245;FBNKMJ_00246;FBNKMJ_00247;FBNKMJ_00248;FBNKMJ_00249;FBNKMJ_00250;FBNKMJ_00251;FBNKMJ_00252;FBNKMJ_00253;FBNKMJ_00254;FBNKMJ_00255;FBNKMJ_00256	24	PT_FPPS_like;PT_FPPS_like	NA	NA
GCA_024406975.1	contig_20	antiSMASH	Terpene-precursor	NA	No	1	8008	8008	NA;FBNKMJ_01046;FBNKMJ_01047;FBNKMJ_01048;FBNKMJ_01049;FBNKMJ_01050;FBNKMJ_01051;FBNKMJ_01052;FBNKMJ_01053;FBNKMJ_01054;FBNKMJ_01055;FBNKMJ_01056	11	QueE;QueE;Fer4_12;PTPS;PT_FPPS_like;GTP_cyclohydroI	NA	NA
GCA_040862115.1	contig_7	antiSMASH	Terpene-precursor	NA	No	1	97276	97276	NA;BNKIKK_01261;BNKIKK_01262;BNKIKK_01263;BNKIKK_01264;BNKIKK_01265;BNKIKK_01266;BNKIKK_01267;BNKIKK_01268;BNKIKK_01269;BNKIKK_01270;BNKIKK_01271;BNKIKK_01272;BNKIKK_01273;BNKIKK_01274;BNKIKK_01275;BNKIKK_01276;BNKIKK_01277;BNKIKK_01278;BNKIKK_01279;BNKIKK_01280;BNKIKK_01281;BNKIKK_01282;BNKIKK_01284;BNKIKK_01288;BNKIKK_01289;BNKIKK_01290;BNKIKK_01291;BNKIKK_01292;BNKIKK_01293;BNKIKK_01294;BNKIKK_01295;BNKIKK_01296;BNKIKK_01297;BNKIKK_01298;BNKIKK_01299;BNKIKK_01300;BNKIKK_01301;BNKIKK_01302;BNKIKK_01303;BNKIKK_01304;BNKIKK_01305;BNKIKK_01306;BNKIKK_01307;BNKIKK_01308;BNKIKK_01309;BNKIKK_01310;BNKIKK_01311;BNKIKK_01312;BNKIKK_01313;BNKIKK_01314;BNKIKK_01315;BNKIKK_01316;BNKIKK_01317;BNKIKK_01318;BNKIKK_01319;BNKIKK_01320;BNKIKK_01321;BNKIKK_01322;BNKIKK_01323;BNKIKK_01324;BNKIKK_01325;BNKIKK_01326;BNKIKK_01327;BNKIKK_01328;BNKIKK_01329;BNKIKK_01330;BNKIKK_01331;BNKIKK_01332;BNKIKK_01333;BNKIKK_01334;BNKIKK_01335;BNKIKK_01336;BNKIKK_01337;BNKIKK_01338;BNKIKK_01339;BNKIKK_01340;BNKIKK_01341;BNKIKK_01342;BNKIKK_01343;BNKIKK_01344;BNKIKK_01345;BNKIKK_01346;BNKIKK_01347;BNKIKK_01348;BNKIKK_01349;BNKIKK_01350;BNKIKK_01351;BNKIKK_01352;BNKIKK_01353;BNKIKK_01354;BNKIKK_01355;BNKIKK_01356;BNKIKK_01357;BNKIKK_01358	94	GTP_cyclohydroI;PT_FPPS_like;PTPS;QueE;Fer4_12	NA	NA
GCF_014496695.1	contig_18	antiSMASH	Terpene-precursor	NA	Yes	24986	45897	20912	NA;GIGJMK_01229;GIGJMK_01230;GIGJMK_01231;GIGJMK_01232;GIGJMK_01233;GIGJMK_01234;GIGJMK_01235;GIGJMK_01236;GIGJMK_01237;GIGJMK_01238;GIGJMK_01239;GIGJMK_01240;GIGJMK_01241;GIGJMK_01242;GIGJMK_01243;GIGJMK_01244;GIGJMK_01246;GIGJMK_01247	18	QueE;Fer4_12;PTPS;PT_FPPS_like;GTP_cyclohydroI	NA	NA
GCA_040861645.1	contig_5	antiSMASH	Terpene-precursor	NA	Yes	32379	53290	20912	NA;FELPJE_01174;FELPJE_01175;FELPJE_01176;FELPJE_01177;FELPJE_01178;FELPJE_01179;FELPJE_01180;FELPJE_01181;FELPJE_01182;FELPJE_01183;FELPJE_01184;FELPJE_01185;FELPJE_01186;FELPJE_01187;FELPJE_01188;FELPJE_01189;FELPJE_01190;FELPJE_01191;FELPJE_01192;FELPJE_01193	20	GTP_cyclohydroI;PT_FPPS_like;PTPS;QueE;Fer4_12	NA	NA
GCA_040861045.1	contig_12	antiSMASH	Terpene-precursor	NA	No	1	59316	59316	NA;LBGDOG_01298;LBGDOG_01299;LBGDOG_01300;LBGDOG_01301;LBGDOG_01302;LBGDOG_01303;LBGDOG_01304;LBGDOG_01305;LBGDOG_01306;LBGDOG_01307;LBGDOG_01308;LBGDOG_01309;LBGDOG_01310;LBGDOG_01311;LBGDOG_01312;LBGDOG_01313;LBGDOG_01314;LBGDOG_01315;LBGDOG_01316;LBGDOG_01317;LBGDOG_01318;LBGDOG_01319;LBGDOG_01320;LBGDOG_01322;LBGDOG_01326;LBGDOG_01327;LBGDOG_01328;LBGDOG_01329;LBGDOG_01330;LBGDOG_01331;LBGDOG_01332;LBGDOG_01333;LBGDOG_01334;LBGDOG_01335;LBGDOG_01336;LBGDOG_01337;LBGDOG_01338;LBGDOG_01339;LBGDOG_01340;LBGDOG_01341;LBGDOG_01342;LBGDOG_01343;LBGDOG_01344;LBGDOG_01345;LBGDOG_01346;LBGDOG_01347;LBGDOG_01348;LBGDOG_01349;LBGDOG_01350;LBGDOG_01351;LBGDOG_01352;LBGDOG_01353;LBGDOG_01354;LBGDOG_01355;LBGDOG_01356;LBGDOG_01357;LBGDOG_01358;LBGDOG_01359;LBGDOG_01360;LBGDOG_01361;LBGDOG_01362;LBGDOG_01363	62	GTP_cyclohydroI;PT_FPPS_like;PTPS;QueE;Fer4_12	NA	NA
GCF_006337625.1	contig_1	deepBGC		0.56017	NA	1213468	1214266	798	gnl|Bakta|EPDBFH_01180	1	PF08003;PF13489;PF13847;PF08241;PF08242;PF13649	NA	NA
GCA_040861405.1	contig_9	antiSMASH	Terpene-precursor	NA	No	1	57018	57018	NA;LKOOFN_01387;LKOOFN_01388;LKOOFN_01389;LKOOFN_01390;LKOOFN_01391;LKOOFN_01392;LKOOFN_01393;LKOOFN_01394;LKOOFN_01395;LKOOFN_01396;LKOOFN_01397;LKOOFN_01398;LKOOFN_01399;LKOOFN_01400;LKOOFN_01401;LKOOFN_01402;LKOOFN_01403;LKOOFN_01404;LKOOFN_01405;LKOOFN_01406;LKOOFN_01407;LKOOFN_01409;LKOOFN_01413;LKOOFN_01414;LKOOFN_01415;LKOOFN_01416;LKOOFN_01417;LKOOFN_01418;LKOOFN_01419;LKOOFN_01420;LKOOFN_01421;LKOOFN_01422;LKOOFN_01423;LKOOFN_01424;LKOOFN_01425;LKOOFN_01426;LKOOFN_01427;LKOOFN_01428;LKOOFN_01429;LKOOFN_01430;LKOOFN_01431;LKOOFN_01432;LKOOFN_01433;LKOOFN_01434;LKOOFN_01435;LKOOFN_01436;LKOOFN_01437;LKOOFN_01438;LKOOFN_01439;LKOOFN_01440;LKOOFN_01441;LKOOFN_01442;LKOOFN_01443;LKOOFN_01444;LKOOFN_01445;LKOOFN_01446	56	GTP_cyclohydroI;PT_FPPS_like;PTPS;QueE;Fer4_12;Peptidase_M50	NA	NA
GCF_014498615.1	contig_6	antiSMASH	Terpene-precursor	NA	No	1	78461	78461	NA;HNAEIB_01348;HNAEIB_01349;HNAEIB_01350;HNAEIB_01351;HNAEIB_01352;HNAEIB_01353;HNAEIB_01354;HNAEIB_01355;HNAEIB_01356;HNAEIB_01357;HNAEIB_01358;HNAEIB_01359;HNAEIB_01360;HNAEIB_01361;HNAEIB_01362;HNAEIB_01363;HNAEIB_01364;HNAEIB_01365;HNAEIB_01366;HNAEIB_01367;HNAEIB_01368;HNAEIB_01373;HNAEIB_01374;HNAEIB_01375;HNAEIB_01376;HNAEIB_01377;HNAEIB_01378;HNAEIB_01379;HNAEIB_01380;HNAEIB_01381;HNAEIB_01382;HNAEIB_01383;HNAEIB_01384;HNAEIB_01385;HNAEIB_01386;HNAEIB_01387;HNAEIB_01388;HNAEIB_01389;HNAEIB_01390;HNAEIB_01391;HNAEIB_01392;HNAEIB_01393;HNAEIB_01394;HNAEIB_01395;HNAEIB_01396;HNAEIB_01397;HNAEIB_01398;HNAEIB_01399;HNAEIB_01400;HNAEIB_01401;HNAEIB_01402;HNAEIB_01403;HNAEIB_01404;HNAEIB_01405;HNAEIB_01406;HNAEIB_01407;HNAEIB_01408;HNAEIB_01409;HNAEIB_01410;HNAEIB_01411;HNAEIB_01412;HNAEIB_01413;HNAEIB_01414;HNAEIB_01415;HNAEIB_01416;HNAEIB_01417;HNAEIB_01418;HNAEIB_01419;HNAEIB_01420;HNAEIB_01421	70	GTP_cyclohydroI;PT_FPPS_like;PTPS;QueE;Fer4_12	NA	NA
GCF_003639795.1	contig_11	deepBGC		0.5087	NA	132435	133664	1229	gnl|Bakta|HNJHBN_00810;gnl|Bakta|HNJHBN_00811	2	PF02668;PF07173	NA	NA
GCF_003639795.1	contig_11	deepBGC		0.55334	NA	134242	134737	495	gnl|Bakta|HNJHBN_00813	1	PF00258;PF12641;PF12724	NA	NA
GCF_003639795.1	contig_14	deepBGC		0.55481	NA	72289	73033	744	gnl|Bakta|HNJHBN_01305	1	PF13561;PF00106;PF08659	NA	NA
GCF_014497205.1	contig_13	deepBGC		0.52007	NA	198	2046	1848	gnl|Bakta|JAFGMF_00464	1	PF02784	NA	NA
GCF_014497205.1	contig_13	deepBGC	Other	0.64899	NA	3679	8767	5088	gnl|Bakta|JAFGMF_00467;gnl|Bakta|JAFGMF_00468;gnl|Bakta|JAFGMF_00469;gnl|Bakta|JAFGMF_00470	4	PF08003;PF13489;PF13847;PF08241;PF08242;PF13649;PF01588;PF09334;PF01406;PF00133;PF02353;PF08003;PF13489;PF08123;PF06325;PF01209;PF01135;PF05175;PF01596;PF13679;PF12847;PF13847;PF08241;PF08242;PF13649	NA	NA
GCF_014497205.1	contig_15	deepBGC		0.51743	NA	811	2179	1368	gnl|Bakta|JAFGMF_00510	1	PF00289;PF15632;PF08443;PF02655;PF02786;PF02222;PF07478;PF02785	NA	NA
GCF_014497205.1	contig_15	deepBGC		0.61451	NA	6918	17198	10280	gnl|Bakta|JAFGMF_00518;gnl|Bakta|JAFGMF_00519;gnl|Bakta|JAFGMF_00520;gnl|Bakta|JAFGMF_00521;gnl|Bakta|JAFGMF_00524;gnl|Bakta|JAFGMF_00525;gnl|Bakta|JAFGMF_00526;gnl|Bakta|JAFGMF_00527;gnl|Bakta|JAFGMF_00528	9	PF01135;PF00398;PF13847;PF13649;PF03739;PF01416;PF16363;PF01370;PF07993;PF04321;PF02719;PF13460;PF01073;PF08659;PF00106;PF00106;PF08659;PF13561;PF08238;PF07719;PF01081;PF00920	NA	NA
GCF_014497205.1	contig_15	deepBGC	NRP	0.56537	NA	20400	22214	1814	gnl|Bakta|JAFGMF_00532;gnl|Bakta|JAFGMF_00533	2	PF08240;PF02826;PF01262;PF03446;PF00107;PF01501	NA	NA
GCF_014497205.1	contig_16	deepBGC	NRP	0.54155	NA	12910	18569	5659	gnl|Bakta|JAFGMF_00549;gnl|Bakta|JAFGMF_00550;gnl|Bakta|JAFGMF_00551	3	PF00669;PF00795;PF01063;PF00425	NA	NA
GCF_014497205.1	contig_35	deepBGC		0.52704	NA	7544	8810	1266	gnl|Bakta|JAFGMF_00956;gnl|Bakta|JAFGMF_00957	2	PF04264;PF03070	NA	NA
GCF_014497205.1	contig_48	deepBGC		0.5698	NA	810	1284	474	gnl|Bakta|JAFGMF_01130	1	PF13664	NA	NA
GCF_014497205.1	contig_65	deepBGC		0.59028	NA	1	6639	6638	gnl|Bakta|JAFGMF_01310;gnl|Bakta|JAFGMF_01311;gnl|Bakta|JAFGMF_01312;gnl|Bakta|JAFGMF_01313;gnl|Bakta|JAFGMF_01314;gnl|Bakta|JAFGMF_01315	6	PF03989;PF00521;PF01219;PF03235;PF08882;PF02538	NA	NA
GCF_014497205.1	contig_66	deepBGC		0.50826	NA	67	391	324	gnl|Bakta|JAFGMF_01316	1	PF01144	NA	NA
GCF_014497205.1	contig_71	deepBGC		0.58368	NA	2486	3238	752	gnl|Bakta|JAFGMF_01398;gnl|Bakta|JAFGMF_01399	2	PF01061;PF01061	NA	NA
GCF_040821075.1	contig_21	deepBGC		0.51596	NA	4988	5288	300	gnl|Bakta|PBHJPN_00696	1	PF07883	NA	NA
GCF_040821075.1	contig_26	deepBGC		0.7696	NA	792	19574	18782	gnl|Bakta|PBHJPN_00848;gnl|Bakta|PBHJPN_00850;gnl|Bakta|PBHJPN_00851;gnl|Bakta|PBHJPN_00852;gnl|Bakta|PBHJPN_00853;gnl|Bakta|PBHJPN_00854;gnl|Bakta|PBHJPN_00857;gnl|Bakta|PBHJPN_00858;gnl|Bakta|PBHJPN_00859;gnl|Bakta|PBHJPN_00860;gnl|Bakta|PBHJPN_00861;gnl|Bakta|PBHJPN_00862;gnl|Bakta|PBHJPN_00863;gnl|Bakta|PBHJPN_00864;gnl|Bakta|PBHJPN_00865;gnl|Bakta|PBHJPN_00866;gnl|Bakta|PBHJPN_00867	17	PF01041;PF00155;PF00266;PF00268;PF01135;PF00398;PF13847;PF13649;PF03739;PF01416;PF16363;PF01370;PF07993;PF04321;PF02719;PF01073;PF13460;PF00106;PF08659;PF00106;PF01370;PF08659;PF13561;PF08238;PF07719;PF01081;PF00920;PF00479;PF02781;PF01182;PF02685;PF08240;PF02826;PF01262;PF03446;PF00107;PF01501;PF01501	NA	NA
GCF_040821075.1	contig_58	deepBGC	Saccharide	0.655	NA	37877	46924	9047	gnl|Bakta|PBHJPN_01405;gnl|Bakta|PBHJPN_01406;gnl|Bakta|PBHJPN_01407;gnl|Bakta|PBHJPN_01408;gnl|Bakta|PBHJPN_01409;gnl|Bakta|PBHJPN_01410;gnl|Bakta|PBHJPN_01411;gnl|Bakta|PBHJPN_01412;gnl|Bakta|PBHJPN_01413	9	PF02353;PF08003;PF13489;PF01596;PF13847;PF01209;PF08241;PF08242;PF13649;PF05175;PF12847;PF06325;PF01135;PF13679;PF08123;PF01555;PF00133;PF09334;PF01406;PF01588;PF08003;PF13489;PF13649;PF08241;PF08242;PF13847;PF03061;PF13439;PF13579;PF00534;PF13692;PF02784;PF07927;PF15919	NA	NA
GCA_040861225.1	contig_7	antiSMASH	Terpene-precursor	NA	No	1	58203	58203	NA;NDJLNA_01304;NDJLNA_01305;NDJLNA_01306;NDJLNA_01307;NDJLNA_01308;NDJLNA_01309;NDJLNA_01310;NDJLNA_01311;NDJLNA_01312;NDJLNA_01313;NDJLNA_01314;NDJLNA_01315;NDJLNA_01316;NDJLNA_01317;NDJLNA_01318;NDJLNA_01319;NDJLNA_01320;NDJLNA_01321;NDJLNA_01322;NDJLNA_01323;NDJLNA_01324;NDJLNA_01325;NDJLNA_01327;NDJLNA_01331;NDJLNA_01332;NDJLNA_01333;NDJLNA_01334;NDJLNA_01335;NDJLNA_01336;NDJLNA_01337;NDJLNA_01338;NDJLNA_01339;NDJLNA_01340;NDJLNA_01341;NDJLNA_01342;NDJLNA_01343;NDJLNA_01344;NDJLNA_01345;NDJLNA_01346;NDJLNA_01347;NDJLNA_01348;NDJLNA_01349;NDJLNA_01350;NDJLNA_01351;NDJLNA_01352;NDJLNA_01353;NDJLNA_01354;NDJLNA_01355;NDJLNA_01356;NDJLNA_01357;NDJLNA_01358;NDJLNA_01359;NDJLNA_01360;NDJLNA_01361;NDJLNA_01362;NDJLNA_01363;NDJLNA_01364;NDJLNA_01365;NDJLNA_01366	59	GTP_cyclohydroI;PT_FPPS_like;PTPS;QueE;Fer4_12	NA	NA
GCF_003639485.1	contig_10	deepBGC		0.51736	NA	3909	4209	300	gnl|Bakta|GKCJBJ_00679	1	PF07883	NA	NA
GCF_003639485.1	contig_7	deepBGC		0.75479	NA	38523	47102	8579	gnl|Bakta|GKCJBJ_00582;gnl|Bakta|GKCJBJ_00583;gnl|Bakta|GKCJBJ_00584;gnl|Bakta|GKCJBJ_00585;gnl|Bakta|GKCJBJ_00586;gnl|Bakta|GKCJBJ_00587;gnl|Bakta|GKCJBJ_00588	7	PF02353;PF08003;PF13489;PF13847;PF01209;PF08241;PF08242;PF13649;PF05175;PF12847;PF06325;PF01135;PF13679;PF08123;PF01555;PF00133;PF09334;PF01406;PF01588;PF08003;PF13489;PF13649;PF08241;PF08242;PF13847;PF03061;PF13439;PF00534;PF13692;PF02784	NA	NA
GCF_011140805.1	contig_41	antiSMASH	Terpene-precursor	NA	No	1	57582	57582	NA;EMDABI_01179;EMDABI_01180;EMDABI_01181;EMDABI_01182;EMDABI_01183;EMDABI_01184;EMDABI_01185;EMDABI_01186;EMDABI_01187;EMDABI_01188;EMDABI_01189;EMDABI_01190;EMDABI_01191;EMDABI_01192;EMDABI_01193;EMDABI_01194;EMDABI_01195;EMDABI_01196;EMDABI_01197;EMDABI_01198;EMDABI_01199;EMDABI_01200;EMDABI_01205;EMDABI_01206;EMDABI_01207;EMDABI_01208;EMDABI_01209;EMDABI_01210;EMDABI_01211;EMDABI_01212;EMDABI_01213;EMDABI_01214;EMDABI_01215;EMDABI_01216;EMDABI_01217;EMDABI_01218;EMDABI_01219;EMDABI_01220;EMDABI_01221;EMDABI_01222;EMDABI_01223;EMDABI_01224;EMDABI_01225;EMDABI_01226;EMDABI_01227;EMDABI_01228;EMDABI_01229;EMDABI_01230;EMDABI_01231;EMDABI_01232;EMDABI_01233;EMDABI_01234;EMDABI_01235;EMDABI_01236;EMDABI_01237;EMDABI_01238;EMDABI_01239	57	GTP_cyclohydroI;PT_FPPS_like;PTPS;QueE;Fer4_12	NA	NA
GCF_040821375.1	contig_2	deepBGC	Other	0.73194	NA	28381	33482	5101	gnl|Bakta|EDKJJL_00074;gnl|Bakta|EDKJJL_00075;gnl|Bakta|EDKJJL_00076;gnl|Bakta|EDKJJL_00077	4	PF02353;PF08003;PF13489;PF01596;PF13847;PF01209;PF08241;PF08242;PF13649;PF05175;PF12847;PF06325;PF01135;PF13679;PF08123;PF01555;PF09334;PF00133;PF01406;PF01588;PF08003;PF13489;PF13649;PF08241;PF08242;PF13847	NA	NA
GCF_040821375.1	contig_4	deepBGC		0.64266	NA	2	1457	1455	gnl|Bakta|EDKJJL_00133	1	PF08885	NA	NA
GCF_040821375.1	contig_4	deepBGC		0.51961	NA	4800	5100	300	gnl|Bakta|EDKJJL_00141	1	PF07883	NA	NA
GCF_040821375.1	contig_49	deepBGC		0.5428	NA	162	1749	1587	gnl|Bakta|EDKJJL_01335	1	PF02521	NA	NA
GCF_040821375.1	contig_51	deepBGC	Polyketide	0.54562	NA	0	2379	2379	gnl|Bakta|EDKJJL_01341;gnl|Bakta|EDKJJL_01342	2	PF07510;PF07690;PF00083	NA	NA
GCA_024406245.1	contig_6	antiSMASH	Terpene-precursor	NA	No	1	8622	8622	NA;NJLJNF_00332;NJLJNF_00333;NJLJNF_00334;NJLJNF_00335;NJLJNF_00336;NJLJNF_00337;NJLJNF_00338;NJLJNF_00339;NJLJNF_00340;NJLJNF_00341;NJLJNF_00342	11	GTP_cyclohydroI;PT_FPPS_like;PTPS;QueE;Fer4_12	NA	NA
GCF_011140555.1	contig_13	antiSMASH	Terpene-precursor	NA	No	1	11134	11134	NA;EIOLHN_00417;EIOLHN_00418;EIOLHN_00419;EIOLHN_00420;EIOLHN_00421;EIOLHN_00422;EIOLHN_00423;EIOLHN_00424;EIOLHN_00425;EIOLHN_00426;EIOLHN_00427;EIOLHN_00428;EIOLHN_00429	13	GTP_cyclohydroI;PT_FPPS_like;PTPS;QueE;Fer4_12	NA	NA
GCF_015905015.1	contig_10	antiSMASH	Terpene-precursor	NA	No	1	57325	57325	NA;INKENH_00914;INKENH_00915;INKENH_00916;INKENH_00917;INKENH_00918;INKENH_00919;INKENH_00920;INKENH_00921;INKENH_00922;INKENH_00923;INKENH_00924;INKENH_00925;INKENH_00926;INKENH_00927;INKENH_00928;INKENH_00929;INKENH_00930;INKENH_00931;INKENH_00932;INKENH_00933;INKENH_00934;INKENH_00935;INKENH_00936;INKENH_00937;INKENH_00938;INKENH_00939;INKENH_00940;INKENH_00941;INKENH_00942;INKENH_00943;INKENH_00944;INKENH_00945;INKENH_00950;INKENH_00951;INKENH_00952;INKENH_00953;INKENH_00954;INKENH_00955;INKENH_00956;INKENH_00957;INKENH_00958;INKENH_00959;INKENH_00960;INKENH_00961;INKENH_00962;INKENH_00963;INKENH_00964;INKENH_00965;INKENH_00966;INKENH_00967;INKENH_00968;INKENH_00969	52	QueE;Fer4_12;PTPS;PT_FPPS_like;GTP_cyclohydroI	NA	NA
GCA_024406865	contig_23	GECCO	Unknown	0.9863071002155596	NA	5729	9516	3787	contig_23_10;contig_23_11;contig_23_12;contig_23_13;contig_23_14;contig_23_9	6	PF01041;PF01592;PF06306;PF06306	NA	IPR002871;IPR000653;IPR010446;IPR010446
GCA_040860965.1	contig_13	deepBGC		0.50226	NA	8121	8907	786	gnl|Bakta|BNEGOB_01417	1	PF08003;PF13489;PF13847;PF08241;PF08242;PF13649	NA	NA
GCA_040860965.1	contig_2	deepBGC		0.51744	NA	552	1790	1238	gnl|Bakta|BNEGOB_00178;gnl|Bakta|BNEGOB_00179;gnl|Bakta|BNEGOB_00180;gnl|Bakta|BNEGOB_00181	4	PF00092;PF13519;PF13672	NA	NA
GCF_014497525.1	contig_17	antiSMASH	Terpene-precursor	NA	No	1	102318	102318	NA;GFFMLC_01332;GFFMLC_01333;GFFMLC_01334;GFFMLC_01335;GFFMLC_01336;GFFMLC_01337;GFFMLC_01338;GFFMLC_01339;GFFMLC_01340;GFFMLC_01341;GFFMLC_01342;GFFMLC_01343;GFFMLC_01344;GFFMLC_01345;GFFMLC_01346;GFFMLC_01347;GFFMLC_01348;GFFMLC_01349;GFFMLC_01350;GFFMLC_01351;GFFMLC_01352;GFFMLC_01353;GFFMLC_01354;GFFMLC_01355;GFFMLC_01356;GFFMLC_01357;GFFMLC_01358;GFFMLC_01359;GFFMLC_01360;GFFMLC_01361;GFFMLC_01362;GFFMLC_01363;GFFMLC_01364;GFFMLC_01365;GFFMLC_01366;GFFMLC_01367;GFFMLC_01368;GFFMLC_01369;GFFMLC_01370;GFFMLC_01371;GFFMLC_01372;GFFMLC_01373;GFFMLC_01374;GFFMLC_01375;GFFMLC_01376;GFFMLC_01377;GFFMLC_01378;GFFMLC_01379;GFFMLC_01380;GFFMLC_01381;GFFMLC_01382;GFFMLC_01383;GFFMLC_01384;GFFMLC_01385;GFFMLC_01386;GFFMLC_01387;GFFMLC_01388;GFFMLC_01389;GFFMLC_01390;GFFMLC_01391;GFFMLC_01392;GFFMLC_01393;GFFMLC_01394;GFFMLC_01395;GFFMLC_01396;GFFMLC_01397;GFFMLC_01398;GFFMLC_01399;GFFMLC_01400;GFFMLC_01401;GFFMLC_01402;GFFMLC_01403;GFFMLC_01404;GFFMLC_01405;GFFMLC_01406;GFFMLC_01407;GFFMLC_01408;GFFMLC_01409;GFFMLC_01414;GFFMLC_01415;GFFMLC_01416;GFFMLC_01417;GFFMLC_01418;GFFMLC_01419;GFFMLC_01420;GFFMLC_01421;GFFMLC_01422;GFFMLC_01423;GFFMLC_01424;GFFMLC_01425;GFFMLC_01426;GFFMLC_01427;GFFMLC_01428;GFFMLC_01429;GFFMLC_01430;GFFMLC_01431;GFFMLC_01432;GFFMLC_01433;GFFMLC_01434;GFFMLC_01435	100	QueE;Fer4_12;PTPS;PT_FPPS_like;GTP_cyclohydroI	NA	NA
GCF_040820815.1	contig_34	antiSMASH	Terpene-precursor	NA	No	1	24445	24445	NA;NFOOKH_00240;NFOOKH_00241;NFOOKH_00242;NFOOKH_00243;NFOOKH_00244;NFOOKH_00245;NFOOKH_00246;NFOOKH_00247;NFOOKH_00248;NFOOKH_00249;NFOOKH_00250;NFOOKH_00251;NFOOKH_00252;NFOOKH_00253;NFOOKH_00254;NFOOKH_00255;NFOOKH_00256;NFOOKH_00257;NFOOKH_00258	19	QueE;Fer4_12;PTPS;PT_FPPS_like;GTP_cyclohydroI;ATP-grasp_3;ATP-grasp	NA	NA
GCF_003639405.1	contig_12	deepBGC		0.55597	NA	148	1177	1029	gnl|Bakta|OHNPHC_00747	1	PF00899	NA	NA
GCF_003639405.1	contig_12	deepBGC	Polyketide	0.56812	NA	8025	10394	2369	gnl|Bakta|OHNPHC_00755;gnl|Bakta|OHNPHC_00756;gnl|Bakta|OHNPHC_00758	3	PF02661;PF07690;PF05977	NA	NA
GCF_003639405.1	contig_13	deepBGC		0.52684	NA	44229	44973	744	gnl|Bakta|OHNPHC_00805	1	PF13561;PF00106;PF08659	NA	NA
GCF_003639405.1	contig_21	deepBGC	Other	0.72065	NA	38612	43688	5076	gnl|Bakta|OHNPHC_01507;gnl|Bakta|OHNPHC_01508;gnl|Bakta|OHNPHC_01509;gnl|Bakta|OHNPHC_01510	4	PF02353;PF08003;PF13489;PF01596;PF13847;PF01209;PF08241;PF08242;PF13649;PF05175;PF12847;PF06325;PF01135;PF13679;PF08123;PF01555;PF09334;PF00133;PF01406;PF01588;PF08003;PF13489;PF13649;PF08241;PF08242;PF13847	NA	NA
GCF_014497595.1	contig_22	antiSMASH	Terpene-precursor	NA	No	1	66585	66585	NA;ANADBB_01470;ANADBB_01471;ANADBB_01472;ANADBB_01473;ANADBB_01474;ANADBB_01475;ANADBB_01476;ANADBB_01477;ANADBB_01478;ANADBB_01479;ANADBB_01480;ANADBB_01481;ANADBB_01482;ANADBB_01483;ANADBB_01484;ANADBB_01485;ANADBB_01486;ANADBB_01487;ANADBB_01488;ANADBB_01489;ANADBB_01490;ANADBB_01491;ANADBB_01496;ANADBB_01497;ANADBB_01498;ANADBB_01499;ANADBB_01500;ANADBB_01501;ANADBB_01502;ANADBB_01503;ANADBB_01504;ANADBB_01505;ANADBB_01506;ANADBB_01507;ANADBB_01508;ANADBB_01509;ANADBB_01510;ANADBB_01511;ANADBB_01512;ANADBB_01513;ANADBB_01514;ANADBB_01515;ANADBB_01516;ANADBB_01517;ANADBB_01518;ANADBB_01519;ANADBB_01520;ANADBB_01521;ANADBB_01522;ANADBB_01523;ANADBB_01524;ANADBB_01525;ANADBB_01526;ANADBB_01527;ANADBB_01528;ANADBB_01529;ANADBB_01530;ANADBB_01531;ANADBB_01532;ANADBB_01533;ANADBB_01534;ANADBB_01535;ANADBB_01536;ANADBB_01537;ANADBB_01538	65	GTP_cyclohydroI;PT_FPPS_like;PTPS;QueE;Fer4_12	NA	NA
GCF_011141035.1	contig_4	antiSMASH	Terpene-precursor	NA	No	1	9067	9067	NA;BHHJAF_00064;BHHJAF_00065;BHHJAF_00066;BHHJAF_00067;BHHJAF_00068;BHHJAF_00069;BHHJAF_00070;BHHJAF_00071;BHHJAF_00072;BHHJAF_00073;BHHJAF_00074;BHHJAF_00075	12	GTP_cyclohydroI;PT_FPPS_like;PTPS;QueE;Fer4_12	NA	NA
GCA_040862285.1	contig_19	antiSMASH	Terpene-precursor	NA	No	1	18884	18884	NA;LLHLLE_01529;LLHLLE_01530;LLHLLE_01531;LLHLLE_01532;LLHLLE_01533;LLHLLE_01534;LLHLLE_01535;LLHLLE_01536;LLHLLE_01537;LLHLLE_01538;LLHLLE_01539;LLHLLE_01540;LLHLLE_01541;LLHLLE_01542;LLHLLE_01543;LLHLLE_01544;LLHLLE_01545;LLHLLE_01546;LLHLLE_01547;LLHLLE_01548;LLHLLE_01549;LLHLLE_01550;LLHLLE_01551;LLHLLE_01553	24	GTP_cyclohydroI;PT_FPPS_like;PTPS;QueE;Fer4_12;DAO	NA	NA
GCA_024406765.1	contig_52	antiSMASH	Terpene-precursor	NA	No	1	59510	59510	NA;KIHKDB_01291;KIHKDB_01292;KIHKDB_01293;KIHKDB_01294;KIHKDB_01295;KIHKDB_01296;KIHKDB_01297;KIHKDB_01298;KIHKDB_01299;KIHKDB_01300;KIHKDB_01301;KIHKDB_01302;KIHKDB_01303;KIHKDB_01304;KIHKDB_01305;KIHKDB_01306;KIHKDB_01307;KIHKDB_01308;KIHKDB_01309;KIHKDB_01314;KIHKDB_01315;KIHKDB_01316;KIHKDB_01317;KIHKDB_01318;KIHKDB_01319;KIHKDB_01320;KIHKDB_01321;KIHKDB_01322;KIHKDB_01323;KIHKDB_01324;KIHKDB_01325;KIHKDB_01326;KIHKDB_01327;KIHKDB_01328;KIHKDB_01329;KIHKDB_01330;KIHKDB_01331;KIHKDB_01332;KIHKDB_01333;KIHKDB_01334;KIHKDB_01335;KIHKDB_01336;KIHKDB_01337;KIHKDB_01338;KIHKDB_01339;KIHKDB_01340;KIHKDB_01341;KIHKDB_01342;KIHKDB_01343;KIHKDB_01344;KIHKDB_01345;KIHKDB_01346;KIHKDB_01347;KIHKDB_01348;KIHKDB_01349;KIHKDB_01350;KIHKDB_01351;KIHKDB_01352;KIHKDB_01353;KIHKDB_01354;KIHKDB_01355	61	GTP_cyclohydroI;PT_FPPS_like;PTPS;QueE;Fer4_12	NA	NA
GCF_037862375.1	contig_22	antiSMASH	Terpene-precursor	NA	No	1	7876	7876	NA;GODNLD_01539;GODNLD_01540;GODNLD_01541;GODNLD_01542;GODNLD_01543;GODNLD_01544;GODNLD_01545;GODNLD_01546;GODNLD_01547;GODNLD_01548;GODNLD_01549	11	QueE;Fer4_12;PTPS;PT_FPPS_like;GTP_cyclohydroI	NA	NA
GCF_003639245.1	contig_14	deepBGC	Saccharide	0.71062	NA	81491	93055	11564	gnl|Bakta|KFPJPP_01230;gnl|Bakta|KFPJPP_01231;gnl|Bakta|KFPJPP_01232;gnl|Bakta|KFPJPP_01233;gnl|Bakta|KFPJPP_01234;gnl|Bakta|KFPJPP_01235;gnl|Bakta|KFPJPP_01236;gnl|Bakta|KFPJPP_01237;gnl|Bakta|KFPJPP_01238;gnl|Bakta|KFPJPP_01239	10	PF02353;PF08003;PF13489;PF01596;PF13847;PF01209;PF08241;PF08242;PF13649;PF05175;PF12847;PF06325;PF01135;PF13679;PF08123;PF01555;PF09334;PF00133;PF01406;PF01588;PF08003;PF13489;PF13649;PF08241;PF08242;PF13847;PF03061;PF13439;PF13579;PF00534;PF13692;PF02784;PF07510;PF03235	NA	NA
GCF_003639485.1	contig_3	antiSMASH	Terpene-precursor	NA	No	1	57435	57435	NA;GKCJBJ_00283;GKCJBJ_00284;GKCJBJ_00285;GKCJBJ_00286;GKCJBJ_00287;GKCJBJ_00288;GKCJBJ_00289;GKCJBJ_00290;GKCJBJ_00291;GKCJBJ_00292;GKCJBJ_00293;GKCJBJ_00294;GKCJBJ_00295;GKCJBJ_00296;GKCJBJ_00297;GKCJBJ_00298;GKCJBJ_00299;GKCJBJ_00300;GKCJBJ_00301;GKCJBJ_00302;GKCJBJ_00303;GKCJBJ_00304;GKCJBJ_00309;GKCJBJ_00310;GKCJBJ_00311;GKCJBJ_00312;GKCJBJ_00313;GKCJBJ_00314;GKCJBJ_00315;GKCJBJ_00316;GKCJBJ_00317;GKCJBJ_00318;GKCJBJ_00319;GKCJBJ_00320;GKCJBJ_00321;GKCJBJ_00322;GKCJBJ_00323;GKCJBJ_00324;GKCJBJ_00325;GKCJBJ_00326;GKCJBJ_00327;GKCJBJ_00328;GKCJBJ_00329;GKCJBJ_00330;GKCJBJ_00331;GKCJBJ_00332;GKCJBJ_00333;GKCJBJ_00334;GKCJBJ_00335;GKCJBJ_00336;GKCJBJ_00337;GKCJBJ_00338;GKCJBJ_00339;GKCJBJ_00340;GKCJBJ_00341;GKCJBJ_00342	56	GTP_cyclohydroI;PT_FPPS_like;PTPS;QueE;Fer4_12	NA	NA
GCF_040821305	contig_11	GECCO	Unknown	0.9234604969315924	NA	2	5116	5114	contig_11_1;contig_11_2;contig_11_3;contig_11_4;contig_11_5;contig_11_6;contig_11_7;contig_11_8	8	PF01041;PF01106;PF01592;PF04324;PF06306;PF06306;PF18073	NA	IPR041166;IPR002871;IPR007419;IPR001075;IPR000653;IPR010446;IPR010446
GCF_037862095.1	contig_7	deepBGC		0.5741	NA	52370	53580	1210	gnl|Bakta|FMFLPK_01100;gnl|Bakta|FMFLPK_01101;gnl|Bakta|FMFLPK_01102	3	PF10501;PF00550;PF14573;PF16320;PF13561;PF00106;PF08659	NA	NA
GCA_040862005.1	contig_8	antiSMASH	Terpene-precursor	NA	No	1	71743	71743	NA;EBOILL_01149;EBOILL_01150;EBOILL_01151;EBOILL_01152;EBOILL_01153;EBOILL_01154;EBOILL_01155;EBOILL_01156;EBOILL_01157;EBOILL_01158;EBOILL_01159;EBOILL_01160;EBOILL_01161;EBOILL_01162;EBOILL_01163;EBOILL_01164;EBOILL_01165;EBOILL_01166;EBOILL_01167;EBOILL_01168;EBOILL_01169;EBOILL_01170;EBOILL_01171;EBOILL_01172;EBOILL_01173;EBOILL_01174;EBOILL_01175;EBOILL_01176;EBOILL_01177;EBOILL_01178;EBOILL_01179;EBOILL_01180;EBOILL_01181;EBOILL_01182;EBOILL_01183;EBOILL_01184;EBOILL_01185;EBOILL_01186;EBOILL_01187;EBOILL_01188;EBOILL_01189;EBOILL_01190;EBOILL_01191;EBOILL_01192;EBOILL_01193;EBOILL_01194;EBOILL_01195;EBOILL_01196;EBOILL_01201;EBOILL_01202;EBOILL_01203;EBOILL_01204;EBOILL_01205;EBOILL_01206;EBOILL_01207;EBOILL_01208;EBOILL_01209;EBOILL_01210;EBOILL_01211;EBOILL_01212;EBOILL_01213;EBOILL_01214;EBOILL_01215;EBOILL_01216;EBOILL_01217;EBOILL_01218;EBOILL_01219;EBOILL_01220;EBOILL_01221	69	Glycos_transf_4;QueE;Fer4_12;PTPS;PT_FPPS_like;GTP_cyclohydroI	NA	NA
GCF_015904815.1	contig_13	deepBGC		0.521	NA	692	5582	4890	gnl|Bakta|GMMBMI_01190;gnl|Bakta|GMMBMI_01191;GMMBMI_01192;gnl|Bakta|GMMBMI_01193;gnl|Bakta|GMMBMI_01194	5	PF03235;PF07510;PF02784	NA	NA
GCF_015904815.1	contig_13	deepBGC	Other	0.62255	NA	7202	12294	5092	gnl|Bakta|GMMBMI_01197;gnl|Bakta|GMMBMI_01198;gnl|Bakta|GMMBMI_01199;gnl|Bakta|GMMBMI_01200	4	PF08003;PF13489;PF13847;PF08241;PF08242;PF13649;PF01588;PF09334;PF01406;PF00133;PF02353;PF08003;PF13489;PF08123;PF01209;PF06325;PF01135;PF05175;PF01596;PF13679;PF12847;PF13847;PF08241;PF08242;PF13649	NA	NA
GCF_037861775.1	contig_12	deepBGC		0.75233	NA	37380	45954	8574	gnl|Bakta|JJGCLB_01172;gnl|Bakta|JJGCLB_01173;gnl|Bakta|JJGCLB_01174;gnl|Bakta|JJGCLB_01175;gnl|Bakta|JJGCLB_01176;gnl|Bakta|JJGCLB_01177;gnl|Bakta|JJGCLB_01178	7	PF02353;PF08003;PF13489;PF01596;PF13847;PF01209;PF08241;PF08242;PF13649;PF05175;PF12847;PF06325;PF01135;PF13679;PF08123;PF01555;PF09334;PF00133;PF01406;PF01588;PF08003;PF13489;PF13649;PF08241;PF08242;PF13847;PF03061;PF13439;PF00534;PF13692;PF02784	NA	NA
GCF_037861775.1	contig_13	deepBGC	RiPP	0.5263	NA	16527	17157	630	gnl|Bakta|JJGCLB_01196	1	PF01135;PF00398;PF13847;PF13649	NA	NA
GCF_037861775.1	contig_21	deepBGC	Polyketide	0.57593	NA	18419	20970	2551	gnl|Bakta|JJGCLB_01475;gnl|Bakta|JJGCLB_01476;gnl|Bakta|JJGCLB_01477;gnl|Bakta|JJGCLB_01478	4	PF00106;PF08659;PF13561;PF00550;PF14573;PF16320;PF10501;PF00109;PF02801	NA	NA
